date,wl_m,V_design,V_sar
2022-01-01,194.95430555555555,67.3317830109127,60.82959966494847
2022-01-02,194.95368055555554,67.32920031001979,60.827275552694076
2022-01-03,194.95335664335664,67.32786180069931,60.826071059396824
2022-01-04,194.96295774647888,67.36753664486926,60.86177386343759
2022-01-05,194.95555555555555,67.3369484126984,60.83424788945714
2022-01-06,194.95375,67.3294872767858,60.82753378738912
2022-01-07,194.94881944444444,67.30911263640873,60.809203675209574
2022-01-08,194.97770833333334,67.42849081101195,60.91664846994137
2022-01-09,195.00159722222222,67.52720737847221,61.005570543767
2022-01-10,195.11493055555556,67.99553714037702,61.42835653280199
2022-01-11,195.50506944444444,69.60771643105161,62.8953449645912
2022-01-12,195.59340277777778,69.9727381572421,63.22998461595818
2022-01-13,195.59708333333333,69.98794739583334,63.243948971402276
2022-01-14,195.57597222222222,69.90070949900795,63.16387910898685
2022-01-15,195.54458333333335,69.77100052083343,63.04492479526336
2022-01-16,195.51958333333334,69.66769248511912,62.950266152391286
2022-01-17,195.50097222222223,69.59078539186514,62.879845200450305
2022-01-18,195.48340277777777,69.5181828000992,62.81340315587039
2022-01-19,195.4711111111111,69.46738968253966,62.76694230010851
2022-01-20,195.46055555555554,69.42377073412696,62.72705781103574
2022-01-21,195.44868055555557,69.37469941716277,62.68220365976615
2022-01-22,195.468125,69.45505011160711,62.75565848224886
2022-01-23,195.46541666666667,69.44385840773813,62.745424321864604
2022-01-24,195.45694444444445,69.40884846230162,62.713416521191824
2022-01-25,195.4502083333333,69.38101268601181,62.68797317344755
2022-01-26,195.44368055555555,69.35403781001982,62.66332161499008
2022-01-27,195.43868055555555,69.33337620287699,62.64444427611997
2022-01-28,195.43194444444444,69.3055404265873,62.61901476565669
2022-01-29,195.42,69.25618214285711,62.57393897589301
2022-01-30,195.415,69.23552053571427,62.55507461755936
2022-01-31,195.41368055555554,69.23006816716267,62.55009652299908
2022-02-01,195.4525,69.39048258928568,62.696627443969916
2022-02-02,195.49854166666668,69.58074155505962,62.870652101687824
2022-02-03,195.48798611111113,69.53712260664692,62.830733310645336
2022-02-04,195.4801388888889,69.50469536210319,62.801064971026875
2022-02-05,195.46041666666667,69.42319680059529,62.72653314604182
2022-02-06,195.44590277777777,69.36322074652779,62.671713634890544
2022-02-07,195.4348611111111,69.31759303075395,62.630024995227714
2022-02-08,195.42256944444443,69.26679991319443,62.583633160036705
2022-02-09,195.4103472222222,69.21629376240078,62.5375230252643
2022-02-10,195.4032638888889,69.18702315228177,62.51080687022631
2022-02-11,195.3992361111111,69.17037907986106,62.495619382615935
2022-02-12,195.3882638888889,69.12503833085324,62.454253671697906
2022-02-13,195.3823611111111,69.10064615575392,62.43200449744608
2022-02-14,195.3839583333333,69.10724639136897,62.43802459495847
2022-02-15,195.37291666666667,69.06161867559527,62.39641637048425
2022-02-16,195.36944444444444,69.0472703373016,62.38333630659073
2022-02-17,195.37715277777778,69.07912364831353,62.41237869213628
2022-02-18,195.37454545454545,69.06834935064938,62.40255389505388
2022-02-19,195.37657342657343,69.07672958291712,62.41019560721929
2022-02-20,195.36243055555556,69.01828669394847,62.35691544537959
2022-02-21,195.35229166666667,68.976389546131,62.31873490845938
2022-02-22,195.34319444444446,68.93879689980169,62.28448735706532
2022-02-23,195.33208333333334,68.89288221726197,62.24267147020059
2022-02-24,195.32601398601398,68.8678017232767,62.21983702428286
2022-02-25,195.3188888888889,68.83835853174607,62.1930350384328
2022-02-26,195.31145833333332,68.80765308779759,62.16508957369947
2022-02-27,195.30166666666665,68.76719077380947,62.12827509196398
2022-02-28,195.29426573426574,68.73660774225777,62.100457072291185
2022-03-01,195.28826388888888,68.71180618799602,62.077903026858614
2022-03-02,195.28284722222222,68.68942278025793,62.05754969337873
2022-03-03,195.27874125874126,68.67245561938066,62.042126014882705
2022-03-04,195.28527777777776,68.69946661706346,62.06668259942738
2022-03-05,195.28784722222224,68.71008438740088,62.07633738582181
2022-03-06,195.28333333333333,68.69143154761906,62.05937627458848
2022-03-07,195.27909722222222,68.6739265749008,62.04346314139449
2022-03-08,195.27513888888888,68.657569469246,62.028594221615826
2022-03-09,195.26875,68.63116852678579,62.00459989056679
2022-03-10,195.2604861111111,68.59701948164683,61.97357008892793
2022-03-11,195.25861111111112,68.58927137896832,61.96653134094779
2022-03-12,195.25314685314686,68.56669130869136,61.94601852243618
2022-03-13,195.25256944444445,68.56430527033734,61.94385105159747
2022-03-14,195.24645833333335,68.53905219494057,61.92091715787803
2022-03-15,195.23727272727274,68.50109431818188,61.88645161211129
2022-03-16,195.22736111111112,68.46013633432547,61.84927307351237
2022-03-17,195.21811188811188,68.42191557192805,61.81458962369051
2022-03-18,195.21062500000002,68.39097734375011,61.7865216081003
2022-03-19,195.19909090909093,68.34331477272737,61.74329492319228
2022-03-20,195.17993055555556,68.26413803323416,61.671520913170724
2022-03-21,195.16791666666666,68.21449278273808,61.626539822285814
2022-03-22,195.15734265734267,68.17079757742263,61.586963602540976
2022-03-23,195.14594405594406,68.12369489260742,61.54431572913554
2022-03-24,195.1363888888889,68.08420987103176,61.50857710509249
2022-03-25,195.12370629370628,68.03180131118876,61.461156858407676
2022-03-26,195.11461538461538,67.99423475274725,61.4271785892061
2022-03-27,195.10536231884058,67.95599811076606,61.392604114415384
2022-03-28,195.08819444444444,67.88505493551588,61.32848225656769
2022-03-29,195.0811111111111,67.85578432539685,61.30203540539325
2022-03-30,195.07715277777777,67.83942721974205,61.28725992671063
2022-03-31,195.08152777777778,67.85750612599209,61.30359071893878
2022-04-01,195.08694444444444,67.87988953373016,61.32381483997737
2022-04-02,195.085,67.87185446428578,61.316554414170255
2022-04-03,195.08323943661972,67.86457925050306,61.309980587986686
2022-04-04,195.07791666666668,67.84258385416675,61.29011133487753
2022-04-05,195.07000000000002,67.80986964285725,61.26056353243677
2022-04-06,195.06433566433566,67.78646278721278,61.23942665778172
2022-04-07,195.05272727272728,67.73849318181824,61.196120855310056
2022-04-08,195.04692307692306,67.71450837912084,61.17447572519237
2022-04-09,195.03587412587413,67.6688505619381,61.133279894977555
2022-04-10,195.01492957746478,67.58230095573441,61.055228109230896
2022-04-11,195.00034722222222,67.52204197668651,61.000916412920525
2022-04-12,194.99166666666667,67.48617113095244,60.96859724711253
2022-04-13,194.9792361111111,67.43480407986111,60.922333242805514
2022-04-14,194.9742361111111,67.41414247271828,60.90372853161366
2022-04-15,194.9582638888889,67.3481401165675,60.84431904255932
2022-04-16,194.94430555555556,67.29045979662702,60.792423752693516
2022-04-17,194.92979166666666,67.23048374255951,60.738488467943945
2022-04-18,194.93671328671329,67.25908610139862,60.76420730565853
2022-04-19,194.93349650349649,67.24579331918076,60.75225304188182
2022-04-20,194.92888888888888,67.22675317460315,60.73513461663297
2022-04-21,194.9159722222222,67.1733773561507,60.687156659833775
2022-04-22,194.89430555555555,67.0838437251984,60.60672141531714
2022-04-23,194.88704225352112,67.05382942655933,60.57977039075789
2022-04-24,194.87132867132865,66.98889585414581,60.5214831390579
2022-04-25,194.85152777777776,66.90707219742059,60.44807702975317
2022-04-26,194.83944055944056,66.85712392607395,60.40329067397084
2022-04-27,194.82680555555555,66.80491202876985,60.35649250229823
2022-04-28,194.815,66.75612767857145,60.31278302708915
2022-04-29,194.79993055555553,66.69385589037691,60.25701370606653
2022-04-30,194.78868055555554,66.64736727430554,60.21539711886699
2022-05-01,194.77493055555556,66.59054785466273,60.16455204086664
2022-05-02,194.76489510489512,66.54907814685322,60.1274570906766
2022-05-03,194.74506944444445,66.46715214533737,60.054208772152805
2022-05-04,194.72223776223777,66.37280429570434,59.969911023050486
2022-05-05,194.7132638888889,66.33572136656748,59.936795519414666
2022-05-06,194.6829861111111,66.21060385664677,59.82513391175198
2022-05-07,194.6892307692308,66.2364087912089,59.8481558752262
2022-05-08,194.7202777777778,66.36470500992073,59.962678263016215
2022-05-09,194.73569444444445,66.42841163194448,60.0195880193502
2022-05-10,194.74312500000002,66.45911707589296,60.04702646044167
2022-05-11,194.7579020979021,66.52018079420584,60.10161570218874
2022-05-12,194.75173611111111,66.49470095486114,60.0788338408768
2022-05-13,194.74263888888888,66.45710830853172,60.04523092146174
2022-05-14,194.72812499999998,66.39713225446421,59.991642632460206
2022-05-15,194.7167132867133,66.3499753871129,59.94952453193293
2022-05-16,194.69825174825175,66.2736863761239,59.881419803297
2022-05-17,194.68548611111112,66.2209346602183,59.834350574631344
2022-05-18,194.67347222222222,66.17128940972222,59.790070269470796
2022-05-19,194.65465277777778,66.09352141617069,59.720742333987914
2022-05-20,194.62986013986014,65.9910702672328,59.62947361342725
2022-05-21,194.61708333333334,65.93827239583338,59.5824670930405
2022-05-22,194.60354166666667,65.88231387648814,59.5326664274205
2022-05-23,194.57566433566433,65.76711578421578,59.43021620969983
2022-05-24,194.54868055555556,65.65561013144847,59.331136836107284
2022-05-25,194.52328671328672,65.55067461288718,59.237972867085205
2022-05-26,194.49715277777779,65.44268079117069,59.1421755878508
2022-05-27,194.46756944444445,65.32043294890877,59.03383039288309
2022-05-28,194.465625,65.31239787946426,59.02671249239116
2022-05-29,194.46204225352113,65.29759281941655,59.013598112161475
2022-05-30,194.45854166666666,65.28312726934524,59.00078788691782
2022-05-31,194.4195138888889,65.12185194692466,58.85805364167301
2022-06-01,194.3932167832168,65.01318385364638,58.761979440959465
2022-06-02,194.37520833333332,64.93876715029758,58.69623584826562
2022-06-03,194.3592361111111,64.8727647941468,58.63795755526545
2022-06-04,194.34916666666666,64.83115461309524,58.601232296971624
2022-06-05,194.33368055555556,64.7671610243056,58.54477398759307
2022-06-06,194.30027777777778,64.62913000992066,58.423095200752456
2022-06-07,194.26347222222222,64.47703762400795,58.289172674048075
2022-06-08,194.2201388888889,64.29797036210323,58.13170500706006
2022-06-09,194.18055555555554,64.13439930555552,57.98805805241523
2022-06-10,194.1547222222222,64.02764766865074,57.89440971770032
2022-06-11,194.1436111111111,63.98173298611114,57.854154739565516
2022-06-12,194.12916666666666,63.92204389880953,57.80184659092014
2022-06-13,194.0861111111111,63.744124503968266,57.646072283924376
2022-06-14,194.058125,63.628476897321406,57.54493698508573
2022-06-15,194.0248611111111,63.49101981646825,57.4248492079383
2022-06-16,193.96819444444444,63.256854935515854,57.22057721021608
2022-06-17,193.92805555555555,63.09098814484125,57.07611469151355
2022-06-18,193.9065277777778,63.00202844742073,56.99871347103267
2022-06-19,193.90131944444445,62.98050593998022,56.979994935392696
2022-06-20,193.8434722222222,62.74146262400788,56.772318468180586
2022-06-21,193.79538461538462,62.54274917582421,56.599983100746
2022-06-22,193.7446527777778,62.333108916170694,56.41846795166535
2022-06-23,193.71048611111112,62.19192126736118,56.29639431539487
2022-06-24,193.6804895104895,62.067965671828176,56.18933407011445
2022-06-25,193.68409722222222,62.082873896329374,56.20220433847474
2022-06-26,193.6677083333333,62.01514973958325,56.14374997510725
2022-06-27,193.5990972222222,61.73162657490077,55.89937732288057
2022-06-28,193.51125,61.3686136160714,55.587307306775976
2022-06-29,193.45527777777778,61.13731840277781,55.38894978961503
2022-06-30,193.4151388888889,60.971451612103195,55.24693229770611
2022-07-01,193.391875,60.875317745535725,55.16470816524031
2022-07-02,193.38545454545454,60.848786363636336,55.142027917786756
2022-07-03,193.36034722222223,60.745034833829415,55.05338030089509
2022-07-04,193.31430555555556,60.5547758680556,54.89101360621016
2022-07-05,193.2540972222222,60.30597568204363,54.679068662162905
2022-07-06,193.19559440559442,60.06422323926081,54.47354122911639
2022-07-07,193.13604166666667,59.81813218005956,54.264743255555096
2022-07-08,193.09270833333332,59.63906491815472,54.11307616596045
2022-07-09,193.08208333333334,59.595159002976246,54.075923321458134
2022-07-10,193.05666666666667,59.490129166666705,53.98710279257956
2022-07-11,192.9955944055944,59.23775895354646,53.77399269993269
2022-07-12,192.9307638888889,58.969858420138905,53.548254322608116
2022-07-13,192.88791666666668,58.79279992559532,53.399336909966614
2022-07-14,192.81965034965035,58.510701560939054,53.16252519520334
2022-07-15,192.7784722222222,58.34054030257931,53.0199497210882
2022-07-16,192.78819444444446,58.38071564980165,53.05359385725931
2022-07-17,192.7688888888889,58.300938888888986,52.98679721683815
2022-07-18,192.70222222222222,58.02545079365079,52.75647339641932
2022-07-19,192.62729166666668,57.71581365327387,52.49823429476088
2022-07-20,192.5676923076923,57.46952994505497,52.29330965898225
2022-07-21,192.5223611111111,57.28220687003969,52.137726760816534
2022-07-22,192.493125,57.161393861607124,52.03751544792528
2022-07-23,192.48277777777778,57.118635813492105,52.00207296108512
2022-07-24,192.4573611111111,57.01360597718256,51.915069062442306
2022-07-25,192.373125,56.66551529017853,51.627265634183765
2022-07-26,192.295,56.34267767857139,51.36110112282316
2022-07-27,192.25375,56.17221941964286,51.220859529536995
2022-07-28,192.19854166666667,55.944080840773836,51.033482214488906
2022-07-29,192.19555555555556,55.93174126984129,51.023357457232905
2022-07-30,192.16979166666667,55.8252765997024,50.93604818843096
2022-07-31,192.13520833333334,55.68236715029765,50.81897605066754
2022-08-01,192.10000000000002,55.53687500000011,50.69993520410525
2022-08-02,192.0095804195804,55.16323223026967,50.39490215931534
2022-08-03,191.92548611111113,54.81572751736118,50.1120853771317
2022-08-04,191.86770833333333,54.57697116815474,49.9182643534104
2022-08-05,191.83881944444445,54.457592993551636,49.82150349155242
2022-08-06,191.8322222222222,54.43033115079363,49.799419533040485
2022-08-07,191.7971527777778,54.28541293402786,49.682120744345696
2022-08-08,191.7157638888889,53.9490878844246,49.41045923020515
2022-08-09,191.63104166666665,53.59898843005945,49.1285144536619
2022-08-10,191.5784027777778,53.38146762152786,48.95377315439215
2022-08-11,191.52472222222224,53.15964231150801,48.775914873112086
2022-08-12,191.50166666666667,53.0643693452381,48.69963139311884
2022-08-13,191.51201388888887,53.10712739335312,48.733858797809006
2022-08-14,191.48041666666666,52.976557514880916,48.629379282456725
2022-08-15,191.46124999999998,52.89735468749992,48.566060317680524
2022-08-16,191.4234027777778,52.74095780009929,48.44115802213208
2022-08-17,191.35000000000002,52.43763392857153,48.19940759679393
2022-08-18,191.26208333333335,52.07433400297627,47.9107053080215
2022-08-19,191.19895833333334,51.81348121279764,47.703988348562824
2022-08-20,191.18791666666667,51.767853497023815,47.667879016933085
2022-08-21,191.16340277777778,51.666554228670634,47.58776279797026
2022-08-22,191.13416666666666,51.54574122023807,47.49230946420249
2022-08-23,191.08694444444444,51.35060381944444,47.33835007013472
2022-08-24,191.02027777777778,51.075115724206356,47.1214504419449
2022-08-25,190.96034722222223,50.82746340525795,46.92692300548548
2022-08-26,190.93555555555557,50.72501626984132,46.84657864522789
2022-08-27,190.87307692307692,50.46683447802198,46.64442552727295
2022-08-28,190.83006944444446,50.28911375248023,46.50554686942977
2022-08-29,190.80636363636364,50.191153733766264,46.42909154035846
2022-08-30,190.77755244755244,50.07209664085911,46.33626131223993
2022-08-31,190.73979166666666,49.916056956845225,46.214746172649996
2022-09-01,190.6755944055944,49.65077323926076,46.0085521697233
2022-09-02,190.6462937062937,49.52969333166833,45.91460684231934
2022-09-03,190.63895104895104,49.49935111138859,45.891080635414355
2022-09-04,190.6002777777778,49.33954072420641,45.76727648187473
2022-09-05,190.5326388888889,49.06003509424607,45.55117766299104
2022-09-06,190.46263888888888,48.77077259424598,45.32811687268807
2022-09-07,190.41743055555557,48.58395722966276,45.18437211290885
2022-09-08,190.37,48.38795892857145,45.033824520808736
2022-09-09,190.31125874125877,48.14522116633378,44.84775199611161
2022-09-10,190.27388888888888,47.990796924603124,44.72959367767272
2022-09-11,190.2215277777778,47.774423983134994,44.56431855541825
2022-09-12,190.14825174825177,47.47162387612396,44.33358295512215
2022-09-13,190.06854166666665,47.14223619791659,44.083322475108325
2022-09-14,190.02104166666666,46.9459509300595,43.93455404860618
2022-09-15,189.96645833333332,46.75394749999997,43.763938700171195
2022-09-16,189.92909722222223,46.636932500000015,43.64736324762658
2022-09-17,189.89819444444444,46.540144999999995,43.55106690439045
2022-09-18,189.841875,46.36375249999996,43.375865136495925
2022-09-19,189.79041958041958,46.20259412587413,43.21613143480049
2022-09-20,189.69625,45.90765499999998,42.92462803880671
2022-09-21,189.646875,45.75301249999998,42.772215560999555
2022-09-22,189.5911111111111,45.57835999999998,42.60043560712751
2022-09-23,189.57202797202797,45.518591608391596,42.54173647716562
2022-09-24,189.55020833333333,45.45025249999999,42.47467523552166
2022-09-25,189.5298611111111,45.38652499999998,42.41219069886215
2022-09-26,189.56506944444445,45.496797500000014,42.52034413177633
2022-09-27,189.57251748251747,45.520124755244716,42.543241361257465
2022-09-28,189.53194444444446,45.39305000000006,42.41858532467334
2022-09-29,189.5157638888889,45.34237250000003,42.368928762088075
2022-09-30,189.488125,45.25580749999999,42.2841797064663
2022-10-01,189.46811188811188,45.193126433566405,42.22287114893579
2022-10-02,189.44597222222222,45.123785000000005,42.15510441785646
2022-10-03,189.42118055555557,45.046137500000036,42.0792903280561
2022-10-04,189.38326241134752,44.92737787234042,41.96347932849051
2022-10-05,189.3357638888889,44.77861250000001,41.818654892961085
2022-10-06,189.28986111111112,44.63484500000004,41.67895475330997
2022-10-07,189.2611111111111,44.54479999999994,41.59158694674183
2022-10-08,189.24166666666667,44.48390000000003,41.532554457473864
2022-10-09,189.22145833333332,44.420607499999946,41.47125177694567
2022-10-10,189.193125,44.33186750000003,41.38538450170398
2022-10-11,189.155,44.21246000000001,41.26999750438381
2022-10-12,189.13381944444444,44.14612249999999,41.20596888404589
2022-10-13,189.13243055555554,44.141772499999966,41.20177174469726
2022-10-14,189.14868055555556,44.19266750000001,41.25088869716372
2022-10-15,189.1448611111111,44.180705,41.23934112514385
2022-10-16,189.12770833333332,44.126982499999954,41.18750620498677
2022-10-17,189.10520833333334,44.05651250000001,41.11956534936162
2022-10-18,189.07847222222222,43.972774999999984,41.03891379525165
2022-10-19,189.0513888888889,43.88795000000006,40.95730213406173
2022-10-20,189.02496503496502,43.80519048951045,40.87776469792239
2022-10-21,189.00576388888888,43.74505249999997,40.820021170734826
2022-10-22,188.98506944444443,43.68023749999997,40.757836540300495
2022-10-23,188.9558041958042,43.58857874125877,40.66998677699285
2022-10-24,188.91472222222222,43.45991000000001,40.5468399140201
2022-10-25,188.8625,43.29635000000004,40.390594608770485
2022-10-26,188.8213888888889,43.167590000000004,40.26782735222544
2022-10-27,188.78711267605635,43.0602369014085,40.16562802408889
2022-10-28,188.753125,42.95378750000004,40.0644279584258
2022-10-29,188.71797202797202,42.84368839160838,39.95990842984174
2022-10-30,188.69313333333335,42.765893600000055,39.88614456531264
2022-10-31,188.66166666666666,42.66733999999999,39.79280709716466
2022-11-01,188.640625,42.6014375,39.73046004931163
2022-11-02,188.6147222222222,42.520309999999974,39.653782809302385
2022-11-03,188.59625,42.46245499999999,39.599151718876314
2022-11-04,188.58527777777778,42.42809,39.566720859085855
2022-11-05,188.57430555555555,42.393724999999996,39.534304532652335
2022-11-06,188.6001388888889,42.47463500000001,39.61064938940704
2022-11-07,188.59657342657343,42.46346797202798,39.60010794372317
2022-11-08,188.57979166666667,42.41090749999999,39.550511110454615
2022-11-09,188.56597222222223,42.36762500000002,39.50969509839779
2022-11-10,188.5438888888889,42.29845999999999,39.444518911061614
2022-11-11,188.51631944444443,42.21211249999997,39.363236081792095
2022-11-12,188.4897222222222,42.12880999999997,39.284906451542696
2022-11-13,188.46958333333333,42.065735000000004,39.22565424212838
2022-11-14,188.44811188811187,41.99848643356637,39.16253597654715
2022-11-15,188.4286111111111,41.93741,39.10525917166533
2022-11-16,188.41222222222223,41.886080000000014,39.057157106276264
2022-11-17,188.403125,41.857587499999966,39.030471173624136
2022-11-18,188.40152777777777,41.85258499999998,39.02578725057695
2022-11-19,188.3937762237762,41.82830713286706,39.00305816278058
2022-11-20,188.38229166666667,41.79233750000002,38.96939627838177
2022-11-21,188.42958041958042,41.94044587412587,39.10810491706024
2022-11-22,188.44388888888886,41.985259999999926,39.15012759466722
2022-11-23,188.44622377622375,41.99257286713278,39.15698816275352
2022-11-24,188.45944055944057,42.03396783216785,39.19583110094744
2022-11-25,188.4542361111111,42.01766749999997,39.180532603383206
2022-11-26,188.47666666666666,42.08791999999998,39.246489217853146
2022-11-27,188.6275,42.56032999999999,39.69159783413696
2022-11-28,188.784375,43.051662500000035,40.157470710381915
2022-11-29,188.82868055555556,43.19042750000003,40.289587847416875
2022-11-30,188.86636363636364,43.308450909090936,40.402144240904306
2022-12-01,188.87972222222223,43.350290000000015,40.44208657016174
2022-12-02,188.889375,43.380522500000005,40.470962170763116
2022-12-03,188.887972027972,43.37612839160835,40.46676475855923
2022-12-04,188.87604166666668,43.338762500000044,40.43107955408667
2022-12-05,188.86169014084507,43.293813521126765,40.38817462359375
2022-12-06,188.85277777777776,43.265899999999945,40.36154309590033
2022-12-07,188.83375,43.20630500000003,40.30471896672703
2022-12-08,188.81566433566434,43.1496606993007,40.250749320826074
2022-12-09,188.80437500000002,43.11430250000007,40.217079984509986
2022-12-10,188.7851388888889,43.05405500000002,40.15974683114115
2022-12-11,188.77180555555555,43.012294999999966,40.1200324386799
2022-12-12,188.83590277777776,43.21304749999995,40.311146570159806
2022-12-13,188.98131944444447,43.66849250000007,40.74657338724786
2022-12-14,189.0475,43.875770000000045,40.945591797673124
2022-12-15,189.07201388888888,43.95254749999996,41.01944355510655
2022-12-16,189.0740277777778,43.95885500000003,41.02551437080105
2022-12-17,189.0641958041958,43.928061258741266,40.99588253062214
2022-12-18,189.05527777777777,43.90012999999999,40.969015633492965
2022-12-19,189.04534722222223,43.86902750000004,40.93910929002944
2022-12-20,189.03118055555558,43.82465750000008,40.896465966303495
2022-12-21,189.0188888888889,43.786160000000066,40.859487372165866
2022-12-22,189.01222222222225,43.76528000000009,40.83943733368585
2022-12-23,189.0073611111111,43.75005499999995,40.82482301748611
2022-12-24,189.00131944444445,43.731132500000015,40.80666115212824
2022-12-25,188.99279720279722,43.704440839160895,40.78105045645765
2022-12-26,188.98909722222223,43.692852500000015,40.769935764712194
2022-12-27,188.974965034965,43.64859048951041,40.72749280394411
2022-12-28,188.95319444444442,43.58040499999993,40.662156733390944
2022-12-29,188.94825174825175,43.56492447552448,40.64733251728721
2022-12-30,188.93595744680852,43.52641872340428,40.61046897829584
2022-12-31,188.91215277777778,43.451862500000004,40.53914391621047
2023-01-01,188.89482517482517,43.39759244755244,40.48727062156704
2023-01-02,188.88216783216782,43.357949650349624,40.44940037580283
2023-01-03,188.87097222222224,43.32288500000004,40.41592101191429
2023-01-04,188.8504861111111,43.2587225,40.35469789502987
2023-01-05,188.8306993006993,43.19675020979024,40.2956128130882
2023-01-06,188.81569444444443,43.14975499999996,40.25083914420122
2023-01-07,188.80412587412587,43.11352223776224,40.21633707127967
2023-01-08,188.789020979021,43.06621370629374,40.17131409709758
2023-01-09,188.78395833333332,43.05035749999995,40.156229189967696
2023-01-10,188.76493055555557,42.99076250000003,40.09956406520616
2023-01-11,188.75993055555557,42.97510250000005,40.084681307733106
2023-01-12,188.7602777777778,42.97619000000003,40.08571464188142
2023-01-13,188.7526388888889,42.952265000000025,40.06298133066207
2023-01-14,188.74319444444444,42.922684999999994,40.03488612321562
2023-01-15,188.73636363636362,42.90129090909086,40.014573595508786
2023-01-16,188.72743055555554,42.87331249999996,39.98801681845793
2023-01-17,188.72263888888887,42.85830499999993,39.973774323526634
2023-01-18,188.708125,42.81284749999999,39.930657067085924
2023-01-19,188.70444444444445,42.80132000000001,39.91972609928551
2023-01-20,188.74020833333333,42.91333249999998,40.026006074654894
2023-01-21,188.9232638888889,43.48666250000003,40.57242672174072
2023-01-22,189.07541666666668,43.96320500000005,41.0297016909419
2023-01-23,189.17909722222223,44.28793250000001,41.34290913923331
2023-01-24,189.23520833333333,44.4636725,41.51295806307389
2023-01-25,189.25701388888888,44.531967499999965,41.579144889318215
2023-01-26,189.26923611111113,44.57024750000005,41.61626813822595
2023-01-27,189.2827777777778,44.612660000000055,41.65741899215911
2023-01-28,189.34237762237763,44.799326713286725,41.838802993983656
2023-01-29,189.36944444444444,44.88409999999999,41.921320437984
2023-01-30,189.38625,44.93673499999997,41.97259883157669
2023-01-31,189.3961111111111,44.967620000000004,42.002703673198795
2023-02-01,189.40180555555557,44.985455000000044,42.02009265250195
2023-02-02,189.40305555555557,44.98937000000004,42.02391021044275
2023-02-03,189.40131944444445,44.98393250000003,42.01860822743948
2023-02-04,189.39833333333334,44.974580000000024,42.0094896163415
2023-02-05,189.39027777777778,44.94935000000002,41.984893473225114
2023-02-06,189.374375,44.89954249999996,41.93636088982074
2023-02-07,189.36715277777776,44.87692249999995,41.91433076470614
2023-02-08,189.35645833333334,44.84342750000001,41.88171981920597
2023-02-09,189.35395833333334,44.83559750000002,41.874097750698496
2023-02-10,189.56069444444447,45.48309500000006,42.50689662405579
2023-02-11,189.835,46.342220000000026,43.35450501490699
2023-02-12,189.88576388888887,46.50121249999996,43.51236427404483
2023-02-13,189.90902777777777,46.574074999999965,43.5848115287767
2023-02-14,189.92743055555556,46.63171250000002,43.6421669062677
2023-02-15,189.94194444444443,46.67716999999996,43.687429583684306
2023-02-16,189.9532638888889,46.71262250000003,43.72274859400246
2023-02-17,189.95395833333333,46.7147975,43.72491625354732
2023-02-18,189.95569444444445,46.72023500000001,43.730335402409565
2023-02-19,189.9572027972028,46.72495916083916,43.7350436195749
2023-02-20,189.96138888888888,46.738069999999965,43.74811021067765
2023-02-21,189.96405594405596,46.746423216783256,43.75643690828081
2023-02-22,189.96027972027971,46.73459608391607,43.744648018789185
2023-02-23,189.9563888888889,46.72241000000007,43.73250306195452
2023-02-24,189.95888111888112,46.73021566433568,43.740282382782716
2023-02-25,189.94951388888887,46.700877499999955,43.71104704803952
2023-02-26,189.9251388888889,46.624535000000066,43.635021936899285
2023-02-27,189.934375,46.65346249999997,43.66382038665742
2023-02-28,189.95222222222222,46.70935999999999,43.719497647921756
2023-03-01,190.03384615384616,46.998863186813196,43.97463008072286
2023-03-02,190.09333333333333,47.244683333333334,44.161075944089916
2023-03-03,190.37791666666666,48.42067313988095,45.05893393459558
2023-03-04,190.83152777777778,50.295140054563504,46.510251920487335
2023-03-05,191.2709722222222,52.111065749007906,47.939853062408794
2023-03-06,191.47368055555555,52.94872173859124,48.6071204639877
2023-03-07,191.6290277777778,53.590666393849276,49.121823535695924
2023-03-08,191.75145833333332,54.096588802083275,49.52950246585615
2023-03-09,191.8107042253521,54.341411871227365,49.727429528833326
2023-03-10,191.84510489510492,54.48356649600413,49.842547232505794
2023-03-11,191.8647222222222,54.56463159722219,49.90825748658335
2023-03-12,191.87986111111113,54.62719035218261,49.95899858141029
2023-03-13,191.89894366197183,54.70604558601609,50.02299665418281
2023-03-14,191.90881944444445,54.74685549355161,50.05613458029307
2023-03-15,191.90152777777777,54.71672398313491,50.031665660632235
2023-03-16,191.90258741258742,54.72110273476528,50.03522044752598
2023-03-17,191.90625,54.736237723214295,50.04751171649413
2023-03-18,191.91145833333334,54.75776023065481,50.06499049446497
2023-03-19,191.90377622377622,54.726015284715274,50.039209908104056
2023-03-20,191.8998611111111,54.70983678075396,50.02607444678295
2023-03-21,191.89493055555556,54.68946214037702,50.00953377247883
2023-03-22,191.8879861111111,54.660765463789666,49.98624265745252
2023-03-23,191.88076388888888,54.630920920138855,49.96202499407018
2023-03-24,191.87659722222222,54.61370291418649,49.948056935639585
2023-03-25,191.87174825174824,54.593665409590386,49.93180267267112
2023-03-26,191.87079710144928,54.5897349508282,49.92861523790395
2023-03-27,191.85604166666667,54.528760751488115,49.879175695597745
2023-03-28,191.84430555555556,54.4802633680556,49.839870450438966
2023-03-29,191.84506944444445,54.48342000248018,49.84242851738367
2023-03-30,191.8413888888889,54.46821076388895,49.83010482192044
2023-03-31,191.83666666666667,54.44869702380956,49.814296971514345
2023-04-01,191.82729166666667,54.40995651041668,49.78292018154008
2023-04-02,191.81416666666667,54.35571979166667,49.73900955755053
2023-04-03,191.8127777777778,54.34998045634929,49.73436351609749
2023-04-04,191.83159722222223,54.42774844990083,49.79732806594893
2023-04-05,191.86402777777778,54.5617619295635,49.90593030825152
2023-04-06,191.8829861111111,54.640103856646824,49.96947500148304
2023-04-07,191.8852777777778,54.649573759920685,49.977160177135765
2023-04-08,191.88625,54.65359129464282,49.980420554685324
2023-04-09,191.88076388888888,54.630920920138855,49.96202499407018
2023-04-10,191.87286713286713,54.598288986013976,49.9355524301844
2023-04-11,191.86776223776224,54.57719391858142,49.91844499452569
2023-04-12,191.87152777777777,54.592754340277764,49.931063834235694
2023-04-13,191.8622916666667,54.55458776041678,49.90011281758227
2023-04-14,191.8413888888889,54.46821076388895,49.83010482192044
2023-04-15,191.83756944444445,54.452427591765925,49.81731906056258
2023-04-16,191.84166666666667,54.4693586309524,49.831034695473704
2023-04-17,191.85444444444445,54.52216051587306,49.87382509775729
2023-04-18,191.86194444444445,54.55315292658732,49.89894964413861
2023-04-19,191.86097222222222,54.549135391865065,49.89569275849656
2023-04-20,191.85576388888887,54.52761288442455,49.878245156842816
2023-04-21,191.84377622377622,54.47807599900098,49.8380978547811
2023-04-22,191.83305555555555,54.433774751984096,49.80220861532141
2023-04-23,191.82527777777779,54.40163447420639,49.77618100980049
2023-04-24,191.81194444444446,54.34653685515882,49.73157676230836
2023-04-25,191.79833333333332,54.290291369047566,49.68606705195439
2023-04-26,191.78291666666667,54.226584747023814,49.63454460071965
2023-04-27,191.76083916083917,54.135353396603435,49.56081387379865
2023-04-28,191.74263888888888,54.06014402281742,49.50007408470873
2023-04-29,191.74419580419578,54.06657769730262,49.50526910700031
2023-04-30,191.74138888888888,54.05497862103171,49.4959046248841
2023-05-01,191.7302777777778,54.009063938492105,49.45884562784116
2023-05-02,191.7134722222222,53.93961798115075,49.40282071147137
2023-05-03,191.69659722222224,53.869885057043724,49.34659997462758
2023-05-04,191.68569444444444,53.82483127480156,49.31029362949999
2023-05-05,191.67243055555554,53.770020622519766,49.26614304680423
2023-05-06,191.6675,53.74964598214282,49.24973819741416
2023-05-07,191.66208333333333,53.72726257440475,49.231716673750036
2023-05-08,191.65368055555555,53.692539595734125,49.20376918327723
2023-05-09,191.62604166666668,53.57832682291673,49.11190251940137
2023-05-10,191.6070138888889,53.499697929067516,49.048710430343654
2023-05-11,191.591875,53.4371391741071,48.99846337447243
2023-05-12,191.5796527777778,53.38663302331357,48.95791864597476
2023-05-13,191.57215277777777,53.355640612599196,48.933046318760724
2023-05-14,191.54611111111112,53.24802807539685,48.8467408533012
2023-05-15,191.56708333333333,53.33469203869047,48.916240125018504
2023-05-16,191.66583333333335,53.74275877976199,49.24419289621197
2023-05-17,191.69145833333334,53.8486495163691,49.329484943238825
2023-05-18,191.69743055555557,53.87332865823419,49.34937562091197
2023-05-19,191.7042361111111,53.90145140128965,49.37204527316593
2023-05-20,191.69965277777777,53.88251159474205,49.35677734433695
2023-05-21,191.68979166666665,53.841762313988035,49.32393564769981
2023-05-22,191.74333333333334,54.063013690476225,49.50239124372203
2023-05-23,191.75671328671328,54.11830395854143,49.54704185578793
2023-05-24,191.75597222222223,54.115241641865104,49.54456820942683
2023-05-25,191.75,54.09056250000001,49.52463634906289
2023-05-26,191.74520833333335,54.070761793154844,49.50864767959919
2023-05-27,191.73770833333333,54.039769382440475,49.48362788206715
2023-05-28,191.72680555555556,53.99471560019843,49.44726795470561
2023-05-29,191.70902777777778,53.92125210813493,49.388010980496865
2023-05-30,191.68930555555553,53.83975354662691,49.32231710316761
2023-05-31,191.71909722222222,53.962862289186496,49.421569802908756
2023-06-01,191.79992957746478,54.29688756287724,49.691402904495895
2023-06-02,191.82395833333334,54.39618210565479,49.77176569038487
2023-06-03,191.87625,54.61226808035715,49.94689293077038
2023-06-04,191.89243055555553,54.67913133680548,50.00114724053647
2023-06-05,191.89625,54.69491450892862,50.01396015010953
2023-06-06,191.91055555555556,54.75402966269844,50.06196083961668
2023-06-07,191.92534722222223,54.8151535838294,50.11161894389173
2023-06-08,191.93319444444444,54.847580828373005,50.137973047465536
2023-06-09,191.93069444444444,54.837250024801584,50.129576623629475
2023-06-10,191.915,54.77239553571426,50.07687885032028
2023-06-11,191.90125874125874,54.71561223776226,50.03076311620554
2023-06-12,191.88930555555555,54.66621783234127,49.990667455555595
2023-06-13,191.87412587412587,54.603490509490484,49.939772151332654
2023-06-14,191.8638028169014,54.56083231891345,49.90517643358059
2023-06-15,191.83881944444445,54.457592993551636,49.82150349155242
2023-06-16,191.86520833333333,54.56664036458332,49.90988651141568
2023-06-17,191.89159722222223,54.67568773561513,49.99835263120832
2023-06-18,191.89503496503494,54.68989359390599,50.009884037915086
2023-06-19,191.87819444444443,54.62030314980154,49.95341135803796
2023-06-20,191.8463888888889,54.48887237103178,49.846846996651834
2023-06-21,191.83284722222223,54.432913851686536,49.801511210156484
2023-06-22,191.81729166666665,54.36863329613089,49.749463150819956
2023-06-23,191.7841666666667,54.23175014880964,49.63872154698829
2023-06-24,191.77131944444443,54.178661297122964,49.5958070382884
2023-06-25,191.7424647887324,54.05942458501011,49.49949336182243
2023-06-26,191.72076388888888,53.96974949156744,49.427125089260564
2023-06-27,191.6745138888889,53.778629625496066,49.27307688070095
2023-06-28,191.63458333333335,53.613623735119134,49.14028353146508
2023-06-29,191.5995138888889,53.46870551835326,49.02381429393675
2023-06-30,191.5651388888889,53.326656969246066,48.90979391372016
2023-07-01,191.55819444444444,53.297960292658715,48.88677709862529
2023-07-02,191.52881944444445,53.17657335069448,48.78947831054526
2023-07-03,191.49076388888886,53.019315562995935,48.66358036890829
2023-07-04,191.43875,52.80437745535715,48.49178665534031
2023-07-05,191.3979020979021,52.63558079420577,48.35709963392951
2023-07-06,191.3709027777778,52.52401092509925,48.26818450957324
2023-07-07,191.35643356643357,52.464219493007,48.22057085549042
2023-07-08,191.35784722222223,52.470061173115134,48.22522178998548
2023-07-09,191.32215277777777,52.32256025545634,48.10786139326403
2023-07-10,191.26430555555555,52.08351693948412,47.91799171669812
2023-07-11,191.19471830985916,51.79596007293763,47.69012009540082
2023-07-12,191.14243055555553,51.5798902653769,47.51927940405293
2023-07-13,191.0868309859155,51.35013497233403,47.337980469672914
2023-07-14,191.0497916666667,51.19707659970249,47.217407795439634
2023-07-15,191.04506944444447,51.17756285962311,47.20204746862386
2023-07-16,191.01666666666668,51.060193452381014,47.1097173305535
2023-07-17,190.9317361111111,50.70923309771818,46.83420648392427
2023-07-18,190.83895833333335,50.32584549851199,46.53423283900594
2023-07-19,190.79020833333334,50.12439482886908,46.377026187204045
2023-07-20,190.74520833333335,49.938440364583414,46.232166465586694
2023-07-21,190.7232638888889,49.847758866567546,46.161612584683304
2023-07-22,190.71541666666667,49.81533162202383,46.136398094877215
2023-07-23,190.68909722222222,49.70657121775792,46.051880555809035
2023-07-24,190.61715277777776,49.40927364831343,45.8212762693749
2023-07-25,190.51048951048952,48.96850674325679,45.480533988312594
2023-07-26,190.40055555555557,48.51422430555562,45.13077832743229
2023-07-27,190.34194444444447,48.27202435515882,44.94490150007365
2023-07-28,190.324375,48.19942176339288,44.88926382217236
2023-07-29,190.31965277777778,48.17990802331349,44.87431646852171
2023-07-30,190.28729166666665,48.04618151041659,44.771952861727414
2023-07-31,190.21444444444444,47.74515337301585,44.54198605745041
2023-08-01,190.114375,47.33163426339284,44.22712801218911
2023-08-02,190.0470138888889,47.053276500496075,44.015864735363515
2023-08-03,190.02832167832167,46.97603427822176,43.95733768484208
2023-08-04,190.01517482517482,46.921707255244755,43.91619859080312
2023-08-05,189.96647887323942,46.75401183098588,43.76400283886116
2023-08-06,189.93784722222222,46.66433749999999,43.674650293550506
2023-08-07,189.86270833333333,46.429002499999996,43.44062917682373
2023-08-08,189.76479166666667,46.122327500000004,43.1366934678534
2023-08-09,189.703006993007,45.928817902097904,42.94550752327167
2023-08-10,189.65277777777777,45.77149999999998,42.790419536730695
2023-08-11,189.63194444444446,45.70625000000004,42.72618439666207
2023-08-12,189.61888888888888,45.665359999999964,42.68595794601866
2023-08-13,189.5778472222222,45.53681749999994,42.55963264907549
2023-08-14,189.55416666666667,45.462650000000025,42.48683641957427
2023-08-15,189.52499999999998,45.371299999999934,42.397269905302835
2023-08-16,189.4438028169014,45.11699042253522,42.148466619432135
2023-08-17,189.35958333333332,44.853214999999956,41.89124740484027
2023-08-18,189.37458333333333,44.900195000000004,41.93699656711916
2023-08-19,189.3504861111111,44.8247225,41.86351419332513
2023-08-20,189.3151388888889,44.714015000000025,41.75585320132336
2023-08-21,189.27527777777777,44.58916999999999,41.63462538564127
2023-08-22,189.20472222222222,44.368189999999984,41.42051995493835
2023-08-23,189.10854166666667,44.066952500000006,41.129627052965375
2023-08-24,189.04118055555557,43.85597750000005,40.92656431120906
2023-08-25,189.01923611111113,43.78724750000005,40.86053167343226
2023-08-26,189.01597222222222,43.77702499999999,40.8507152415279
2023-08-27,188.98930555555555,43.69350499999997,40.77056158666448
2023-08-28,188.89027972027972,43.38335608391609,40.473668913212315
2023-08-29,188.79993006993007,43.10038097902098,40.20382818067236
2023-08-30,188.7301388888889,42.881795,39.99606694692579
2023-08-31,188.65479166666668,42.645807500000046,39.77243067854442
2023-09-01,188.6179020979021,42.53026937062934,39.66319198849317
2023-09-02,188.61659722222223,42.52618250000001,39.659330891290146
2023-09-03,188.59055555555557,42.44462000000004,39.582318419042366
2023-09-04,188.50715277777778,42.1834025,39.336230388982536
2023-09-05,188.41576388888888,41.89717249999996,39.067550051872935
2023-09-06,188.35111111111112,41.69468000000004,38.87808693479682
2023-09-07,188.30506944444446,41.55047750000004,38.74347424731472
2023-09-08,188.2779861111111,41.46565249999993,38.66441120139379
2023-09-09,188.25631944444444,41.3977925,38.60122469806673
2023-09-10,188.22867132867134,41.31119860139864,38.520677774804255
2023-09-11,188.17243055555554,41.135052499999944,38.357118374491435
2023-09-12,188.08743055555556,40.8688325,38.110656801939975
2023-09-13,188.01979166666666,40.65698749999999,37.915162997119225
2023-09-14,187.95263888888888,40.44666499999999,37.721625564260584
2023-09-15,187.9179861111111,40.338132499999986,37.62197212291876
2023-09-16,187.90286713286713,40.29077986013985,37.578537293755964
2023-09-17,187.86583333333334,40.17479000000003,37.47226665512762
2023-09-18,187.79319444444445,39.94728500000003,37.2643083383816
2023-09-19,187.69804195804196,39.649267412587406,36.992873766988005
2023-09-20,187.64194444444445,39.47357000000001,36.83336528043749
2023-09-21,187.57937062937066,39.277588811188906,36.65589823667304
2023-09-22,187.53573426573428,39.140919720279754,36.53242291710765
2023-09-23,187.4859027777778,38.98484750000006,36.391702686834826
2023-09-24,187.42874999999998,38.805844999999934,36.230682001022046
2023-09-25,187.39402777777775,38.69709499999992,36.133051032188085
2023-09-26,187.3878472222222,38.67773749999995,36.115689142023676
2023-09-27,187.3865972222222,38.67382249999996,36.112178084356344
2023-09-28,187.35652777777779,38.57964500000003,36.02777696013915
2023-09-29,187.32097902097902,38.468306293706306,35.9281383872374
2023-09-30,187.29208333333335,38.37780500000006,35.84726153595776
2023-10-01,187.26340277777777,38.28797749999998,35.76708859008473
2023-10-02,187.23097222222222,38.18640499999999,35.676554792165476
2023-10-03,187.19521126760563,38.07440169014083,35.576873045674795
2023-10-04,187.16859154929577,37.99102873239435,35.50277389733747
2023-10-05,187.14654929577466,37.92199239436624,35.441482138679135
2023-10-06,187.12426573426575,37.85220027972032,35.37957934520998
2023-10-07,187.09569444444446,37.76271500000006,35.30029989978588
2023-10-08,187.06090277777778,37.65374750000002,35.203894431706445
2023-10-09,187.02965277777778,37.55587250000002,35.117430062904646
2023-10-10,186.99374999999998,37.443424999999934,35.01823888423255
2023-10-11,186.9477777777778,37.29944000000003,34.89146097873795
2023-10-12,186.9006993006993,37.15199020979021,34.76189973975833
2023-10-13,186.8720138888889,37.062147499999995,34.68308990645918
2023-10-14,186.84256944444445,36.96992750000002,34.602300131750255
2023-10-15,186.81166666666667,36.87314000000001,34.517624352049985
2023-10-16,186.78055555555557,36.775700000000036,34.43249622692627
2023-10-17,186.74638888888887,36.668689999999955,34.33914424508441
2023-10-18,186.70291666666668,36.532535000000045,34.22057275552234
2023-10-19,186.6429861111111,36.34483249999997,34.057493566512825
2023-10-20,186.60000000000002,36.21020000000007,33.94079555012811
2023-10-21,186.57208333333335,36.122765000000065,33.865128049289666
2023-10-22,186.5404225352113,36.02360338028177,33.77942992165168
2023-10-23,186.50444444444443,35.91091999999996,33.6821946611466
2023-10-24,186.49756944444445,35.889387500000026,33.663632924589784
2023-10-25,186.49194444444444,35.87177,33.64844872986415
2023-10-26,186.49041666666668,35.86698500000003,33.64432626508199
2023-10-27,186.4923611111111,35.87307499999999,33.64957303844111
2023-10-28,186.4867361111111,35.855457499999964,33.63439487265213
2023-10-29,186.47566666666665,35.820787999999965,33.60453436527621
2023-10-30,186.46944055944056,35.80128783216782,33.58774585035367
2023-10-31,186.43798611111112,35.702772500000016,33.503002728521906
2023-11-01,186.4036111111111,35.59510999999998,33.41052930362626
2023-11-02,186.39131944444443,35.55661249999997,33.377498928179854
2023-11-03,186.36083333333332,35.461129999999955,33.295656169418244
2023-11-04,186.32208333333335,35.339765000000064,33.19179266370908
2023-11-05,186.2982638888889,35.26516250000003,33.128041607948646
2023-11-06,186.2672027972028,35.16787916083917,33.04501231125412
2023-11-07,186.23902097902098,35.079613706293706,32.96978238240489
2023-11-08,186.21944444444443,35.01829999999997,32.917581437643484
2023-11-09,186.18819444444443,34.92042499999997,32.83435135668954
2023-11-10,186.15555555555557,34.81820000000003,32.74755029546707
2023-11-11,186.1367361111111,34.75925749999998,32.69756126769612
2023-11-12,186.11687500000002,34.69705250000007,32.64485248446489
2023-11-13,186.09326388888888,34.62310249999999,32.582253833352844
2023-11-14,186.07131944444444,34.55437249999999,32.52413704217154
2023-11-15,186.0462937062937,34.4759918881119,32.45793267920116
2023-11-16,186.01319444444445,34.372325000000025,32.37048688492978
2023-11-17,185.98493055555554,34.28380249999994,32.295924569683706
2023-11-18,185.953006993007,34.18381790209791,32.21182461940103
2023-11-19,185.92243055555554,34.08805249999994,32.13139234552519
2023-11-20,185.89854166666666,34.01323249999998,32.068633625920846
2023-11-21,185.87152777777777,33.92862499999998,31.99774772569998
2023-11-22,185.84472222222223,33.84467000000003,31.927498873576234
2023-11-23,185.8309027777778,33.801387500000054,31.891316880223386
2023-11-24,185.80180555555555,33.710254999999975,31.815211675093593
2023-11-25,185.773125,33.62042749999998,31.74029888019305
2023-11-26,185.74152777777778,33.521465,31.657886171478555
2023-11-27,185.7159722222222,33.44142499999995,31.59132224853993
2023-11-28,185.6904861111111,33.36160250000001,31.525018595756944
2023-11-29,185.66354166666667,33.277212500000026,31.45500813511772
2023-11-30,185.6509027777778,33.23762750000003,31.422199796326957
2023-12-01,185.62520833333332,33.15715249999996,31.35556189466508
2023-12-02,185.58458333333334,33.02991500000003,31.250368025059323
2023-12-03,185.54909722222223,32.918772500000024,31.158648527662773
2023-12-04,185.52131944444443,32.83177249999996,31.08696015791754
2023-12-05,185.50034722222222,32.76608749999998,31.03289964185434
2023-12-06,185.483125,32.71214750000001,30.9885451550793
2023-12-07,185.46166666666667,32.64494000000002,30.9333336292077
2023-12-08,185.44020833333332,32.57773249999995,30.87817943648134
2023-12-09,185.41472222222222,32.497910000000005,30.812745944556603
2023-12-10,185.38993055555554,32.42026249999994,30.74917296080561
2023-12-11,185.36972222222224,32.35697000000005,30.69740918418253
2023-12-12,185.3570138888889,32.31716750000004,30.664882826662474
2023-12-13,185.33666666666667,32.25344000000002,30.612846379759517
2023-12-14,185.300625,32.14055749999999,30.520798161438982
2023-12-15,185.27631944444445,32.06443250000003,30.4588149346996
2023-12-16,185.25368055555555,31.993527499999978,30.40114660989121
2023-12-17,185.23493055555556,31.93480250000003,30.353433870723176
2023-12-18,185.2132638888889,31.866942500000004,30.298352118865644
2023-12-19,185.19104166666665,31.797342499999946,30.2419197704006
2023-12-20,185.16444444444446,31.714040000000036,30.174457315965437
2023-12-21,185.1425,31.64531000000004,30.11886163297182
2023-12-22,185.1238888888889,31.587020000000035,30.071758939739553
2023-12-23,185.10486111111112,31.52742500000003,30.023645984423595
2023-12-24,185.0822916666667,31.456737500000077,29.966634665862703
2023-12-25,185.0575,31.379090000000016,29.904085057050967
2023-12-26,185.03006944444445,31.29317750000002,29.834964630361544
2023-12-27,185.00826388888888,31.224882499999964,29.78008555475869
2023-12-28,184.98659722222223,31.16683333333335,29.725614144590754
2023-12-29,184.9645138888889,31.113833333333332,29.670154724947466
2023-12-30,184.94340277777778,31.063166666666667,29.617193577498075
2023-12-31,184.9207638888889,31.00883333333336,29.5604623450165
2024-01-01,184.89784722222223,30.953833333333343,29.503099947782434
2024-01-02,184.87409722222222,30.896833333333326,29.443719124878942
2024-01-03,184.85569444444445,30.852666666666686,29.39775705396108
2024-01-04,184.8357638888889,30.80483333333334,29.34802618148069
2024-01-05,184.81944444444446,30.765666666666696,29.30734258041646
2024-01-06,184.80243055555556,30.724833333333343,29.264961783314824
2024-01-07,184.89,30.934999999999967,29.483472138417078
2024-01-08,184.93493055555555,31.042833333333327,29.595955876802414
2024-01-09,185.1457638888889,31.655532500000017,30.12712792935981
2024-01-10,185.2513888888889,31.986350000000026,30.3953127811432
2024-01-11,185.31125,32.173835000000004,30.547916629240003
2024-01-12,185.39618055555556,32.43983750000002,30.76519281809156
2024-01-13,185.44354166666665,32.58817249999994,30.88674276953627
2024-01-14,185.468125,32.66516749999996,30.949945754482435
2024-01-15,185.48513888888888,32.718454999999985,30.993730656939704
2024-01-16,185.49187500000002,32.739552500000066,31.01107526661083
2024-01-17,185.50520833333334,32.781312500000034,31.04542553163201
2024-01-18,185.50055555555554,32.76673999999994,31.033436331085056
2024-01-19,185.50451388888888,32.779137499999976,31.043635707569827
2024-01-20,185.49041666666665,32.73498499999994,31.007320248022147
2024-01-21,185.47472222222223,32.68583000000002,30.96691894113875
2024-01-22,185.46423611111112,32.65298750000003,30.93994200461453
2024-01-23,185.45631944444443,32.62819249999996,30.91958509646484
2024-01-24,185.4479861111111,32.60209249999998,30.898164615984033
2024-01-25,185.43944444444443,32.57533999999997,30.876217252929635
2024-01-26,185.42791666666665,32.53923499999994,30.8466120103961
2024-01-27,185.4164583333333,32.503347499999926,30.817201150835835
2024-01-28,185.40284722222222,32.460717499999994,30.782284506603123
2024-01-29,185.38888888888889,32.416999999999994,30.74650370925182
2024-01-30,185.37583333333333,32.37611,30.713057564466112
2024-01-31,185.35895833333336,32.32325750000009,30.669858200083947
2024-02-01,185.34229166666668,32.27105750000005,30.62722547956548
2024-02-02,185.32930555555558,32.23038500000007,30.594033459179006
2024-02-03,185.3151388888889,32.186015000000026,30.55784633048756
2024-02-04,185.3020138888889,32.144907500000016,30.524341668877092
2024-02-05,185.28854166666667,32.102712500000024,30.48997476795059
2024-02-06,185.27451388888892,32.0587775000001,30.45421285279228
2024-02-07,185.25395833333334,31.994397500000034,30.401853933519824
2024-02-08,185.23708333333332,31.941544999999948,30.358910288639187
2024-02-09,185.23236111111112,31.92675500000002,30.346897886373167
2024-02-10,185.22006944444445,31.888257500000012,30.315647781772576
2024-02-11,185.20416666666665,31.838449999999956,30.275242957518397
2024-02-12,185.1861111111111,31.781899999999975,30.229407590473738
2024-02-13,185.17194444444442,31.73752999999993,30.193471314931674
2024-02-14,185.15375,31.68054500000001,30.147355833580395
2024-02-15,185.13145833333334,31.610727500000028,30.09091141697667
2024-02-16,185.11256944444446,31.55156750000005,30.043130746263376
2024-02-17,185.0884027777778,31.47587750000003,29.98206639902444
2024-02-18,185.06430555555553,31.40040499999994,29.921247599787065
2024-02-19,185.04756944444446,31.34798750000006,29.879051051397507
2024-02-20,185.03979166666667,31.323627500000022,29.859452270891552
2024-02-21,185.03715277777778,31.3153625,29.85280474831416
2024-02-22,185.01979020979022,31.26098293706296,29.80908695512638
2024-02-23,184.98881944444443,31.172166666666634,29.731198256751103
2024-02-24,184.9845138888889,31.161833333333355,29.720379039440385
2024-02-25,185.015,31.24597999999996,29.79703202268484
2024-02-26,185.10270833333334,31.52068250000002,30.018204294180048
2024-02-27,185.13555555555556,31.62356,30.101281933482994
2024-02-28,185.15854166666665,31.695552499999952,30.159497719952103
2024-02-29,185.25347222222223,31.992875000000023,30.400616117169818
2024-03-01,185.28611111111113,32.095100000000045,30.483776643718226
2024-03-02,185.51881944444443,32.823942499999966,31.080513695630213
2024-03-03,185.70868055555556,33.418587500000015,31.572344539153626
2024-03-04,185.86083333333332,33.89512999999995,31.969710485558988
2024-03-05,186.38777777777779,35.545520000000025,33.36798591705817
2024-03-06,186.75868055555554,36.70718749999996,34.37271185223576
2024-03-07,186.8623611111111,37.03191500000001,34.65659275636717
2024-03-08,186.92840277777776,37.238757499999956,34.83810770091575
2024-03-09,186.96958333333333,37.367734999999996,34.95156218416716
2024-03-10,186.99527777777777,37.44820999999999,35.02245712487579
2024-03-11,187.00458333333333,37.47735499999999,35.048152391280716
2024-03-12,187.01736111111111,37.517375000000015,35.083453660332374
2024-03-13,187.02645833333335,37.54586750000006,35.10859834357121
2024-03-14,187.03,37.556960000000004,35.1183900323974
2024-03-15,187.0298611111111,37.55652499999998,35.118006044600264
2024-03-16,187.02680555555557,37.54695500000005,35.109558313063964
2024-03-17,187.02270833333333,37.53412249999998,35.098230673049244
2024-03-18,187.02291666666667,37.534775000000025,35.09880665474495
2024-03-19,187.01201388888887,37.50062749999995,35.06867749990453
2024-03-20,186.9988888888889,37.45952000000003,35.032427511850656
2024-03-21,186.98708333333332,37.42254499999995,34.99983887551436
2024-03-22,186.97652777777776,37.38948499999995,34.97071516563091
2024-03-23,186.9659722222222,37.35642499999995,34.94160509521941
2024-03-24,186.9672222222222,37.360339999999944,34.94505177985515
2024-03-25,186.95708333333334,37.32858500000003,34.91710219852871
2024-03-26,186.95555555555555,37.32379999999998,34.91289145955103
2024-03-27,186.93791666666667,37.268555,34.864300517645
2024-03-28,186.92756944444443,37.23614749999996,34.835814003678195
2024-03-29,186.91722222222222,37.20374,34.80734062138919
2024-03-30,186.90256944444445,37.15784750000003,34.76704030238791
2024-03-31,186.89152173913044,37.12324608695654,34.73667430528345
2024-04-01,186.86770833333333,37.04866249999998,34.671270863514444
2024-04-02,186.83472222222224,36.945350000000055,34.580787892010036
2024-04-03,186.8170138888889,36.889887500000064,34.53226876061724
2024-04-04,186.79770833333333,36.8294225,34.47941676586652
2024-04-05,186.78194444444443,36.78004999999997,34.43629346345764
2024-04-06,186.7715277777778,36.74742500000009,34.40781559550073
2024-04-07,186.75479166666665,36.695007499999946,34.362089149046575
2024-04-08,186.73902777777778,36.645635000000006,34.31905051254841
2024-04-09,186.71715277777778,36.57712250000002,34.259377445272705
2024-04-10,186.67854166666666,36.456192499999986,34.154193107675745
2024-04-11,186.65465277777778,36.38137250000002,34.089206327871295
2024-04-12,186.63604166666667,36.32308250000001,34.03862652755435
2024-04-13,186.62125,36.27675500000001,33.99845635556298
2024-04-14,186.60777777777778,36.23456000000002,33.9618942125325
2024-04-15,186.59666666666666,36.19975999999999,33.931755958250626
2024-04-16,186.57395833333334,36.12863750000001,33.87020748195846
2024-04-17,186.54694444444445,36.044030000000014,33.79707364951584
2024-04-18,186.52298611111112,35.96899250000004,33.7322851229997
2024-04-19,186.50576388888888,35.91505249999997,33.685758220002064
2024-04-20,186.49055555555555,35.86741999999997,33.6447010346076
2024-04-21,186.46930555555554,35.80086499999994,33.58738189629883
2024-04-22,186.4472222222222,35.73169999999992,33.527873647134825
2024-04-23,186.42416666666665,35.65948999999995,33.46580870744833
2024-04-24,186.40645833333332,35.60402749999996,33.41818403218845
2024-04-25,186.39027777777778,35.553350000000016,33.374700983732325
2024-04-26,186.37520833333332,35.506152499999956,33.33423324751435
2024-04-27,186.35270833333334,35.43568250000002,33.27386222937176
2024-04-28,186.33291666666668,35.37369500000003,33.22081078434662
2024-04-29,186.31479166666668,35.31692750000004,33.1722699363016
2024-04-30,186.2929861111111,35.248632499999985,33.113923879901854
2024-05-01,186.27319444444444,35.186645,33.06101808556088
2024-05-02,186.24902777777777,35.110954999999976,32.996483775890205
2024-05-03,186.22381944444444,35.032002500000004,32.929242561613435
2024-05-04,186.1975,34.94956999999997,32.859122902550574
2024-05-05,186.17604166666666,34.88236249999999,32.80201640961253
2024-05-06,186.15847222222223,34.827335000000026,32.75530185358611
2024-05-07,186.13597222222222,34.756865,32.69553298223629
2024-05-08,186.1147222222222,34.69030999999997,32.63914171882393
2024-05-09,186.138125,34.763607500000006,32.70124905944133
2024-05-10,186.12875,34.734244999999994,32.67636130319486
2024-05-11,186.1078472222222,34.66877749999995,32.6209100648485
2024-05-12,186.08798611111112,34.606572500000034,32.568272051836146
2024-05-13,186.06465277777778,34.53349250000001,32.50649322089744
2024-05-14,186.04118055555557,34.45997750000005,32.444414813181176
2024-05-15,186.02381944444446,34.405602500000036,32.39854257055182
2024-05-16,185.9932638888889,34.30990250000001,32.31789778444884
2024-05-17,185.97305555555556,34.24661000000002,32.26462565376287
2024-05-18,185.9563888888889,34.19441000000007,32.22072912979219
2024-05-19,185.93784722222222,34.13633749999999,32.17193330528022
2024-05-20,185.92361111111111,34.09175000000001,32.13449606875515
2024-05-21,185.89263888888888,33.99474499999998,32.05313543455872
2024-05-22,185.8647222222222,33.907309999999974,31.979904399994556
2024-05-23,185.83777777777777,33.82291999999999,31.909314608198486
2024-05-24,185.8165972222222,33.75658249999997,31.85388770037577
2024-05-25,185.78930555555556,33.67110500000001,31.782550517344085
2024-05-26,185.75826388888888,33.57388249999996,31.701523449840856
2024-05-27,185.73180555555555,33.491015,31.632553002938888
2024-05-28,185.70461538461538,33.40585538461537,31.561766567996482
2024-05-29,185.67854166666666,33.32419249999998,31.493972642801804
2024-05-30,185.64840277777776,33.22979749999995,31.415713107740345
2024-05-31,185.63118055555555,33.17585749999997,31.37104309392246
2024-06-01,185.5967361111111,33.067977500000005,31.281815337300323
2024-06-02,185.55965034965035,32.95182489510491,31.185908499873612
2024-06-03,185.5270138888889,32.8496075,31.101649142752777
2024-06-04,185.49741258741258,32.75689622377621,31.025339704741427
2024-06-05,185.4684722222222,32.66625499999994,30.950838946434917
2024-06-06,185.43402777777777,32.558374999999984,30.86230358774474
2024-06-07,185.40666666666667,32.47268,30.792081228005515
2024-06-08,185.3864583333333,32.40938749999992,30.740275455626165
2024-06-09,185.3625,32.334350000000036,30.67892048738722
2024-06-10,185.31451388888888,32.18405749999998,30.556250202339243
2024-06-11,185.28,32.07596,30.468196101664603
2024-06-12,185.24770833333332,31.974822499999963,30.385945307936012
2024-06-13,185.21229166666666,31.863897499999975,30.295881781499254
2024-06-14,185.1732867132867,31.741733986013948,30.196874997719473
2024-06-15,185.14548611111113,31.654662500000047,30.1264243966238
2024-06-16,185.11729166666666,31.566357499999977,30.055073091992718
2024-06-17,185.06153846153845,31.391738461538417,29.914268219237947
2024-06-18,185.00986013986014,31.22988195804195,29.784100660686647
2024-06-19,184.965,31.11500000000001,29.671375041575317
2024-06-20,184.89840277777776,30.955166666666628,29.504489762344694
2024-06-21,184.81993055555554,30.76683333333331,29.30855383283224
2024-06-22,184.79368055555557,30.703833333333364,29.243181005763613
2024-06-23,184.758125,30.61850000000002,29.154772250632583
2024-06-24,184.704375,30.4895,29.02141955744988
2024-06-25,184.63159722222224,30.314833333333375,28.841432997597526
2024-06-26,184.56979166666667,30.16650000000002,28.689100593739667
2024-06-27,184.53951388888888,30.093833333333308,28.61464820825462
2024-06-28,184.51652777777778,30.03866666666668,28.55820221746815
2024-06-29,184.4886111111111,29.97166666666667,28.489736884710265
2024-06-30,184.45138888888889,29.882333333333328,28.398600030242296
2024-07-01,184.4178472222222,29.8018333333333,28.316624374583085
2024-07-02,184.35652777777779,29.654666666666685,28.167121003440766
2024-07-03,184.31416666666667,29.552999999999997,28.064113372146767
2024-07-04,184.27444444444444,29.45766666666666,27.967726786336886
2024-07-05,184.24048611111112,29.3761666666667,27.88548256083503
2024-07-06,184.2120138888889,29.30783333333334,27.81663537175007
2024-07-07,184.16791666666666,29.201999999999977,27.710208210638083
2024-07-08,184.12416666666667,29.097,27.604857141098027
2024-07-09,184.07583333333335,28.98100000000004,27.488748717179444
2024-07-10,183.9895138888889,28.773833333333346,27.282113779126124
2024-07-11,183.92368055555553,28.615833333333285,27.125144779860502
2024-07-12,183.889375,28.533500000000004,27.043564789379953
2024-07-13,183.80375,28.32800000000002,26.84058484458413
2024-07-14,183.7376388888889,28.169333333333384,26.684493439822127
2024-07-15,183.6593006993007,27.981321678321684,26.50024076316883
2024-07-16,183.57478873239435,27.77849295774645,26.302329526744586
2024-07-17,183.49583333333334,27.589000000000013,26.118240611425254
2024-07-18,183.42566433566432,27.420594405594375,25.955293797954923
2024-07-19,183.37694444444443,27.303666666666643,25.842519991689894
2024-07-20,183.3466666666667,27.231000000000066,25.77258485812391
2024-07-21,183.31680555555556,27.159333333333347,25.70372495675399
2024-07-22,183.24368055555556,26.983833333333337,25.53557035431337
2024-07-23,183.13727272727274,26.72845454545459,25.29208326119957
2024-07-24,183.0457638888889,26.50883333333336,25.083826628314696
2024-07-25,182.98263888888889,26.357333333333326,24.940779278330226
2024-07-26,182.96625,26.318000000000005,24.903724280654753
2024-07-27,182.9232638888889,26.214833333333353,24.806689306115782
2024-07-28,182.887972027972,26.13013286713283,24.72719912105765
2024-07-29,182.84270833333335,26.02150000000004,24.62547534122319
2024-07-30,182.80284722222223,25.925833333333344,24.53610840469792
2024-07-31,182.7306993006993,25.752678321678353,24.374866031610306
2024-08-01,182.61194444444445,25.467666666666673,24.110890564298924
2024-08-02,182.55706293706294,25.335951048951053,23.98949953062332
2024-08-03,182.5353472222222,25.283833333333313,23.941571361630043
2024-08-04,182.48405594405594,25.160734265734256,23.828604578855067
2024-08-05,182.44486111111112,25.0666666666667,23.742504482415832
2024-08-06,182.39520833333333,24.94749999999999,23.63370975560411
2024-08-07,182.28666666666666,24.68699999999999,23.396968909257698
2024-08-08,182.17305555555555,24.41433333333332,23.15076665260974
2024-08-09,182.103125,24.246500000000015,23.00003651695309
2024-08-10,182.08736111111114,24.208666666666726,22.966145509500198
2024-08-11,182.04590277777777,24.109166666666646,22.877160393265115
2024-08-12,181.96208333333334,23.908000000000015,22.697917601389687
2024-08-13,181.84797202797205,23.634132867132916,22.45533306718459
2024-08-14,181.8238888888889,23.57633333333333,22.404345815752208
2024-08-15,181.7866666666667,23.48700000000006,22.325688513109
2024-08-16,181.7459722222222,23.389333333333298,22.239894152451157
2024-08-17,181.70458333333332,23.289999999999964,22.152851301125036
2024-08-18,181.65659722222222,23.17483333333332,22.05220780673349
2024-08-19,181.60363636363635,23.04772727272725,21.94146895113716
2024-08-20,181.52041666666665,22.847999999999956,21.768183232547386
2024-08-21,181.43006944444446,22.631166666666697,21.581053820914853
2024-08-22,181.33291666666665,22.397999999999957,21.380987778990967
2024-08-23,181.32527777777779,22.379666666666687,21.365309247833046
2024-08-24,181.28270833333332,22.277499999999964,21.278066143496506
2024-08-25,181.23636363636362,22.16627272727269,21.183351499634366
2024-08-26,181.18590277777778,22.045166666666685,21.08053463059748
2024-08-27,181.07645833333333,21.782500000000006,20.85865281718422
2024-08-28,180.98319444444445,21.55866666666668,20.670780972213144
2024-08-29,180.9911888111888,21.577853146853137,20.686841737537208
2024-08-30,180.954375,21.4895,20.612952597897646
2024-08-31,180.91722222222222,21.400333333333332,20.538559428531876
2024-09-01,180.8748611111111,21.298666666666644,20.453951495174657
2024-09-02,180.83284722222223,21.197833333333346,20.370263402441722
2024-09-03,180.79173611111113,21.099166666666726,20.288593703853227
2024-09-04,180.75020833333332,20.999499999999966,20.206316223246937
2024-09-05,180.7061111111111,20.89366666666667,20.119189420923792
2024-09-06,180.65902777777777,20.78066666666664,20.026437546909467
2024-09-07,180.61722222222224,20.680333333333376,19.94432091108044
2024-09-08,180.57208333333335,20.57200000000005,19.855907083695108
2024-09-09,180.5581118881119,20.538468531468585,19.828595716843026
2024-09-10,180.54076388888888,20.496833333333303,19.79471658822851
2024-09-11,180.5025,20.404999999999998,19.720127542921638
2024-09-12,180.46118055555556,20.30583333333334,19.639794930991727
2024-09-13,180.42659722222223,20.222833333333348,19.57272722869075
2024-09-14,180.3890972222222,20.13283333333329,19.500175998107714
2024-09-15,180.35034722222224,20.039833333333377,19.425395956142303
2024-09-16,180.30734265734267,19.936622377622417,19.342632204435667
2024-09-17,180.2671527777778,19.84016666666671,19.265499944496014
2024-09-18,180.2320138888889,19.755833333333364,19.19823057831733
2024-09-19,180.19666666666666,19.67099999999998,19.130725022526743
2024-09-20,180.1603472222222,19.583833333333313,19.061528666085454
2024-09-21,180.1220138888889,19.49183333333333,18.98867930463708
2024-09-22,180.08368055555556,19.399833333333344,18.916020138426138
2024-09-23,180.04541666666668,19.30800000000004,18.843681915245003
2024-09-24,180.00636363636363,19.214272727272714,18.770045890903884
2024-09-25,179.97451388888888,19.14894527777776,18.71013679613923
2024-09-26,179.951875,19.104482500000003,18.667632665305987
2024-09-27,179.91138888888887,19.024967777777732,18.591786643837622
2024-09-28,179.86986013986012,18.943405314685283,18.514207429001882
2024-09-29,179.82333333333335,18.852026666666706,18.427554280053872
2024-09-30,179.7772222222222,18.761464444444417,18.34195324036727
2024-10-01,179.733125,18.674857500000005,18.2603452724036
2024-10-02,179.69118055555555,18.592478611111098,18.18295631811137
2024-10-03,179.65104166666666,18.513645833333317,18.109111200614652
2024-10-04,179.60152777777776,18.416400555555526,18.01830528269687
2024-10-05,179.55375,18.32256500000002,17.930984215245235
2024-10-06,179.50643356643357,18.229635524475537,17.844798476511134
2024-10-07,179.4642361111111,18.146759722222185,17.768179946619576
2024-10-08,179.423125,18.0660175,17.693755832939353
2024-10-09,179.38395833333334,17.989094166666682,17.623056518498824
2024-10-10,179.34084507042255,17.90441971830988,17.545462954674026
2024-10-11,179.29587412587412,17.816096783216775,17.464783087539566
2024-10-12,179.25154929577465,17.72904281690142,17.385517959809153
2024-10-13,179.20604166666666,17.63966583333333,17.304404580525738
2024-10-14,179.1609090909091,17.551025454545446,17.224224019804943
2024-10-15,179.11715277777776,17.465088055555526,17.146742277077593
2024-10-16,179.07743055555557,17.387073611111134,17.076618823038558
2024-10-17,179.0325,17.29883,16.997546602818115
2024-10-18,178.98854166666666,17.212495833333328,16.92044244922389
2024-10-19,178.96625,17.168715000000006,16.88143749564502
2024-10-20,178.96194444444444,17.160258888888883,16.873910240170726
2024-10-21,178.91937062937063,17.076643916083924,16.79962125103803
2024-10-22,178.87743055555555,16.994273611111097,16.726668081960156
2024-10-23,178.84284722222222,16.926351944444438,16.66668238991627
2024-10-24,178.80377622377623,16.849616503496506,16.599102468741243
2024-10-25,178.76493055555557,16.77332361111113,16.5321095539219
2024-10-26,178.72479166666665,16.694490833333298,16.463092520095906
2024-10-27,178.68246666666667,16.61136453333334,16.3905433367452
2024-10-28,178.6423076923077,16.532492307692316,16.32192410418721
2024-10-29,178.60319444444445,16.45567388888891,16.25529411068391
2024-10-30,178.56430555555556,16.379296111111127,16.189244900627006
2024-10-31,178.5309722222222,16.31382944444441,16.132788115566626
2024-11-01,178.4942361111111,16.241679722222187,16.07073617471131
2024-11-02,178.45524475524473,16.16510069930066,16.005068338523756
2024-11-03,178.41604166666667,16.088105833333344,15.939244228988487
2024-11-04,178.3802097902098,16.017732027972027,15.87925604372909
2024-11-05,178.34423611111112,15.947079722222231,15.819199431078388
2024-11-06,178.30680555555557,15.87356611111114,15.756891616159589
2024-11-07,178.27125,15.80373500000002,15.69787347677049
2024-11-08,178.23291666666668,15.728448333333365,15.634430351977906
2024-11-09,178.19405594405595,15.65212587412588,15.570312298349547
2024-11-10,178.16569444444445,15.59642388888891,15.523642550740453
2024-11-11,178.15237762237763,15.570269650349662,15.501764224824683
2024-11-12,178.11972222222224,15.506134444444474,15.448216983234044
2024-11-13,178.10159722222224,15.470536944444477,15.418555221330351
2024-11-14,178.07433566433568,15.416995244755272,15.374023988292171
2024-11-15,178.06401408450705,15.396723661971848,15.357189099756395
2024-11-16,178.0341958041958,15.33816055944056,15.308633464743119
2024-11-17,177.99573426573426,15.264274003496489,15.246176222474174
2024-11-18,177.96408450704226,15.214370246478882,15.1949253122363
2024-11-19,177.9295138888889,15.15986102430556,15.1390963738834
2024-11-20,177.89722222222224,15.108945138888917,15.087089373622609
2024-11-21,177.85895833333333,15.048612552083334,15.025641121424156
2024-11-22,177.82666666666668,14.997696666666691,14.973933753465593
2024-11-23,177.78209790209792,14.92742286713289,14.90279178306704
2024-11-24,177.73895833333333,14.859402552083328,14.834182694826032
2024-11-25,177.70472222222222,14.805420763888879,14.779906786746148
2024-11-26,177.6673611111111,14.746511631944415,14.720854081153508
2024-11-27,177.62680555555553,14.68256565972219,14.656959971888874
2024-11-28,177.58479166666666,14.616320260416657,14.59099669977625
2024-11-29,177.5418881118881,14.548672080419582,14.52387695621477
2024-11-30,177.50020833333332,14.482953489583311,14.45890586749089
2024-12-01,177.46118055555556,14.421416440972227,14.398275744690165
2024-12-02,177.42652777777778,14.366777673611113,14.344612044607553
2024-12-03,177.390625,14.310167968750001,14.289178810696589
2024-12-04,177.3554861111111,14.254762725694436,14.235090852207605
2024-12-05,177.34006944444445,14.230454496527791,14.211411948466717
2024-12-06,177.33055555555558,14.215453472222258,14.196814857109768
2024-12-07,177.3011111111111,14.169026944444447,14.151714675458736
2024-12-08,177.278125,14.132783593749982,14.116587488158203
2024-12-09,177.26201388888887,14.107380399305532,14.092006557180012
2024-12-10,177.24854166666668,14.086138072916693,14.071480441938572
2024-12-11,177.2267361111111,14.05175616319444,14.038306772139824
2024-12-12,177.19534722222224,14.002263732638916,13.990663941318395
2024-12-13,177.1742361111111,13.968976788194427,13.958694213751969
2024-12-14,177.14402777777775,13.92134579861107,13.913051351520123
2024-12-15,177.13138888888886,13.901417430555517,13.893990716324348
2024-12-16,177.15659722222222,13.941164670138882,13.932029040761241
2024-12-17,177.135,13.907111249999986,13.899434882537172
2024-12-18,177.10736111111112,13.863531631944456,13.857813982807775
2024-12-19,177.08020833333333,13.820718489583331,13.817022939479399
2024-12-20,177.05152777777778,13.775496423611113,13.774042911817352
2024-12-21,177.0196527777778,13.725237517361137,13.726405261281714
2024-12-22,176.99062500000002,13.679467968750036,13.683139257404575
2024-12-23,176.98652777777778,13.673007673611117,13.677041886843826
2024-12-24,177.05597222222224,13.782504201388914,13.780696813135057
2024-12-25,177.31125,14.185013437500002,14.167231353609369
2024-12-26,177.67833333333334,14.763812083333347,14.738177751958222
2024-12-27,177.8310416666667,15.004594947916708,14.980930553643184
2024-12-28,177.86937500000002,15.065037031250032,15.04235012728367
2024-12-29,177.8782638888889,15.079052586805588,15.056620008171006
2024-12-30,177.87479166666668,15.07357776041669,15.051044141258076
2024-12-31,177.86083333333335,15.051568958333355,15.028647154543677
2025-01-01,177.84583333333333,15.02791770833333,15.004607890494626
2025-01-02,177.82506944444447,14.995178246527813,14.971379366099185
2025-01-03,177.80902777777777,14.969884548611102,14.945747194633535
2025-01-04,177.7975,14.951708125000021,14.927348349499958
2025-01-05,177.78201388888888,14.927290399305548,14.902657976567028
2025-01-06,177.77173611111112,14.911084913194466,14.88628995623257
2025-01-07,177.74645833333335,14.871228177083362,14.846093288926324
2025-01-08,177.7289583333333,14.843635052083297,14.818313449537895
2025-01-09,177.72034722222222,14.83005748263888,14.804658464219052
2025-01-10,177.70006944444444,14.798084496527768,14.77254273073841
2025-01-11,177.6829861111111,14.771148350694414,14.745527249743644
2025-01-12,177.68194444444444,14.769505902777771,14.74388151815958
2025-01-13,177.73076388888887,14.846481961805532,14.821177234050968
2025-01-14,177.81534722222221,14.979848732638878,14.955840565047199
2025-01-15,177.96347222222224,15.213404826388913,15.193934827124705
2025-01-16,178.0427777777778,15.355015555555573,15.322595495608711
2025-01-17,178.11645833333333,15.499724166666654,15.44287272133152
2025-01-18,178.44601398601398,16.146971468531458,15.989551434313135
2025-01-19,178.7640972222222,16.77168694444441,16.53067419612365
2025-01-20,179.00715277777778,17.249048055555555,16.953056826769142
2025-01-21,179.17055555555555,17.569971111111105,17.241339306430483
2025-01-22,179.27694444444444,17.778918888888878,17.430900859291654
2025-01-23,179.33819444444444,17.89921388888888,17.540700947725696
2025-01-24,179.3725874125874,17.966761678321642,17.602567442554413
2025-01-25,179.3976923076923,18.016067692307672,17.647825974218012
2025-01-26,179.4221527777778,18.064108055555593,17.691998506322896
2025-01-27,179.43604166666668,18.091385833333366,17.717116476560197
2025-01-28,179.4490972222222,18.117026944444415,17.740749140590307
2025-01-29,179.4676388888889,18.153442777777798,17.774350580459494
2025-01-30,179.51868055555553,18.25368861111107,17.867078530920296
2025-01-31,179.55347222222224,18.322019444444482,17.930477252654608
2025-02-01,179.57256944444444,18.35952638888888,17.965343741847764
2025-02-02,179.57916666666668,18.37248333333336,17.977401048460838
2025-02-03,179.57631944444447,18.36689138888893,17.97219731157621
2025-02-04,179.57314685314685,18.36066041958042,17.96639891262216
2025-02-05,179.5714788732394,18.357384507042212,17.96335196656293
2025-02-06,179.5653146853147,18.34527804195805,17.952093942233144
2025-02-07,179.57153846153847,18.35750153846155,17.963460796230144
2025-02-08,179.59618055555558,18.405898611111155,18.008518571663483
2025-02-09,179.72486111111112,18.65862722222225,18.24508084173472
2025-02-10,180.2501388888889,19.799333333333358,19.23290917705663
2025-02-11,180.41760563380282,20.201253521126773,19.555314828592817
2025-02-12,180.49729166666668,20.39250000000004,19.709990907779332
2025-02-13,180.55229166666666,20.52449999999999,19.817223872198063
2025-02-14,180.58636363636361,20.60627272727268,19.88385048775102
2025-02-15,180.63465277777777,20.72216666666666,19.978531142737335
2025-02-16,181.14097222222222,21.937333333333324,20.989259202999627
2025-02-17,181.495625,22.788499999999978,21.71673081234486
2025-02-18,181.61583333333334,23.07700000000002,21.966941261314656
2025-02-19,181.67923611111112,23.229166666666696,22.099653084863874
2025-02-20,181.73222222222222,23.35633333333333,22.210952088115192
2025-02-21,181.76611111111112,23.43766666666668,22.28232578160963
2025-02-22,181.79125,23.49799999999998,22.33536378043693
2025-02-23,181.8227272727273,23.573545454545503,22.401887779672325
2025-02-24,181.84338028169012,23.62311267605628,22.445605046863218
2025-02-25,181.85833333333335,23.659000000000038,22.477291597416478
2025-02-26,181.87520833333332,23.699499999999965,22.513083342788278
2025-02-27,181.9358741258741,23.84509790209786,22.642055068827894
2025-02-28,182.04415492957747,24.10497183098594,22.8734130656775
2025-03-01,182.0925,24.221000000000004,22.977189172931666
2025-03-02,182.10916666666668,24.261000000000035,23.013035598395625
2025-03-03,182.1146527777778,24.2741666666667,23.02484187246615
2025-03-04,182.11618055555556,24.27783333333334,23.028130932665572
2025-03-05,182.11847222222224,24.28333333333337,23.033064522964764
2025-03-06,182.1173611111111,24.28066666666666,23.030672479183313
2025-03-07,182.13027777777776,24.311666666666632,23.0584896264517
2025-03-08,182.16363636363639,24.391727272727326,23.130428487717023
2025-03-09,182.19256944444444,24.461166666666667,23.192937798960752
2025-03-10,182.2081118881119,24.49846853146853,23.22656246627266
2025-03-11,182.19972222222222,24.47833333333333,23.208408944368983
2025-03-12,182.19687499999998,24.471499999999946,23.202250475647137
2025-03-13,182.19375,24.463999999999988,23.195491180708615
2025-03-14,182.19368055555555,24.46383333333331,23.195340974154412
2025-03-15,182.17604166666666,24.42149999999999,23.157217970108334
2025-03-16,182.15826388888888,24.37883333333332,23.118833961432077
2025-03-17,182.14576388888887,24.34883333333328,23.09186886753872
2025-03-18,182.14041958041958,24.336006993006983,23.08034596782011
2025-03-19,182.13097222222223,24.313333333333343,23.05998553381974
2025-03-20,182.11965034965036,24.286160839160857,23.035600842114096
2025-03-21,182.11076923076922,24.264846153846133,23.016483630608445
2025-03-22,182.10166666666666,24.242999999999984,22.996900081579806
2025-03-23,182.07972222222222,24.19033333333332,22.949732991940042
2025-03-24,182.0665972222222,24.158833333333313,22.921551216398257
2025-03-25,182.0498611111111,24.118666666666673,22.88564692641971
2025-03-26,182.03791666666666,24.089999999999986,22.86004446983557
2025-03-27,182.03173611111112,24.07516666666668,22.84680259053683
2025-03-28,182.15006944444445,24.35916666666669,23.10115440404165
2025-03-29,182.35277777777776,24.845666666666624,23.540985535314274
2025-03-30,182.6245652173913,25.497956521739138,24.138860727355002
2025-03-31,182.77534722222222,25.859833333333334,24.474572406466653
2025-04-01,182.9372222222222,26.24833333333329,24.838173576788275
2025-04-02,183.1942361111111,26.865166666666664,25.42225212233466
2025-04-03,183.30538461538464,27.131923076923137,25.677417526041655
2025-04-04,183.37159722222222,27.29083333333333,25.830159762557276
2025-04-05,183.41312499999998,27.390499999999953,25.926238934850964
2025-04-06,183.44412587412586,27.464902097902062,25.998104829266055
2025-04-07,183.45993006993007,27.50283216783216,26.034788580434853
2025-04-08,183.468125,27.52249999999997,26.053822565650954
2025-04-09,183.4786013986014,27.547643356643356,26.078167452057446
2025-04-10,183.48666666666668,27.56700000000003,26.09691879744874
2025-04-11,183.48625,27.56600000000003,26.095949804394433
2025-04-12,183.48833333333334,27.571000000000026,26.100794769665963
2025-04-13,183.49243055555556,27.580833333333338,26.110323201366626
2025-04-14,183.48875,27.572000000000024,26.101763762720267
2025-04-15,183.47659722222224,27.542833333333377,26.073509087719803
2025-04-16,183.46895833333332,27.524499999999968,26.055758460353523
2025-04-17,183.46104166666666,27.505499999999984,26.037369506490172
2025-04-18,183.45534722222223,27.491833333333354,26.024148039070024
2025-04-19,183.44979166666664,27.47849999999994,26.01125266124455
2025-04-20,183.43652777777777,27.446666666666648,25.980480675089254
2025-04-21,183.42256944444443,27.413166666666644,25.94811980391142
2025-04-22,183.41243055555555,27.38883333333331,25.924630350316665
2025-04-23,183.40479166666668,27.37050000000004,25.906942178516612
2025-04-24,183.39458333333334,27.346000000000025,25.88331450401652
2025-04-25,183.38152777777776,27.314666666666632,25.853115630473255
2025-04-26,183.37284722222222,27.29383333333333,25.833048132777506
2025-04-27,183.35868055555557,27.25983333333336,25.8003205586553
2025-04-28,183.34958333333333,27.23799999999999,25.779316548679848
2025-04-29,183.34736111111113,27.232666666666706,25.774187641589602
2025-04-30,183.33423611111112,27.2011666666667,25.74390562954627
2025-05-01,183.32006944444444,27.167166666666663,25.71124573961996
2025-05-02,183.30433566433567,27.129405594405604,25.675001809010425
2025-05-03,183.29326388888887,27.102833333333297,25.649515511969806
2025-05-04,183.278125,27.066499999999973,25.61469391059514
2025-05-05,183.26055555555556,27.024333333333335,25.574315880156398
2025-05-06,183.2407638888889,26.976833333333342,25.528877707420033
2025-05-07,183.22513888888886,26.939333333333273,25.493040502950183
2025-05-08,183.21048611111112,26.904166666666697,25.459460773995293
2025-05-09,183.1979861111111,26.874166666666657,25.430836467047136
2025-05-10,183.17777777777778,26.825666666666667,25.38460126815541
2025-05-11,183.1638888888889,26.79233333333334,25.352853371156318
2025-05-12,183.14145833333333,26.7385,25.30163319513144
2025-05-13,183.12125,26.69000000000001,25.25554175147239
2025-05-14,183.10006944444444,26.639166666666664,25.207288332697715
2025-05-15,183.09972222222223,26.638333333333343,25.206497853142956
2025-05-16,183.149375,26.757499999999983,25.319704397289552
2025-05-17,183.14791666666667,26.75400000000002,25.31637521046395
2025-05-18,183.14125,26.738000000000035,25.301157859053415
2025-05-19,183.12805555555553,26.706333333333284,25.271059047496095
2025-05-20,183.11618055555556,26.677833333333343,25.243987994202108
2025-05-21,183.09256944444445,26.62116666666668,25.190214103138153
2025-05-22,183.07715277777777,26.584166666666647,25.155143153500177
2025-05-23,183.05659722222222,26.534833333333335,25.108426366697135
2025-05-24,183.03680555555556,26.487333333333346,25.06349600614596
2025-05-25,183.019375,26.445499999999992,25.023966434498316
2025-05-26,183.00451388888888,26.409833333333314,24.990293807692467
2025-05-27,182.98923611111113,26.3731666666667,24.955707006320424
2025-05-28,182.96826388888888,26.322833333333325,24.908276106648735
2025-05-29,182.94852112676057,26.275450704225364,24.86367622839619
2025-05-30,182.92402777777778,26.216666666666676,24.80841201221147
2025-05-31,182.90034722222222,26.159833333333335,24.755054703096498
2025-06-01,182.87,26.08700000000001,24.68677889005149
2025-06-02,182.8448611111111,26.026666666666642,24.63030853881216
2025-06-03,182.82055944055944,25.968342657342646,24.575794705268486
2025-06-04,182.7930769230769,25.902384615384584,24.51423448789834
2025-06-05,182.7709722222222,25.849333333333313,24.46479085597995
2025-06-06,182.7511111111111,25.80166666666664,24.42041758812378
2025-06-07,182.72958333333332,25.74999999999998,24.372377461948346
2025-06-08,182.69465277777778,25.666166666666662,24.29455169968486
2025-06-09,182.65666666666664,25.574999999999932,24.210093758519392
2025-06-10,182.62104166666666,25.489499999999975,24.131049853104134
2025-06-11,182.58513888888888,25.403333333333308,24.051552701457794
2025-06-12,182.56216783216783,25.348202797202795,24.000773726532632
2025-06-13,182.5273611111111,25.264666666666653,23.923960865723224
2025-06-14,182.48965277777776,25.174166666666633,23.84091572603763
2025-06-15,182.46118055555556,25.10583333333334,23.778330006249508
2025-06-16,182.43145833333332,25.03449999999998,23.71310636165305
2025-06-17,182.40013888888888,24.9593333333333,23.644499217540105
2025-06-18,182.35479166666667,24.85050000000001,23.545382310072462
2025-06-19,182.3311888111888,24.793853146853145,23.49389552046924
2025-06-20,182.31715277777778,24.76016666666667,23.463311941132915
2025-06-21,182.29604166666667,24.709500000000002,23.417357882961642
2025-06-22,182.26756944444443,24.641166666666642,23.355470075618975
2025-06-23,182.23291666666668,24.55800000000004,23.280284900193646
2025-06-24,182.1975,24.472999999999978,23.20360233463488
2025-06-25,182.16402777777776,24.392666666666628,23.131273619142217
2025-06-26,182.12520833333332,24.299499999999966,23.047569502665272
2025-06-27,182.08534722222223,24.203833333333343,22.96181758734456
2025-06-28,182.0351388888889,24.08333333333335,22.854092530125396
2025-06-29,181.99652777777777,23.99066666666665,22.771467824225255
2025-06-30,181.96272727272725,23.909545454545402,22.699290905346356
2025-07-01,181.92881118881118,23.828146853146837,22.62701581871142
2025-07-02,181.8986111111111,23.755666666666663,22.5627811156463
2025-07-03,181.86370629370631,23.671895104895157,22.48868282499836
2025-07-04,181.82284722222224,23.57383333333337,22.40214159861535
2025-07-05,181.7840277777778,23.480666666666707,22.32011790464741
2025-07-06,181.7446527777778,23.38616666666669,22.237115554435785
2025-07-07,181.7173611111111,23.320666666666646,22.179700825723398
2025-07-08,181.67809859154931,23.226436619718356,22.097267721747098
2025-07-09,181.61777777777777,23.08166666666666,21.971003896887222
2025-07-10,181.56979166666667,22.966500000000018,21.870889406477293
2025-07-11,181.5492361111111,22.91716666666664,21.828093789805763
2025-07-12,181.51454545454547,22.833909090909128,21.755990902577565
2025-07-13,181.50666666666666,22.814999999999987,21.73963722803144
2025-07-14,181.45090277777777,22.681166666666652,21.624111841341136
2025-07-15,181.4011111111111,22.561666666666657,21.521294220865073
2025-07-16,181.36555555555555,22.47633333333331,21.448067421919973
2025-07-17,181.33375,22.400000000000023,21.38269919265406
2025-07-18,181.29173611111113,22.299166666666725,21.2965488968751
2025-07-19,181.26902777777778,22.24466666666667,21.25007971489641
2025-07-20,181.24729166666668,22.19250000000004,21.20566086803227
2025-07-21,181.18131944444445,22.034166666666692,21.071211287230895
2025-07-22,181.07027777777776,21.767666666666628,20.8461679824574
2025-07-23,181.01395833333333,21.632500000000004,20.732629230689454
2025-07-24,180.99347222222224,21.58333333333337,20.691430157184328
2025-07-25,180.96555555555557,21.516333333333364,20.635375247020878
2025-07-26,180.89277777777778,21.341666666666676,20.489707235429666
2025-07-27,180.83402777777778,21.200666666666667,20.372612495702334
2025-07-28,180.79736111111112,21.11266666666668,20.299756436277217
2025-07-29,180.75680555555556,21.01533333333334,20.219372768324465
2025-07-30,180.72854166666667,20.947500000000016,20.163476566345693
2025-07-31,180.69597222222222,20.86933333333334,20.099192260886873
2025-08-01,180.66270833333334,20.78950000000002,20.03367636520683
2025-08-02,180.62868055555555,20.707833333333316,19.966805644381843
2025-08-03,180.59506944444445,20.627166666666678,19.900897651297182
2025-08-04,180.52195804195804,20.451699300699307,19.758034122855907
2025-08-05,180.42874999999998,20.227999999999952,19.576897686296302
2025-08-06,180.35131944444444,20.042166666666663,19.42726939431173
2025-08-07,180.28472222222223,19.88233333333335,19.29919305040933
2025-08-08,180.264375,19.833500000000004,19.260175838722535
2025-08-09,180.23090277777777,19.753166666666655,19.19610665390277
2025-08-10,180.1917361111111,19.65916666666667,19.121320347960616
2025-08-11,180.14531468531467,19.54775524475522,19.03293840681055
2025-08-12,180.11180555555555,19.46733333333332,18.96931142491371
2025-08-13,180.0813286713287,19.39418881118886,18.911568560722788
2025-08-14,180.04915492957747,19.316971830985928,18.85074107294171
2025-08-15,180.00979166666667,19.222500000000014,18.776501545298157
2025-08-16,179.97381944444444,19.14758138888889,18.708831707074058
2025-08-17,179.93881944444445,19.078841388888897,18.643152474699946
2025-08-18,179.90769230769232,19.01770769230771,18.584872933380403
2025-08-19,179.87576388888888,18.95500027777777,18.525222716182604
2025-08-20,179.82541666666668,18.856118333333367,18.431429221784114
2025-08-21,179.72159722222221,18.652216944444433,18.239053653213332
2025-08-22,179.68647887323942,18.583244507042227,18.174296370040206
2025-08-23,179.64784722222223,18.50737194444445,18.103243931465148
2025-08-24,179.61965034965036,18.451993286713304,18.051504973001407
2025-08-25,179.58902777777777,18.391850555555546,17.99543197233453
2025-08-26,179.55159722222223,18.318336944444457,17.927056646222766
2025-08-27,179.51763888888888,18.251642777777768,17.865182815604683
2025-08-28,179.47181818181818,18.161650909090906,17.781929355231256
2025-08-29,179.41791666666666,18.055788333333314,17.6843441422439
2025-08-30,179.3782638888889,17.97791027777782,17.612794904802897
2025-08-31,179.33986111111113,17.902487222222266,17.543695213349327
2025-09-01,179.3127972027972,17.849333706293727,17.49511188408581
2025-09-02,179.27958333333333,17.784101666666672,17.435621237688455
2025-09-03,179.2455244755245,17.7172100699301,17.374764371776667
2025-09-04,179.21319444444444,17.65371388888888,17.317134969553933
2025-09-05,179.17888888888888,17.586337777777757,17.256134818001396
2025-09-06,179.13412587412589,17.49842321678324,17.176767406111864
2025-09-07,179.08930555555557,17.41039611111114,17.097560643108487
2025-09-08,179.04090277777777,17.31533305555555,17.012315047711667
2025-09-09,178.99472222222224,17.224634444444472,16.93126781746877
2025-09-10,178.9545138888889,17.145665277777795,16.860927691955954
2025-09-11,178.94826388888887,17.13339027777775,16.850013529628928
2025-09-12,178.9192361111111,17.07637972222221,16.799386923417234
2025-09-13,178.8826388888889,17.004502777777784,16.735713741089263
2025-09-14,178.84534722222222,16.931261944444433,16.67101453471879
2025-09-15,178.80729166666666,16.856520833333317,16.60517590484277
2025-09-16,178.76958333333334,16.782461666666688,16.54012363496188
2025-09-17,178.72375,16.692444999999992,16.461303757557086
2025-09-18,178.67493055555553,16.59656361111107,16.37765140550194
2025-09-19,178.63895833333333,16.52591416666667,16.31621188764448
2025-09-20,178.59541666666667,16.44039833333333,16.24206932639267
2025-09-21,178.5586111111111,16.368112222222212,16.17959059359497
2025-09-22,178.52368055555556,16.299508611111115,16.1204572164713
2025-09-23,178.49104166666666,16.235405833333324,16.065348726913328
2025-09-24,178.47805555555556,16.209901111111115,16.043461932593797
2025-09-25,178.4728472222222,16.19967194444443,16.034688196463282
2025-09-26,178.434375,16.124112499999978,15.97000142084472
2025-09-27,178.39305555555555,16.042961111111097,15.90074148554126
2025-09-28,178.35486111111112,15.967947222222241,15.836919961463861
2025-09-29,178.31625,15.892114999999993,15.7725958574357
2025-09-30,178.2745138888889,15.810145277777782,15.70328436518807
2025-10-01,178.24513888888887,15.75245277777775,15.654638534940938
2025-10-02,178.22340277777778,15.709763055555557,15.618714788159828
2025-10-03,178.19472222222223,15.653434444444452,15.571410249630441
2025-10-04,178.1586111111111,15.582512222222201,15.512003217544994
2025-10-05,178.12027777777777,15.507225555555546,15.449126644834436
2025-10-06,178.07756944444446,15.423346388888929,15.379301968439998
2025-10-07,178.03743055555555,15.344513611111092,15.313896036073555
2025-10-08,178.00208333333333,15.275091666666663,15.256472061747504
2025-10-09,177.96979166666668,15.22336901041669,15.204157709402846
2025-10-10,177.93770833333332,15.172781614583311,15.152315943090725
2025-10-11,177.9007638888889,15.114529461805557,15.092786077604393
2025-10-12,177.86145833333333,15.052554427083331,15.029649165583487
2025-10-13,177.82333333333335,14.992440833333363,14.968602858092206
2025-10-14,177.78666666666666,14.93462666666666,14.910073643580674
2025-10-15,177.7711111111111,14.910099444444445,14.88529535201569
2025-10-16,177.77618055555556,14.918092690972223,14.893367319470217
2025-10-17,177.76340277777777,14.8979453298611,14.873028566674439
2025-10-18,177.7306349206349,14.8462786111111,14.820972678014332
2025-10-19,177.6862365591398,14.77627349462366,14.750665633004395
2025-10-20,177.65812949640286,14.731955683453217,14.706290869116001
2025-10-21,177.62590277777778,14.681142204861118,14.655539984235332
2025-10-22,177.5966666666667,14.635044166666708,14.609617587899757
2025-10-23,177.5663888888889,14.587303680555566,14.562177727129347
2025-10-24,177.52791666666667,14.526642604166671,14.502073401404878
2025-10-25,177.49131944444446,14.4689379340278,14.445078805477198
2025-10-26,177.46093333333332,14.421026633333305,14.397892436666456
2025-10-27,177.42104166666667,14.358127447916669,14.336129965897022
2025-10-28,177.38625,14.303269687499984,14.282436046694833
2025-10-29,177.35298611111114,14.250820850694485,14.23124776704606
2025-10-30,177.32069444444446,14.199904965277796,14.181697791881021
2025-10-31,177.29743055555556,14.163223628472238,14.146086031882616
2025-11-01,177.27,14.119972500000017,14.104187050583459
2025-11-02,177.2367361111111,14.067523663194427,14.053512349832863
2025-11-03,177.1986111111111,14.007410069444415,13.995612137229335
2025-11-04,177.1497222222222,13.93032451388887,13.921646620063624
2025-11-05,177.10861111111112,13.865502569444454,13.859694115717161
2025-11-06,177.0726388888889,13.808783368055558,13.805667872358802
2025-11-07,177.0428472222222,13.761809357638866,13.761055569918383
2025-11-08,177.01465277777777,13.717353767361098,13.718944473903607
2025-11-09,176.99979166666668,13.69392151041669,13.69679029242828
2025-11-10,177.0496527777778,13.772540017361138,13.771237645967204
2025-11-11,177.0622222222222,13.79235888888886,13.790055998057353
2025-11-12,177.04304761904763,13.762125333333348,13.761355391982828
2025-11-13,177.0119191919192,13.713043585858586,13.714866533137391
2025-11-14,176.994375,13.685380781249986,13.688722164669828
2025-11-15,176.97381944444444,13.652969809027779,13.658141467191385
2025-11-16,176.94694444444445,13.610594652777795,13.61824527333554
2025-11-17,176.92164179104478,13.570698694029854,13.580769090900535
2025-11-18,176.8790566037736,13.503552500000012,13.517890319878099
2025-11-19,176.8604301075269,13.474183172043032,13.490462594390067
2025-11-20,176.8415671641791,13.444441026119414,13.462733630154773
2025-11-21,176.81870967741935,13.40840048387096,13.429197609035166
2025-11-22,176.78478260869565,13.354905978260867,13.379546908268276
2025-11-23,176.80315315315318,13.383871734234269,13.406411259319409
2025-11-24,176.8065,13.389148875,13.411311808771515
2025-11-25,176.78659793814433,13.357768298969066,13.382200130881792
2025-11-26,176.75979166666664,13.315501510416631,13.343072483436643
2025-11-27,176.7467361111111,13.294916163194411,13.324051018758276
2025-11-28,176.73050420168067,13.269322500000003,13.300432620939285
2025-11-29,176.73625,13.278382187500021,13.308789317310087
2025-11-30,176.73770833333333,13.28068161458333,13.310911052379211
2025-12-01,176.71881944444442,13.25089855902774,13.283453127749837
2025-12-02,176.70679245283017,13.231934999999975,13.265994905767554
2025-12-03,176.68020408163264,13.190011785714262,13.227467563478614
2025-12-04,176.6652083333333,13.166367239583298,13.205780089433416
2025-12-05,176.65006944444445,13.142496996527795,13.18391602198837
2025-12-06,176.7262105263158,13.262552447368455,13.294191457579233
2025-12-07,176.75666666666666,13.310574166666658,13.338517580199865
2025-12-08,176.74988888888888,13.299887305555536,13.32864220921263
2025-12-09,176.73659574468087,13.278927340425561,13.309292342645637
2025-12-10,176.71526315789475,13.245291184210554,13.278288551746964
2025-12-11,176.69722222222222,13.21684513888889,13.252116672024282
2025-12-12,176.6755319148936,13.182644946808502,13.220707380593137
2025-12-13,176.66130434782607,13.160211630434764,13.200138422685697
2025-12-14,176.64318840579708,13.13164731884054,13.173987345039311
2025-12-15,176.62871794871793,13.108831025641003,13.153131759474995
2025-12-17,176.61675675675679,13.089971216216263,13.135912721262677
2025-12-18,176.6004054054054,13.064189222972981,13.112404143344007
2025-12-19,176.58,13.03201500000002,13.083117740829
2025-12-20,176.5536666666667,12.990493916666697,13.04540469196074
2025-12-21,176.53534883720928,12.96161127906974,13.019226796898238
2025-12-22,176.51271428571428,12.925922249999994,12.986939655707566
2025-12-23,176.49714285714285,12.901369999999986,12.964769984078913
2025-12-24,176.5011111111111,12.907626944444429,12.970416312903241
2025-12-25,176.50845070422534,12.919199647887304,12.980867358258605
2025-12-26,176.49386363636364,12.896199488636373,12.960104063259557
2025-12-27,176.46723076923078,12.854206115384635,12.922270743386093
2025-12-28,176.4476,12.823253299999992,12.894444270607911
2025-12-29,176.42457627118642,12.786950635593195,12.861873312337256
2025-12-30,176.4048148148148,12.755791759259257,12.833974583021607
2025-12-31,176.38982758620688,12.732160646551694,12.812850991335376
2026-01-01,176.37525423728812,12.70918211864404,12.792339253998334
2026-01-02,176.36666666666667,12.69564166666668,12.780266077558823
2026-01-03,176.35514285714285,12.677471499999992,12.764079590431983
2026-01-04,176.3372549019608,12.649266666666676,12.738990139439148
2026-01-05,176.32,12.62205999999999,12.714828448696265
2026-01-06,176.29777777777778,12.587021111111119,12.68377068456681
2026-01-07,176.28785714285712,12.571378749999965,12.669926807398578
2026-01-08,176.342,12.65674850000002,12.745640255071931
2026-01-09,176.40175,12.75095931249999,12.829651852727526
2026-01-10,176.46864406779662,12.856434533898318,12.924276022889151
2026-01-11,176.68040000000002,13.190320700000033,13.22775103880561
2026-01-12,176.9569387755102,13.626353214285702,13.633071093542338
2026-01-13,177.0675,13.800680624999995,13.797965719889719
2026-01-14,177.12140350877192,13.885672982456125,13.878946828017241
2026-01-15,177.14830508474577,13.928090042372897,13.91950757431617
2026-01-16,177.16214285714284,13.949908749999974,13.940407049430222
2026-01-17,177.1879411764706,13.99058625,13.979442328904113
2026-01-18,177.1968253968254,14.004594444444455,13.992904917582022
2026-01-19,177.22333333333333,14.046390833333326,14.033134484553358
2026-01-21,177.26284090909093,14.108684403409118,14.093267155046794
2026-01-22,177.34354166666668,14.23592932291669,14.216741527610814
2026-01-23,177.42868055555556,14.370172065972227,14.347941301105536
2026-01-24,177.49131944444446,14.4689379340278,14.445078805477198
2026-01-25,177.51666666666668,14.508904166666689,14.484534612243033
2026-01-26,177.57326388888887,14.598143836805534,14.572937819162522
2026-01-27,178.06152777777777,15.39184055555554,15.35313586792425
2026-01-28,178.42055555555555,16.096971111111106,15.946812703312691
2026-01-29,179.15479166666668,17.539010833333364,17.213376645443343
2026-01-30,179.8636111111111,18.931132222222224,18.502552139212902
2026-01-31,180.30430555555554,19.929333333333307,19.33679543415911
2026-02-01,181.33208333333334,22.396000000000026,21.379277115659793
2026-02-02,182.0770138888889,24.18383333333336,22.943916115891167
2026-02-03,182.39277777777778,24.941666666666674,23.628391006762424
2026-02-04,182.53791666666666,25.289999999999985,23.9472395058938
2026-02-05,182.69854166666667,25.67550000000001,24.3032090714376
2026-02-06,182.84090277777779,26.017166666666686,24.62142392150315
2026-02-07,182.94506944444444,26.26716666666666,24.85588337162508
2026-02-08,183.03645833333334,26.486500000000024,25.062708148384747
2026-02-09,183.22159722222221,26.930833333333318,25.484921059714637
2026-02-10,183.58645833333333,27.806499999999986,26.329604645766633
2026-02-11,183.869375,28.48549999999998,26.996071461019806
2026-02-12,184.37659722222222,29.70283333333332,28.21600081594646
2026-02-13,184.86618055555556,30.877833333333342,29.423942020552712
2026-02-14,185.07354166666667,31.429332500000015,29.94454941785548
2026-02-15,185.69194444444443,33.36616999999996,31.5288097137743
2026-02-16,186.8752777777778,37.07237000000006,34.69205270437582
2026-02-17,187.30305555555555,38.41216999999997,35.87795959915793
2026-02-18,187.4975,39.02117000000001,36.424425400948024
2026-02-19,187.63756944444447,39.45986750000007,36.82094272015954
2026-02-20,187.7448611111111,39.79590499999999,37.12629318523218
2026-02-21,188.02784722222222,40.68221749999999,37.93841658178783
2026-02-22,188.22534722222224,41.300787500000055,38.51099969602597
2026-02-23,188.34479166666668,41.67488750000004,38.859595564498164
2026-02-24,188.4272222222222,41.93305999999997,39.10118160060847
2026-02-25,188.4820138888889,42.10466750000004,39.26222042043771
2026-02-26,188.52319444444444,42.233644999999996,39.3834960259127
2026-02-27,188.56131944444445,42.35305250000002,39.495957586595964
2026-02-28,188.60118055555554,42.47789749999997,39.61372912258486
2026-03-01,188.63111111111112,42.571640000000045,39.70228742202306
2026-03-02,188.6617361111111,42.6675575,39.793012919574984
2026-03-03,188.68583333333333,42.743030000000005,39.86448131781308
2026-03-04,188.71631944444442,42.838512499999936,39.954998374044614
2026-03-05,188.73534722222223,42.89810750000003,40.0115512159645
2026-03-06,188.7538888888889,42.95618000000002,40.066701293552114
2026-03-07,188.77027777777778,43.00751,40.11548391124131
2026-03-08,188.78645833333334,43.05818750000003,40.16367831245259
2026-03-09,188.80454545454546,43.114836363636385,40.21758829356222
2026-03-10,188.82412587412588,43.17616223776227,40.27599435378411
2026-03-11,188.83645833333333,43.21478749999998,40.3128053065296
2026-03-12,188.85395833333334,43.26959750000002,40.36507077960605
2026-03-13,188.87027777777777,43.320709999999984,40.41384506011821
2026-03-14,188.89131944444443,43.38661249999997,40.476779560331835
2026-03-15,188.92534722222223,43.49318750000002,40.57866976156686
2026-03-16,189.0275,43.813130000000015,40.8853919048096
2026-03-17,189.07833333333332,43.97233999999996,41.03849506323754
2026-03-18,189.12805555555553,44.12806999999994,41.18855514173017
2026-03-19,189.16347222222223,44.23899500000001,41.2956233677159
2026-03-20,189.18791666666667,44.315555,41.3696119909059
2026-03-21,189.20541666666665,44.37036499999995,41.422624567632916
2026-03-22,189.21784722222222,44.409297499999994,41.4603034114627
2026-03-23,189.22881944444444,44.44366249999999,41.493577054193715
2026-03-24,189.24208333333334,44.48520500000002,41.53381874098354
2026-03-25,189.2515277777778,44.51478500000006,41.56248657250353
2026-03-26,189.2586111111111,44.53696999999995,41.58399518289012
2026-03-27,189.2926388888889,44.643545,41.68740014983969
2026-03-28,189.4275,45.06593000000003,42.098609015944774
2026-03-29,189.4995620437956,45.29162832116784,42.3192377473939
2026-03-30,189.53201388888888,45.393267499999986,42.41879847886697
2026-03-31,189.578125,45.537687500000004,42.560486947344955
2026-04-01,189.888125,46.50860750000001,43.51971434383378
2026-04-02,190.33402777777778,48.23931014384921,44.91982704967627
2026-04-03,191.28145833333332,52.15439773065471,47.97424968620681
2026-04-04,191.62902777777776,53.59066639384916,49.12182353569583
2026-04-05,191.75069444444443,54.0934321676587,49.52695354753586
2026-04-06,191.82479166666667,54.399625706845256,49.77455431317367
2026-04-07,191.879375,54.62518158482148,49.95736897459338
2026-04-08,191.92729166666666,54.823188653273796,50.11814900925088
2026-04-09,191.96284722222222,54.97011563740081,50.23762856992577
2026-04-10,191.99138888888888,55.088058978174566,50.33365006635374
2026-04-11,192.01479166666667,55.184766778273826,50.412455618026826
2026-04-12,192.03840277777778,55.28233547867064,50.49202923961213
2026-04-13,192.04583333333332,55.313040922619,50.51708500735421
2026-04-14,192.06347222222223,55.38593048115084,50.57658918554695
2026-04-15,192.55930555555557,57.43487318948419,52.264506765415454
2026-04-16,192.92840277777776,58.960101550099154,53.540042987756756
2026-04-17,193.00694444444446,59.28466096230166,53.81356494973672
2026-04-18,193.05517482517482,59.483964398101875,53.9818914504875
2026-04-19,193.09194444444447,59.63590828373026,54.11040495569883
2026-04-20,193.12576388888888,59.77566109871031,54.228750960786606
2026-04-21,193.14701388888886,59.86347292906737,54.30318141064512
2026-04-22,193.17083333333332,59.961902529761865,54.38667473501413
2026-04-23,193.18680555555557,60.027904885912754,54.4427002698478
2026-04-24,193.19034722222221,60.042540190972204,54.45512693290138
2026-04-25,193.2,60.08242857142854,54.4890044030955
2026-04-26,193.20531468531468,60.10439055944053,54.5076615361015
2026-04-27,193.21243055555556,60.13379562251986,54.53264596263366
2026-04-28,193.2213986013986,60.17085447052944,54.564143921029796
2026-04-29,193.2267361111111,60.192910776289686,54.582895560946305
2026-04-30,193.21819444444444,60.15761386408728,54.55289003983581
2026-05-01,193.21243055555556,60.13379562251986,54.53264596263366
2026-05-02,193.200625,60.08501127232145,54.49119808749935
2026-05-03,193.19631944444444,60.067219332837304,54.47608603938429
2026-05-04,193.2022727272727,60.09182021103892,54.49698143729111
2026-05-05,193.21013888888888,60.124325719246,54.524599725767104
2026-05-06,193.20645833333333,60.10911648065476,54.51167698170878
2026-05-07,193.1967361111111,60.06894113343254,54.47754849565349
2026-05-08,193.188125,60.033357254464356,54.447329810985444
2026-05-09,193.1804861111111,60.0017909102182,54.42052980591797
2026-05-10,193.18673611111112,60.02761791914686,54.44245660978791
2026-05-11,193.18291666666667,60.01183474702384,54.42905530649476
2026-05-12,193.1715972222222,59.96505916418644,54.38935317721745
2026-05-13,193.15020833333335,59.87667340029772,54.31437456383773
2026-05-14,193.1328472222222,59.80493170882933,54.25355390516759
2026-05-15,193.138125,59.826741183035736,54.27204065798169
2026-05-16,193.1134722222222,59.72486798115077,54.18572187220653
2026-05-17,193.0926388888889,59.638777951388946,54.112833289149116
2026-05-18,193.0770138888889,59.57421042906752,54.05820252373904
2026-05-19,193.06743055555555,59.53460901537696,54.02470917487722
2026-05-20,193.04972222222221,59.461432490079346,53.962847779285944
2026-05-21,193.0363888888889,59.40633487103178,53.916294770915385
2026-05-22,193.02819444444447,59.37247279265883,53.88769456100186
2026-05-23,193.0129861111111,59.30962707093252,53.83463426310733
2026-05-24,193.00208333333333,59.264573288690485,53.796613630833114
2026-05-25,192.98833333333334,59.20775386904768,53.74868517842753
2026-05-26,192.97590277777778,59.15638681795636,53.705374120161366
2026-05-27,192.95573643410853,59.073053003876,53.63514908741202
2026-05-28,192.93541666666667,58.989085193452404,53.564438753043966
2026-05-29,192.92138888888888,58.931117906746024,53.515652021791404
2026-05-30,192.91125,58.889220758928566,53.480405359627404
2026-05-31,192.89451388888887,58.8200617683531,53.42225109400214
2026-06-01,192.87895833333334,58.75578121279768,53.368229266764466
2026-06-02,192.86791666666667,58.71015349702385,53.329900659873424
2026-06-03,192.84993055555555,58.63582910466267,53.267496669723506
2026-06-04,192.778125,58.33910546874996,53.0187483799667
2026-06-05,192.75645833333334,58.24957183779767,52.94381143581959
2026-06-06,192.76597222222222,58.28888628472222,52.97670942919397
2026-06-07,192.73833333333334,58.17467351190482,52.88116692631068
2026-06-08,192.72597222222223,58.123593427579394,52.83846613279159
2026-06-09,192.69576388888888,57.998762884424565,52.73419006744262
2026-06-10,192.63472222222222,57.74651909722223,52.52381249911609
2026-06-11,192.5898611111111,57.561138566468244,52.369484409947525
2026-06-12,192.53805555555556,57.34706135912701,52.19156534176964
2026-06-13,192.51305555555555,57.243753323412705,52.10581946881891
2026-06-14,192.49833333333333,57.18291636904764,52.055361571595334
2026-06-15,192.47868055555557,57.10170477430563,51.98804366726841
2026-06-16,192.42548611111113,56.881888231646904,51.806064579010794
2026-06-17,192.3876388888889,56.72549134424604,51.67679478192061
2026-06-18,192.3882105263158,56.72785353383459,51.6787459635317
