date,wl_m,V_design,V_sar
2022-01-01,163.55958333333334,75.70432390625001,72.17742956720768
2022-01-02,163.560625,75.70835164062495,72.1811845568591
2022-01-03,163.56708333333333,75.73332359374999,72.20446746631806
2022-01-04,163.57166666666666,75.75104562499997,72.22099454117628
2022-01-05,163.57659722222223,75.77011023437505,72.23877509774367
2022-01-06,163.56951388888888,75.74272164062496,72.21323182419741
2022-01-07,163.58381944444443,75.79803585937495,72.26482582985278
2022-01-08,163.69243055555555,76.21799429687496,72.65729072255532
2022-01-09,163.85159722222224,76.83343210937507,73.23481862660927
2022-01-10,164.19493055555554,78.21613870659718,74.49022949628372
2022-01-11,165.49368055555556,83.60546417534724,79.35856492624278
2022-01-12,166.22090277777778,86.67866551215279,82.16718665618424
2022-01-13,166.39805555555554,87.45829274305551,82.86037453119137
2022-01-14,166.50083333333333,87.91060489583333,83.2641559517857
2022-01-15,166.5238888888889,88.01206951388896,83.35489636463232
2022-01-16,166.51479166666667,87.97203377604167,83.31908433658731
2022-01-17,166.48993055555556,87.86262313368059,83.22126607659646
2022-01-18,166.4545138888889,87.70675881076393,83.08203354851814
2022-01-19,166.31680555555556,87.10072164930558,82.54200965033655
2022-01-20,165.77777777777777,84.7843611111111,80.44871290767281
2022-01-21,165.18618055555555,82.32945448784722,78.18882379798248
2022-01-22,164.6365277777778,80.04860157986116,76.1243411481942
2022-01-23,164.07180555555556,77.70521612847223,74.03850283223592
2022-01-24,163.47333333333333,75.37082749999999,71.86693851394351
2022-01-25,162.88444444444445,73.09381500000005,69.76919651064823
2022-01-26,162.24381944444445,70.61675835937504,67.53108133312595
2022-01-27,161.58694444444444,68.19453826388889,65.28364286208566
2022-01-28,161.05284722222223,66.28153553819446,63.491633926238144
2022-01-29,161.0301388888889,66.20019996527782,63.41614506778438
2022-01-30,161.05305555555555,66.28228173611107,63.492326691854004
2022-01-31,161.08652777777777,66.40217086805555,63.603703011546244
2022-02-01,161.18805555555556,66.76581798611114,63.94229157162434
2022-02-02,161.46826388888888,67.76945418402777,64.88270638275667
2022-02-03,161.53631944444444,68.0132121701389,65.11242541676118
2022-02-04,161.5696527777778,68.13260383680566,65.22512984587893
2022-02-05,161.58694444444444,68.19453826388889,65.28364286208566
2022-02-06,161.598125,68.23458421875004,65.32149502942517
2022-02-07,161.6090972222222,68.27388397569439,65.3586552122672
2022-02-08,161.60090277777778,68.24453352430555,65.3309016067489
2022-02-09,161.59534722222222,68.22463491319442,65.31208845210132
2022-02-10,161.59520833333332,68.22413744791662,65.31161824371361
2022-02-11,161.59729166666665,68.23159942708328,65.31867305622794
2022-02-12,161.59305555555557,68.21642673611115,65.30433053925599
2022-02-13,161.59256944444445,68.21468560763891,65.30268492857196
2022-02-14,161.59256944444445,68.21468560763891,65.30268492857196
2022-02-15,161.59229166666668,68.21369067708339,65.30174457960972
2022-02-16,161.64097222222222,68.38805225694443,65.46668332955981
2022-02-17,161.67180555555555,68.4984895486111,65.57128843446105
2022-02-18,161.6751388888889,68.51042871527785,65.582602266662
2022-02-19,161.67215277777777,68.49973321180552,65.57246695864863
2022-02-20,161.67111111111112,68.49600222222224,65.56893138608591
2022-02-21,161.66347222222223,68.46864163194446,65.54300590462734
2022-02-22,161.67666666666665,68.51590083333328,65.58778927396686
2022-02-23,161.70055555555555,68.60146486111111,65.66892106582199
2022-02-24,161.72361111111113,68.68404409722228,65.74728153792167
2022-02-25,161.73944444444444,68.7407551388889,65.80113056273979
2022-02-26,161.7396527777778,68.74150133680561,65.80183929876324
2022-02-27,161.73333333333332,68.71886666666663,65.78034317820595
2022-02-28,161.72958333333332,68.70543510416664,65.76759009971151
2022-03-01,161.73305555555555,68.7178717361111,65.77939850572491
2022-03-02,161.76694444444445,68.8392532638889,65.8947225086897
2022-03-03,161.78743055555555,68.91262939236108,65.96449905098092
2022-03-04,161.8040277777778,68.97207649305565,66.02106366173862
2022-03-05,161.80805555555557,68.98650298611116,66.03479581293682
2022-03-06,161.80423611111112,68.97282269097227,66.02177378786486
2022-03-07,161.79652777777778,68.94521336805558,65.9954991211926
2022-03-08,161.78409722222221,68.90069022569442,65.95314209637765
2022-03-09,161.76395833333333,68.82855776041667,65.88455550762451
2022-03-10,161.7472222222222,68.76861319444438,65.82759215988486
2022-03-11,161.73229166666667,68.71513567708334,65.77680065640199
2022-03-12,161.71701388888889,68.66041449652778,65.72485290228671
2022-03-13,161.70979166666666,68.63454630208332,65.70030559196786
2022-03-14,161.6978472222222,68.5917642881944,65.65971954350012
2022-03-15,161.67125,68.49649968749996,65.56940279576088
2022-03-16,161.66479166666667,68.47336755208336,65.5474828296127
2022-03-17,161.65256944444445,68.42959060763893,65.50601542086596
2022-03-18,161.63138888888886,68.3537271527777,65.43419239124762
2022-03-19,161.60763888888889,68.26866059027778,65.35371513808668
2022-03-20,161.5836805555556,68.18284782986123,65.27259558044514
2022-03-21,161.5640277777778,68.11245649305562,65.20610171672669
2022-03-22,161.53909722222224,68.02316147569451,65.12181346909722
2022-03-23,161.51868055555556,67.95003407986114,65.0528371490259
2022-03-24,161.49375,67.86073906250003,64.96867335725209
2022-03-25,161.47479166666665,67.79283505208326,64.90471752509487
2022-03-26,161.4584027777778,67.73413414930562,64.84946319087616
2022-03-27,161.43891304347827,67.66432679347828,64.78379237160746
2022-03-28,161.41125,67.56524468749998,64.69065391349203
2022-03-29,161.4007638888889,67.52768605902779,64.65537055524094
2022-03-30,161.40965277777775,67.55952383680547,64.6852788566714
2022-03-31,161.43277777777777,67.64235180555553,64.76312802132671
2022-04-01,161.49458333333334,67.8637238541667,64.97148514237631
2022-04-02,161.52791666666667,67.98311552083335,65.0840347828402
2022-04-03,161.5609722222222,68.10151225694439,65.19576806701878
2022-04-04,161.58701388888892,68.1947869965279,65.28387794932635
2022-04-05,161.59847222222223,68.23582788194447,65.32267085159062
2022-04-06,161.60375,68.25473156249997,65.34054334850575
2022-04-07,161.60326388888888,68.25299043402774,65.33889719747407
2022-04-08,161.6004861111111,68.24304112847223,65.32949062015034
2022-04-09,161.6013888888889,68.2462746527778,65.33254775778057
2022-04-10,161.5838888888889,68.18359402777784,65.27330061059533
2022-04-11,161.56166666666667,68.10399958333335,65.19811662377062
2022-04-12,161.5538888888889,68.07614152777785,65.17181437512035
2022-04-13,161.53979166666667,68.02564880208337,65.12416048218118
2022-04-14,161.5521527777778,68.06992321180562,65.165944912851
2022-04-15,161.53743055555555,68.01719189236108,65.11618063769555
2022-04-16,161.52513888888888,67.97316621527773,65.07465001535246
2022-04-17,161.53104166666668,67.99430848958339,65.09459286860286
2022-04-18,161.57027777777776,68.1348424305555,65.22724424163329
2022-04-19,161.5934722222222,68.21791913194438,65.30574106269931
2022-04-20,161.60159722222224,68.24702085069451,65.33325325107991
2022-04-21,161.59333333333336,68.21742166666678,65.30527088821833
2022-04-22,161.57743055555557,68.16046189236116,65.25144467593813
2022-04-23,161.57256944444444,68.14305060763888,65.23499702606652
2022-04-24,161.56270833333332,68.10773057291662,65.20163945889823
2022-04-25,161.54347222222222,68.03883163194445,65.13659965152634
2022-04-26,161.53812499999998,68.01967921874993,65.11852765077951
2022-04-27,161.52270833333333,67.96446057291665,65.06644087211129
2022-04-28,161.50381944444445,67.8968052951389,65.00265854307705
2022-04-29,161.4876388888889,67.83885059027786,64.94805359967444
2022-04-30,161.48375,67.82492156249995,64.93493367677853
2022-05-01,161.47048611111111,67.77741362847223,64.89019953759525
2022-05-02,161.45534722222223,67.72318991319447,64.83916349828172
2022-05-03,161.438125,67.66150421875005,64.78113777922981
2022-05-04,161.41090277777778,67.56400102430557,64.68948542287889
2022-05-05,161.39479166666666,67.50629505208332,64.63527973525413
2022-05-06,161.37854166666665,67.44809161458328,64.5806380088886
2022-05-07,161.3763888888889,67.44038090277782,64.5734005422081
2022-05-08,161.38645833333334,67.47644713541669,64.6072544772244
2022-05-09,161.4186111111111,67.59161034722216,64.71542957470966
2022-05-10,161.45972222222224,67.73886006944451,64.85391078540557
2022-05-11,161.47520833333334,67.7943274479167,64.90612249162719
2022-05-12,161.47618055555554,67.79780970486108,64.90940170678249
2022-05-13,161.46416666666667,67.75477895833335,64.86889215645196
2022-05-14,161.45923611111112,67.73711894097228,64.85227219794736
2022-05-15,161.45090277777777,67.70727102430553,64.82418703184156
2022-05-16,161.4377777777778,67.66026055555562,64.77996813124732
2022-05-17,161.41715277777777,67.58638696180554,64.71052029386014
2022-05-18,161.40055555555557,67.52693986111117,64.65466969233472
2022-05-19,161.37604166666668,67.43913723958339,64.57223320887255
2022-05-20,161.35319444444445,67.35730420138893,64.49546307582301
2022-05-21,161.33909722222222,67.30681147569445,64.448123233003
2022-05-22,161.32694444444445,67.26328326388891,64.40732986755216
2022-05-23,161.31159722222222,67.20831335069444,64.3558383486678
2022-05-24,161.2936111111111,67.14389159722215,64.2955252357429
2022-05-25,161.2642361111111,67.0386776909722,64.19709942603487
2022-05-26,161.22506944444444,66.89839248263888,64.0660140174684
2022-05-27,161.19576388888888,66.79342730902773,63.96804420239372
2022-05-28,161.17208333333332,66.70860947916663,63.88894957756116
2022-05-29,161.159375,66.66309140625005,63.846528174874024
2022-05-30,161.13805555555555,66.58673048611111,63.77540204541635
2022-05-31,161.10847222222222,66.48077038194444,63.67678986580438
2022-06-01,161.07791666666668,66.37132802083339,63.57503867973181
2022-06-02,161.0623611111111,66.3156119097222,63.52327804185377
2022-06-03,161.0363888888889,66.2225859027778,63.43691535205653
2022-06-04,161.01388888888889,66.14199652777776,63.36215969112469
2022-06-05,160.986875,66.04523953124999,63.27248085066979
2022-06-06,160.95333333333332,65.92510166666662,63.16124433911887
2022-06-07,160.91583333333335,65.79078604166673,63.0370275691203
2022-06-08,160.87520833333332,65.64527744791661,62.902635929052686
2022-06-09,160.83562500000002,65.50349984375008,62.77186666176864
2022-06-10,160.7853472222222,65.32341741319442,62.60601706261168
2022-06-11,160.75006944444442,65.1970612326388,62.48981631396799
2022-06-12,160.72465277777778,65.10602508680556,62.406180399914135
2022-06-13,160.69402777777776,64.9963339930555,62.305502676798035
2022-06-14,160.65291666666667,64.84908427083334,62.17051606546138
2022-06-15,160.60840277777777,64.68964664930553,62.02456763227182
2022-06-16,160.5682638888889,64.54587918402784,61.89315175251442
2022-06-17,160.52583333333334,64.39390354166669,61.75442622616896
2022-06-18,160.49597222222224,64.2869485069445,61.656916475150545
2022-06-19,160.47208333333333,64.20138447916666,61.57898064841978
2022-06-20,160.444375,64.10214015625003,61.48866162023665
2022-06-21,160.3995138888889,63.941458871527786,61.342613266785875
2022-06-22,160.36270833333333,63.80963057291666,61.222955838585214
2022-06-23,160.32090277777777,63.659893524305545,61.08722572855939
2022-06-24,160.27222222222224,63.48553194444451,60.92941800786403
2022-06-25,160.234375,63.34997265625,60.806909494327044
2022-06-26,160.21236111111114,63.27112440972231,60.735726317168776
2022-06-27,160.1807638888889,63.15795105902778,60.63364792179834
2022-06-28,160.13277777777776,62.9860768055555,60.47883415168666
2022-06-29,160.08395833333333,62.811217760416646,60.321593429187665
2022-06-30,160.03083333333333,62.62093729166667,60.150786037286764
2022-07-01,159.9813888888889,62.448397048611106,59.99209232448206
2022-07-02,159.93958333333333,62.30889713541666,59.85812707442492
2022-07-03,159.91180555555556,62.21620616319446,59.76922045304546
2022-07-04,159.8792361111111,62.107525998263895,59.66508634947294
2022-07-05,159.8304861111111,61.94485334201385,59.50943753208645
2022-07-06,159.77520833333335,61.76039830729173,59.33326353614452
2022-07-07,159.71715277777778,61.566674175347245,59.14860262471331
2022-07-08,159.66180555555556,61.38198741319446,58.972903048030425
2022-07-09,159.60291666666666,61.18548255208331,58.78633168927655
2022-07-10,159.56194444444446,61.048763368055624,58.65675036908145
2022-07-11,159.50826388888888,60.86963806423607,58.48725733187353
2022-07-12,159.44041666666666,60.64324036458333,58.27348993037786
2022-07-13,159.37631944444445,60.42935594618057,58.07200391703002
2022-07-14,159.31472222222223,60.22381371527781,57.87880489641727
2022-07-15,159.25069444444443,60.010161024305525,57.678428003133924
2022-07-16,159.18902097902097,59.80436437937059,57.48584601832096
2022-07-17,159.14569444444444,59.65978914930556,57.35080445081202
2022-07-18,159.09770833333334,59.49966549479171,57.20148367626348
2022-07-19,159.0353472222222,59.29157426215275,57.0078093162308
2022-07-20,158.96701388888889,59.0635544704861,56.79608181537198
2022-07-21,158.89868055555556,58.83553467881946,56.58486932828321
2022-07-22,158.82777777777778,58.59894097222224,56.366258871546115
2022-07-23,158.76486111111112,58.38899592013891,56.17273533865533
2022-07-24,158.72500000000002,58.255984375000075,56.05035407768762
2022-07-25,158.68041666666667,58.107215364583354,55.913683573801606
2022-07-26,158.62194444444447,57.91210086805563,55.73476708923837
2022-07-27,158.556875,57.69497226562497,55.5361068594341
2022-07-28,158.48777777777778,57.46440347222223,55.32566140552396
2022-07-29,158.42826388888886,57.26581306423603,55.144825006317944
2022-07-30,158.38583333333332,57.124227604166634,55.0161346608461
2022-07-31,158.35680555555555,57.02736553819444,54.928209752823115
2022-08-01,158.319375,56.90246445312503,54.814969997783045
2022-08-02,158.25847222222222,56.69923949652779,54.631047714530304
2022-08-03,158.18826388888888,56.464963064236095,54.4195302904985
2022-08-04,158.114375,56.21840507812499,54.197509977149785
2022-08-05,158.03861111111112,55.965590451388934,53.970481231034384
2022-08-06,157.97611111111112,55.76261979166671,53.78367225632962
2022-08-07,157.92979166666666,55.61888476562498,53.645504948626964
2022-08-08,157.87604166666668,55.452091796875045,53.485466672601355
2022-08-09,157.81090277777778,55.24995768229169,53.291946636568746
2022-08-10,157.7570138888889,55.08273372395839,53.13220039578448
2022-08-11,157.70243055555554,54.91335481770828,52.97072207116595
2022-08-12,157.64513888888888,54.73557161458331,52.80158243348503
2022-08-13,157.60708333333335,54.61748046875005,52.689433553297526
2022-08-14,157.5701388888889,54.50283723958334,52.58071127178057
2022-08-15,157.53333333333333,54.388625,52.472545822862386
2022-08-16,157.4884027777778,54.24919986979172,52.3407050446472
2022-08-17,157.43159722222222,54.07292513020833,52.17433642496237
2022-08-18,157.36604166666666,53.86949804687498,51.9827809353833
2022-08-19,157.28986111111112,53.633100260416704,51.76077391248076
2022-08-20,157.235625,53.464798828125,51.60310435685807
2022-08-21,157.1979861111111,53.34800065104165,51.49387610409447
2022-08-22,157.15458333333333,53.21331640625,51.36811234889617
2022-08-23,157.0934722222222,53.023680989583276,51.19138897312652
2022-08-24,157.03090277777778,52.82952018229168,51.010873065759036
2022-08-25,156.96659722222222,52.62997200520832,50.825794747908056
2022-08-26,156.90680555555554,52.444430989583275,50.654115685300525
2022-08-27,156.85888888888888,52.29573958333332,50.51681671958724
2022-08-28,156.82340277777777,52.18562174479165,50.415297362986095
2022-08-29,156.77993055555555,52.05072200520832,50.291120407055416
2022-08-30,156.7173611111111,51.85656119791664,50.11275540766248
2022-08-31,156.64979166666666,51.646884765624975,49.92062000986009
2022-09-01,156.57833333333332,51.425140624999955,49.71797020534937
2022-09-02,156.51097222222222,51.21611067708333,49.52745250023254
2022-09-03,156.46152777777777,51.06267838541665,49.38792474989892
2022-09-04,156.42069444444442,50.935967447916596,49.27289879774361
2022-09-05,156.36958333333334,50.77736328125001,49.12917797153096
2022-09-06,156.31256944444445,50.60044205729168,48.96919626437779
2022-09-07,156.25256944444445,50.41425455729167,48.801220102177815
2022-09-08,156.1913888888889,50.22440364583335,48.63034486035872
2022-09-09,156.1220833333333,50.00933984374992,48.4372712981246
2022-09-10,156.0701388888889,49.84814973958334,48.29290770120124
2022-09-11,156.03319444444443,49.73350651041663,48.19041106019861
2022-09-12,155.97958333333335,49.57214661458338,48.04194194549279
2022-09-13,155.90659722222222,49.363543185763874,47.840320232096666
2022-09-14,155.83916666666667,49.17081822916668,47.65456459321406
2022-09-15,155.77666666666667,48.99218541666668,47.48283410793209
2022-09-16,155.70444444444445,48.785765277777784,47.28492229977808
2022-09-17,155.65770833333332,48.65218763020829,47.157154997543266
2022-09-18,155.60840277777777,48.51126618923608,47.022621621405854
2022-09-19,155.55631944444445,48.362405512152804,46.880796488429816
2022-09-20,155.48770833333333,48.166306380208326,46.694419143698326
2022-09-21,155.42194444444442,47.97834496527771,46.51625834158823
2022-09-22,155.3695138888889,47.828491883680556,46.37455706794342
2022-09-23,155.32305555555556,47.69570815972222,46.249246885917735
2022-09-24,155.27631944444445,47.562130512152805,46.1234250705691
2022-09-25,155.24854166666668,47.48273815104171,46.048756331664265
2022-09-26,155.22645833333334,47.41962122395835,45.989453562744316
2022-09-27,155.20569444444445,47.360275434027784,45.93374282600957
2022-09-28,155.17743055555556,47.279493706597236,45.857985931754
2022-09-29,155.14993055555556,47.200895269097224,45.78435992267431
2022-09-30,155.12305555555557,47.124083159722254,45.71248609792171
2022-10-01,155.11777777777777,47.108998611111105,45.698380732762494
2022-10-02,155.08993055555555,47.02940776909722,45.62400671624342
2022-10-03,155.05993055555555,46.94366401909721,45.54397735086241
2022-10-04,155.02430555555554,46.841843315972184,45.44906909378311
2022-10-05,154.9829861111111,46.72374717881942,45.33916512313275
2022-10-06,154.9415972222222,46.605452560763865,45.22926286373584
2022-10-07,154.90053333333333,46.48808683333332,45.12040792753893
2022-10-08,154.863625,46.38259820312504,45.02272498056065
2022-10-09,154.82973333333334,46.285731583333344,44.933157928598675
2022-10-10,154.8077551020408,46.222915051020365,44.87514124465375
2022-10-11,154.7754098360656,46.13046823770497,44.78985361816249
2022-10-12,154.7506666666667,46.059749166666734,44.72469009589918
2022-10-13,154.7425,46.03640781250002,44.703196347952705
2022-10-14,154.7335135135135,46.01072331081073,44.679553303955
2022-10-15,154.72864864864866,45.99681891891895,44.66675829821022
2022-10-16,154.70236842105263,45.92170674342103,44.597681391883896
2022-10-17,154.67758620689654,45.85087607758616,44.53261078959126
2022-10-18,154.6547619047619,45.7856413690476,44.47273973715268
2022-10-19,154.62960784313725,45.713747916666655,44.40682493163681
2022-10-20,154.60183333333333,45.63436489583333,44.334122175013334
2022-10-21,154.5686363636364,45.53948380681825,44.247335832491096
2022-10-22,154.53767441860464,45.450990697674385,44.16650042025575
2022-10-23,154.51478571428572,45.38557191964288,44.10680916744493
2022-10-24,154.4856074766355,45.30217686915882,44.030798963091634
2022-10-25,154.44802325581395,45.19475646802325,43.933028544589845
2022-10-26,154.41590277777777,45.1029521267361,43.84959160837493
2022-10-27,154.36562500000002,44.95925195312507,43.71921530348884
2022-10-28,154.31027777777777,44.80106267361109,43.57601269307515
2022-10-29,154.27708333333334,44.706188802083346,43.49028563621637
2022-10-30,154.24846666666667,44.624398791666685,43.416478090481526
2022-10-31,154.21388888888887,44.52557118055552,43.32741361686641
2022-11-01,154.1775,44.42156718750003,43.233825340805886
2022-11-02,154.14375,44.32510546875003,43.14715224142208
2022-11-03,154.10027777777776,44.20085642361107,43.035694975989024
2022-11-04,154.07666666666668,44.133372916666715,42.97524409850721
2022-11-05,154.04430555555555,44.040880815972216,42.89249012740165
2022-11-06,154.0353472222222,44.01527677951387,42.869601515807105
2022-11-07,154.02222222222224,43.977763888888944,42.8360846321704
2022-11-08,153.99680555555557,43.905856197916705,42.77122945942273
2022-11-09,153.97020833333332,43.835968671874966,42.70343821578077
2022-11-10,153.9459722222222,43.7722852604166,42.64173029062079
2022-11-11,153.91902777777779,43.701485364583355,42.57320362406794
2022-11-12,153.893125,43.63342257812499,42.50739930219259
2022-11-13,153.86861111111114,43.5690092708334,42.445191078269524
2022-11-14,153.84451388888888,43.50569080729166,42.384102769812905
2022-11-15,153.81854166666665,43.437445546874955,42.318333455975164
2022-11-16,153.79784722222223,43.383068307291694,42.265980682471806
2022-11-17,153.77229166666666,43.31591789062499,42.201394767936975
2022-11-18,153.74979166666668,43.25679632812504,42.14458987558989
2022-11-19,153.72354166666665,43.18782117187495,42.07838619090516
2022-11-20,153.69381944444444,43.10972231770833,42.00351622876477
2022-11-21,153.67965277777776,43.07249763020829,41.967864983140934
2022-11-22,153.66076388888888,43.022864713541644,41.92036303294916
2022-11-23,153.62625,42.93217515625,41.83366630385301
2022-11-24,153.59645833333332,42.85389382812496,41.75893631221454
2022-11-25,153.566875,42.77615992187503,41.68482428754658
2022-11-26,153.56743055555555,42.77761971354165,41.68621538155546
2022-11-27,153.69493055555554,43.11264190104164,42.006312887095575
2022-11-28,153.82875,43.46426921875004,42.34417556993296
2022-11-29,153.84625,43.510252656249996,42.38850183757006
2022-11-30,153.8596527777778,43.545470130208386,42.422474081460074
2022-12-01,153.86208333333335,43.55185671875003,42.42863663689355
2022-12-02,153.85041666666666,43.52120109374999,42.39906169283359
2022-12-03,153.83569444444444,43.48251661458333,42.36176065477496
2022-12-04,153.81729166666665,43.43416101562495,42.315169572048234
2022-12-05,153.7965972222222,43.37978377604162,42.26281951341315
2022-12-06,153.7788888888889,43.3332529166667,42.21806110360713
2022-12-07,153.7604861111111,43.28489731770832,42.1715829846874
2022-12-08,153.73875,43.22778296875003,42.116733291216725
2022-12-09,153.72222222222223,43.18435416666669,42.0750608621495
2022-12-10,153.70527777777778,43.13983052083334,42.032367580703834
2022-12-11,153.6795138888889,43.072132682291674,41.967515551610724
2022-12-12,153.6717361111111,43.05169559895831,41.94795127245996
2022-12-13,153.68618055555555,43.08965018229166,41.98428920274028
2022-12-14,153.69381944444444,43.10972231770833,42.00351622876477
2022-12-15,153.69395833333334,43.110087265625026,42.003865811056144
2022-12-16,153.68354166666666,43.08271617187498,41.97764906598815
2022-12-17,153.66743055555557,43.040382213541704,41.93712356845465
2022-12-18,153.64895833333333,42.991844140624984,41.890693882120495
2022-12-19,153.62986111111113,42.941663802083376,41.84273192672863
2022-12-20,153.6122916666667,42.895497890625066,41.798641603000014
2022-12-21,153.59534722222222,42.85097424479165,41.75615050718198
2022-12-22,153.576875,42.802436171875,41.70986567054631
2022-12-23,153.55965277777779,42.757182630208355,41.66674621097186
2022-12-24,153.54097222222222,42.70809713541667,41.620011221104726
2022-12-25,153.5213888888889,42.656639479166714,41.57105827228731
2022-12-26,153.50034722222222,42.601349869791655,41.51850636332912
2022-12-27,153.48118055555557,42.5509870572917,41.47067900063365
2022-12-28,153.46062500000002,42.496974765625055,41.41943024965345
2022-12-29,153.44083333333333,42.44496968749999,41.370129275907544
2022-12-30,153.42083333333332,42.392417187499966,41.320352510381255
2022-12-31,153.40027777777777,42.33840489583332,41.2692382748472
2023-01-01,153.37986111111113,42.28475755208337,41.2185147364722
2023-01-02,153.359375,42.230927734375,41.16766407349392
2023-01-03,153.33722222222224,42.17271854166671,41.11272718366956
2023-01-04,153.31833333333333,42.12308562499999,41.06592717541225
2023-01-05,153.2984027777778,42.07071559895838,41.016587914099865
2023-01-06,153.27993055555555,42.02217752604166,40.970897468895636
2023-01-07,153.2601388888889,41.97017244791667,40.92198426677151
2023-01-08,153.24375,41.92710859375001,40.88151219534876
2023-01-09,153.23444444444442,41.902657083333274,40.858545324734784
2023-01-10,153.21840277777778,41.86050559895835,40.818976430984826
2023-01-11,153.203125,41.820361328125,40.781316778605216
2023-01-12,153.18916666666667,41.7836840625,40.74693222684079
2023-01-13,153.18159722222222,41.76379440104167,40.72829449672498
2023-01-14,153.16194444444443,41.712154270833295,40.679933768466526
2023-01-15,153.14444444444445,41.66617083333334,40.63690499763059
2023-01-16,153.12354166666668,41.61124617187504,40.585554296713305
2023-01-17,153.10604166666667,41.56526273437501,40.54259868803143
2023-01-18,153.09166666666667,41.527490625000006,40.50733978366678
2023-01-19,153.08444444444444,41.50851333333333,40.48963234139368
2023-01-20,153.1198611111111,41.60157505208332,40.57651786894839
2023-01-21,153.31791666666666,42.12199078124999,41.06489515257315
2023-01-22,153.51402777777778,42.637297239583354,41.55266760729348
2023-01-23,153.68180555555557,43.07815432291671,41.97328117186
2023-01-24,153.7526388888889,43.26427776041669,42.151774858416786
2023-01-25,153.79381944444447,43.37248481770839,42.25579631916056
2023-01-26,153.8526388888889,43.52704026041667,42.40469361564083
2023-01-27,153.89506944444443,43.6385318489583,42.51233568264517
2023-01-28,153.92416666666665,43.71498843749996,42.586266519550165
2023-01-29,153.94166666666666,43.760971874999996,42.63077563528242
2023-01-30,153.95409722222223,43.79363471354169,42.66241026884092
2023-01-31,153.96590277777779,43.82465528645835,42.69247023882421
2023-02-01,153.97006944444445,43.83560372395834,42.70308441007254
2023-02-02,153.96208333333334,43.81461921875002,42.68274409499783
2023-02-03,153.96166666666667,43.81352437500002,42.68168313059135
2023-02-04,153.96048611111112,43.810422317708365,42.678677064773
2023-02-05,153.9498611111111,43.78250380208328,42.65162839985433
2023-02-06,153.93770833333332,43.75057085937497,42.62070507462878
2023-02-07,153.92534722222223,43.71809049479169,42.589267488136805
2023-02-08,153.9177777777778,43.69820083333336,42.57002616300469
2023-02-09,153.9123611111111,43.683967864583295,42.55626037585409
2023-02-10,154.19708333333335,44.477538802083394,43.28417366135229
2023-02-11,154.57569444444445,45.5596566840278,44.26577660884357
2023-02-12,154.64868055555556,45.76826011284723,44.45679826423647
2023-02-13,154.68479166666668,45.871470182291716,44.55152251559331
2023-02-14,154.71604166666668,45.960786588541716,44.63361097350068
2023-02-15,154.73541666666668,46.016162760416705,44.68455886646863
2023-02-16,154.74770833333335,46.051293880208384,44.71690298382886
2023-02-17,154.75583333333333,46.07451614583332,44.7382906854206
2023-02-18,154.75812499999998,46.08106601562494,44.74432545190917
2023-02-19,154.75812499999998,46.08106601562494,44.74432545190917
2023-02-20,154.7529861111111,46.06637842881945,44.730795484235934
2023-02-21,154.74833333333333,46.05308020833334,44.71854814835071
2023-02-22,154.74291666666667,46.037598697916685,44.704292670392945
2023-02-23,154.73381944444444,46.011597699652754,44.680357928158905
2023-02-24,154.72458333333333,45.98519973958332,44.65606697423552
2023-02-25,154.71048611111112,45.94490811631948,44.61901070640419
2023-02-26,154.69805555555556,45.909380034722226,44.58635228475448
2023-02-27,154.71958333333333,45.970909114583336,44.64292199819559
2023-02-28,154.77430555555554,46.127312065972184,44.78694435364659
2023-03-01,154.92833333333334,46.567542708333356,45.19408179972062
2023-03-02,155.0440972222222,46.89841037326384,45.50177842851006
2023-03-03,155.44645833333334,48.048408723958346,46.58261307250591
2023-03-04,156.2629861111111,50.44657877604164,48.830354246232474
2023-03-05,156.57666666666668,51.419968750000045,49.71324984752124
2023-03-06,156.7786111111111,52.046627604166645,50.28735453123372
2023-03-07,156.96041666666667,52.610792968750026,50.80803117122114
2023-03-08,157.08125,52.98575390625003,51.15609389394855
2023-03-09,157.14041666666668,53.16935546875005,51.327109051590845
2023-03-10,157.18354166666666,53.30317773437497,51.451998926921185
2023-03-11,157.20805555555555,53.3792473958333,51.52308270592306
2023-03-12,157.231875,53.45316210937501,51.59221584508668
2023-03-13,157.251875,53.51522460937504,51.65031148476275
2023-03-14,157.26069444444445,53.5425924479167,51.67594412813006
2023-03-15,157.25916666666666,53.537851562499974,51.67150317303375
2023-03-16,157.25937499999998,53.53849804687493,51.67210875781956
2023-03-17,157.25562499999998,53.52686132812494,51.66120823167419
2023-03-18,157.25347222222223,53.52018098958335,51.65495254759922
2023-03-19,157.25034722222222,53.510483723958316,51.64587220726693
2023-03-20,157.25,53.50940625,51.644863280563364
2023-03-21,157.24958333333333,53.508113281250004,51.643652568519066
2023-03-22,157.24291666666667,53.48742578125002,51.624283811145894
2023-03-23,157.2329861111111,53.456610026041645,51.59544197050267
2023-03-24,157.2173611111111,53.40812369791664,51.55008331682771
2023-03-25,157.20361111111112,53.36545572916668,51.51018983639618
2023-03-26,157.19057971014493,53.32501766304349,51.47240111933147
2023-03-27,157.1775,53.28442968750003,51.43449003568841
2023-03-28,157.16152777777776,53.234865885416625,51.388221459183235
2023-03-29,157.1448611111111,53.18314713541667,51.339969639934125
2023-03-30,157.12743055555555,53.129057942708314,51.289540676402595
2023-03-31,157.10250000000002,53.051695312500065,51.21747038265212
2023-04-01,157.08166666666668,52.98704687500003,51.15729683014795
2023-04-02,157.07,52.950843749999976,51.123620451484506
2023-04-03,157.07722222222222,52.97325520833332,51.14446551068761
2023-04-04,157.10381944444444,53.05578971354166,51.2212825768406
2023-04-05,157.11423611111113,53.08811393229171,51.25138863637581
2023-04-06,157.12020833333335,53.106646484375055,51.2686557550697
2023-04-07,157.1196527777778,53.1049225260417,51.26704940113768
2023-04-08,157.1104861111111,53.07647721354164,51.24054986333409
2023-04-09,157.1013888888889,53.04824739583334,51.214260113861705
2023-04-10,157.09201388888889,53.01915559895832,51.187177095908275
2023-04-11,157.08277777777778,52.99049479166667,51.160504660013
2023-04-12,157.07034722222224,52.95192122395839,51.124622517252725
2023-04-13,157.0527777777778,52.897401041666754,51.073934536263536
2023-04-14,157.03583333333333,52.84482031249999,51.02508132373802
2023-04-15,157.01909722222223,52.79288606770835,50.97686147514261
2023-04-16,157.01583333333332,52.78275781249995,50.967459965325936
2023-04-17,157.0073611111111,52.75646744791662,50.943064775643116
2023-04-18,157.00180555555553,52.73922786458327,50.927072154224696
2023-04-19,156.99145833333333,52.70711914062498,50.89729430815842
2023-04-20,156.97979166666667,52.67091601562501,50.86373337639042
2023-04-21,156.9611111111111,52.612947916666656,50.81002692086708
2023-04-22,156.94208333333333,52.55390234374999,50.75536144557296
2023-04-23,156.92263888888888,52.493563802083315,50.6995399634948
2023-04-24,156.90583333333333,52.4414140625,50.65132696842358
2023-04-25,156.88631944444444,52.380860026041645,50.59538414365381
2023-04-26,156.86708333333334,52.321167968750025,50.54027861698375
2023-04-27,156.84291666666667,52.24617578125,50.471105910842574
2023-04-28,156.80847222222224,52.139290364583374,50.37262552261239
2023-04-29,156.78354166666665,52.06192773437495,50.30142701456735
2023-04-30,156.7720138888889,52.02615559895835,50.2685287735446
2023-05-01,156.76333333333332,51.99921874999996,50.24376496722988
2023-05-02,156.74958333333333,51.95655078125,50.20455701529718
2023-05-03,156.74145833333333,51.93133789062498,50.18139810394484
2023-05-04,156.73166666666668,51.90095312500005,50.15349828558948
2023-05-05,156.71319444444444,51.84363151041665,50.1008929041609
2023-05-06,156.698125,51.79686914062501,50.058006172489385
2023-05-07,156.67888888888888,51.7371770833333,50.00329743574916
2023-05-08,156.66604166666667,51.697310546875016,49.966780709136344
2023-05-09,156.65263888888887,51.65572005208328,49.92870579674675
2023-05-10,156.63312499999998,51.59516601562493,49.873304338888964
2023-05-11,156.61118055555556,51.527069661458356,49.811052743388686
2023-05-12,156.58638888888888,51.45013802083329,49.74078644308745
2023-05-13,156.57506944444447,51.41501236979173,49.70872644222842
2023-05-14,156.55527777777777,51.353596354166655,49.652704923212546
2023-05-15,156.5740277777778,51.41177994791669,49.70577736002615
2023-05-16,156.68645833333332,51.760666015624956,50.0248199377233
2023-05-17,156.75479166666665,51.97271289062494,50.21940518294148
2023-05-18,156.779375,52.048998046874964,50.28953477513047
2023-05-19,156.80611111111114,52.13196354166674,50.3658788198662
2023-05-20,156.80548611111112,52.1300240885417,50.364092927962744
2023-05-21,156.79479166666667,52.096837890625004,50.33354645026237
2023-05-22,156.8075,52.136273437500016,50.369847468540385
2023-05-23,156.80770833333335,52.136919921875055,50.37044276584157
2023-05-24,156.80458333333334,52.12722265625002,50.36151411052628
2023-05-25,156.79881944444443,52.10933658854163,50.34505053898137
2023-05-26,156.77791666666667,52.04447265625001,50.2853724913276
2023-05-27,156.7586111111111,51.98456510416661,50.23029745115909
2023-05-28,156.73756944444443,51.919270182291626,50.17031573571902
2023-05-29,156.71527777777777,51.850096354166645,50.10682303532221
2023-05-30,156.69680555555556,51.792774739583336,50.05425186915937
2023-05-31,156.743125,51.936509765624976,50.18614769032732
2023-06-01,156.78340277777778,52.061496744791675,50.30103060658618
2023-06-02,156.86770833333333,52.32310742187498,50.542068621431135
2023-06-03,156.90430555555554,52.43667317708328,50.64694580818747
2023-06-04,156.9582638888889,52.60411263020835,50.801844347318635
2023-06-05,156.9873611111111,52.694404947916674,50.88550589966948
2023-06-06,157.15847222222223,53.225384114583356,51.37937309642979
2023-06-07,157.4077777777778,53.99901041666672,52.10468068762381
2023-06-08,157.46006944444446,54.1612779947917,52.25767994334201
2023-06-09,157.46409722222222,54.17377669270833,52.26947639919658
2023-06-10,157.47069930069932,54.19426376748259,52.28881831738696
2023-06-11,157.46791666666667,54.18562890625,52.28066555026222
2023-06-12,157.46805555555554,54.186059895833274,52.28107247720766
2023-06-13,157.44194444444443,54.10503385416663,52.20461428958779
2023-06-14,157.43229166666666,54.07508007812497,52.17636800771377
2023-06-15,157.41618055555557,54.02508528645838,52.12924532513314
2023-06-16,157.4090277777778,54.002889322916715,52.10833479004561
2023-06-17,157.40041666666667,53.97616796875002,52.083167467488074
2023-06-18,157.36854166666666,53.877255859374976,51.990078155095446
2023-06-19,157.32868055555556,53.75356184895836,51.87382310143699
2023-06-20,157.32326388888887,53.736753255208285,51.85803851159692
2023-06-21,157.28979166666667,53.63288476562502,51.76057182210793
2023-06-22,157.24965277777778,53.50832877604168,51.643854353859794
2023-06-23,157.19833333333335,53.349078125000055,51.494883124606986
2023-06-24,157.17291666666668,53.27020703125004,51.42121006332316
2023-06-25,157.14166666666668,53.17323437500004,51.3307260920624
2023-06-26,157.1132638888889,53.085097005208354,51.24857858410573
2023-06-27,157.08680555555554,53.0029934895833,51.17213467727151
2023-06-28,157.04118055555557,52.86141341145838,51.04049553245115
2023-06-29,156.99770833333332,52.72651367187496,50.91527925026867
2023-06-30,156.94868055555557,52.57437434895837,50.77431028250508
2023-07-01,156.9115972222222,52.459300130208305,50.66786007562294
2023-07-02,156.87875,52.35737109374999,50.573695798945074
2023-07-03,156.86805555555554,52.32418489583329,50.543063068346356
2023-07-04,156.82465277777777,52.18950065104165,50.41887051753573
2023-07-05,156.7659027777778,52.007192057291725,50.25109352295603
2023-07-06,156.71208333333334,51.84018359375002,50.09773016754157
2023-07-07,156.65319444444444,51.65744401041665,49.93028351126125
2023-07-08,156.59384615384616,51.47327884615386,49.76191519029401
2023-07-09,156.56597222222223,51.38678255208335,49.682971124328866
2023-07-10,156.51652777777778,51.23335026041668,49.543145743324914
2023-07-11,156.44270833333334,51.004279296875026,49.33488813279883
2023-07-12,156.36840277777776,50.77369986979161,49.12586154258369
2023-07-13,156.29652777777778,50.55066276041668,48.92424686220946
2023-07-14,156.20756944444443,50.27461393229162,48.675496467763935
2023-07-15,156.13354166666667,50.044896484375016,48.46915559399197
2023-07-16,156.066875,49.83802148437503,48.28384592726574
2023-07-17,155.9854861111111,49.58901749131941,48.058272331947435
2023-07-18,155.91472222222222,49.38676545138889,47.86273607396157
2023-07-19,155.84444444444443,49.18590277777775,47.669084916715974
2023-07-20,155.7628472222222,48.95268771701384,47.44492075651302
2023-07-21,155.6721527777778,48.693471657986166,47.19661813422641
2023-07-22,155.61083333333332,48.51821302083329,47.029247518764556
2023-07-23,155.56854166666665,48.39733815104161,46.91405205340859
2023-07-24,155.49652777777777,48.191513454861095,46.71834741223287
2023-07-25,155.39006944444444,47.88724223090275,46.430075784989114
2023-07-26,155.3165972222222,47.67724943576386,46.23184544227455
2023-07-27,155.2373611111111,47.45078272569445,46.01872534284157
2023-07-28,155.14902777777777,47.198315017361104,45.78194420865743
2023-07-29,155.10729166666667,47.07902799479167,45.67036435232282
2023-07-30,155.04916666666668,46.912899479166704,45.515286972032484
2023-07-31,154.9882638888889,46.73883172743057,45.35319312754334
2023-08-01,154.91138888888887,46.519113368055486,45.14916665977375
2023-08-02,154.82347222222222,46.26783654513889,44.91662447201297
2023-08-03,154.72652777777776,45.99075720486106,44.66118022857601
2023-08-04,154.64465277777776,45.756748220486074,44.44624068710997
2023-08-05,154.59694444444443,45.62039184027774,44.32133320172373
2023-08-06,154.54284722222224,45.46577521701393,44.179998302387624
2023-08-07,154.4825,45.293295312499964,44.02271031151549
2023-08-08,154.38381944444444,45.01125394965277,43.766364401492815
2023-08-09,154.3025,44.77883281250003,43.55591514112445
2023-08-10,154.22159722222221,44.54760256076387,43.34725775589415
2023-08-11,154.13020833333334,44.28640169270836,43.11241153485749
2023-08-12,154.0522222222222,44.063507638888865,42.9127247775738
2023-08-13,154.00090277777778,43.91683025173612,42.78168008392007
2023-08-14,153.94041666666666,43.75768734374999,42.62759545823391
2023-08-15,153.88958333333332,43.62411640624997,42.498408037796715
2023-08-16,153.81770833333334,43.435255859375026,42.31622420002395
2023-08-17,153.723125,43.186726328125026,42.07733608708764
2023-08-18,153.64284722222223,42.975786432291684,41.8753414740978
2023-08-19,153.57347222222222,42.79349494791667,41.701343528902626
2023-08-20,153.52618055555556,42.66923018229167,41.58303140158641
2023-08-21,153.47590277777778,42.53711903645833,41.457515139274236
2023-08-22,153.39159722222223,42.31559565104169,41.24766653695344
2023-08-23,153.31569444444443,42.1161516145833,41.0593910307646
2023-08-24,153.2342361111111,41.90210966145831,40.85803134568711
2023-08-25,153.13520833333334,41.64190179687501,40.61420878391522
2023-08-26,153.0470138888889,41.41015986979169,40.39795523844524
2023-08-27,153.00291666666666,41.294288906249996,40.29014426606627
2023-08-28,152.94006944444445,41.12914997395834,40.13685635608439
2023-08-29,152.87770833333332,40.96528835937496,39.985176046847556
2023-08-30,152.7845138888889,40.72040830729172,39.75928463837955
2023-08-31,152.69319444444443,40.48045505208329,39.53885067919484
2023-09-01,152.59,40.20929875000001,39.29083740752287
2023-09-02,152.5170138888889,40.01751861979169,39.116119927924615
2023-09-03,152.45527777777778,39.85529927083334,38.96878251936571
2023-09-04,152.38666666666666,39.67501499999997,38.80552216486459
2023-09-05,152.3113888888889,39.47721322916669,38.62698361541996
2023-09-06,152.2275,39.25678468749998,38.42874188722764
2023-09-07,152.15527777777777,39.06701177083331,38.25867838240953
2023-09-08,152.0770138888889,38.861363619791696,38.07502586649091
2023-09-09,152.0002777777778,38.65972989583338,37.895600114895544
2023-09-10,151.9463888888889,38.52983743055556,37.769974667216935
2023-09-11,151.890625,38.395488281249996,37.64030972728785
2023-09-12,151.8517361111111,38.301795225694434,37.55008119131138
2023-09-13,151.78770833333334,38.14753630208335,37.40188154966632
2023-09-14,151.70895833333333,37.957807864583316,37.22021230872397
2023-09-15,151.62569444444443,37.75720434027775,37.02885555602449
2023-09-16,151.55527777777777,37.587552986111106,36.86760795874423
2023-09-17,151.50458333333333,37.46541739583332,36.75185356272998
2023-09-18,151.43944444444443,37.30848152777775,36.60352387904413
2023-09-19,151.33743055555556,37.062704565972226,36.372141113433884
2023-09-20,151.23354166666667,36.81241026041667,36.137657005862785
2023-09-21,151.13006944444444,36.563119809027775,35.905268193729924
2023-09-22,150.9888888888889,36.2229805555556,35.59004635754141
2023-09-23,150.90208333333334,36.01384427083334,35.39729433282162
2023-09-24,150.8321527777778,35.84536407986115,35.2426021987286
2023-09-25,150.77881944444445,35.716870746527796,35.124977652501585
2023-09-26,150.73402777777778,35.60895642361112,35.026426759111615
2023-09-27,150.70472222222222,35.538352013888876,34.962065188450225
2023-09-28,150.6638888888889,35.43997430555556,34.87254055703267
2023-09-29,150.62145833333335,35.337748489583376,34.77970398274531
2023-09-30,150.58270833333333,35.244390052083325,34.69508835502215
2023-10-01,150.54458333333335,35.15253739583337,34.611994320377505
2023-10-02,150.49041666666665,35.022036354166616,34.49420734239129
2023-10-03,150.45881944444443,34.945910746527744,34.42564293953015
2023-10-04,150.41027777777776,34.828961736111076,34.32051886112385
2023-10-05,150.35847222222222,34.70414920138888,34.20860479080114
2023-10-06,150.30145833333333,34.566788489583324,34.085772221699024
2023-10-07,150.25229166666668,34.448333697916695,33.98012553612375
2023-10-08,150.20680555555555,34.3387462847222,33.882617820307
2023-10-09,150.15402777777777,34.21159142361109,33.76975739903573
2023-10-10,150.08354166666666,34.041772760416656,33.61949500892497
2023-10-11,150.01736111111111,33.88232725694445,33.47889547743656
2023-10-12,149.95541666666668,33.74402166666669,33.34771949477979
2023-10-13,149.89458333333334,33.61237833333335,33.21929731962751
2023-10-14,149.83423611111112,33.48178694444447,33.09229250376831
2023-10-15,149.79104166666667,33.388314166666675,33.00162681934101
2023-10-16,149.74715277777779,33.293338611111125,32.90970660023764
2023-10-17,149.70097222222222,33.19340388888888,32.8132102317845
2023-10-18,149.6429861111111,33.06792194444442,32.69236756649408
2023-10-19,149.58027777777778,32.93222111111112,32.562089160533546
2023-10-20,149.50597222222223,32.7714238888889,32.40825979088482
2023-10-21,149.43277777777777,32.6130311111111,32.25730913137216
2023-10-22,149.3847222222222,32.509038888888824,32.15851304920337
2023-10-23,149.3310416666667,32.39287416666672,32.04844610505985
2023-10-24,149.25125,32.22020499999999,31.885407793069447
2023-10-25,149.1651388888889,32.033860555555556,31.710218194296814
2023-10-26,149.08472222222224,31.859838888888927,31.54732946146681
2023-10-27,148.99951388888888,31.675448055555545,31.375488332442806
2023-10-28,148.91756944444444,31.498120277777765,31.210958433073095
2023-10-29,148.85073333333332,31.35348693333331,31.077294026071858
2023-10-30,148.77902777777777,31.198316111111094,30.934420063255693
2023-10-31,148.67673611111113,30.976956944444474,30.731550441137365
2023-11-01,148.60444444444445,30.8205177777778,30.588850355258675
2023-11-02,148.54833333333332,30.6990933333333,30.478474194076455
2023-11-03,148.48652777777778,30.565346111111115,30.357282941130958
2023-11-04,148.43506944444442,30.45399027777773,30.256691071808813
2023-11-05,148.39756944444446,30.372840277777804,30.183563789905982
2023-11-06,148.3495138888889,30.268848055555594,30.09007048796263
2023-11-07,148.3013888888889,30.164705555555596,29.996687755802338
2023-11-08,148.25652777777776,30.06762611111108,29.909859380736062
2023-11-09,148.2176388888889,29.983470555555577,29.834764267731433
2023-11-10,148.1804861111111,29.903071944444406,29.763171734084352
2023-11-11,148.14083333333332,29.8172633333333,29.68692312792002
2023-11-12,148.10020833333334,29.72935083333335,29.608978272077135
2023-11-13,148.05465277777776,29.630768611111076,29.521780912714522
2023-11-14,148.00638888888886,29.526325555555502,29.429641208379742
2023-11-15,147.95729166666666,29.42993945312499,29.336164490923206
2023-11-16,147.90604166666665,29.33086679687497,29.238861171424162
2023-11-17,147.8570138888889,29.236089973958354,29.14603867328743
2023-11-18,147.80416666666667,29.133929687500014,29.046269919514316
2023-11-19,147.75354166666665,29.036065234374966,28.95097467308679
2023-11-20,147.70555555555555,28.943302083333318,28.860896828700746
2023-11-21,147.65965277777775,28.854566276041613,28.774960004830042
2023-11-22,147.61305555555555,28.764488020833316,28.687949944537234
2023-11-23,147.58624999999998,28.712669531249958,28.63800046514305
2023-11-24,147.541875,28.62688710937501,28.55548096170324
2023-11-25,147.496875,28.539896484374978,28.472010994659446
2023-11-26,147.4442361111111,28.438138932291665,28.37464432751003
2023-11-27,147.40604166666665,28.364304296874973,28.304179364567286
2023-11-28,147.36006944444446,28.2754342447917,28.219571152091675
2023-11-29,147.31861111111112,28.19529010416669,28.14346121625568
2023-11-30,147.28875000000002,28.13756484375004,28.088754493156962
2023-12-01,147.25722222222223,28.076617708333337,28.031096371612556
2023-12-02,147.21375,27.992580468750006,27.951767082609155
2023-12-03,147.17798611111112,27.923444401041692,27.886654483397322
2023-12-04,147.140625,27.851220703124998,27.818778347420295
2023-12-05,147.10479166666667,27.781950390625006,27.753815165141535
2023-12-06,147.08041666666668,27.734830468750022,27.709704450873886
2023-12-07,147.04611111111112,27.668513541666677,27.647726685538014
2023-12-08,147.02474999999998,27.627219843749966,27.60919818433487
2023-12-09,146.99731707317073,27.574188567073175,27.559789531615927
2024-01-12,146.00793103448274,25.66158168103444,25.83088891167367
2024-01-13,145.99597222222224,25.639170173611134,25.810621519084943
2024-01-14,145.96840277777778,25.590709982638895,25.763957450996568
2024-01-15,145.93256944444445,25.527723940972237,25.703424247141616
2024-01-16,145.9061111111111,25.481216805555537,25.658814246489932
2024-01-17,145.87104166666666,25.419573489583314,25.59980069171938
2024-01-18,145.841875,25.368305781249976,25.550817715798946
2024-01-19,145.8213888888889,25.332296319444445,25.516466589388774
2024-01-20,145.79472222222222,25.285422986111104,25.471816914673706
2024-01-21,145.77256944444446,25.246483940972244,25.4347834870872
2024-01-22,145.74243055555556,25.19350730902778,25.384481234240898
2024-01-23,145.71527777777777,25.145779513888876,25.339243453140853
2024-01-24,145.70569444444445,25.128934409722227,25.32329620747806
2024-01-25,145.7054861111111,25.128568211805533,25.3229495282245
2024-01-26,145.714375,25.14419265624998,25.33774117637551
2024-01-27,145.72,25.154079999999997,25.347106434408836
2024-01-28,145.72034722222222,25.154690329861097,25.347684597803127
2024-01-29,145.72,25.154079999999997,25.347106434408836
2024-01-30,145.72,25.154079999999997,25.347106434408836
2024-01-31,145.72,25.154079999999997,25.347106434408836
2024-02-01,145.72,25.154079999999997,25.347106434408836
2024-02-02,145.72,25.154079999999997,25.347106434408836
2024-02-03,145.72,25.154079999999997,25.347106434408836
2024-02-04,145.72,25.154079999999997,25.347106434408836
2024-02-05,145.72,25.154079999999997,25.347106434408836
2024-02-06,145.72,25.154079999999997,25.347106434408836
2024-02-07,145.72,25.154079999999997,25.347106434408836
2024-02-08,145.72,25.154079999999997,25.347106434408836
2024-02-09,145.7242361111111,25.161526024305555,25.35416002781927
2024-02-10,145.72402777777776,25.16115982638886,25.35381312978267
2024-02-11,145.72006944444445,25.15420206597223,25.347222067087703
2024-02-12,145.7201388888889,25.154324131944456,25.347337699766573
2024-02-13,145.72,25.154079999999997,25.347106434408836
2024-02-14,145.72,25.154079999999997,25.347106434408836
2024-02-15,145.72,25.154079999999997,25.347106434408836
2024-02-16,145.72,25.154079999999997,25.347106434408836
2024-02-17,145.72,25.154079999999997,25.347106434408836
2024-02-18,145.72,25.154079999999997,25.347106434408836
2024-02-19,145.72,25.154079999999997,25.347106434408836
2024-02-20,145.72,25.154079999999997,25.347106434408836
2024-02-21,145.72,25.154079999999997,25.347106434408836
2024-02-22,145.72,25.154079999999997,25.347106434408836
2024-02-23,145.72625,25.165065937499985,25.35751435564871
2024-02-24,145.72006944444445,25.15420206597223,25.347222067087703
2024-02-25,145.72,25.154079999999997,25.347106434408836
2024-02-26,145.72,25.154079999999997,25.347106434408836
2024-02-27,145.72166666666666,25.157009583333327,25.349881618701463
2024-02-28,145.72006944444445,25.15420206597223,25.347222067087703
2024-02-29,145.72,25.154079999999997,25.347106434408836
2024-03-01,145.72006944444445,25.15420206597223,25.347222067087703
2024-03-02,145.72,25.154079999999997,25.347106434408836
2024-03-03,145.72256944444445,25.15859644097222,25.351384843526642
2024-03-04,145.72020833333332,25.154446197916638,25.34745333244539
2024-03-05,145.71993055555555,25.153957934027765,25.34699080172997
2024-03-06,145.72,25.154079999999997,25.347106434408836
2024-03-07,145.72,25.154079999999997,25.347106434408836
2024-03-08,145.7220138888889,25.15761991319448,25.3504597820958
2024-03-09,145.72145833333332,25.156643385416636,25.34953472066486
2024-03-10,145.7225,25.158474374999994,25.351269210847775
2024-03-11,145.7202777777778,25.15456826388892,25.347568965124307
2024-03-12,145.72,25.154079999999997,25.347106434408836
2024-03-13,145.72,25.154079999999997,25.347106434408836
2024-03-14,145.72,25.154079999999997,25.347106434408836
2024-03-15,145.72,25.154079999999997,25.347106434408836
2024-03-16,145.72,25.154079999999997,25.347106434408836
2024-03-17,145.72,25.154079999999997,25.347106434408836
2024-03-18,145.72,25.154079999999997,25.347106434408836
2024-03-19,145.72,25.154079999999997,25.347106434408836
2024-03-20,145.72,25.154079999999997,25.347106434408836
2024-03-21,145.72,25.154079999999997,25.347106434408836
2024-03-22,145.72,25.154079999999997,25.347106434408836
2024-03-23,145.72,25.154079999999997,25.347106434408836
2024-03-24,145.7202777777778,25.15456826388892,25.347568965124307
2024-03-25,145.72097222222223,25.155788923611123,25.348725291912885
2024-03-26,145.72291666666666,25.159206770833325,25.351963006920933
2024-03-27,145.72083333333333,25.155544791666664,25.34849402655515
2024-03-28,145.72097222222223,25.155788923611123,25.348725291912885
2024-03-29,145.72194444444443,25.1574978472222,25.350344149416884
2024-03-30,145.72534722222224,25.16347907986114,25.356010182715877
2024-03-31,145.7226811594203,25.158792807971015,25.35157086131437
2024-04-01,145.7220138888889,25.15761991319448,25.3504597820958
2024-04-02,145.72,25.154079999999997,25.347106434408836
2024-04-03,145.72,25.154079999999997,25.347106434408836
2024-04-04,145.72,25.154079999999997,25.347106434408836
2024-04-05,145.72,25.154079999999997,25.347106434408836
2024-04-06,145.72,25.154079999999997,25.347106434408836
2024-04-07,145.72,25.154079999999997,25.347106434408836
2024-04-08,145.72,25.154079999999997,25.347106434408836
2024-04-09,145.72,25.154079999999997,25.347106434408836
2024-04-10,145.72,25.154079999999997,25.347106434408836
2024-04-11,145.72,25.154079999999997,25.347106434408836
2024-04-12,145.72,25.154079999999997,25.347106434408836
2024-04-13,145.72,25.154079999999997,25.347106434408836
2024-04-14,145.72,25.154079999999997,25.347106434408836
2024-04-15,145.72,25.154079999999997,25.347106434408836
2024-04-16,145.72006944444445,25.15420206597223,25.347222067087703
2024-04-17,145.72020833333332,25.154446197916638,25.34745333244539
2024-04-18,145.72,25.154079999999997,25.347106434408836
2024-04-19,145.72006944444445,25.15420206597223,25.347222067087703
2024-04-20,145.72034722222222,25.154690329861097,25.347684597803127
2024-04-21,145.72,25.154079999999997,25.347106434408836
2024-04-22,145.72,25.154079999999997,25.347106434408836
2024-04-23,145.72,25.154079999999997,25.347106434408836
2024-04-24,145.72,25.154079999999997,25.347106434408836
2024-04-25,145.72,25.154079999999997,25.347106434408836
2024-04-26,145.72055555555553,25.15505652777774,25.34803149583968
2024-04-27,145.72,25.154079999999997,25.347106434408836
2024-04-28,145.72,25.154079999999997,25.347106434408836
2024-04-29,145.72,25.154079999999997,25.347106434408836
2024-04-30,145.72166666666666,25.157009583333327,25.349881618701463
2024-05-01,145.72131944444445,25.156399253472223,25.349303455307172
2024-05-02,145.72,25.154079999999997,25.347106434408836
2024-05-03,145.72006944444445,25.15420206597223,25.347222067087703
2024-05-04,145.72,25.154079999999997,25.347106434408836
2024-05-05,145.72,25.154079999999997,25.347106434408836
2024-05-06,145.72,25.154079999999997,25.347106434408836
2024-05-07,145.72006944444445,25.15420206597223,25.347222067087703
2024-05-08,145.72,25.154079999999997,25.347106434408836
2024-05-09,145.72,25.154079999999997,25.347106434408836
2024-05-10,145.72006944444445,25.15420206597223,25.347222067087703
2024-05-11,145.72,25.154079999999997,25.347106434408836
2024-05-12,145.72,25.154079999999997,25.347106434408836
2024-05-13,145.72,25.154079999999997,25.347106434408836
2024-05-14,145.72,25.154079999999997,25.347106434408836
2024-05-15,145.72,25.154079999999997,25.347106434408836
2024-05-16,145.72006944444445,25.15420206597223,25.347222067087703
2024-05-17,145.72,25.154079999999997,25.347106434408836
2024-05-18,145.72118055555555,25.156155121527764,25.34907218994944
2024-05-19,145.72020833333332,25.154446197916638,25.34745333244539
2024-05-20,145.72,25.154079999999997,25.347106434408836
2024-05-21,145.72,25.154079999999997,25.347106434408836
2024-05-22,145.72,25.154079999999997,25.347106434408836
2024-05-23,145.72,25.154079999999997,25.347106434408836
2024-05-24,145.72,25.154079999999997,25.347106434408836
2024-05-25,145.72,25.154079999999997,25.347106434408836
2024-05-26,145.72,25.154079999999997,25.347106434408836
2024-05-27,145.72,25.154079999999997,25.347106434408836
2024-05-28,145.72,25.154079999999997,25.347106434408836
2024-05-29,145.72,25.154079999999997,25.347106434408836
2024-05-30,145.72,25.154079999999997,25.347106434408836
2024-05-31,145.72,25.154079999999997,25.347106434408836
2024-06-01,145.72,25.154079999999997,25.347106434408836
2024-06-02,145.72,25.154079999999997,25.347106434408836
2024-06-03,145.72,25.154079999999997,25.347106434408836
2024-06-04,145.72,25.154079999999997,25.347106434408836
2024-06-05,145.72,25.154079999999997,25.347106434408836
2024-06-06,145.72,25.154079999999997,25.347106434408836
2024-06-07,145.72,25.154079999999997,25.347106434408836
2024-06-08,145.72,25.154079999999997,25.347106434408836
2024-06-09,145.72,25.154079999999997,25.347106434408836
2024-06-10,145.72,25.154079999999997,25.347106434408836
2024-06-11,145.72,25.154079999999997,25.347106434408836
2024-06-12,145.72,25.154079999999997,25.347106434408836
2024-06-13,145.72,25.154079999999997,25.347106434408836
2024-06-14,145.72,25.154079999999997,25.347106434408836
2024-06-15,145.72,25.154079999999997,25.347106434408836
2024-06-16,145.72,25.154079999999997,25.347106434408836
2024-06-17,145.72,25.154079999999997,25.347106434408836
2024-06-18,145.72,25.154079999999997,25.347106434408836
2024-06-19,145.72,25.154079999999997,25.347106434408836
2024-06-20,145.72,25.154079999999997,25.347106434408836
2024-06-21,145.72,25.154079999999997,25.347106434408836
2024-06-22,145.72,25.154079999999997,25.347106434408836
2024-06-23,145.72,25.154079999999997,25.347106434408836
2024-06-24,145.72,25.154079999999997,25.347106434408836
2024-06-25,145.72,25.154079999999997,25.347106434408836
2024-06-26,145.72,25.154079999999997,25.347106434408836
2024-06-27,145.72,25.154079999999997,25.347106434408836
2024-06-28,145.72,25.154079999999997,25.347106434408836
2024-06-29,145.72,25.154079999999997,25.347106434408836
2024-06-30,145.72,25.154079999999997,25.347106434408836
2024-07-01,145.72,25.154079999999997,25.347106434408836
2024-07-02,145.72,25.154079999999997,25.347106434408836
2024-07-03,145.72,25.154079999999997,25.347106434408836
2024-07-04,145.72,25.154079999999997,25.347106434408836
2024-07-05,145.72006944444445,25.15420206597223,25.347222067087703
2024-07-06,145.72,25.154079999999997,25.347106434408836
2024-07-07,145.7201388888889,25.154324131944456,25.347337699766573
2024-07-08,145.72,25.154079999999997,25.347106434408836
2024-07-09,145.72,25.154079999999997,25.347106434408836
2024-07-10,145.72006944444445,25.15420206597223,25.347222067087703
2024-07-11,145.72,25.154079999999997,25.347106434408836
2024-07-12,145.72,25.154079999999997,25.347106434408836
2024-07-13,145.72006944444445,25.15420206597223,25.347222067087703
2024-07-14,145.72,25.154079999999997,25.347106434408836
2024-07-15,145.72006944444445,25.15420206597223,25.347222067087703
2024-07-16,145.72,25.154079999999997,25.347106434408836
2024-07-17,145.72,25.154079999999997,25.347106434408836
2024-07-18,145.72,25.154079999999997,25.347106434408836
2024-07-19,145.72006944444445,25.15420206597223,25.347222067087703
2024-07-20,145.72,25.154079999999997,25.347106434408836
2024-07-21,145.72,25.154079999999997,25.347106434408836
2024-07-22,145.72,25.154079999999997,25.347106434408836
2024-07-23,145.72,25.154079999999997,25.347106434408836
2024-07-24,145.72,25.154079999999997,25.347106434408836
2024-07-25,145.7201388888889,25.154324131944456,25.347337699766573
2024-07-26,145.72,25.154079999999997,25.347106434408836
2024-07-27,145.72,25.154079999999997,25.347106434408836
2024-07-28,145.72,25.154079999999997,25.347106434408836
2024-07-29,145.7201388888889,25.154324131944456,25.347337699766573
2024-07-30,145.72,25.154079999999997,25.347106434408836
2024-07-31,145.72006944444445,25.15420206597223,25.347222067087703
2024-08-01,145.72020833333332,25.154446197916638,25.34745333244539
2024-08-02,145.7201388888889,25.154324131944456,25.347337699766573
2024-08-03,145.72,25.154079999999997,25.347106434408836
2024-08-04,145.7201388888889,25.154324131944456,25.347337699766573
2024-08-05,145.72006944444445,25.15420206597223,25.347222067087703
2024-08-06,145.72,25.154079999999997,25.347106434408836
2024-08-07,145.72,25.154079999999997,25.347106434408836
2024-08-08,145.72006944444445,25.15420206597223,25.347222067087703
2024-08-09,145.7202777777778,25.15456826388892,25.347568965124307
2024-08-10,145.7201388888889,25.154324131944456,25.347337699766573
2024-08-11,145.72006944444445,25.15420206597223,25.347222067087703
2024-08-12,145.7202777777778,25.15456826388892,25.347568965124307
2024-08-13,145.7201388888889,25.154324131944456,25.347337699766573
2024-08-14,145.72034722222222,25.154690329861097,25.347684597803127
2024-08-15,145.72006944444445,25.15420206597223,25.347222067087703
2024-08-16,145.72020833333332,25.154446197916638,25.34745333244539
2024-08-17,145.72,25.154079999999997,25.347106434408836
2024-08-18,145.7201388888889,25.154324131944456,25.347337699766573
2024-08-19,145.72125,25.156277187499995,25.349187822628306
2024-08-20,145.72159722222221,25.156887517361096,25.349765986022597
2024-08-21,145.7201388888889,25.154324131944456,25.347337699766573
2024-08-22,145.7211111111111,25.156033055555532,25.348956557270572
2024-08-23,145.72083333333333,25.155544791666664,25.34849402655515
2024-08-24,145.72090277777778,25.15566685763889,25.348609659234018
2024-08-25,145.72069444444443,25.1553006597222,25.348262761197415
2024-08-26,145.72083333333333,25.155544791666664,25.34849402655515
2024-08-27,145.72145833333332,25.156643385416636,25.34953472066486
2024-08-28,145.72215277777775,25.15786404513884,25.350691047453438
2024-08-29,145.72069444444443,25.1553006597222,25.348262761197415
2024-08-30,145.72048611111111,25.15493446180556,25.34791586316086
2024-08-31,145.72097222222223,25.155788923611123,25.348725291912885
2024-09-01,145.72090277777778,25.15566685763889,25.348609659234018
2024-09-02,145.72076388888888,25.155422725694432,25.34837839387628
2024-09-03,145.72104166666665,25.155910989583305,25.348840924591705
2024-09-04,145.72416666666666,25.161403958333324,25.354044395140402
2024-09-05,145.72263888888887,25.158718506944403,25.351500476205462
2024-09-06,145.72131944444445,25.156399253472223,25.349303455307172
2024-09-07,145.7213888888889,25.156521319444455,25.349419087986043
2024-09-08,145.72375,25.160671562499992,25.353350599067245
2024-09-09,145.72395833333334,25.161037760416683,25.35369749710385
2024-09-10,145.72215277777775,25.15786404513884,25.350691047453438
2024-09-11,145.721875,25.157375781250018,25.350228516738063
2024-09-12,145.72381944444444,25.16079362847222,25.35346623174611
2024-09-13,145.7277083333333,25.167629322916625,25.359944173463326
2024-09-14,145.7265972222222,25.16567626736109,25.358092883699808
2024-09-15,145.7265972222222,25.16567626736109,25.358092883699808
2024-09-16,145.7276388888889,25.167507256944447,25.359828467853145
2024-09-17,145.72944444444443,25.170680972222186,25.362836813718857
2024-09-18,145.72833333333332,25.16872791666665,25.36098552395534
2024-09-19,145.72340277777778,25.16006123263889,25.352772435672957
2024-09-20,145.72631944444444,25.165188003472217,25.35763006125894
2024-09-21,145.72819444444445,25.168483784722238,25.360754112734927
2024-09-22,145.7276388888889,25.167507256944447,25.359828467853145
2024-09-23,145.7298611111111,25.171413368055518,25.36353104738018
2024-09-24,145.7273611111111,25.167018993055525,25.35936564541223
2024-09-25,145.72965277777777,25.171047170138877,25.363183930549543
2024-09-26,145.72875,25.169460312499982,25.361679757616663
2024-09-27,145.72833333333332,25.16872791666665,25.36098552395534
2024-09-28,145.7278472222222,25.167873454861088,25.360175584683784
2024-09-29,145.72430555555556,25.161648090277783,25.354275660498136
2024-09-30,145.7273611111111,25.167018993055525,25.35936564541223
2024-10-01,145.7290972222222,25.170070642361086,25.36225828566776
2024-10-02,145.72965277777777,25.171047170138877,25.363183930549543
2024-10-03,145.7298611111111,25.171413368055518,25.36353104738018
2024-10-04,145.7290277777778,25.169948576388904,25.36214258005758
2024-10-05,145.72854166666667,25.16909411458334,25.361332640786024
2024-10-06,145.72729166666667,25.166896927083343,25.359249939802048
2024-10-07,145.72812499999998,25.16836171874996,25.36063840712465
2024-10-08,145.72993055555554,25.17153543402775,25.363646752990412
2024-10-09,145.72791666666666,25.167995520833315,25.36029129029401
2024-10-10,145.72812499999998,25.16836171874996,25.36063840712465
2024-10-11,145.72729166666667,25.166896927083343,25.359249939802048
2024-10-12,145.72868055555557,25.1693382465278,25.361564052006482
2024-10-13,145.72854166666667,25.16909411458334,25.361332640786024
2024-10-14,145.7290972222222,25.170070642361086,25.36225828566776
2024-10-15,145.72875,25.169460312499982,25.361679757616663
2024-10-16,145.7290277777778,25.169948576388904,25.36214258005758
2024-10-17,145.72979166666667,25.17129130208334,25.36341534177
2024-10-18,145.7298611111111,25.171413368055518,25.36353104738018
2024-10-19,145.72972222222222,25.17116923611111,25.363299636159773
2024-10-20,145.72979166666667,25.17129130208334,25.36341534177
2024-10-21,145.72979166666667,25.17129130208334,25.36341534177
2024-10-22,145.73,25.17165749999998,25.36376245860064
2024-10-23,145.72972222222222,25.17116923611111,25.363299636159773
2024-10-24,145.73,25.17165749999998,25.36376245860064
2024-10-25,145.73,25.17165749999998,25.36376245860064
2024-10-26,145.72979166666667,25.17129130208334,25.36341534177
2024-10-27,145.72993333333332,25.171540316666643,25.363651381214822
2024-10-28,145.72958333333332,25.17092510416665,25.363068224939315
2024-10-29,145.7298611111111,25.171413368055518,25.36353104738018
2024-10-30,145.73,25.17165749999998,25.36376245860064
2024-10-31,145.72993055555554,25.17153543402775,25.363646752990412
2024-11-01,145.72993055555554,25.17153543402775,25.363646752990412
2024-11-02,145.73,25.17165749999998,25.36376245860064
2024-11-03,145.72972222222222,25.17116923611111,25.363299636159773
2024-11-04,145.73,25.17165749999998,25.36376245860064
2024-11-05,145.72993055555554,25.17153543402775,25.363646752990412
2024-11-06,145.72993055555554,25.17153543402775,25.363646752990412
2024-11-07,145.73,25.17165749999998,25.36376245860064
2024-11-08,145.73,25.17165749999998,25.36376245860064
2024-11-09,145.73,25.17165749999998,25.36376245860064
2024-11-10,145.73,25.17165749999998,25.36376245860064
2024-11-11,145.73,25.17165749999998,25.36376245860064
2024-11-12,145.73,25.17165749999998,25.36376245860064
2024-11-13,145.72993055555554,25.17153543402775,25.363646752990412
2024-11-14,145.73,25.17165749999998,25.36376245860064
2024-11-15,145.72972222222222,25.17116923611111,25.363299636159773
2024-11-16,145.72965277777777,25.171047170138877,25.363183930549543
2024-11-17,145.72729166666667,25.166896927083343,25.359249939802048
2024-11-18,145.72958333333332,25.17092510416665,25.363068224939315
2024-11-19,145.73,25.17165749999998,25.36376245860064
2024-11-20,145.73,25.17165749999998,25.36376245860064
2024-11-21,145.7298611111111,25.171413368055518,25.36353104738018
2024-11-22,145.73,25.17165749999998,25.36376245860064
2024-11-23,145.72631944444444,25.165188003472217,25.35763006125894
2024-11-24,145.72590277777778,25.164455607638885,25.356935827597614
2024-11-25,145.72868055555557,25.1693382465278,25.361564052006482
2024-11-26,145.73,25.17165749999998,25.36376245860064
2024-11-27,145.73,25.17165749999998,25.36376245860064
2024-11-28,145.72951388888887,25.170803038194418,25.362952519329085
2024-11-29,145.73,25.17165749999998,25.36376245860064
2024-11-30,145.7263888888889,25.16531006944445,25.35774576686917
2024-12-01,145.72958333333332,25.17092510416665,25.363068224939315
2024-12-02,145.73,25.17165749999998,25.36376245860064
2024-12-03,145.73,25.17165749999998,25.36376245860064
2024-12-04,145.72993055555554,25.17153543402775,25.363646752990412
2024-12-05,145.72715277777777,25.166652795138884,25.35901852858159
2024-12-06,145.72840277777777,25.168849982638882,25.361101229565566
2024-12-07,145.73,25.17165749999998,25.36376245860064
2024-12-08,145.72979166666667,25.17129130208334,25.36341534177
2024-12-09,145.72993055555554,25.17153543402775,25.363646752990412
2024-12-10,145.7298611111111,25.171413368055518,25.36353104738018
2024-12-11,145.72805555555556,25.16823965277778,25.36052270151447
2024-12-12,145.72604166666667,25.164699739583344,25.35716723881807
2024-12-13,145.72972222222222,25.17116923611111,25.363299636159773
2024-12-14,145.73,25.17165749999998,25.36376245860064
2024-12-15,145.72833333333332,25.16872791666665,25.36098552395534
2024-12-16,145.7240972222222,25.161281892361092,25.353928762461535
2024-12-17,145.72479166666665,25.162502552083296,25.355085089250114
2024-12-18,145.72569444444446,25.164089409722244,25.356588710766975
2024-12-19,145.72701388888888,25.16640866319442,25.358787117361132
2024-12-20,145.72958333333332,25.17092510416665,25.363068224939315
2024-12-21,145.7288194444444,25.169582378472164,25.361795463226844
2024-12-22,145.72583333333333,25.164333541666654,25.356820121987386
2024-12-23,145.72590277777778,25.164455607638885,25.356935827597614
2024-12-24,145.72104166666665,25.155910989583305,25.348840924591705
2024-12-25,145.71993055555555,25.153957934027765,25.34699080172997
2024-12-26,145.72180555555553,25.15725371527774,25.35011288405915
2024-12-27,145.72527777777776,25.16335701388886,25.35589451800214
2024-12-28,145.72687499999998,25.16616453124996,25.358555706140674
2024-12-29,145.72361111111113,25.16042743055558,25.353119333709557
2024-12-30,145.72326388888888,25.159817100694426,25.35254117031522
2024-12-31,145.72340277777778,25.16006123263889,25.352772435672957
2025-01-01,145.723125,25.159572968750016,25.352309904957533
2025-01-02,145.7229861111111,25.159328836805557,25.3520786395998
2025-01-03,145.72548611111108,25.1637232118055,25.356241593936243
2025-01-04,145.72993055555554,25.17153543402775,25.363646752990412
2025-01-05,145.72604166666667,25.164699739583344,25.35716723881807
2025-01-06,145.72979166666667,25.17129130208334,25.36341534177
2025-01-07,145.72993055555554,25.17153543402775,25.363646752990412
2025-01-08,145.72590277777778,25.164455607638885,25.356935827597614
2025-01-09,145.72493055555555,25.16274668402776,25.355316354607847
2025-01-10,145.72812499999998,25.16836171874996,25.36063840712465
2025-01-11,145.72944444444443,25.170680972222186,25.362836813718857
2025-01-12,145.72729166666667,25.166896927083343,25.359249939802048
2025-01-13,145.72048611111111,25.15493446180556,25.34791586316086
2025-01-14,145.7220895522388,25.157752910447748,25.350585769939883
2025-01-15,145.72404411764705,25.161188547794108,25.353840337471826
2025-01-16,145.72277777777776,25.158962638888866,25.3517317415632
2025-01-17,145.72583333333333,25.164333541666654,25.356820121987386
2025-01-18,145.72591549295774,25.164477957746463,25.356957013131872
2025-01-19,145.7286111111111,25.169216180555523,25.361448346396205
2025-01-20,145.7289583333333,25.169826510416623,25.362026874447302
2025-01-21,145.72472222222223,25.162380486111118,25.354969456571293
2025-01-22,145.72381944444444,25.16079362847222,25.35346623174611
2025-01-23,145.72562499999998,25.163967343749963,25.356473005156698
2025-01-24,145.72465277777778,25.162258420138887,25.354853823892427
2025-01-25,145.72513888888886,25.1631128819444,25.3556632526444
2025-01-26,145.72354166666665,25.160305364583298,25.353003701030644
2025-01-27,145.72208333333333,25.15774197916666,25.35057541477462
2025-01-28,145.72812499999998,25.16836171874996,25.36063840712465
2025-01-29,145.72715277777777,25.166652795138884,25.35901852858159
2025-01-30,145.72263888888887,25.158718506944403,25.351500476205462
2025-01-31,145.72451388888888,25.162014288194424,25.35462255853469
2025-02-01,145.72694444444446,25.16628659722224,25.35867141175095
2025-02-02,145.7292361111111,25.170314774305545,25.36248969688822
2025-02-03,145.72756944444444,25.167385190972215,25.359712762242918
2025-02-04,145.72465277777778,25.162258420138887,25.354853823892427
2025-02-05,145.723125,25.159572968750016,25.352309904957533
2025-02-06,145.72506944444444,25.16299081597222,25.35554761996558
2025-02-07,145.72520833333334,25.16323494791668,25.355778885323318
2025-02-08,145.7286111111111,25.169216180555523,25.361448346396205
2025-02-09,145.72811188811187,25.168338671328634,25.36061656061084
2025-02-10,145.72277777777776,25.158962638888866,25.3517317415632
2025-02-11,145.7213888888889,25.156521319444455,25.349419087986043
2025-02-12,145.7248611111111,25.162624618055528,25.35520072192898
2025-02-13,145.72875,25.169460312499982,25.361679757616663
2025-02-14,145.72583333333333,25.164333541666654,25.356820121987386
2025-02-15,145.72701388888888,25.16640866319442,25.358787117361132
2025-02-16,145.72506944444444,25.16299081597222,25.35554761996558
2025-02-17,145.72493055555555,25.16274668402776,25.355316354607847
2025-02-18,145.72756944444444,25.167385190972215,25.359712762242918
2025-02-19,145.72513888888886,25.1631128819444,25.3556632526444
2025-02-20,145.72590277777778,25.164455607638885,25.356935827597614
2025-02-21,145.729375,25.170558906250008,25.362721108108676
2025-02-22,145.72743055555554,25.167141059027756,25.35948135102246
2025-02-23,145.72465277777778,25.162258420138887,25.354853823892427
2025-02-24,145.72437499999998,25.161770156249965,25.354391293176956
2025-02-25,145.72479166666665,25.162502552083296,25.355085089250114
2025-02-26,145.7288888888889,25.16970444444444,25.36191116883712
2025-02-27,145.72618055555554,25.164943871527758,25.357398650038483
2025-02-28,145.72562499999998,25.163967343749963,25.356473005156698
2025-03-01,145.72958333333332,25.17092510416665,25.363068224939315
2025-03-02,145.7298611111111,25.171413368055518,25.36353104738018
2025-03-03,145.72993055555554,25.17153543402775,25.363646752990412
2025-03-04,145.72437499999998,25.161770156249965,25.354391293176956
2025-03-05,145.72541666666666,25.163601145833322,25.35612588832606
2025-03-06,145.72625,25.165065937499985,25.35751435564871
2025-03-07,145.7298611111111,25.171413368055518,25.36353104738018
2025-03-08,145.72979166666667,25.17129130208334,25.36341534177
2025-03-09,145.72930555555553,25.170436840277727,25.3626054024984
2025-03-10,145.72965277777777,25.171047170138877,25.363183930549543
2025-03-11,145.72979166666667,25.17129130208334,25.36341534177
2025-03-12,145.7290277777778,25.169948576388904,25.36214258005758
2025-03-13,145.7298611111111,25.171413368055518,25.36353104738018
2025-03-14,145.72958333333332,25.17092510416665,25.363068224939315
2025-03-15,145.72854166666667,25.16909411458334,25.361332640786024
2025-03-16,145.7273611111111,25.167018993055525,25.35936564541223
2025-03-17,145.72520833333334,25.16323494791668,25.355778885323318
2025-03-18,145.72993055555554,25.17153543402775,25.363646752990412
2025-03-19,145.72993055555554,25.17153543402775,25.363646752990412
2025-03-20,145.72972222222222,25.17116923611111,25.363299636159773
2025-03-21,145.72854166666667,25.16909411458334,25.361332640786024
2025-03-22,145.73055555555553,25.172634027777725,25.364688103482376
2025-03-23,145.73006944444444,25.171779565972212,25.36387816421087
2025-03-24,145.73,25.17165749999998,25.36376245860064
2025-03-25,145.73,25.17165749999998,25.36376245860064
2025-03-26,145.73,25.17165749999998,25.36376245860064
2025-03-27,145.7290277777778,25.169948576388904,25.36214258005758
2025-03-28,145.72993055555554,25.17153543402775,25.363646752990412
2025-03-29,145.72958333333332,25.17092510416665,25.363068224939315
2025-03-30,145.72978260869564,25.171275380434764,25.363400249733864
2025-03-31,145.72993055555554,25.17153543402775,25.363646752990412
2025-04-01,145.7261111111111,25.164821805555526,25.357282944428253
2025-04-02,145.8373611111111,25.36037149305555,25.543244689452013
2025-04-03,146.01354166666667,25.672427734375002,25.84040223297681
2025-04-04,146.0975,25.83472968749999,25.98316032533132
2025-04-05,146.15930555555553,25.95420755208329,26.088725262921432
2025-04-06,146.20652777777775,26.045494010416615,26.169651571572903
2025-04-07,146.25090277777778,26.131276432291674,26.2459138437239
2025-04-08,146.28756944444444,26.202157682291663,26.30908413308413
2025-04-09,146.31423611111111,26.253707682291672,26.355114957077923
2025-04-10,146.33902777777777,26.301633072916655,26.397977528530653
2025-04-11,146.153125,25.942259765624975,26.078150354441814
2025-04-12,145.791875,25.280418281250007,25.467055040374095
2025-04-13,145.80618055555556,25.305563871527777,25.490992876075126
2025-04-14,145.82125000000002,25.332052187500036,25.51623386507313
2025-04-15,145.83013888888888,25.34767663194443,25.531133288124373
2025-04-16,145.84680555555553,25.37697246527774,25.55909135526916
2025-04-17,145.85861111111112,25.397723680555565,25.57891359975672
2025-04-18,145.87305555555557,25.423113402777794,25.603185775728356
2025-04-19,145.88312499999998,25.44081296874996,25.620119402303946
2025-04-20,145.89215277777777,25.456681545138867,25.635310590134534
2025-04-21,145.90131944444445,25.472794253472237,25.650744137123777
2025-04-22,145.90666666666667,25.48219333333333,25.659750398506876
2025-04-23,145.91527777777776,25.497329513888857,25.674260754769264
2025-04-24,145.91833333333332,25.502700416666645,25.679412761968592
2025-04-25,145.9154861111111,25.497695711805548,25.674611989842926
2025-04-26,145.9140972222222,25.49525439236109,25.672271431733297
2025-04-27,145.91180555555556,25.491226215277784,25.66840980466349
2025-04-28,145.9179861111111,25.502090086805545,25.678827301953277
2025-04-29,145.93881944444445,25.538709878472226,25.713972780311078
2025-04-30,145.95,25.55836249999998,25.732853024735267
2025-05-01,145.94833333333332,25.555432916666646,25.73003756006892
2025-05-02,145.94465277777778,25.548963420138882,25.723820773645947
2025-05-03,145.93923611111111,25.53944227430556,25.714676208406424
2025-05-04,145.92868055555556,25.520888246527782,25.696863006712775
2025-05-05,145.92111111111112,25.507583055555564,25.684096442091235
2025-05-06,145.91381944444444,25.494766128472218,25.671803355724848
2025-05-07,145.90534722222222,25.4798740798611,25.657527037466664
2025-05-08,145.8948611111111,25.461442118055555,25.63986863756962
2025-05-09,145.88625,25.44630593749998,25.625376384186307
2025-05-10,145.87958333333333,25.43458760416666,25.614162601225434
2025-05-11,145.87159722222225,25.42055001736116,25.60073450799777
2025-05-12,145.84416666666667,25.372333958333332,25.55466248302126
2025-05-13,145.8345138888889,25.35536678819445,25.53846870105681
2025-05-14,145.81902777777776,25.32814607638886,25.51251027602225
2025-05-15,145.8622916666667,25.40419317708338,25.585096264517368
2025-05-16,146.3275,26.279348437499973,26.378038985231175
2025-05-17,146.4272222222222,26.472123958333313,26.550979744569624
2025-05-18,146.44708333333332,26.510517968749983,26.585548481902865
2025-05-19,146.4563888888889,26.52850677083337,26.601759085493775
2025-05-20,146.45930555555555,26.53414505208331,26.606842740935086
2025-05-21,146.45486111111111,26.52555338541667,26.599096698572218
2025-05-22,146.4498611111111,26.515887760416625,26.59038713071332
2025-05-23,146.44965277777777,26.515485026041652,26.59002423205256
2025-05-24,146.44618055555554,26.50877278645831,26.583975921039453
2025-05-25,146.4347222222222,26.4866223958333,26.564028287384815
2025-05-26,146.42673611111113,26.471184244791694,26.550134005683496
2025-05-27,146.415,26.448496874999982,26.529726658659065
2025-05-28,146.39666666666665,26.41305624999996,26.497877976090734
2025-05-29,146.38354166666667,26.387683984375013,26.475098797361465
2025-05-30,146.36881944444445,26.359224088541687,26.449569404516108
2025-05-31,146.3551388888889,26.33277786458333,26.42586529946036
2025-06-01,146.34465277777778,26.312506901041672,26.407710594603095
2025-06-02,146.32868055555556,26.281630598958348,26.3800804839034
2025-06-03,146.31298611111112,26.251291276041673,26.35295600354048
2025-06-04,146.29326388888887,26.2131657552083,26.318907370929267
2025-06-05,146.27548611111112,26.178799088541684,26.288250054533535
2025-06-06,146.26090277777777,26.150607682291657,26.263128167385613
2025-06-07,146.24520833333335,26.120268359375036,26.236114706356332
2025-06-08,146.23069444444445,26.09221119791668,26.21115871417696
2025-06-09,146.21472222222224,26.061334895833358,26.183718423285445
2025-06-10,146.1978472222222,26.028713411458305,26.154758108925336
2025-06-11,146.17805555555555,25.990453645833313,26.120829734485305
2025-06-12,146.15868055555555,25.95299934895832,26.087655656891233
2025-06-13,146.1377083333333,25.912457421874947,26.051790971703078
2025-06-14,146.11618055555556,25.87084153645834,26.015024051814496
2025-06-15,146.0948611111111,25.829628385416644,25.97866135233109
2025-06-16,146.07229166666667,25.78599882812501,25.94021982661962
2025-06-17,146.05083333333334,25.74451718750002,25.90371985627648
2025-06-18,146.03131944444442,25.70679440104162,25.870569166121985
2025-06-19,146.01944444444447,25.683838541666724,25.850415254161447
2025-06-20,146.0097222222222,25.665044270833278,25.833926028333803
2025-06-21,145.99444444444444,25.636484722222214,25.80803356128085
2025-06-22,145.9742361111111,25.600963524305556,25.773823844239992
2025-06-23,145.95125,25.560559687499975,25.73496462323503
2025-06-24,145.92930555555554,25.521986840277755,25.69791749178167
2025-06-25,145.90729166666668,25.483291927083357,25.660803569525946
2025-06-26,145.88312499999998,25.44081296874996,25.620119402303946
2025-06-27,145.8609027777778,25.401751857638917,25.582763183475613
2025-06-28,145.83270833333333,25.35219307291666,25.535441387783102
2025-06-29,145.8022222222222,25.29860611111109,25.484367643235615
2025-06-30,145.77034722222223,25.24257782986112,25.431071571168882
2025-07-01,145.7423611111111,25.19338524305555,25.38436545569563
2025-07-02,145.7186111111111,25.15163868055554,25.344793780831633
2025-07-03,145.695,25.110136249999986,25.30551117201173
2025-07-04,145.67354166666667,25.07241786458333,25.269862502294707
2025-07-05,145.6507638888889,25.032380225694443,25.232074631592326
2025-07-06,145.626875,24.99038953125002,25.192500794707286
2025-07-07,145.59854166666668,24.94058661458335,25.14564322169929
2025-07-08,145.56583333333333,24.88309354166666,25.09165364504923
2025-07-09,145.52868055555555,24.817788246527773,25.030466011294966
2025-07-10,145.49430555555557,24.757365590277804,24.97398059704324
2025-07-11,145.46527777777777,24.706342013888875,24.926378462896658
2025-07-12,145.43388888888887,24.651168194444416,24.87500494941331
2025-07-13,145.40479166666668,24.60002255208336,24.82747348088596
2025-07-14,145.37395833333332,24.545825260416642,24.77720363757893
2025-07-15,145.34729166666665,24.4989519270833,24.733807297779595
2025-07-16,145.32041666666666,24.45171239583332,24.690147599435523
2025-07-17,145.2938888888889,24.40508319444444,24.647125074796083
2025-07-18,145.26770833333333,24.359064322916662,24.604738945229958
2025-07-19,145.24173611111112,24.313411649305575,24.562761007565342
2025-07-20,145.215625,24.26751484374998,24.52062852477701
2025-07-21,145.19145833333334,24.225035885416684,24.481699257849257
2025-07-22,145.1686111111111,24.184876180555516,24.444950579460897
2025-07-23,145.1404861111111,24.13543946180554,24.399788162413287
2025-07-24,145.13326388888888,24.12274460069442,24.38820377330034
2025-07-25,145.13958333333332,24.13385260416664,24.398339845101198
2025-07-26,145.13993055555554,24.134462934027745,24.398896890221224
2025-07-27,145.13986111111112,24.134340868055563,24.398785481197255
2025-07-28,145.13986111111112,24.134340868055563,24.398785481197255
2025-07-29,145.13993055555554,24.134462934027745,24.398896890221224
2025-07-30,145.14,24.134584999999973,24.399008299245235
2025-07-31,145.14,24.134584999999973,24.399008299245235
2025-08-01,145.14,24.134584999999973,24.399008299245235
2025-08-02,145.14,24.134584999999973,24.399008299245235
2025-08-03,145.14,24.134584999999973,24.399008299245235
2025-08-04,145.13993055555554,24.134462934027745,24.398896890221224
2025-08-05,145.13993055555554,24.134462934027745,24.398896890221224
2025-08-06,145.14,24.134584999999973,24.399008299245235
2025-08-07,145.14,24.134584999999973,24.399008299245235
2025-08-08,145.14,24.134584999999973,24.399008299245235
2025-08-09,145.14,24.134584999999973,24.399008299245235
2025-08-10,145.14,24.134584999999973,24.399008299245235
2025-08-11,145.14,24.134584999999973,24.399008299245235
2025-08-12,145.14,24.134584999999973,24.399008299245235
2025-08-13,145.14,24.134584999999973,24.399008299245235
2025-08-14,145.14,24.134584999999973,24.399008299245235
2025-08-15,145.14,24.134584999999973,24.399008299245235
2025-08-16,145.13986111111112,24.134340868055563,24.398785481197255
2025-08-17,145.14,24.134584999999973,24.399008299245235
2025-08-18,145.14,24.134584999999973,24.399008299245235
2025-08-19,145.14,24.134584999999973,24.399008299245235
2025-08-20,145.14,24.134584999999973,24.399008299245235
2025-08-21,145.14013888888886,24.134829131944386,24.39923111729322
2025-08-22,145.14,24.134584999999973,24.399008299245235
2025-08-23,145.14,24.134584999999973,24.399008299245235
2025-08-24,145.14,24.134584999999973,24.399008299245235
2025-08-25,145.14,24.134584999999973,24.399008299245235
2025-08-26,145.14,24.134584999999973,24.399008299245235
2025-08-27,145.14,24.134584999999973,24.399008299245235
2025-08-28,145.14083333333332,24.13604979166664,24.40034520753331
2025-08-29,145.14,24.134584999999973,24.399008299245235
2025-08-30,145.14,24.134584999999973,24.399008299245235
2025-08-31,145.14,24.134584999999973,24.399008299245235
2025-09-01,145.14,24.134584999999973,24.399008299245235
2025-09-02,145.14,24.134584999999973,24.399008299245235
2025-09-03,145.14,24.134584999999973,24.399008299245235
2025-09-04,145.14,24.134584999999973,24.399008299245235
2025-09-05,145.14,24.134584999999973,24.399008299245235
2025-09-06,145.14,24.134584999999973,24.399008299245235
2025-09-07,145.14,24.134584999999973,24.399008299245235
2025-09-08,145.14,24.134584999999973,24.399008299245235
2025-09-09,145.14,24.134584999999973,24.399008299245235
2025-09-10,145.14027777777775,24.135073263888845,24.399453935341246
2025-09-11,145.14,24.134584999999973,24.399008299245235
2025-09-12,145.14,24.134584999999973,24.399008299245235
2025-09-13,145.14,24.134584999999973,24.399008299245235
2025-09-14,145.14,24.134584999999973,24.399008299245235
2025-09-15,145.14,24.134584999999973,24.399008299245235
2025-09-16,145.14,24.134584999999973,24.399008299245235
2025-09-17,145.14,24.134584999999973,24.399008299245235
2025-09-18,145.14,24.134584999999973,24.399008299245235
2025-09-19,145.14,24.134584999999973,24.399008299245235
2025-09-20,145.14,24.134584999999973,24.399008299245235
2025-09-21,145.14,24.134584999999973,24.399008299245235
2025-09-22,145.14,24.134584999999973,24.399008299245235
2025-09-23,145.14,24.134584999999973,24.399008299245235
2025-09-24,145.14,24.134584999999973,24.399008299245235
2025-09-25,145.14,24.134584999999973,24.399008299245235
2025-09-26,145.14,24.134584999999973,24.399008299245235
2025-09-27,145.14,24.134584999999973,24.399008299245235
2025-09-28,145.14,24.134584999999973,24.399008299245235
2025-09-29,145.14,24.134584999999973,24.399008299245235
2025-09-30,145.14,24.134584999999973,24.399008299245235
2025-10-01,145.14,24.134584999999973,24.399008299245235
2025-10-02,145.14006944444444,24.134707065972204,24.39911970826925
2025-10-03,145.14,24.134584999999973,24.399008299245235
2025-10-04,145.14,24.134584999999973,24.399008299245235
2025-10-05,145.14006944444444,24.134707065972204,24.39911970826925
2025-10-06,145.14,24.134584999999973,24.399008299245235
2025-10-07,145.14,24.134584999999973,24.399008299245235
2025-10-08,145.14,24.134584999999973,24.399008299245235
2025-10-09,145.14,24.134584999999973,24.399008299245235
2025-10-10,145.14,24.134584999999973,24.399008299245235
2025-10-11,145.14,24.134584999999973,24.399008299245235
2025-10-12,145.14,24.134584999999973,24.399008299245235
2025-10-13,145.14,24.134584999999973,24.399008299245235
2025-10-14,145.14,24.134584999999973,24.399008299245235
2025-10-15,145.14,24.134584999999973,24.399008299245235
2025-10-16,145.14,24.134584999999973,24.399008299245235
2025-10-17,145.13979166666664,24.134218802083282,24.398674072173193
2025-10-18,145.14,24.134584999999973,24.399008299245235
2025-10-19,145.14,24.134584999999973,24.399008299245235
2025-10-20,145.14,24.134584999999973,24.399008299245235
2025-10-21,145.1403472222222,24.135195329861077,24.399565344365257
2025-10-22,145.14,24.134584999999973,24.399008299245235
2025-10-23,145.14111111111112,24.13653805555556,24.400790843629363
2025-10-24,145.14006944444444,24.134707065972204,24.39911970826925
2025-10-25,145.14,24.134584999999973,24.399008299245235
2025-10-26,145.14,24.134584999999973,24.399008299245235
2025-10-27,145.14,24.134584999999973,24.399008299245235
2025-10-28,145.14,24.134584999999973,24.399008299245235
2025-10-29,145.14,24.134584999999973,24.399008299245235
2025-10-30,145.14055555555555,24.135561527777767,24.3998995714373
2025-10-31,145.14,24.134584999999973,24.399008299245235
2025-11-01,145.14,24.134584999999973,24.399008299245235
2025-11-02,145.14,24.134584999999973,24.399008299245235
2025-11-03,145.14,24.134584999999973,24.399008299245235
2025-11-04,145.14,24.134584999999973,24.399008299245235
2025-11-05,145.14,24.134584999999973,24.399008299245235
2025-11-06,145.14,24.134584999999973,24.399008299245235
2025-11-07,145.14,24.134584999999973,24.399008299245235
2025-11-08,145.14,24.134584999999973,24.399008299245235
2025-11-09,145.14,24.134584999999973,24.399008299245235
2025-11-10,145.14,24.134584999999973,24.399008299245235
2025-11-11,145.14,24.134584999999973,24.399008299245235
2025-11-12,145.14,24.134584999999973,24.399008299245235
2025-11-13,145.14,24.134584999999973,24.399008299245235
2025-11-14,145.14,24.134584999999973,24.399008299245235
2025-11-15,145.14,24.134584999999973,24.399008299245235
2025-11-16,145.14097222222222,24.1362939236111,24.400568025581336
2025-11-17,145.14,24.134584999999973,24.399008299245235
2025-11-18,145.14215277777777,24.13836904513887,24.402461978989432
2025-11-19,145.14,24.134584999999973,24.399008299245235
2025-11-20,145.14,24.134584999999973,24.399008299245235
2025-11-21,145.14,24.134584999999973,24.399008299245235
2025-11-22,145.14055555555555,24.135561527777767,24.3998995714373
2025-11-23,145.14,24.134584999999973,24.399008299245235
2025-11-24,145.14305555555555,24.139955902777764,24.403910296301518
2025-11-25,145.14291666666665,24.139711770833305,24.40368747825349
2025-11-26,145.14,24.134584999999973,24.399008299245235
2025-11-27,145.14,24.134584999999973,24.399008299245235
2025-11-28,145.14,24.134584999999973,24.399008299245235
2025-11-29,145.14,24.134584999999973,24.399008299245235
2025-11-30,145.14,24.134584999999973,24.399008299245235
2025-12-01,145.14,24.134584999999973,24.399008299245235
2025-12-02,145.14,24.134584999999973,24.399008299245235
2025-12-03,145.14,24.134584999999973,24.399008299245235
2025-12-04,145.14,24.134584999999973,24.399008299245235
2025-12-05,145.14,24.134584999999973,24.399008299245235
2025-12-06,145.14,24.134584999999973,24.399008299245235
2025-12-07,145.14,24.134584999999973,24.399008299245235
2025-12-08,145.14,24.134584999999973,24.399008299245235
2025-12-09,145.14,24.134584999999973,24.399008299245235
2025-12-10,145.14,24.134584999999973,24.399008299245235
2025-12-11,145.14,24.134584999999973,24.399008299245235
2025-12-12,145.14,24.134584999999973,24.399008299245235
2025-12-13,145.14,24.134584999999973,24.399008299245235
2025-12-14,145.14,24.134584999999973,24.399008299245235
2025-12-15,145.14076388888887,24.13592772569441,24.400233798509294
2025-12-16,145.14076388888887,24.13592772569441,24.400233798509294
2025-12-17,145.14,24.134584999999973,24.399008299245235
2025-12-18,145.14,24.134584999999973,24.399008299245235
2025-12-19,145.14,24.134584999999973,24.399008299245235
2025-12-20,145.14,24.134584999999973,24.399008299245235
2025-12-21,145.14,24.134584999999973,24.399008299245235
2025-12-22,145.14,24.134584999999973,24.399008299245235
2025-12-23,145.14006944444444,24.134707065972204,24.39911970826925
2025-12-24,145.1403472222222,24.135195329861077,24.399565344365257
2025-12-25,145.1403472222222,24.135195329861077,24.399565344365257
2025-12-26,145.14,24.134584999999973,24.399008299245235
2025-12-27,145.14,24.134584999999973,24.399008299245235
2025-12-28,145.14,24.134584999999973,24.399008299245235
2025-12-29,145.14,24.134584999999973,24.399008299245235
2025-12-30,145.14,24.134584999999973,24.399008299245235
2025-12-31,145.14,24.134584999999973,24.399008299245235
2026-01-01,145.14,24.134584999999973,24.399008299245235
2026-01-02,145.14319444444445,24.140200034722227,24.404133114349545
2026-01-03,145.14409722222223,24.14178689236112,24.40558143166163
2026-01-04,145.1447222222222,24.142885486111094,24.406584112877663
2026-01-05,145.14027777777775,24.135073263888845,24.399453935341246
2026-01-06,145.14215277777777,24.13836904513887,24.402461978989432
2026-01-07,145.14,24.134584999999973,24.399008299245235
2026-01-08,145.14,24.134584999999973,24.399008299245235
2026-01-09,145.14097222222222,24.1362939236111,24.400568025581336
2026-01-10,145.14055555555555,24.135561527777767,24.3998995714373
2026-01-11,145.14,24.134584999999973,24.399008299245235
2026-01-12,145.14,24.134584999999973,24.399008299245235
2026-01-13,145.14,24.134584999999973,24.399008299245235
2026-01-14,145.14006944444444,24.134707065972204,24.39911970826925
2026-01-15,145.14027777777775,24.135073263888845,24.399453935341246
2026-01-16,145.14006944444444,24.134707065972204,24.39911970826925
2026-01-17,145.14,24.134584999999973,24.399008299245235
2026-01-18,145.14,24.134584999999973,24.399008299245235
2026-01-19,145.1417361111111,24.137636649305534,24.401793524845395
2026-01-20,145.14020833333333,24.134951197916667,24.399342526317277
2026-01-21,145.14,24.134584999999973,24.399008299245235
2026-01-22,145.14,24.134584999999973,24.399008299245235
2026-01-23,145.14,24.134584999999973,24.399008299245235
2026-01-24,145.14215277777777,24.13836904513887,24.402461978989432
2026-01-25,145.14,24.134584999999973,24.399008299245235
2026-01-26,145.14006944444444,24.134707065972204,24.39911970826925
2026-01-27,145.14,24.134584999999973,24.399008299245235
2026-01-28,145.1429861111111,24.139833836805533,24.403798887277503
2026-01-29,145.1792361111111,24.203552274305526,24.46203364243561
2026-01-30,145.60097222222223,24.944858923611115,25.149659744358583
2026-01-31,146.00506944444444,25.656049869791666,25.826037093641894
2026-02-01,147.14854166666666,27.866524609374984,27.833148595806836
2026-02-02,148.25541666666666,30.065221666666655,29.90771105168124
2026-02-03,148.6817361111111,30.987776944444402,30.741441319595584
2026-02-04,148.90291666666667,31.466411666666673,31.18161380232192
2026-02-05,149.22534722222224,32.164151388888925,31.83262550207037
2026-02-06,149.44708333333335,32.643988333333375,32.28676672238087
2026-02-07,149.5826388888889,32.9373305555556,32.56698654924254
2026-02-08,149.739375,33.27650749999999,32.89343901000654
2026-02-09,150.0111111111111,33.867269444444396,33.465642115185894
2026-02-10,150.35111111111112,34.68641444444447,34.19272631602483
2026-02-11,150.54319444444445,35.149191215277796,34.60897071645169
2026-02-12,151.1261111111111,36.55358319444442,35.896400051884555
2026-02-13,152.24472222222224,39.302038229166705,38.46937782537738
2026-02-14,152.53847222222223,40.07390307291667,39.167428328106226
2026-02-15,153.22833333333335,41.88659937500005,40.84346860600208
2026-02-16,154.63354166666667,45.724991276041685,44.41712837499947
2026-02-17,155.21284722222222,47.38071896701389,45.9529295333632
2026-02-18,155.44791666666666,48.05257682291664,46.58656312686288
2026-02-19,155.60409722222224,48.49896037326393,47.010885649737034
2026-02-20,155.74152777777778,48.8917540798611,47.386471941086036
2026-02-21,156.1776388888889,50.18173567708339,48.59199757751239
2026-02-22,156.45527777777778,51.043283854166674,49.370305620388315
2026-02-23,156.58833333333334,51.45617187500002,49.74629565797515
2026-02-24,156.68222222222224,51.747520833333375,50.0127746837143
2026-02-25,156.76125,51.992753906249966,50.23782341602219
2026-02-26,156.8278472222222,52.19941341145827,50.42800468751639
2026-02-27,156.88729166666667,52.38387695312501,50.598170727708336
2026-02-28,156.9420138888889,52.55368684895839,50.7551620229762
2026-03-01,156.99027777777778,52.70345572916666,50.89389764808535
2026-03-02,157.03465277777778,52.84115690104167,51.021678915313785
2026-03-03,157.07395833333334,52.96312695312501,51.13504400124146
2026-03-04,157.10944444444445,53.07324479166668,51.23753909304479
2026-03-05,157.14104166666664,53.17129492187491,51.328917571826494
2026-03-06,157.16451388888888,53.244132161458296,51.39686872278325
2026-03-07,157.18673611111112,53.31309049479168,51.46125805985164
2026-03-08,157.21333333333334,53.39562500000002,51.538395212182444
2026-03-09,157.23756944444443,53.47083268229163,51.60875221133478
2026-03-10,157.2775,53.59474218750001,51.724810410168594
2026-03-11,157.3071527777778,53.68675846354169,51.81110943007361
2026-03-12,157.33243055555556,53.76519856770835,51.88475245529334
2026-03-13,157.355,53.83523437499997,51.95056322840291
2026-03-14,157.37395833333332,53.89406445312496,52.00588879780509
2026-03-15,157.40680555555554,53.99599348958327,52.1018386079623
2026-03-16,157.57000000000002,54.50240625000007,52.58030281852665
2026-03-17,157.77305555555554,55.1325130208333,53.17972035095307
2026-03-18,157.94583333333333,55.66866406249998,53.69332851397451
2026-03-19,158.03319444444443,55.94751571180552,53.95427387995315
2026-03-20,158.09631944444445,56.158155946180564,54.143348469020594
2026-03-21,158.20111111111112,56.507832638888914,54.45819487264895
2026-03-22,158.2470138888889,56.661004470486105,54.596489593566325
2026-03-23,158.2784722222222,56.765976996527726,54.691401269144706
2026-03-24,158.31083333333333,56.87396197916667,54.78915016222022
2026-03-25,158.35097222222223,57.00790043402779,54.91055240365086
2026-03-26,158.37666666666667,57.09363958333333,54.988359109677305
2026-03-27,158.4215972222222,57.24356723090272,55.12459239063015
2026-03-28,158.6395138888889,57.970727907986145,55.788487479176545
2026-03-29,158.7752898550725,58.423795335145,56.20478226267233
2026-03-30,158.8320138888889,58.613076345486135,56.379304435375595
2026-03-31,158.9454861111111,58.99171896701388,56.72948487159279
2026-04-01,159.34381944444442,60.32090750868048,57.97001608619129
2026-04-02,159.62645833333332,61.26403815104162,58.86086967715418
2026-04-03,160.26076388888887,63.444491059027726,60.89231193448687
2026-04-04,160.52298611111112,64.38370550347227,61.74512523489982
2026-04-05,160.63875,64.79834281249995,62.12404392910249
2026-04-06,160.71027777777778,65.05453743055556,62.35891146876883
2026-04-07,160.76368055555557,65.24581282986115,62.53463322226152
2026-04-08,160.81006944444445,65.41196623263892,62.687533670324136
2026-04-09,160.84916666666666,65.55200270833332,62.816585139293295
2026-04-10,160.88159722222224,65.6681608506945,62.923760093567836
2026-04-11,160.91416666666666,65.78481645833331,63.03151076538263
2026-04-12,160.93645833333332,65.86465963541663,63.10532743608358
2026-04-13,160.95402777777778,65.92758899305558,63.16354585075676
2026-04-14,160.9876388888889,66.04797559027786,63.275015904315225
2026-04-15,161.42270833333333,67.60628557291668,64.7292223161442
2026-04-16,161.8634027777778,69.18474289930562,66.22367040376754
2026-04-17,161.96756944444445,69.55784185763892,66.58006803984706
2026-04-18,162.02666666666667,69.77711000000002,66.78280066301551
2026-04-19,162.07069444444446,69.94734890625006,66.93409125948273
2026-04-20,162.10270833333334,70.07113460937504,67.04423371355823
2026-04-21,162.12715277777778,70.16565210937502,67.12841061153014
2026-04-22,162.151875,70.26124367187496,67.21361237874208
2026-04-23,162.17291666666665,70.34260390624995,67.28618260978635
2026-04-24,162.1929861111111,70.42020492187501,67.35544589609471
2026-04-25,162.21034722222223,70.48733382812502,67.41539882114103
2026-04-26,162.22166666666666,70.53110187499999,67.45450584059402
2026-04-27,162.23340277777777,70.57648101562498,67.49506712177168
2026-04-28,162.27562500000002,70.73973851562508,67.64111941336033
2026-04-29,162.31229166666668,70.88151476562506,67.76811696070847
2026-04-30,162.31875,70.90648671874999,67.79050125777967
2026-05-01,162.33333333333334,70.96287500000004,67.8410629798004
2026-05-02,162.34131944444445,70.99375429687504,67.86876223204166
2026-05-03,162.35159722222224,71.03349460937507,67.90441980299916
2026-05-04,162.36,71.06598500000005,67.93358113239964
2026-05-05,162.36013888888888,71.06652203124999,67.93406320631796
2026-05-06,162.35611111111112,71.05094812500003,67.92008306268475
2026-05-07,162.34972222222223,71.02624468750003,67.89791389341866
2026-05-08,162.34375,71.00315234375,67.87719311152578
2026-05-09,162.33548611111112,70.97119898437505,67.84852812127976
2026-05-10,162.3322916666667,70.9588472656251,67.83745090585273
2026-05-11,162.32930555555558,70.9473010937501,67.82709629386927
2026-05-12,162.31881944444444,70.906755234375,67.79074198537039
2026-05-13,162.30902777777777,70.86889453124998,67.7568063987912
2026-05-14,162.29770833333336,70.82512648437512,67.71758888036004
2026-05-15,162.2865972222222,70.78216398437498,67.67910692342782
2026-05-16,162.27319444444444,70.73034046875,67.63270713770704
2026-05-17,162.2602083333333,70.68012804687491,67.58776907300631
2026-05-18,162.25006944444442,70.64092476562492,67.5526964304995
2026-05-19,162.23597222222222,70.58641609374999,67.5039490218623
2026-05-20,162.22520833333334,70.54479617187503,67.46674351034224
2026-05-21,162.21187500000002,70.49324117187508,67.4206761149553
2026-05-22,162.19490566037734,70.42762709905655,67.36207218405514
2026-05-23,162.18256944444445,70.37992757812505,67.31949060012465
2026-05-24,162.1654861111111,70.313872734375,67.26054886133052
2026-05-25,162.15416666666667,70.27010468750001,67.2215130120344
2026-05-26,162.13805555555552,70.20780906249989,67.16597724874512
2026-05-27,162.1236111111111,70.15195781249997,67.11621032525501
2026-05-28,162.10430555555556,70.07731046875,67.04973132613495
2026-05-29,162.0847916666667,70.0018575781251,66.98257714105009
2026-05-30,162.06534722222221,69.92667320312498,66.91570406296289
2026-05-31,162.04847222222222,69.86142390624998,66.85770330043076
2026-06-01,162.03326388888888,69.80261898437499,66.80545679720052
2026-06-02,162.0145138888889,69.73011976562505,66.74107859399015
2026-06-03,161.99368055555556,69.65136532986112,66.66959404294276
2026-06-04,161.9715277777778,69.57201961805562,66.59363529257332
2026-06-05,161.9463888888889,69.48197840277778,66.50750232994054
2026-06-06,161.92368055555553,69.40064282986104,66.42975851374034
2026-06-07,161.90527777777777,69.33472868055553,66.36679627505252
2026-06-08,161.8879861111111,69.2727942534722,66.30767162373927
2026-06-09,161.8670802919708,69.19791483576645,66.23623210228781
2026-06-10,161.84340277777778,69.11310789930558,66.15538020595636
2026-06-11,161.8165277777778,69.01684836805562,66.06368504503084
2026-06-12,161.79222222222222,68.92979194444445,65.98082662280946
2026-06-13,161.7671527777778,68.83999946180562,65.89543193973734
2026-06-14,161.74229166666666,68.75095317708332,65.81081662172635
2026-06-15,161.7188888888889,68.66713027777782,65.73122735662508
2026-06-16,161.69034722222221,68.56490116319442,65.63424393016757
2026-06-17,161.66277777777776,68.4661543055555,65.54064962831919
2026-06-18,161.6465263157895,68.407945631579,65.48551757483689
