quota_m,area_m2,vol_m3
355.0,50000.0,45000.0
355.01,50142.99999999987,45469.99999999957
355.02,50285.99999999974,45939.99999999914
355.03,50428.99999999961,46409.99999999872
355.04,50572.00000000029,46880.00000000096
355.05,50715.00000000016,47350.00000000053
355.06,50858.00000000003,47820.00000000011
355.07,51000.999999999905,48289.99999999968
355.08,51143.999999999774,48759.99999999925
355.09,51286.99999999964,49229.99999999882
355.1,51430.00000000033,49700.00000000107
355.11,51573.0000000002,50170.00000000064
355.12,51716.000000000065,50640.00000000021
355.13,51858.999999999935,51109.99999999979
355.14,52001.9999999998,51579.99999999936
355.15,52144.99999999967,52049.99999999893
355.16,52288.00000000036,52520.00000000118
355.17,52431.000000000226,52990.00000000075
355.18,52574.000000000095,53460.00000000032
355.19,52716.99999999997,53929.99999999989
355.2,52859.99999999984,54399.99999999946
355.21,53002.99999999971,54869.99999999904
355.22,53146.00000000039,55340.00000000128
355.23,53289.00000000026,55810.00000000086
355.24,53432.00000000013,56280.00000000043
355.25,53575.0,56750.0
355.26,53717.99999999987,57219.99999999957
355.27,53860.99999999974,57689.99999999914
355.28,54003.99999999961,58159.99999999872
355.29,54147.00000000029,58630.00000000096
355.3,54290.00000000016,59100.00000000054
355.31,54433.00000000003,59570.00000000011
355.32,54575.999999999905,60039.99999999968
355.33,54718.999999999774,60509.99999999925
355.34,54861.99999999964,60979.99999999882
355.35,55005.00000000033,61450.00000000107
355.36,55148.0000000002,61920.00000000064
355.37,55291.000000000065,62390.00000000022
355.38,55433.999999999935,62859.99999999978
355.39,55576.9999999998,63329.99999999936
355.4,55719.99999999967,63799.99999999893
355.41,55863.00000000036,64270.00000000118
355.42,56006.000000000226,64740.00000000075
355.43,56149.000000000095,65210.00000000032
355.44,56291.99999999997,65679.9999999999
355.45,56434.99999999984,66149.99999999946
355.46,56577.99999999971,66619.99999999904
355.47,56721.00000000039,67090.00000000128
355.48,56864.00000000026,67560.00000000086
355.49,57007.00000000013,68030.00000000044
355.5,57150.0,68500.0
355.51,57292.99999999987,68969.99999999956
355.52,57435.99999999974,69439.99999999914
355.53,57578.99999999961,69909.99999999872
355.54,57722.00000000029,70380.00000000096
355.55,57865.00000000016,70850.00000000054
355.56,58008.00000000003,71320.0000000001
355.57,58150.999999999905,71789.99999999968
355.58,58293.999999999774,72259.99999999924
355.59,58436.99999999964,72729.99999999882
355.6,58580.00000000033,73200.00000000108
355.61,58723.0000000002,73670.00000000064
355.62,58866.000000000065,74140.00000000022
355.63,59008.999999999935,74609.99999999978
355.64,59151.9999999998,75079.99999999936
355.65,59294.99999999967,75549.99999999892
355.66,59438.00000000036,76020.00000000118
355.67,59581.000000000226,76490.00000000076
355.68,59724.0000000001,76960.00000000032
355.69,59866.99999999997,77429.9999999999
355.7,60009.99999999984,77899.99999999948
355.71,60152.99999999971,78369.99999999904
355.72,60296.00000000039,78840.00000000128
355.73,60439.00000000026,79310.00000000086
355.74,60582.00000000013,79780.00000000044
355.75,60725.0,80250.0
355.76,60867.99999999987,80719.99999999956
355.77,61010.99999999974,81189.99999999914
355.78,61153.99999999961,81659.99999999872
355.79,61297.00000000029,82130.00000000096
355.8,61440.00000000016,82600.00000000052
355.81,61583.00000000003,83070.00000000012
355.82,61725.9999999999,83539.99999999968
355.83,61868.999999999774,84009.99999999924
355.84,62011.99999999964,84479.99999999882
355.85,62155.00000000033,84950.00000000108
355.86,62298.0000000002,85420.00000000064
355.87,62441.000000000065,85890.0000000002
355.88,62583.999999999935,86359.9999999998
355.89,62726.9999999998,86829.99999999936
355.9,62869.99999999967,87299.99999999892
355.91,63013.00000000036,87770.00000000118
355.92,63156.000000000226,88240.00000000076
355.93,63299.0000000001,88710.00000000032
355.94,63441.99999999997,89179.99999999988
355.95,63584.99999999984,89649.99999999948
355.96,63727.99999999971,90119.99999999904
355.97,63871.00000000039,90590.00000000128
355.98,64014.00000000026,91060.00000000086
355.99,64157.00000000013,91530.00000000044
356.0,64300.0,92000.0
356.01,64656.99999999967,92779.99999999929
356.02,65013.99999999935,93559.99999999857
356.03,65370.999999999025,94339.99999999788
356.04,65728.00000000073,95120.0000000016
356.05,66085.00000000041,95900.00000000089
356.06,66442.00000000009,96680.00000000017
356.07,66798.99999999975,97459.99999999946
356.08,67155.99999999943,98239.99999999876
356.09,67512.99999999911,99019.99999999805
356.1,67870.00000000081,99800.00000000178
356.11,68227.00000000048,100580.00000000106
356.12,68584.00000000016,101360.00000000035
356.13,68940.99999999984,102139.99999999965
356.14,69297.9999999995,102919.99999999894
356.15,69654.99999999919,103699.99999999822
356.16,70012.00000000089,104480.00000000195
356.17,70369.00000000057,105260.00000000124
356.18,70726.00000000025,106040.00000000052
356.19,71082.99999999991,106819.99999999983
356.2,71439.99999999959,107599.99999999911
356.21,71796.99999999927,108379.9999999984
356.22,72154.00000000097,109160.00000000212
356.23,72511.00000000065,109940.00000000143
356.24,72868.00000000032,110720.00000000071
356.25,73225.0,111500.0
356.26,73581.99999999968,112279.99999999929
356.27,73938.99999999935,113059.99999999857
356.28,74295.99999999903,113839.99999999788
356.29,74653.00000000073,114620.0000000016
356.3,75010.00000000041,115400.00000000089
356.31,75367.00000000009,116180.00000000017
356.32,75723.99999999975,116959.99999999948
356.33,76080.99999999943,117739.99999999876
356.34,76437.99999999911,118519.99999999805
356.35,76795.00000000081,119300.00000000178
356.36,77152.0000000005,120080.00000000106
356.37,77509.00000000016,120860.00000000035
356.38,77865.99999999984,121639.99999999965
356.39,78222.9999999995,122419.99999999894
356.4,78579.99999999919,123199.99999999822
356.41,78937.00000000089,123980.00000000195
356.42,79294.00000000057,124760.00000000124
356.43,79651.00000000025,125540.00000000052
356.44,80007.99999999991,126319.99999999983
356.45,80364.99999999959,127099.99999999911
356.46,80721.99999999927,127879.9999999984
356.47,81079.00000000097,128660.00000000212
356.48,81436.00000000064,129440.00000000143
356.49,81793.00000000032,130220.00000000071
356.5,82150.0,131000.0
356.51,82506.99999999968,131779.9999999993
356.52,82863.99999999936,132559.99999999857
356.53,83220.99999999903,133339.99999999788
356.54,83578.00000000073,134120.0000000016
356.55,83935.00000000041,134900.00000000087
356.56,84292.00000000009,135680.00000000017
356.57,84648.99999999975,136459.99999999948
356.58,85005.99999999943,137239.99999999875
356.59,85362.99999999911,138019.99999999805
356.6,85720.00000000081,138800.00000000178
356.61,86077.0000000005,139580.00000000105
356.62,86434.00000000016,140360.00000000035
356.63,86790.99999999984,141139.99999999965
356.64,87147.9999999995,141919.99999999895
356.65,87504.99999999919,142699.99999999822
356.66,87862.00000000089,143480.00000000195
356.67,88219.00000000057,144260.00000000125
356.68,88576.00000000025,145040.00000000052
356.69,88932.99999999991,145819.99999999983
356.7,89289.99999999959,146599.99999999913
356.71,89646.99999999927,147379.9999999984
356.72,90004.00000000097,148160.00000000212
356.73,90361.00000000064,148940.00000000143
356.74,90718.00000000032,149720.0000000007
356.75,91075.0,150500.0
356.76,91431.99999999968,151279.9999999993
356.77,91788.99999999936,152059.99999999857
356.78,92145.99999999903,152839.99999999788
356.79,92503.00000000073,153620.0000000016
356.8,92860.00000000041,154400.00000000087
356.81,93217.00000000009,155180.00000000017
356.82,93573.99999999975,155959.99999999948
356.83,93930.99999999943,156739.99999999875
356.84,94287.99999999911,157519.99999999805
356.85,94645.00000000081,158300.00000000178
356.86,95002.0000000005,159080.00000000105
356.87,95359.00000000016,159860.00000000035
356.88,95715.99999999984,160639.99999999965
356.89,96072.9999999995,161419.99999999895
356.9,96429.99999999919,162199.99999999822
356.91,96787.00000000089,162980.00000000195
356.92,97144.00000000057,163760.00000000122
356.93,97501.00000000023,164540.00000000052
356.94,97857.99999999991,165319.99999999983
356.95,98214.99999999959,166099.99999999913
356.96,98571.99999999927,166879.9999999984
356.97,98929.00000000097,167660.00000000212
356.98,99286.00000000064,168440.00000000143
356.99,99643.00000000032,169220.0000000007
357.0,100000.0,170000.0
357.01,100256.99999999977,171099.999999999
357.02,100513.99999999953,172199.999999998
357.03,100770.9999999993,173299.999999997
357.04,101028.00000000052,174400.00000000224
357.05,101285.00000000029,175500.00000000125
357.06,101542.00000000006,176600.00000000026
357.07,101798.99999999983,177699.99999999924
357.08,102055.99999999959,178799.99999999825
357.09,102312.99999999936,179899.99999999726
357.1,102570.00000000058,181000.0000000025
357.11,102827.00000000035,182100.0000000015
357.12,103084.00000000012,183200.0000000005
357.13,103340.99999999988,184299.9999999995
357.14,103597.99999999965,185399.9999999985
357.15,103854.99999999942,186499.9999999975
357.16,104112.00000000064,187600.00000000274
357.17,104369.00000000041,188700.00000000175
357.18,104626.00000000017,189800.00000000076
357.19,104882.99999999994,190899.99999999974
357.2,105139.99999999971,191999.99999999875
357.21,105396.99999999948,193099.99999999776
357.22,105654.0000000007,194200.000000003
357.23,105911.00000000047,195300.000000002
357.24,106168.00000000023,196400.000000001
357.25,106425.0,197500.0
357.26,106681.99999999977,198599.999999999
357.27,106938.99999999953,199699.999999998
357.28,107195.9999999993,200799.999999997
357.29,107453.00000000052,201900.00000000224
357.3,107710.00000000029,203000.00000000125
357.31,107967.00000000006,204100.00000000023
357.32,108223.99999999983,205199.99999999924
357.33,108480.99999999959,206299.99999999825
357.34,108737.99999999936,207399.99999999726
357.35,108995.00000000058,208500.0000000025
357.36,109252.00000000035,209600.0000000015
357.37,109509.00000000012,210700.0000000005
357.38,109765.99999999988,211799.9999999995
357.39,110022.99999999965,212899.9999999985
357.4,110279.99999999942,213999.9999999975
357.41,110537.00000000064,215100.00000000274
357.42,110794.00000000041,216200.00000000175
357.43,111051.00000000017,217300.00000000076
357.44,111307.99999999994,218399.99999999977
357.45,111564.99999999971,219499.99999999875
357.46,111821.99999999948,220599.99999999776
357.47,112079.0000000007,221700.000000003
357.48,112336.00000000047,222800.000000002
357.49,112593.00000000023,223900.000000001
357.5,112850.0,225000.0
357.51,113106.99999999977,226099.999999999
357.52,113363.99999999953,227199.999999998
357.53,113620.9999999993,228299.999999997
357.54,113878.00000000052,229400.00000000224
357.55,114135.00000000029,230500.00000000125
357.56,114392.00000000006,231600.00000000023
357.57,114648.99999999983,232699.99999999924
357.58,114905.99999999959,233799.99999999825
357.59,115162.99999999936,234899.99999999726
357.6,115420.00000000058,236000.0000000025
357.61,115677.00000000035,237100.0000000015
357.62,115934.00000000012,238200.0000000005
357.63,116190.99999999988,239299.9999999995
357.64,116447.99999999965,240399.9999999985
357.65,116704.99999999942,241499.9999999975
357.66,116962.00000000064,242600.00000000274
357.67,117219.00000000041,243700.00000000175
357.68,117476.00000000017,244800.00000000076
357.69,117732.99999999994,245899.99999999977
357.7,117989.99999999971,246999.99999999875
357.71,118246.99999999948,248099.99999999773
357.72,118504.0000000007,249200.000000003
357.73,118761.00000000047,250300.000000002
357.74,119018.00000000023,251400.000000001
357.75,119275.0,252500.0
357.76,119531.99999999977,253599.999999999
357.77,119788.99999999953,254699.999999998
357.78,120045.9999999993,255799.999999997
357.79,120303.00000000052,256900.00000000227
357.8,120560.00000000029,258000.00000000125
357.81,120817.00000000006,259100.00000000023
357.82,121073.99999999983,260199.99999999924
357.83,121330.99999999959,261299.99999999825
357.84,121587.99999999936,262399.99999999726
357.85,121845.00000000058,263500.0000000025
357.86,122102.00000000035,264600.0000000015
357.87,122359.00000000012,265700.00000000047
357.88,122615.99999999988,266799.99999999953
357.89,122872.99999999965,267899.9999999985
357.9,123129.99999999942,268999.9999999975
357.91,123387.00000000064,270100.00000000274
357.92,123644.00000000041,271200.00000000175
357.93,123901.00000000017,272300.00000000076
357.94,124157.99999999994,273399.99999999977
357.95,124414.99999999971,274499.9999999987
357.96,124671.99999999948,275599.99999999773
357.97,124929.0000000007,276700.000000003
357.98,125186.00000000047,277800.000000002
357.99,125443.00000000023,278900.000000001
358.0,125700.0,280000.0
358.01,125932.99999999978,281199.9999999989
358.02,126165.99999999958,282399.9999999978
358.03,126398.99999999936,283599.99999999674
358.04,126632.00000000048,284800.00000000244
358.05,126865.00000000026,286000.00000000134
358.06,127098.00000000006,287200.0000000003
358.07,127330.99999999984,288399.9999999992
358.08,127563.99999999964,289599.9999999981
358.09,127796.99999999942,290799.999999997
358.1,128030.00000000052,292000.00000000274
358.11,128263.00000000032,293200.00000000163
358.12,128496.0000000001,294400.0000000005
358.13,128728.9999999999,295599.9999999995
358.14,128961.99999999968,296799.99999999837
358.15,129194.99999999948,297999.99999999726
358.16,129428.00000000058,299200.000000003
358.17,129661.00000000038,300400.0000000019
358.18,129894.00000000016,301600.0000000008
358.19,130126.99999999994,302799.9999999997
358.2,130359.99999999974,303999.99999999866
358.21,130592.99999999952,305199.99999999756
358.22,130826.00000000064,306400.00000000326
358.23,131059.00000000042,307600.0000000022
358.24,131292.0000000002,308800.0000000011
358.25,131525.0,310000.0
358.26,131757.9999999998,311199.9999999989
358.27,131990.99999999956,312399.9999999978
358.28,132223.99999999936,313599.99999999674
358.29,132457.00000000047,314800.00000000244
358.3,132690.00000000026,316000.0000000014
358.31,132923.00000000006,317200.0000000003
358.32,133155.99999999985,318399.9999999992
358.33,133388.99999999962,319599.9999999981
358.34,133621.99999999942,320799.999999997
358.35,133855.00000000052,322000.00000000274
358.36,134088.00000000032,323200.00000000163
358.37,134321.00000000012,324400.0000000005
358.38,134553.99999999988,325599.9999999995
358.39,134786.99999999968,326799.99999999837
358.4,135019.99999999948,327999.99999999726
358.41,135253.00000000058,329200.000000003
358.42,135486.00000000038,330400.0000000019
358.43,135719.00000000015,331600.0000000008
358.44,135951.99999999994,332799.9999999997
358.45,136184.99999999974,333999.9999999986
358.46,136417.99999999953,335199.99999999756
358.47,136651.00000000064,336400.00000000326
358.48,136884.00000000044,337600.0000000022
358.49,137117.0000000002,338800.0000000011
358.5,137350.0,340000.0
358.51,137582.9999999998,341199.9999999989
358.52,137815.99999999956,342399.9999999978
358.53,138048.99999999936,343599.99999999674
358.54,138282.00000000047,344800.00000000244
358.55,138515.00000000026,346000.0000000014
358.56,138748.00000000006,347200.0000000003
358.57,138980.99999999985,348399.9999999992
358.58,139213.99999999962,349599.9999999981
358.59,139446.99999999942,350799.999999997
358.6,139680.00000000052,352000.00000000274
358.61,139913.00000000032,353200.00000000163
358.62,140146.00000000012,354400.0000000006
358.63,140378.99999999988,355599.9999999994
358.64,140611.99999999968,356799.99999999837
358.65,140844.99999999948,357999.99999999726
358.66,141078.00000000058,359200.000000003
358.67,141311.00000000038,360400.0000000019
358.68,141544.00000000015,361600.0000000008
358.69,141776.99999999994,362799.9999999997
358.7,142009.99999999974,363999.9999999986
358.71,142242.99999999953,365199.99999999756
358.72,142476.00000000064,366400.00000000326
358.73,142709.0000000004,367600.0000000022
358.74,142942.0000000002,368800.0000000011
358.75,143175.0,370000.0
358.76,143407.9999999998,371199.9999999989
358.77,143640.9999999996,372399.9999999978
358.78,143873.99999999936,373599.99999999674
358.79,144107.00000000047,374800.00000000244
358.8,144340.00000000026,376000.0000000014
358.81,144573.00000000006,377200.0000000003
358.82,144805.99999999983,378399.9999999992
358.83,145038.99999999962,379599.9999999981
358.84,145271.99999999942,380799.999999997
358.85,145505.00000000052,382000.00000000274
358.86,145738.00000000032,383200.00000000163
358.87,145971.00000000012,384400.0000000006
358.88,146203.99999999988,385599.9999999994
358.89,146436.99999999968,386799.99999999837
358.9,146669.99999999948,387999.99999999726
358.91,146903.00000000058,389200.000000003
358.92,147136.00000000038,390400.0000000019
358.93,147369.00000000017,391600.0000000008
358.94,147601.99999999994,392799.9999999997
358.95,147834.99999999974,393999.9999999986
358.96,148067.99999999953,395199.99999999756
358.97,148301.00000000064,396400.00000000326
358.98,148534.0000000004,397600.0000000022
358.99,148767.0000000002,398800.0000000011
359.0,149000.0,400000.0
359.01,149309.9999999997,400999.99999999907
359.02,149619.99999999945,401999.9999999982
359.03,149929.99999999916,402999.99999999726
359.04,150240.00000000064,404000.00000000204
359.05,150550.00000000035,405000.00000000116
359.06,150860.00000000006,406000.00000000023
359.07,151169.9999999998,406999.9999999993
359.08,151479.9999999995,407999.9999999984
359.09,151789.9999999992,408999.9999999975
359.1,152100.0000000007,410000.00000000227
359.11,152410.00000000044,411000.00000000134
359.12,152720.00000000015,412000.00000000047
359.13,153029.99999999985,412999.99999999953
359.14,153339.99999999956,413999.99999999866
359.15,153649.9999999993,414999.99999999773
359.16,153960.0000000008,416000.0000000025
359.17,154270.0000000005,417000.0000000016
359.18,154580.0000000002,418000.0000000007
359.19,154889.99999999994,418999.99999999977
359.2,155199.99999999965,419999.99999999884
359.21,155509.99999999936,420999.99999999796
359.22,155820.00000000084,422000.00000000274
359.23,156130.00000000055,423000.0000000018
359.24,156440.0000000003,424000.00000000093
359.25,156750.0,425000.0
359.26,157059.9999999997,425999.99999999907
359.27,157369.99999999945,426999.9999999982
359.28,157679.99999999916,427999.99999999726
359.29,157990.00000000064,429000.00000000204
359.3,158300.00000000035,430000.00000000116
359.31,158610.00000000006,431000.00000000023
359.32,158919.9999999998,431999.9999999993
359.33,159229.9999999995,432999.9999999984
359.34,159539.9999999992,433999.9999999975
359.35,159850.0000000007,435000.00000000227
359.36,160160.0000000004,436000.0000000014
359.37,160470.00000000015,437000.00000000047
359.38,160779.99999999985,437999.99999999953
359.39,161089.9999999996,438999.9999999986
359.4,161399.9999999993,439999.99999999773
359.41,161710.0000000008,441000.0000000025
359.42,162020.0000000005,442000.0000000016
359.43,162330.0000000002,443000.0000000007
359.44,162639.99999999994,443999.99999999977
359.45,162949.99999999965,444999.99999999884
359.46,163259.99999999936,445999.99999999796
359.47,163570.00000000084,447000.00000000274
359.48,163880.00000000055,448000.0000000018
359.49,164190.0000000003,449000.00000000093
359.5,164500.0,450000.0
359.51,164809.9999999997,450999.99999999907
359.52,165119.99999999945,451999.9999999982
359.53,165429.99999999916,452999.99999999726
359.54,165740.00000000064,454000.00000000204
359.55,166050.00000000035,455000.00000000116
359.56,166360.00000000006,456000.00000000023
359.57,166669.9999999998,456999.9999999993
359.58,166979.9999999995,457999.9999999984
359.59,167289.9999999992,458999.9999999975
359.6,167600.0000000007,460000.00000000227
359.61,167910.0000000004,461000.0000000014
359.62,168220.00000000015,462000.00000000047
359.63,168529.99999999985,462999.99999999953
359.64,168839.9999999996,463999.9999999986
359.65,169149.9999999993,464999.99999999773
359.66,169460.0000000008,466000.0000000025
359.67,169770.0000000005,467000.0000000016
359.68,170080.0000000002,468000.0000000007
359.69,170389.99999999994,468999.99999999977
359.7,170699.99999999965,469999.99999999884
359.71,171009.99999999936,470999.99999999796
359.72,171320.00000000084,472000.00000000274
359.73,171630.00000000055,473000.0000000018
359.74,171940.0000000003,474000.00000000093
359.75,172250.0,475000.0
359.76,172559.9999999997,475999.99999999907
359.77,172869.99999999945,476999.9999999982
359.78,173179.99999999916,477999.99999999726
359.79,173490.00000000064,479000.00000000204
359.8,173800.00000000035,480000.00000000116
359.81,174110.00000000006,481000.00000000023
359.82,174419.9999999998,481999.9999999993
359.83,174729.9999999995,482999.9999999984
359.84,175039.9999999992,483999.9999999975
359.85,175350.0000000007,485000.00000000227
359.86,175660.0000000004,486000.0000000014
359.87,175970.00000000015,487000.00000000047
359.88,176279.99999999985,487999.99999999953
359.89,176589.9999999996,488999.9999999986
359.9,176899.9999999993,489999.99999999773
359.91,177210.0000000008,491000.0000000025
359.92,177520.0000000005,492000.0000000016
359.93,177830.0000000002,493000.0000000007
359.94,178139.99999999994,493999.99999999977
359.95,178449.99999999965,494999.99999999884
359.96,178759.99999999936,495999.99999999796
359.97,179070.00000000084,497000.00000000274
359.98,179380.00000000055,498000.0000000018
359.99,179690.0000000003,499000.00000000093
360.0,180000.0,500000.0
360.01,180299.99999999974,502999.99999999726
360.02,180599.99999999945,505999.9999999945
360.03,180899.99999999919,508999.9999999918
360.04,181200.0000000006,512000.0000000061
360.05,181500.00000000035,515000.00000000343
360.06,181800.00000000006,518000.0000000007
360.07,182099.9999999998,520999.99999999796
360.08,182399.99999999953,523999.9999999952
360.09,182699.99999999924,526999.9999999925
360.1,183000.00000000067,530000.0000000069
360.11,183300.0000000004,533000.0000000041
360.12,183600.00000000015,536000.0000000014
360.13,183899.99999999985,538999.9999999986
360.14,184199.9999999996,541999.9999999959
360.15,184499.99999999933,544999.9999999931
360.16,184800.00000000076,548000.0000000075
360.17,185100.00000000047,551000.0000000048
360.18,185400.0000000002,554000.0000000021
360.19,185699.99999999994,556999.9999999993
360.2,185999.99999999965,559999.9999999966
360.21,186299.9999999994,562999.9999999938
360.22,186600.00000000081,566000.0000000081
360.23,186900.00000000055,569000.0000000055
360.24,187200.00000000026,572000.0000000028
360.25,187500.0,575000.0
360.26,187799.99999999974,577999.9999999972
360.27,188099.99999999945,580999.9999999945
360.28,188399.99999999919,583999.9999999919
360.29,188700.0000000006,587000.0000000062
360.3,189000.00000000035,590000.0000000034
360.31,189300.00000000006,593000.0000000007
360.32,189599.9999999998,595999.9999999979
360.33,189899.99999999953,598999.9999999952
360.34,190199.99999999924,601999.9999999925
360.35,190500.00000000067,605000.0000000069
360.36,190800.0000000004,608000.0000000041
360.37,191100.00000000015,611000.0000000014
360.38,191399.99999999985,613999.9999999986
360.39,191699.9999999996,616999.9999999959
360.4,191999.99999999933,619999.9999999931
360.41,192300.00000000076,623000.0000000075
360.42,192600.00000000047,626000.0000000048
360.43,192900.0000000002,629000.0000000021
360.44,193199.99999999994,631999.9999999993
360.45,193499.99999999965,634999.9999999966
360.46,193799.9999999994,637999.9999999938
360.47,194100.00000000081,641000.0000000081
360.48,194400.00000000055,644000.0000000055
360.49,194700.00000000026,647000.0000000028
360.5,195000.0,650000.0
360.51,195299.99999999974,652999.9999999972
360.52,195599.99999999945,655999.9999999945
360.53,195899.99999999919,658999.9999999919
360.54,196200.0000000006,662000.0000000062
360.55,196500.00000000035,665000.0000000034
360.56,196800.00000000006,668000.0000000007
360.57,197099.9999999998,670999.9999999979
360.58,197399.99999999953,673999.9999999952
360.59,197699.99999999924,676999.9999999925
360.6,198000.0000000007,680000.0000000068
360.61,198300.0000000004,683000.0000000041
360.62,198600.00000000015,686000.0000000014
360.63,198899.99999999985,688999.9999999986
360.64,199199.9999999996,691999.9999999959
360.65,199499.9999999993,694999.9999999932
360.66,199800.00000000076,698000.0000000075
360.67,200100.00000000047,701000.0000000048
360.68,200400.0000000002,704000.0000000021
360.69,200699.99999999994,706999.9999999993
360.7,200999.99999999965,709999.9999999966
360.71,201299.9999999994,712999.9999999938
360.72,201600.00000000081,716000.0000000081
360.73,201900.00000000055,719000.0000000055
360.74,202200.00000000026,722000.0000000028
360.75,202500.0,725000.0
360.76,202799.99999999974,727999.9999999972
360.77,203099.99999999945,730999.9999999945
360.78,203399.99999999919,733999.9999999919
360.79,203700.0000000006,737000.0000000062
360.8,204000.00000000035,740000.0000000034
360.81,204300.00000000006,743000.0000000007
360.82,204599.9999999998,745999.9999999979
360.83,204899.99999999953,748999.9999999952
360.84,205199.99999999924,751999.9999999925
360.85,205500.0000000007,755000.0000000068
360.86,205800.0000000004,758000.0000000041
360.87,206100.00000000015,761000.0000000014
360.88,206399.99999999985,763999.9999999986
360.89,206699.9999999996,766999.9999999959
360.9,206999.9999999993,769999.9999999932
360.91,207300.00000000076,773000.0000000075
360.92,207600.00000000047,776000.0000000048
360.93,207900.0000000002,779000.0000000021
360.94,208199.99999999994,781999.9999999993
360.95,208499.99999999965,784999.9999999965
360.96,208799.9999999994,787999.999999994
360.97,209100.00000000081,791000.0000000081
360.98,209400.00000000055,794000.0000000055
360.99,209700.00000000026,797000.0000000028
361.0,210000.0,800000.0
361.01,210399.99999999965,801999.9999999981
361.02,210799.99999999927,803999.9999999964
361.03,211199.9999999989,805999.9999999945
361.04,211600.00000000081,808000.0000000041
361.05,212000.00000000047,810000.0000000023
361.06,212400.0000000001,812000.0000000005
361.07,212799.99999999974,813999.9999999986
361.08,213199.99999999936,815999.9999999969
361.09,213599.999999999,817999.999999995
361.1,214000.0000000009,820000.0000000045
361.11,214400.00000000055,822000.0000000027
361.12,214800.00000000017,824000.0000000009
361.13,215199.99999999983,825999.9999999991
361.14,215599.99999999945,827999.9999999973
361.15,215999.9999999991,829999.9999999955
361.16,216400.000000001,832000.000000005
361.17,216800.00000000064,834000.0000000031
361.18,217200.00000000026,836000.0000000014
361.19,217599.9999999999,837999.9999999995
361.2,217999.99999999953,839999.9999999977
361.21,218399.99999999919,841999.9999999959
361.22,218800.0000000011,844000.0000000055
361.23,219200.00000000073,846000.0000000036
361.24,219600.00000000035,848000.0000000019
361.25,220000.0,850000.0
361.26,220399.99999999965,851999.9999999981
361.27,220799.99999999927,853999.9999999964
361.28,221199.9999999989,855999.9999999945
361.29,221600.00000000081,858000.0000000041
361.3,222000.00000000047,860000.0000000023
361.31,222400.0000000001,862000.0000000005
361.32,222799.99999999974,863999.9999999986
361.33,223199.99999999936,865999.9999999969
361.34,223599.999999999,867999.999999995
361.35,224000.0000000009,870000.0000000045
361.36,224400.00000000055,872000.0000000028
361.37,224800.00000000017,874000.0000000009
361.38,225199.99999999983,875999.9999999991
361.39,225599.99999999945,877999.9999999972
361.4,225999.9999999991,879999.9999999955
361.41,226400.000000001,882000.000000005
361.42,226800.00000000064,884000.0000000031
361.43,227200.00000000026,886000.0000000014
361.44,227599.9999999999,887999.9999999995
361.45,227999.99999999953,889999.9999999977
361.46,228399.99999999919,891999.9999999959
361.47,228800.0000000011,894000.0000000055
361.48,229200.00000000073,896000.0000000036
361.49,229600.00000000035,898000.0000000019
361.5,230000.0,900000.0
361.51,230399.99999999965,901999.9999999981
361.52,230799.99999999927,903999.9999999964
361.53,231199.9999999989,905999.9999999945
361.54,231600.00000000081,908000.0000000041
361.55,232000.00000000047,910000.0000000023
361.56,232400.0000000001,912000.0000000005
361.57,232799.99999999974,913999.9999999986
361.58,233199.99999999936,915999.9999999969
361.59,233599.999999999,917999.999999995
361.6,234000.0000000009,920000.0000000045
361.61,234400.00000000055,922000.0000000028
361.62,234800.00000000017,924000.0000000009
361.63,235199.99999999983,925999.9999999991
361.64,235599.99999999945,927999.9999999972
361.65,235999.9999999991,929999.9999999955
361.66,236400.000000001,932000.000000005
361.67,236800.00000000064,934000.0000000031
361.68,237200.00000000026,936000.0000000014
361.69,237599.9999999999,937999.9999999995
361.7,237999.99999999953,939999.9999999977
361.71,238399.99999999919,941999.9999999959
361.72,238800.0000000011,944000.0000000055
361.73,239200.00000000073,946000.0000000036
361.74,239600.00000000035,948000.0000000019
361.75,240000.0,950000.0
361.76,240399.99999999965,951999.9999999981
361.77,240799.99999999927,953999.9999999964
361.78,241199.9999999989,955999.9999999945
361.79,241600.00000000081,958000.0000000041
361.8,242000.00000000047,960000.0000000023
361.81,242400.0000000001,962000.0000000005
361.82,242799.9999999997,963999.9999999986
361.83,243199.99999999936,965999.9999999969
361.84,243599.999999999,967999.999999995
361.85,244000.0000000009,970000.0000000045
361.86,244400.00000000055,972000.0000000028
361.87,244800.00000000017,974000.0000000009
361.88,245199.99999999983,975999.9999999991
361.89,245599.99999999945,977999.9999999972
361.9,245999.9999999991,979999.9999999955
361.91,246400.000000001,982000.000000005
361.92,246800.00000000064,984000.0000000031
361.93,247200.0000000003,986000.0000000014
361.94,247599.9999999999,987999.9999999995
361.95,247999.99999999953,989999.9999999977
361.96,248399.99999999919,991999.9999999959
361.97,248800.0000000011,994000.0000000055
361.98,249200.00000000073,996000.0000000036
361.99,249600.00000000035,998000.0000000019
362.0,250000.0,1000000.0
362.01,250499.99999999953,1002499.9999999977
362.02,250999.9999999991,1004999.9999999955
362.03,251499.99999999863,1007499.9999999931
362.04,252000.00000000102,1010000.0000000051
362.05,252500.00000000058,1012500.0000000028
362.06,253000.00000000012,1015000.0000000006
362.07,253499.99999999965,1017499.9999999983
362.08,253999.9999999992,1019999.999999996
362.09,254499.99999999875,1022499.9999999937
362.1,255000.00000000114,1025000.0000000057
362.11,255500.00000000067,1027500.0000000034
362.12,256000.00000000023,1030000.0000000012
362.13,256499.99999999977,1032499.9999999988
362.14,256999.99999999933,1034999.9999999966
362.15,257499.99999999886,1037499.9999999943
362.16,258000.00000000125,1040000.0000000063
362.17,258500.0000000008,1042500.000000004
362.18,259000.00000000035,1045000.0000000017
362.19,259499.99999999988,1047499.9999999994
362.2,259999.99999999942,1049999.9999999972
362.21,260499.99999999898,1052499.9999999949
362.22,261000.00000000137,1055000.0000000068
362.23,261500.0000000009,1057500.0000000047
362.24,262000.00000000047,1060000.0000000023
362.25,262500.0,1062500.0
362.26,262999.99999999953,1064999.9999999977
362.27,263499.99999999907,1067499.9999999953
362.28,263999.99999999866,1069999.9999999932
362.29,264500.00000000105,1072500.0000000051
362.3,265000.0000000006,1075000.0000000028
362.31,265500.0000000001,1077500.0000000005
362.32,265999.99999999965,1079999.9999999984
362.33,266499.9999999992,1082499.999999996
362.34,266999.9999999987,1084999.9999999937
362.35,267500.00000000116,1087500.0000000056
362.36,268000.0000000007,1090000.0000000035
362.37,268500.00000000023,1092500.0000000012
362.38,268999.99999999977,1094999.9999999988
362.39,269499.9999999993,1097499.9999999965
362.4,269999.99999999884,1099999.9999999944
362.41,270500.0000000013,1102500.0000000063
362.42,271000.0000000008,1105000.000000004
362.43,271500.00000000035,1107500.0000000016
362.44,271999.9999999999,1109999.9999999995
362.45,272499.9999999994,1112499.9999999972
362.46,272999.99999999895,1114999.9999999949
362.47,273500.00000000134,1117500.0000000068
362.48,274000.00000000093,1120000.0000000047
362.49,274500.00000000047,1122500.0000000023
362.5,275000.0,1125000.0
362.51,275499.99999999953,1127499.9999999977
362.52,275999.99999999907,1129999.9999999953
362.53,276499.99999999866,1132499.9999999932
362.54,277000.00000000105,1135000.0000000051
362.55,277500.0000000006,1137500.0000000028
362.56,278000.0000000001,1140000.0000000005
362.57,278499.99999999965,1142499.9999999984
362.58,278999.9999999992,1144999.999999996
362.59,279499.9999999987,1147499.9999999937
362.6,280000.00000000116,1150000.0000000056
362.61,280500.0000000007,1152500.0000000035
362.62,281000.00000000023,1155000.0000000012
362.63,281499.99999999977,1157499.9999999988
362.64,281999.9999999993,1159999.9999999965
362.65,282499.99999999884,1162499.9999999944
362.66,283000.0000000013,1165000.0000000063
362.67,283500.0000000008,1167500.000000004
362.68,284000.00000000035,1170000.0000000016
362.69,284499.9999999999,1172499.9999999995
362.7,284999.9999999994,1174999.9999999972
362.71,285499.99999999895,1177499.9999999949
362.72,286000.0000000014,1180000.0000000068
362.73,286500.00000000093,1182500.0000000047
362.74,287000.00000000047,1185000.0000000023
362.75,287500.0,1187500.0
362.76,287999.99999999953,1189999.9999999977
362.77,288499.99999999907,1192499.9999999953
362.78,288999.9999999986,1194999.9999999932
362.79,289500.00000000105,1197500.0000000051
362.8,290000.0000000006,1200000.0000000028
362.81,290500.0000000001,1202500.0000000005
362.82,290999.99999999965,1204999.9999999984
362.83,291499.9999999992,1207499.999999996
362.84,291999.9999999987,1209999.9999999937
362.85,292500.00000000116,1212500.0000000056
362.86,293000.0000000007,1215000.0000000035
362.87,293500.00000000023,1217500.0000000012
362.88,293999.99999999977,1219999.9999999988
362.89,294499.9999999993,1222499.9999999965
362.9,294999.99999999884,1224999.9999999944
362.91,295500.0000000013,1227500.0000000063
362.92,296000.0000000008,1230000.000000004
362.93,296500.00000000035,1232500.0000000016
362.94,296999.9999999999,1234999.9999999995
362.95,297499.9999999994,1237499.9999999972
362.96,297999.99999999895,1239999.9999999949
362.97,298500.0000000014,1242500.0000000068
362.98,299000.00000000093,1245000.0000000047
362.99,299500.00000000047,1247500.0000000023
363.0,300000.0,1250000.0
363.01,300399.99999999965,1254499.9999999958
363.02,300799.9999999993,1258999.9999999919
363.03,301199.9999999989,1263499.9999999877
363.04,301600.0000000008,1268000.0000000093
363.05,302000.00000000047,1272500.0000000051
363.06,302400.0000000001,1277000.000000001
363.07,302799.9999999997,1281499.999999997
363.08,303199.99999999936,1285999.9999999928
363.09,303599.999999999,1290499.9999999888
363.1,304000.00000000093,1295000.0000000102
363.11,304400.0000000005,1299500.000000006
363.12,304800.0000000002,1304000.000000002
363.13,305199.9999999998,1308499.999999998
363.14,305599.9999999995,1312999.999999994
363.15,305999.99999999907,1317499.9999999898
363.16,306400.000000001,1322000.0000000112
363.17,306800.00000000064,1326500.0000000072
363.18,307200.0000000003,1331000.000000003
363.19,307599.9999999999,1335499.999999999
363.2,307999.99999999953,1339999.9999999949
363.21,308399.9999999992,1344499.9999999907
363.22,308800.0000000011,1349000.0000000123
363.23,309200.0000000007,1353500.0000000081
363.24,309600.00000000035,1358000.0000000042
363.25,310000.0,1362500.0
363.26,310399.99999999965,1366999.9999999958
363.27,310799.9999999993,1371499.9999999919
363.28,311199.9999999989,1375999.9999999877
363.29,311600.0000000008,1380500.0000000093
363.3,312000.00000000047,1385000.0000000051
363.31,312400.0000000001,1389500.000000001
363.32,312799.9999999997,1393999.999999997
363.33,313199.99999999936,1398499.9999999928
363.34,313599.999999999,1402999.9999999888
363.35,314000.00000000093,1407500.0000000102
363.36,314400.0000000005,1412000.000000006
363.37,314800.0000000002,1416500.000000002
363.38,315199.9999999998,1420999.999999998
363.39,315599.9999999995,1425499.999999994
363.4,315999.99999999907,1429999.9999999898
363.41,316400.000000001,1434500.0000000112
363.42,316800.00000000064,1439000.0000000072
363.43,317200.0000000003,1443500.000000003
363.44,317599.9999999999,1447999.999999999
363.45,317999.99999999953,1452499.9999999949
363.46,318399.9999999992,1456999.9999999907
363.47,318800.0000000011,1461500.0000000123
363.48,319200.0000000007,1466000.0000000081
363.49,319600.00000000035,1470500.0000000042
363.5,320000.0,1475000.0
363.51,320399.99999999965,1479499.9999999958
363.52,320799.9999999993,1483999.9999999919
363.53,321199.9999999989,1488499.9999999877
363.54,321600.0000000008,1493000.0000000093
363.55,322000.00000000047,1497500.0000000051
363.56,322400.0000000001,1502000.000000001
363.57,322799.9999999997,1506499.999999997
363.58,323199.99999999936,1510999.9999999928
363.59,323599.999999999,1515499.9999999888
363.6,324000.00000000093,1520000.0000000102
363.61,324400.0000000005,1524500.000000006
363.62,324800.0000000002,1529000.000000002
363.63,325199.9999999998,1533499.999999998
363.64,325599.9999999995,1537999.999999994
363.65,325999.99999999907,1542499.9999999898
363.66,326400.000000001,1547000.0000000112
363.67,326800.00000000064,1551500.0000000072
363.68,327200.0000000003,1556000.000000003
363.69,327599.9999999999,1560499.999999999
363.7,327999.99999999953,1564999.9999999949
363.71,328399.9999999992,1569499.9999999907
363.72,328800.0000000011,1574000.0000000123
363.73,329200.0000000007,1578500.0000000081
363.74,329600.00000000035,1583000.0000000042
363.75,330000.0,1587500.0
363.76,330399.99999999965,1591999.9999999958
363.77,330799.9999999993,1596499.9999999919
363.78,331199.9999999989,1600999.9999999877
363.79,331600.0000000008,1605500.0000000093
363.8,332000.00000000047,1610000.0000000051
363.81,332400.0000000001,1614500.000000001
363.82,332799.9999999997,1618999.999999997
363.83,333199.99999999936,1623499.9999999928
363.84,333599.999999999,1627999.9999999888
363.85,334000.00000000093,1632500.0000000102
363.86,334400.0000000005,1637000.000000006
363.87,334800.0000000002,1641500.000000002
363.88,335199.9999999998,1645999.999999998
363.89,335599.9999999995,1650499.999999994
363.9,335999.99999999907,1654999.9999999898
363.91,336400.000000001,1659500.0000000112
363.92,336800.00000000064,1664000.0000000072
363.93,337200.0000000003,1668500.000000003
363.94,337599.9999999999,1672999.999999999
363.95,337999.99999999953,1677499.9999999949
363.96,338399.9999999992,1681999.9999999907
363.97,338800.0000000011,1686500.0000000123
363.98,339200.0000000007,1691000.0000000081
363.99,339600.00000000035,1695500.0000000042
364.0,340000.0,1700000.0
364.01,340499.99999999953,1702999.9999999972
364.02,340999.99999999907,1705999.9999999946
364.03,341499.99999999866,1708999.9999999919
364.04,342000.00000000105,1712000.000000006
364.05,342500.0000000006,1715000.0000000035
364.06,343000.0000000001,1718000.0000000007
364.07,343499.99999999965,1720999.999999998
364.08,343999.9999999992,1723999.9999999953
364.09,344499.9999999988,1726999.9999999925
364.1,345000.00000000116,1730000.0000000068
364.11,345500.0000000007,1733000.0000000042
364.12,346000.00000000023,1736000.0000000014
364.13,346499.99999999977,1738999.9999999986
364.14,346999.9999999993,1741999.9999999958
364.15,347499.99999999884,1744999.9999999932
364.16,348000.0000000012,1748000.0000000075
364.17,348500.0000000008,1751000.0000000047
364.18,349000.00000000035,1754000.000000002
364.19,349499.9999999999,1756999.9999999993
364.2,349999.9999999994,1759999.9999999965
364.21,350499.99999999895,1762999.999999994
364.22,351000.00000000134,1766000.0000000081
364.23,351500.00000000093,1769000.0000000054
364.24,352000.00000000047,1772000.0000000028
364.25,352500.0,1775000.0
364.26,352999.99999999953,1777999.9999999972
364.27,353499.99999999907,1780999.9999999946
364.28,353999.99999999866,1783999.9999999919
364.29,354500.00000000105,1787000.000000006
364.3,355000.0000000006,1790000.0000000035
364.31,355500.0000000001,1793000.0000000007
364.32,355999.99999999965,1795999.999999998
364.33,356499.9999999992,1798999.9999999953
364.34,356999.9999999987,1801999.9999999925
364.35,357500.00000000116,1805000.0000000068
364.36,358000.0000000007,1808000.0000000042
364.37,358500.00000000023,1811000.0000000014
364.38,358999.99999999977,1813999.9999999986
364.39,359499.9999999993,1816999.9999999958
364.4,359999.99999999884,1819999.9999999932
364.41,360500.0000000013,1823000.0000000075
364.42,361000.0000000008,1826000.0000000047
364.43,361500.00000000035,1829000.000000002
364.44,361999.9999999999,1831999.9999999993
364.45,362499.9999999994,1834999.9999999965
364.46,362999.99999999895,1837999.999999994
364.47,363500.00000000134,1841000.0000000081
364.48,364000.00000000093,1844000.0000000056
364.49,364500.00000000047,1847000.0000000028
364.5,365000.0,1850000.0
364.51,365499.99999999953,1852999.9999999972
364.52,365999.99999999907,1855999.9999999944
364.53,366499.99999999866,1858999.9999999919
364.54,367000.00000000105,1862000.000000006
364.55,367500.0000000006,1865000.0000000035
364.56,368000.0000000001,1868000.0000000007
364.57,368499.99999999965,1870999.999999998
364.58,368999.9999999992,1873999.9999999953
364.59,369499.9999999987,1876999.9999999925
364.6,370000.00000000116,1880000.0000000068
364.61,370500.0000000007,1883000.0000000042
364.62,371000.00000000023,1886000.0000000014
364.63,371499.99999999977,1888999.9999999986
364.64,371999.9999999993,1891999.9999999958
364.65,372499.99999999884,1894999.9999999932
364.66,373000.0000000013,1898000.0000000075
364.67,373500.0000000008,1901000.0000000047
364.68,374000.00000000035,1904000.000000002
364.69,374499.9999999999,1906999.9999999993
364.7,374999.9999999994,1909999.9999999965
364.71,375499.99999999895,1912999.999999994
364.72,376000.0000000014,1916000.0000000081
364.73,376500.00000000093,1919000.0000000056
364.74,377000.00000000047,1922000.0000000028
364.75,377500.0,1925000.0
364.76,377999.99999999953,1927999.9999999972
364.77,378499.99999999907,1930999.9999999944
364.78,378999.9999999986,1933999.9999999919
364.79,379500.00000000105,1937000.000000006
364.8,380000.0000000006,1940000.0000000035
364.81,380500.0000000001,1943000.0000000007
364.82,380999.99999999965,1945999.999999998
364.83,381499.9999999992,1948999.9999999953
364.84,381999.9999999987,1951999.9999999925
364.85,382500.00000000116,1955000.0000000068
364.86,383000.0000000007,1958000.0000000042
364.87,383500.00000000023,1961000.0000000014
364.88,383999.99999999977,1963999.9999999986
364.89,384499.9999999993,1966999.9999999958
364.9,384999.99999999884,1969999.9999999932
364.91,385500.0000000013,1973000.0000000075
364.92,386000.0000000008,1976000.0000000047
364.93,386500.00000000035,1979000.000000002
364.94,386999.9999999999,1981999.9999999993
364.95,387499.9999999994,1984999.9999999965
364.96,387999.99999999895,1987999.999999994
364.97,388500.0000000014,1991000.0000000081
364.98,389000.00000000093,1994000.0000000056
364.99,389500.00000000047,1997000.0000000028
365.0,390000.0,2000000.0
365.01,390299.9999999997,2004499.9999999958
365.02,390599.9999999995,2008999.9999999919
365.03,390899.9999999992,2013499.9999999877
365.04,391200.00000000064,2018000.0000000093
365.05,391500.00000000035,2022500.0000000051
365.06,391800.00000000006,2027000.000000001
365.07,392099.99999999977,2031499.999999997
365.08,392399.99999999953,2035999.9999999928
365.09,392699.99999999924,2040499.9999999888
365.1,393000.0000000007,2045000.0000000102
365.11,393300.0000000004,2049500.000000006
365.12,393600.0000000001,2054000.000000002
365.13,393899.9999999999,2058499.999999998
365.14,394199.9999999996,2062999.999999994
365.15,394499.9999999993,2067499.9999999898
365.16,394800.00000000076,2072000.0000000112
365.17,395100.00000000047,2076500.0000000072
365.18,395400.00000000023,2081000.000000003
365.19,395699.99999999994,2085499.999999999
365.2,395999.99999999965,2089999.9999999949
365.21,396299.99999999936,2094499.9999999907
365.22,396600.0000000008,2099000.000000012
365.23,396900.0000000005,2103500.0000000084
365.24,397200.0000000003,2108000.000000004
365.25,397500.0,2112500.0
365.26,397799.9999999997,2116999.999999996
365.27,398099.9999999995,2121499.9999999916
365.28,398399.9999999992,2125999.999999988
365.29,398700.00000000064,2130500.0000000093
365.3,399000.00000000035,2135000.000000005
365.31,399300.00000000006,2139500.000000001
365.32,399599.99999999977,2143999.9999999967
365.33,399899.99999999953,2148499.999999993
365.34,400199.99999999924,2152999.999999989
365.35,400500.0000000007,2157500.0000000102
365.36,400800.0000000004,2162000.000000006
365.37,401100.0000000001,2166500.000000002
365.38,401399.9999999999,2170999.999999998
365.39,401699.9999999996,2175499.999999994
365.4,401999.9999999993,2179999.9999999898
365.41,402300.00000000076,2184500.000000011
365.42,402600.00000000047,2189000.000000007
365.43,402900.00000000023,2193500.0000000033
365.44,403199.99999999994,2197999.999999999
365.45,403499.99999999965,2202499.999999995
365.46,403799.99999999936,2206999.9999999907
365.47,404100.0000000008,2211500.000000012
365.48,404400.0000000005,2216000.0000000084
365.49,404700.0000000003,2220500.000000004
365.5,405000.0,2225000.0
365.51,405299.9999999997,2229499.999999996
365.52,405599.9999999995,2233999.9999999916
365.53,405899.9999999992,2238499.999999988
365.54,406200.00000000064,2243000.0000000093
365.55,406500.00000000035,2247500.000000005
365.56,406800.00000000006,2252000.000000001
365.57,407099.99999999977,2256499.9999999967
365.58,407399.99999999953,2260999.999999993
365.59,407699.99999999924,2265499.999999989
365.6,408000.0000000007,2270000.0000000102
365.61,408300.0000000004,2274500.000000006
365.62,408600.0000000001,2279000.000000002
365.63,408899.9999999999,2283499.999999998
365.64,409199.9999999996,2287999.999999994
365.65,409499.9999999993,2292499.9999999898
365.66,409800.00000000076,2297000.000000011
365.67,410100.00000000047,2301500.000000007
365.68,410400.00000000023,2306000.0000000033
365.69,410699.99999999994,2310499.999999999
365.7,410999.99999999965,2314999.999999995
365.71,411299.99999999936,2319499.9999999907
365.72,411600.0000000008,2324000.000000012
365.73,411900.0000000005,2328500.0000000084
365.74,412200.0000000003,2333000.000000004
365.75,412500.0,2337500.0
365.76,412799.9999999997,2341999.999999996
365.77,413099.9999999995,2346499.9999999916
365.78,413399.9999999992,2350999.999999988
365.79,413700.00000000064,2355500.0000000093
365.8,414000.00000000035,2360000.000000005
365.81,414300.00000000006,2364500.000000001
365.82,414599.99999999977,2368999.9999999967
365.83,414899.99999999953,2373499.999999993
365.84,415199.99999999924,2377999.999999989
365.85,415500.0000000007,2382500.0000000102
365.86,415800.0000000004,2387000.000000006
365.87,416100.0000000001,2391500.000000002
365.88,416399.9999999999,2395999.999999998
365.89,416699.9999999996,2400499.999999994
365.9,416999.9999999993,2404999.9999999898
365.91,417300.00000000076,2409500.000000011
365.92,417600.00000000047,2414000.000000007
365.93,417900.00000000023,2418500.0000000033
365.94,418199.99999999994,2422999.999999999
365.95,418499.99999999965,2427499.999999995
365.96,418799.99999999936,2431999.9999999907
365.97,419100.0000000008,2436500.000000012
365.98,419400.0000000005,2441000.0000000084
365.99,419700.0000000003,2445500.000000004
366.0,420000.0,2450000.0
366.01,420299.9999999997,2453999.9999999963
366.02,420599.9999999995,2457999.9999999925
366.03,420899.9999999992,2461999.9999999893
366.04,421200.00000000064,2466000.0000000084
366.05,421500.00000000035,2470000.0000000047
366.06,421800.00000000006,2474000.000000001
366.07,422099.99999999977,2477999.999999997
366.08,422399.99999999953,2481999.9999999935
366.09,422699.99999999924,2485999.99999999
366.1,423000.0000000007,2490000.0000000093
366.11,423300.0000000004,2494000.0000000056
366.12,423600.0000000001,2498000.000000002
366.13,423899.9999999999,2501999.999999998
366.14,424199.9999999996,2505999.9999999944
366.15,424499.9999999993,2509999.9999999907
366.16,424800.00000000076,2514000.00000001
366.17,425100.00000000047,2518000.0000000065
366.18,425400.00000000023,2522000.000000003
366.19,425699.99999999994,2525999.999999999
366.2,425999.99999999965,2529999.9999999953
366.21,426299.99999999936,2533999.9999999916
366.22,426600.0000000008,2538000.0000000107
366.23,426900.0000000005,2542000.0000000075
366.24,427200.0000000003,2546000.0000000037
366.25,427500.0,2550000.0
366.26,427799.9999999997,2553999.9999999963
366.27,428099.9999999995,2557999.9999999925
366.28,428399.9999999992,2561999.9999999893
366.29,428700.00000000064,2566000.0000000084
366.3,429000.00000000035,2570000.0000000047
366.31,429300.00000000006,2574000.000000001
366.32,429599.99999999977,2577999.999999997
366.33,429899.99999999953,2581999.9999999935
366.34,430199.99999999924,2585999.9999999898
366.35,430500.0000000007,2590000.0000000093
366.36,430800.0000000004,2594000.0000000056
366.37,431100.0000000001,2598000.000000002
366.38,431399.9999999999,2601999.999999998
366.39,431699.9999999996,2605999.9999999944
366.4,431999.9999999993,2609999.9999999907
366.41,432300.00000000076,2614000.0000000102
366.42,432600.00000000047,2618000.0000000065
366.43,432900.00000000023,2622000.000000003
366.44,433199.99999999994,2625999.999999999
366.45,433499.99999999965,2629999.9999999953
366.46,433799.99999999936,2633999.9999999916
366.47,434100.0000000008,2638000.0000000107
366.48,434400.0000000005,2642000.0000000075
366.49,434700.0000000003,2646000.0000000037
366.5,435000.0,2650000.0
366.51,435299.9999999997,2653999.9999999963
366.52,435599.9999999995,2657999.9999999925
366.53,435899.9999999992,2661999.9999999893
366.54,436200.00000000064,2666000.0000000084
366.55,436500.00000000035,2670000.0000000047
366.56,436800.00000000006,2674000.000000001
366.57,437099.99999999977,2677999.999999997
366.58,437399.99999999953,2681999.9999999935
366.59,437699.99999999924,2685999.9999999898
366.6,438000.0000000007,2690000.0000000093
366.61,438300.0000000004,2694000.0000000056
366.62,438600.0000000001,2698000.000000002
366.63,438899.9999999999,2701999.999999998
366.64,439199.9999999996,2705999.9999999944
366.65,439499.9999999993,2709999.9999999907
366.66,439800.00000000076,2714000.0000000102
366.67,440100.00000000047,2718000.0000000065
366.68,440400.00000000023,2722000.000000003
366.69,440699.99999999994,2725999.999999999
366.7,440999.99999999965,2729999.9999999953
366.71,441299.99999999936,2733999.9999999916
366.72,441600.0000000008,2738000.000000011
366.73,441900.0000000005,2742000.0000000075
366.74,442200.0000000003,2746000.0000000037
366.75,442500.0,2750000.0
366.76,442799.9999999997,2753999.9999999963
366.77,443099.9999999995,2757999.9999999925
366.78,443399.9999999992,2761999.999999989
366.79,443700.00000000064,2766000.0000000084
366.8,444000.00000000035,2770000.0000000047
366.81,444300.00000000006,2774000.000000001
366.82,444599.99999999977,2777999.999999997
366.83,444899.99999999953,2781999.9999999935
366.84,445199.99999999924,2785999.9999999898
366.85,445500.0000000007,2790000.0000000093
366.86,445800.0000000004,2794000.0000000056
366.87,446100.0000000001,2798000.000000002
366.88,446399.9999999999,2801999.999999998
366.89,446699.9999999996,2805999.9999999944
366.9,446999.9999999993,2809999.9999999907
366.91,447300.00000000076,2814000.0000000102
366.92,447600.00000000047,2818000.0000000065
366.93,447900.00000000023,2822000.000000003
366.94,448199.99999999994,2825999.999999999
366.95,448499.99999999965,2829999.9999999953
366.96,448799.99999999936,2833999.9999999916
366.97,449100.0000000008,2838000.000000011
366.98,449400.0000000005,2842000.0000000075
366.99,449700.0000000003,2846000.0000000037
367.0,450000.0,2850000.0
367.01,450349.9999999997,2854499.999999996
367.02,450699.99999999936,2858999.9999999916
367.03,451049.99999999907,2863499.999999988
367.04,451400.0000000007,2868000.0000000093
367.05,451750.0000000004,2872500.000000005
367.06,452100.00000000006,2877000.000000001
367.07,452449.99999999977,2881499.9999999967
367.08,452799.9999999994,2885999.999999993
367.09,453149.9999999991,2890499.999999989
367.1,453500.0000000008,2895000.0000000102
367.11,453850.00000000047,2899500.000000006
367.12,454200.0000000002,2904000.000000002
367.13,454549.9999999998,2908499.999999998
367.14,454899.99999999953,2912999.999999994
367.15,455249.9999999992,2917499.9999999898
367.16,455600.0000000009,2922000.000000011
367.17,455950.0000000006,2926500.000000007
367.18,456300.00000000023,2931000.0000000033
367.19,456649.99999999994,2935499.999999999
367.2,456999.9999999996,2939999.999999995
367.21,457349.9999999993,2944499.9999999907
367.22,457700.00000000093,2949000.000000012
367.23,458050.00000000064,2953500.0000000084
367.24,458400.0000000003,2958000.000000004
367.25,458750.0,2962500.0
367.26,459099.9999999997,2966999.999999996
367.27,459449.99999999936,2971499.9999999916
367.28,459799.99999999907,2975999.999999988
367.29,460150.0000000007,2980500.0000000093
367.3,460500.0000000004,2985000.000000005
367.31,460850.00000000006,2989500.000000001
367.32,461199.99999999977,2993999.9999999967
367.33,461549.9999999994,2998499.999999993
367.34,461899.9999999991,3002999.999999989
367.35,462250.0000000008,3007500.0000000102
367.36,462600.00000000047,3012000.000000006
367.37,462950.0000000002,3016500.000000002
367.38,463299.9999999998,3020999.999999998
367.39,463649.99999999953,3025499.999999994
367.4,463999.9999999992,3029999.9999999898
367.41,464350.0000000009,3034500.000000011
367.42,464700.0000000006,3039000.000000007
367.43,465050.00000000023,3043500.0000000033
367.44,465399.99999999994,3047999.999999999
367.45,465749.9999999996,3052499.999999995
367.46,466099.9999999993,3056999.9999999907
367.47,466450.00000000093,3061500.000000012
367.48,466800.00000000064,3066000.0000000084
367.49,467150.00000000035,3070500.000000004
367.5,467500.0,3075000.0
367.51,467849.99999999965,3079499.999999996
367.52,468199.99999999936,3083999.9999999916
367.53,468549.99999999907,3088499.999999988
367.54,468900.0000000007,3093000.0000000093
367.55,469250.0000000004,3097500.000000005
367.56,469600.00000000006,3102000.000000001
367.57,469949.99999999977,3106499.9999999967
367.58,470299.9999999994,3110999.999999993
367.59,470649.9999999991,3115499.999999989
367.6,471000.0000000008,3120000.0000000102
367.61,471350.00000000047,3124500.000000006
367.62,471700.0000000002,3129000.000000002
367.63,472049.9999999998,3133499.999999998
367.64,472399.99999999953,3137999.999999994
367.65,472749.9999999992,3142499.9999999898
367.66,473100.0000000009,3147000.000000011
367.67,473450.0000000006,3151500.000000007
367.68,473800.00000000023,3156000.0000000033
367.69,474149.99999999994,3160499.999999999
367.7,474499.9999999996,3164999.999999995
367.71,474849.9999999993,3169499.9999999907
367.72,475200.00000000093,3174000.000000012
367.73,475550.00000000064,3178500.0000000084
367.74,475900.00000000035,3183000.000000004
367.75,476250.0,3187500.0
367.76,476599.99999999965,3191999.999999996
367.77,476949.99999999936,3196499.9999999916
367.78,477299.99999999907,3200999.999999988
367.79,477650.0000000007,3205500.0000000093
367.8,478000.0000000004,3210000.000000005
367.81,478350.00000000006,3214500.000000001
367.82,478699.99999999977,3218999.9999999967
367.83,479049.9999999994,3223499.999999993
367.84,479399.9999999991,3227999.999999989
367.85,479750.0000000008,3232500.0000000102
367.86,480100.00000000047,3237000.000000006
367.87,480450.0000000002,3241500.000000002
367.88,480799.9999999998,3245999.999999998
367.89,481149.99999999953,3250499.999999994
367.9,481499.9999999992,3254999.9999999898
367.91,481850.0000000009,3259500.000000011
367.92,482200.0000000006,3264000.000000007
367.93,482550.00000000023,3268500.0000000033
367.94,482899.99999999994,3272999.999999999
367.95,483249.9999999996,3277499.999999995
367.96,483599.9999999993,3281999.9999999907
367.97,483950.00000000093,3286500.000000012
367.98,484300.00000000064,3291000.0000000084
367.99,484650.00000000035,3295500.000000004
368.0,485000.0,3300000.0
368.01,485349.9999999997,3304999.9999999953
368.02,485699.99999999936,3309999.9999999907
368.03,486049.99999999907,3314999.9999999865
368.04,486400.0000000007,3320000.0000000102
368.05,486750.0000000004,3325000.0000000056
368.06,487100.00000000006,3330000.000000001
368.07,487449.99999999977,3334999.9999999967
368.08,487799.9999999994,3339999.999999992
368.09,488149.9999999991,3344999.9999999874
368.1,488500.0000000008,3350000.000000011
368.11,488850.00000000047,3355000.000000007
368.12,489200.0000000002,3360000.0000000023
368.13,489549.9999999998,3364999.9999999977
368.14,489899.99999999953,3369999.999999993
368.15,490249.9999999992,3374999.999999989
368.16,490600.0000000009,3380000.0000000126
368.17,490950.0000000006,3385000.000000008
368.18,491300.00000000023,3390000.0000000033
368.19,491649.99999999994,3394999.999999999
368.2,491999.9999999996,3399999.9999999944
368.21,492349.9999999993,3404999.9999999898
368.22,492700.00000000093,3410000.0000000135
368.23,493050.00000000064,3415000.0000000093
368.24,493400.0000000003,3420000.0000000047
368.25,493750.0,3425000.0
368.26,494099.9999999997,3429999.9999999953
368.27,494449.99999999936,3434999.9999999907
368.28,494799.99999999907,3439999.9999999865
368.29,495150.0000000007,3445000.0000000102
368.3,495500.0000000004,3450000.0000000056
368.31,495850.00000000006,3455000.000000001
368.32,496199.99999999977,3459999.9999999967
368.33,496549.9999999994,3464999.999999992
368.34,496899.9999999991,3469999.9999999874
368.35,497250.0000000008,3475000.000000011
368.36,497600.00000000047,3480000.000000007
368.37,497950.0000000002,3485000.0000000023
368.38,498299.9999999998,3489999.9999999977
368.39,498649.99999999953,3494999.999999993
368.4,498999.9999999992,3499999.999999989
368.41,499350.0000000009,3505000.0000000126
368.42,499700.0000000006,3510000.000000008
368.43,500050.00000000023,3515000.0000000033
368.44,500399.99999999994,3519999.999999999
368.45,500749.9999999996,3524999.9999999944
368.46,501099.9999999993,3529999.9999999898
368.47,501450.00000000093,3535000.0000000135
368.48,501800.00000000064,3540000.0000000093
368.49,502150.00000000035,3545000.0000000047
368.5,502500.0,3550000.0
368.51,502849.99999999965,3554999.9999999953
368.52,503199.99999999936,3559999.9999999907
368.53,503549.99999999907,3564999.9999999865
368.54,503900.0000000007,3570000.0000000102
368.55,504250.0000000004,3575000.0000000056
368.56,504600.00000000006,3580000.000000001
368.57,504949.99999999977,3584999.9999999967
368.58,505299.9999999994,3589999.999999992
368.59,505649.9999999991,3594999.9999999874
368.6,506000.0000000008,3600000.000000011
368.61,506350.00000000047,3605000.000000007
368.62,506700.0000000002,3610000.0000000023
368.63,507049.9999999998,3614999.9999999977
368.64,507399.99999999953,3619999.999999993
368.65,507749.9999999992,3624999.999999989
368.66,508100.0000000009,3630000.0000000126
368.67,508450.0000000006,3635000.000000008
368.68,508800.00000000023,3640000.0000000033
368.69,509149.99999999994,3644999.999999999
368.7,509499.9999999996,3649999.9999999944
368.71,509849.9999999993,3654999.9999999898
368.72,510200.00000000093,3660000.0000000135
368.73,510550.00000000064,3665000.0000000093
368.74,510900.00000000035,3670000.0000000047
368.75,511250.0,3675000.0
368.76,511599.99999999965,3679999.9999999953
368.77,511949.99999999936,3684999.9999999907
368.78,512299.99999999907,3689999.9999999865
368.79,512650.0000000007,3695000.0000000102
368.8,513000.0000000004,3700000.0000000056
368.81,513350.00000000006,3705000.000000001
368.82,513699.99999999977,3709999.9999999967
368.83,514049.9999999994,3714999.999999992
368.84,514399.9999999991,3719999.9999999874
368.85,514750.0000000008,3725000.000000011
368.86,515100.00000000047,3730000.000000007
368.87,515450.0000000002,3735000.0000000023
368.88,515799.9999999998,3739999.9999999977
368.89,516149.99999999953,3744999.999999993
368.9,516499.9999999992,3749999.999999989
368.91,516850.0000000009,3755000.0000000126
368.92,517200.0000000006,3760000.000000008
368.93,517550.00000000023,3765000.0000000033
368.94,517899.99999999994,3769999.999999999
368.95,518249.9999999996,3774999.9999999944
368.96,518599.9999999993,3779999.9999999898
368.97,518950.00000000093,3785000.0000000135
368.98,519300.00000000064,3790000.0000000093
368.99,519650.00000000035,3795000.0000000047
369.0,520000.0,3800000.0
369.01,520499.99999999953,3805999.9999999944
369.02,520999.99999999907,3811999.9999999893
369.03,521499.99999999866,3817999.9999999837
369.04,522000.00000000105,3824000.000000012
369.05,522500.0000000006,3830000.000000007
369.06,523000.0000000001,3836000.0000000014
369.07,523499.99999999965,3841999.999999996
369.08,523999.9999999992,3847999.9999999907
369.09,524499.9999999987,3853999.999999985
369.1,525000.0000000012,3860000.0000000135
369.11,525500.0000000007,3866000.0000000084
369.12,526000.0000000002,3872000.000000003
369.13,526499.9999999998,3877999.999999997
369.14,526999.9999999993,3883999.9999999916
369.15,527499.9999999988,3889999.9999999865
369.16,528000.0000000013,3896000.000000015
369.17,528500.0000000008,3902000.0000000093
369.18,529000.0000000003,3908000.000000004
369.19,529499.9999999999,3913999.9999999986
369.2,529999.9999999994,3919999.999999993
369.21,530499.999999999,3925999.999999988
369.22,531000.0000000014,3932000.0000000163
369.23,531500.0000000009,3938000.0000000107
369.24,532000.0000000005,3944000.0000000056
369.25,532500.0,3950000.0
369.26,532999.9999999995,3955999.9999999944
369.27,533499.9999999991,3961999.9999999893
369.28,533999.9999999986,3967999.9999999837
369.29,534500.000000001,3974000.000000012
369.3,535000.0000000006,3980000.000000007
369.31,535500.0000000001,3986000.0000000014
369.32,535999.9999999997,3991999.999999996
369.33,536499.9999999992,3997999.9999999907
369.34,536999.9999999987,4003999.999999985
369.35,537500.0000000012,4010000.0000000135
369.36,538000.0000000007,4016000.0000000084
369.37,538500.0000000002,4022000.000000003
369.38,538999.9999999998,4027999.999999997
369.39,539499.9999999993,4033999.9999999916
369.4,539999.9999999988,4039999.9999999865
369.41,540500.0000000013,4046000.000000015
369.42,541000.0000000008,4052000.0000000093
369.43,541500.0000000003,4058000.000000004
369.44,541999.9999999999,4063999.9999999986
369.45,542499.9999999994,4069999.999999993
369.46,542999.999999999,4075999.999999988
369.47,543500.0000000014,4082000.0000000163
369.48,544000.0000000009,4088000.000000011
369.49,544500.0000000005,4094000.0000000056
369.5,545000.0,4100000.0
369.51,545499.9999999995,4105999.9999999944
369.52,545999.9999999991,4111999.999999989
369.53,546499.9999999986,4117999.9999999837
369.54,547000.000000001,4124000.000000012
369.55,547500.0000000006,4130000.000000007
369.56,548000.0000000001,4136000.0000000014
369.57,548499.9999999997,4141999.999999996
369.58,548999.9999999992,4147999.9999999907
369.59,549499.9999999987,4153999.999999985
369.6,550000.0000000012,4160000.0000000135
369.61,550500.0000000007,4166000.0000000084
369.62,551000.0000000002,4172000.000000003
369.63,551499.9999999998,4177999.999999997
369.64,551999.9999999993,4183999.9999999916
369.65,552499.9999999988,4189999.9999999865
369.66,553000.0000000013,4196000.000000015
369.67,553500.0000000008,4202000.000000009
369.68,554000.0000000003,4208000.000000004
369.69,554499.9999999999,4213999.999999999
369.7,554999.9999999994,4219999.9999999935
369.71,555499.999999999,4225999.999999988
369.72,556000.0000000014,4232000.000000017
369.73,556500.0000000009,4238000.000000011
369.74,557000.0000000005,4244000.000000006
369.75,557500.0,4250000.0
369.76,557999.9999999995,4255999.999999994
369.77,558499.9999999991,4261999.999999989
369.78,558999.9999999986,4267999.999999983
369.79,559500.000000001,4274000.000000012
369.8,560000.0000000006,4280000.0000000065
369.81,560500.0000000001,4286000.000000001
369.82,560999.9999999997,4291999.999999996
369.83,561499.9999999992,4297999.999999991
369.84,561999.9999999987,4303999.999999985
369.85,562500.0000000012,4310000.000000014
369.86,563000.0000000007,4316000.000000008
369.87,563500.0000000002,4322000.000000003
369.88,563999.9999999998,4327999.999999997
369.89,564499.9999999993,4333999.999999992
369.9,564999.9999999988,4339999.999999986
369.91,565500.0000000013,4346000.000000015
369.92,566000.0000000008,4352000.000000009
369.93,566500.0000000003,4358000.000000004
369.94,566999.9999999999,4363999.999999998
369.95,567499.9999999994,4369999.9999999935
369.96,567999.999999999,4375999.999999988
369.97,568500.0000000014,4382000.000000017
369.98,569000.0000000009,4388000.000000011
369.99,569500.0000000005,4394000.000000006
370.0,570000.0,4400000.0
370.01,570299.9999999998,4405499.999999995
370.02,570599.9999999994,4410999.99999999
370.03,570899.9999999992,4416499.999999985
370.04,571200.0000000006,4422000.000000011
370.05,571500.0000000003,4427500.0000000065
370.06,571800.0000000001,4433000.000000001
370.07,572099.9999999998,4438499.999999996
370.08,572399.9999999995,4443999.999999992
370.09,572699.9999999993,4449499.999999986
370.1,573000.0000000007,4455000.000000012
370.11,573300.0000000005,4460500.000000007
370.12,573600.0000000001,4466000.000000003
370.13,573899.9999999999,4471499.999999997
370.14,574199.9999999995,4476999.999999993
370.15,574499.9999999993,4482499.999999988
370.16,574800.0000000007,4488000.000000014
370.17,575100.0000000005,4493500.000000008
370.18,575400.0000000002,4499000.000000004
370.19,575699.9999999999,4504499.999999999
370.2,575999.9999999997,4509999.9999999935
370.21,576299.9999999994,4515499.999999989
370.22,576600.0000000008,4521000.000000015
370.23,576900.0000000006,4526500.00000001
370.24,577200.0000000002,4532000.000000005
370.25,577500.0,4537500.0
370.26,577799.9999999998,4542999.999999995
370.27,578099.9999999994,4548499.99999999
370.28,578399.9999999992,4553999.999999985
370.29,578700.0000000006,4559500.000000011
370.3,579000.0000000003,4565000.0000000065
370.31,579300.0000000001,4570500.000000001
370.32,579599.9999999998,4575999.999999996
370.33,579899.9999999995,4581499.999999992
370.34,580199.9999999993,4586999.999999986
370.35,580500.0000000007,4592500.000000012
370.36,580800.0000000005,4598000.000000007
370.37,581100.0000000001,4603500.000000003
370.38,581399.9999999999,4608999.999999997
370.39,581699.9999999995,4614499.999999993
370.4,581999.9999999993,4619999.999999988
370.41,582300.0000000007,4625500.000000014
370.42,582600.0000000005,4631000.000000008
370.43,582900.0000000002,4636500.000000004
370.44,583199.9999999999,4641999.999999999
370.45,583499.9999999997,4647499.9999999935
370.46,583799.9999999994,4652999.999999989
370.47,584100.0000000008,4658500.000000015
370.48,584400.0000000006,4664000.00000001
370.49,584700.0000000002,4669500.000000005
370.5,585000.0,4675000.0
370.51,585299.9999999998,4680499.999999995
370.52,585599.9999999994,4685999.99999999
370.53,585899.9999999992,4691499.999999985
370.54,586200.0000000006,4697000.000000011
370.55,586500.0000000003,4702500.0000000065
370.56,586800.0000000001,4708000.000000001
370.57,587099.9999999998,4713499.999999996
370.58,587399.9999999995,4718999.999999992
370.59,587699.9999999993,4724499.999999986
370.6,588000.0000000007,4730000.000000012
370.61,588300.0000000005,4735500.000000007
370.62,588600.0000000001,4741000.000000003
370.63,588899.9999999999,4746499.999999997
370.64,589199.9999999995,4751999.999999993
370.65,589499.9999999993,4757499.999999988
370.66,589800.0000000007,4763000.000000014
370.67,590100.0000000005,4768500.000000008
370.68,590400.0000000002,4774000.000000004
370.69,590699.9999999999,4779499.999999999
370.7,590999.9999999997,4784999.9999999935
370.71,591299.9999999994,4790499.999999989
370.72,591600.0000000008,4796000.000000015
370.73,591900.0000000006,4801500.00000001
370.74,592200.0000000002,4807000.000000005
370.75,592500.0,4812500.0
370.76,592799.9999999998,4817999.999999995
370.77,593099.9999999994,4823499.99999999
370.78,593399.9999999992,4828999.999999985
370.79,593700.0000000006,4834500.000000011
370.8,594000.0000000003,4840000.0000000065
370.81,594300.0000000001,4845500.000000001
370.82,594599.9999999998,4850999.999999996
370.83,594899.9999999995,4856499.999999992
370.84,595199.9999999993,4861999.999999986
370.85,595500.0000000007,4867500.000000012
370.86,595800.0000000005,4873000.000000007
370.87,596100.0000000001,4878500.000000003
370.88,596399.9999999999,4883999.999999997
370.89,596699.9999999995,4889499.999999993
370.9,596999.9999999993,4894999.999999988
370.91,597300.0000000007,4900500.000000014
370.92,597600.0000000005,4906000.000000008
370.93,597900.0000000002,4911500.000000004
370.94,598199.9999999999,4916999.999999999
370.95,598499.9999999997,4922499.9999999935
370.96,598799.9999999994,4927999.999999989
370.97,599100.0000000008,4933500.000000015
370.98,599400.0000000006,4939000.00000001
370.99,599700.0000000002,4944500.000000005
371.0,600000.0,4950000.0
371.01,600499.9999999995,4955499.999999995
371.02,600999.9999999991,4960999.99999999
371.03,601499.9999999986,4966499.999999985
371.04,602000.000000001,4972000.000000011
371.05,602500.0000000006,4977500.0000000065
371.06,603000.0000000001,4983000.000000001
371.07,603499.9999999997,4988499.999999996
371.08,603999.9999999992,4993999.999999992
371.09,604499.9999999987,4999499.999999986
371.1,605000.0000000012,5005000.000000012
371.11,605500.0000000007,5010500.000000007
371.12,606000.0000000002,5016000.000000003
371.13,606499.9999999998,5021499.999999997
371.14,606999.9999999993,5026999.999999993
371.15,607499.9999999988,5032499.999999988
371.16,608000.0000000013,5038000.000000014
371.17,608500.0000000008,5043500.000000008
371.18,609000.0000000003,5049000.000000004
371.19,609499.9999999999,5054499.999999999
371.2,609999.9999999994,5059999.9999999935
371.21,610499.999999999,5065499.999999989
371.22,611000.0000000014,5071000.000000015
371.23,611500.0000000009,5076500.00000001
371.24,612000.0000000005,5082000.000000005
371.25,612500.0,5087500.0
371.26,612999.9999999995,5092999.999999995
371.27,613499.9999999991,5098499.99999999
371.28,613999.9999999986,5103999.999999985
371.29,614500.000000001,5109500.000000011
371.3,615000.0000000006,5115000.0000000065
371.31,615500.0000000001,5120500.000000001
371.32,615999.9999999997,5125999.999999996
371.33,616499.9999999992,5131499.999999992
371.34,616999.9999999987,5136999.999999986
371.35,617500.0000000012,5142500.000000012
371.36,618000.0000000007,5148000.000000007
371.37,618500.0000000002,5153500.000000003
371.38,618999.9999999998,5158999.999999997
371.39,619499.9999999993,5164499.999999993
371.4,619999.9999999988,5169999.999999988
371.41,620500.0000000013,5175500.000000014
371.42,621000.0000000008,5181000.000000008
371.43,621500.0000000003,5186500.000000004
371.44,621999.9999999999,5191999.999999999
371.45,622499.9999999994,5197499.9999999935
371.46,622999.999999999,5202999.999999989
371.47,623500.0000000014,5208500.000000015
371.48,624000.0000000009,5214000.00000001
371.49,624500.0000000005,5219500.000000005
371.5,625000.0,5225000.0
371.51,625499.9999999995,5230499.999999995
371.52,625999.9999999991,5235999.99999999
371.53,626499.9999999986,5241499.999999985
371.54,627000.000000001,5247000.000000011
371.55,627500.0000000006,5252500.0000000065
371.56,628000.0000000001,5258000.000000001
371.57,628499.9999999997,5263499.999999996
371.58,628999.9999999992,5268999.999999992
371.59,629499.9999999987,5274499.999999986
371.6,630000.0000000012,5280000.000000012
371.61,630500.0000000007,5285500.000000007
371.62,631000.0000000002,5291000.000000003
371.63,631499.9999999998,5296499.999999997
371.64,631999.9999999993,5301999.999999993
371.65,632499.9999999988,5307499.999999988
371.66,633000.0000000013,5313000.000000014
371.67,633500.0000000008,5318500.000000008
371.68,634000.0000000003,5324000.000000004
371.69,634499.9999999999,5329499.999999999
371.7,634999.9999999994,5334999.9999999935
371.71,635499.999999999,5340499.999999989
371.72,636000.0000000014,5346000.000000015
371.73,636500.0000000009,5351500.00000001
371.74,637000.0000000005,5357000.000000005
371.75,637500.0,5362500.0
371.76,637999.9999999995,5367999.999999995
371.77,638499.9999999991,5373499.99999999
371.78,638999.9999999986,5378999.999999985
371.79,639500.000000001,5384500.000000011
371.8,640000.0000000006,5390000.0000000065
371.81,640500.0000000001,5395500.000000001
371.82,640999.9999999997,5400999.999999996
371.83,641499.9999999992,5406499.999999992
371.84,641999.9999999987,5411999.999999986
371.85,642500.0000000012,5417500.000000012
371.86,643000.0000000007,5423000.000000007
371.87,643500.0000000002,5428500.000000003
371.88,643999.9999999998,5433999.999999997
371.89,644499.9999999993,5439499.999999993
371.9,644999.9999999988,5444999.999999988
371.91,645500.0000000013,5450500.000000014
371.92,646000.0000000008,5456000.000000008
371.93,646500.0000000003,5461500.000000004
371.94,646999.9999999999,5466999.999999999
371.95,647499.9999999994,5472499.9999999935
371.96,647999.999999999,5477999.999999989
371.97,648500.0000000014,5483500.000000015
371.98,649000.0000000009,5489000.00000001
371.99,649500.0000000005,5494500.000000005
372.0,650000.0,5500000.0
372.01,650699.9999999994,5506499.999999994
372.02,651399.9999999987,5512999.999999988
372.03,652099.9999999981,5519499.999999982
372.04,652800.0000000014,5526000.000000013
372.05,653500.0000000008,5532500.000000007
372.06,654200.0000000001,5539000.000000002
372.07,654899.9999999995,5545499.999999995
372.08,655599.9999999988,5551999.99999999
372.09,656299.9999999983,5558499.999999984
372.1,657000.0000000016,5565000.000000015
372.11,657700.0000000009,5571500.000000009
372.12,658400.0000000003,5578000.000000003
372.13,659099.9999999997,5584499.999999997
372.14,659799.9999999991,5590999.999999991
372.15,660499.9999999984,5597499.999999985
372.16,661200.0000000017,5604000.000000016
372.17,661900.0000000012,5610500.00000001
372.18,662600.0000000005,5617000.000000005
372.19,663299.9999999999,5623499.999999998
372.2,663999.9999999992,5629999.999999993
372.21,664699.9999999986,5636499.999999987
372.22,665400.0000000019,5643000.000000018
372.23,666100.0000000013,5649500.000000012
372.24,666800.0000000006,5656000.000000006
372.25,667500.0,5662500.0
372.26,668199.9999999994,5668999.999999994
372.27,668899.9999999987,5675499.999999988
372.28,669599.9999999981,5681999.999999982
372.29,670300.0000000014,5688500.000000013
372.3,671000.0000000008,5695000.000000007
372.31,671700.0000000001,5701500.000000002
372.32,672399.9999999995,5707999.999999995
372.33,673099.9999999988,5714499.99999999
372.34,673799.9999999983,5720999.999999984
372.35,674500.0000000016,5727500.000000015
372.36,675200.0000000009,5734000.000000009
372.37,675900.0000000003,5740500.000000003
372.38,676599.9999999997,5746999.999999997
372.39,677299.9999999991,5753499.999999991
372.4,677999.9999999984,5759999.999999985
372.41,678700.0000000017,5766500.000000016
372.42,679400.0000000012,5773000.00000001
372.43,680100.0000000005,5779500.000000005
372.44,680799.9999999999,5785999.999999998
372.45,681499.9999999992,5792499.999999993
372.46,682199.9999999986,5798999.999999987
372.47,682900.0000000019,5805500.000000018
372.48,683600.0000000013,5812000.000000012
372.49,684300.0000000007,5818500.000000006
372.5,685000.0,5825000.0
372.51,685699.9999999993,5831499.999999994
372.52,686399.9999999987,5837999.999999988
372.53,687099.9999999981,5844499.999999982
372.54,687800.0000000014,5851000.000000013
372.55,688500.0000000008,5857500.000000007
372.56,689200.0000000001,5864000.000000002
372.57,689899.9999999995,5870499.999999995
372.58,690599.9999999988,5876999.99999999
372.59,691299.9999999983,5883499.999999984
372.6,692000.0000000016,5890000.000000015
372.61,692700.0000000009,5896500.000000009
372.62,693400.0000000003,5903000.000000003
372.63,694099.9999999997,5909499.999999997
372.64,694799.9999999991,5915999.999999991
372.65,695499.9999999984,5922499.999999985
372.66,696200.0000000017,5929000.000000016
372.67,696900.0000000012,5935500.00000001
372.68,697600.0000000005,5942000.000000005
372.69,698299.9999999999,5948499.999999998
372.7,698999.9999999992,5954999.999999993
372.71,699699.9999999986,5961499.999999987
372.72,700400.0000000019,5968000.000000018
372.73,701100.0000000013,5974500.000000012
372.74,701800.0000000007,5981000.000000006
372.75,702500.0,5987500.0
372.76,703199.9999999993,5993999.999999994
372.77,703899.9999999987,6000499.999999988
372.78,704599.9999999981,6006999.999999982
372.79,705300.0000000014,6013500.000000013
372.8,706000.0000000008,6020000.000000007
372.81,706700.0000000001,6026500.000000002
372.82,707399.9999999995,6032999.999999995
372.83,708099.9999999988,6039499.99999999
372.84,708799.9999999983,6045999.999999983
372.85,709500.0000000016,6052500.000000015
372.86,710200.0000000009,6059000.000000009
372.87,710900.0000000003,6065500.000000003
372.88,711599.9999999997,6071999.999999997
372.89,712299.9999999991,6078499.999999991
372.9,712999.9999999984,6084999.999999985
372.91,713700.0000000017,6091500.000000017
372.92,714400.0000000012,6098000.00000001
372.93,715100.0000000005,6104500.000000005
372.94,715799.9999999999,6110999.999999998
372.95,716499.9999999992,6117499.999999993
372.96,717199.9999999986,6123999.999999987
372.97,717900.0000000019,6130500.000000018
372.98,718600.0000000013,6137000.000000012
372.99,719300.0000000007,6143500.000000006
373.0,720000.0,6150000.0
373.01,720799.9999999993,6158499.999999993
373.02,721599.9999999986,6166999.999999984
373.03,722399.9999999978,6175499.999999977
373.04,723200.0000000016,6184000.000000018
373.05,724000.0000000009,6192500.000000009
373.06,724800.0000000002,6201000.000000002
373.07,725599.9999999994,6209499.999999994
373.08,726399.9999999987,6217999.999999986
373.09,727199.999999998,6226499.999999979
373.1,728000.0000000019,6235000.00000002
373.11,728800.000000001,6243500.000000011
373.12,729600.0000000003,6252000.000000004
373.13,730399.9999999997,6260499.999999996
373.14,731199.999999999,6268999.999999989
373.15,731999.9999999981,6277499.99999998
373.16,732800.000000002,6286000.000000021
373.17,733600.0000000013,6294500.000000014
373.18,734400.0000000006,6303000.000000006
373.19,735199.9999999998,6311499.999999998
373.2,735999.9999999991,6319999.999999991
373.21,736799.9999999984,6328499.999999982
373.22,737600.0000000022,6337000.000000023
373.23,738400.0000000014,6345500.000000016
373.24,739200.0000000007,6354000.000000007
373.25,740000.0,6362500.0
373.26,740799.9999999993,6370999.999999993
373.27,741599.9999999986,6379499.999999984
373.28,742399.9999999978,6387999.999999977
373.29,743200.0000000016,6396500.000000018
373.3,744000.0000000009,6405000.000000009
373.31,744800.0000000002,6413500.000000002
373.32,745599.9999999994,6421999.999999994
373.33,746399.9999999987,6430499.999999987
373.34,747199.999999998,6438999.999999979
373.35,748000.0000000019,6447500.00000002
373.36,748800.000000001,6456000.000000011
373.37,749600.0000000003,6464500.000000004
373.38,750399.9999999997,6472999.999999996
373.39,751199.999999999,6481499.999999989
373.4,751999.9999999981,6489999.99999998
373.41,752800.000000002,6498500.000000021
373.42,753600.0000000013,6507000.000000013
373.43,754400.0000000006,6515500.000000006
373.44,755199.9999999998,6523999.999999998
373.45,755999.9999999991,6532499.999999991
373.46,756799.9999999984,6540999.999999982
373.47,757600.0000000022,6549500.000000023
373.48,758400.0000000014,6558000.000000016
373.49,759200.0000000007,6566500.000000007
373.5,760000.0,6575000.0
373.51,760799.9999999993,6583499.999999993
373.52,761599.9999999986,6591999.999999984
373.53,762399.9999999978,6600499.999999977
373.54,763200.0000000016,6609000.000000018
373.55,764000.0000000009,6617500.000000009
373.56,764800.0000000002,6626000.000000002
373.57,765599.9999999994,6634499.999999994
373.58,766399.9999999987,6642999.999999987
373.59,767199.999999998,6651499.999999979
373.6,768000.0000000019,6660000.00000002
373.61,768800.000000001,6668500.000000011
373.62,769600.0000000003,6677000.000000004
373.63,770399.9999999997,6685499.999999996
373.64,771199.999999999,6693999.999999989
373.65,771999.9999999981,6702499.99999998
373.66,772800.000000002,6711000.000000021
373.67,773600.0000000013,6719500.000000013
373.68,774400.0000000006,6728000.000000006
373.69,775199.9999999998,6736499.999999998
373.7,775999.9999999991,6744999.999999991
373.71,776799.9999999984,6753499.999999982
373.72,777600.0000000022,6762000.000000023
373.73,778400.0000000014,6770500.000000016
373.74,779200.0000000007,6779000.000000007
373.75,780000.0,6787500.0
373.76,780799.9999999993,6795999.999999993
373.77,781599.9999999986,6804499.999999984
373.78,782399.9999999978,6812999.999999977
373.79,783200.0000000016,6821500.000000018
373.8,784000.0000000009,6830000.000000009
373.81,784800.0000000002,6838500.000000002
373.82,785599.9999999994,6846999.999999994
373.83,786399.9999999987,6855499.999999987
373.84,787199.999999998,6863999.999999979
373.85,788000.0000000019,6872500.00000002
373.86,788800.000000001,6881000.000000011
373.87,789600.0000000003,6889500.000000004
373.88,790399.9999999997,6897999.999999996
373.89,791199.999999999,6906499.999999989
373.9,791999.9999999981,6914999.99999998
373.91,792800.000000002,6923500.000000021
373.92,793600.0000000013,6932000.000000013
373.93,794400.0000000006,6940500.000000006
373.94,795199.9999999998,6948999.999999998
373.95,795999.9999999991,6957499.999999991
373.96,796799.9999999984,6965999.999999982
373.97,797600.0000000022,6974500.000000023
373.98,798400.0000000014,6983000.000000016
373.99,799200.0000000007,6991500.000000007
374.0,800000.0,7000000.0
374.01,800549.9999999995,7007999.999999993
374.02,801099.999999999,7015999.999999985
374.03,801649.9999999985,7023999.999999979
374.04,802200.0000000012,7032000.000000017
374.05,802750.0000000006,7040000.000000009
374.06,803300.0000000001,7048000.000000002
374.07,803849.9999999997,7055999.999999994
374.08,804399.9999999991,7063999.999999987
374.09,804949.9999999986,7071999.99999998
374.1,805500.0000000013,7080000.000000019
374.11,806050.0000000007,7088000.000000011
374.12,806600.0000000002,7096000.000000004
374.13,807149.9999999998,7103999.999999996
374.14,807699.9999999993,7111999.999999989
374.15,808249.9999999987,7119999.999999981
374.16,808800.0000000014,7128000.00000002
374.17,809350.0000000009,7136000.000000013
374.18,809900.0000000003,7144000.000000006
374.19,810449.9999999999,7151999.999999998
374.2,810999.9999999994,7159999.999999991
374.21,811549.9999999988,7167999.999999983
374.22,812100.0000000015,7176000.000000021
374.23,812650.000000001,7184000.000000015
374.24,813200.0000000005,7192000.000000007
374.25,813750.0,7200000.0
374.26,814299.9999999995,7207999.999999993
374.27,814849.999999999,7215999.999999985
374.28,815399.9999999985,7223999.999999979
374.29,815950.0000000012,7232000.000000017
374.3,816500.0000000006,7240000.000000009
374.31,817050.0000000001,7248000.000000002
374.32,817599.9999999997,7255999.999999994
374.33,818149.9999999991,7263999.999999987
374.34,818699.9999999986,7271999.9999999795
374.35,819250.0000000013,7280000.000000019
374.36,819800.0000000007,7288000.000000011
374.37,820350.0000000002,7296000.000000004
374.38,820899.9999999998,7303999.999999996
374.39,821449.9999999993,7311999.999999989
374.4,821999.9999999987,7319999.999999981
374.41,822550.0000000014,7328000.0000000205
374.42,823100.0000000009,7336000.000000013
374.43,823650.0000000003,7344000.000000006
374.44,824199.9999999999,7351999.999999998
374.45,824749.9999999994,7359999.999999991
374.46,825299.9999999988,7367999.999999983
374.47,825850.0000000015,7376000.000000021
374.48,826400.000000001,7384000.000000015
374.49,826950.0000000005,7392000.000000007
374.5,827500.0,7400000.0
374.51,828049.9999999995,7407999.999999993
374.52,828599.999999999,7415999.999999985
374.53,829149.9999999985,7423999.999999979
374.54,829700.0000000012,7432000.000000017
374.55,830250.0000000006,7440000.000000009
374.56,830800.0000000001,7448000.000000002
374.57,831349.9999999997,7455999.999999994
374.58,831899.9999999991,7463999.999999987
374.59,832449.9999999986,7471999.9999999795
374.6,833000.0000000013,7480000.000000019
374.61,833550.0000000007,7488000.000000011
374.62,834100.0000000002,7496000.000000004
374.63,834649.9999999998,7503999.999999996
374.64,835199.9999999993,7511999.999999989
374.65,835749.9999999987,7519999.999999981
374.66,836300.0000000014,7528000.0000000205
374.67,836850.0000000009,7536000.000000013
374.68,837400.0000000003,7544000.000000006
374.69,837949.9999999999,7551999.999999998
374.7,838499.9999999994,7559999.999999991
374.71,839049.9999999988,7567999.999999983
374.72,839600.0000000015,7576000.000000022
374.73,840150.000000001,7584000.000000015
374.74,840700.0000000005,7592000.000000007
374.75,841250.0,7600000.0
374.76,841799.9999999995,7607999.999999993
374.77,842349.999999999,7615999.999999985
374.78,842899.9999999985,7623999.999999978
374.79,843450.0000000012,7632000.000000017
374.8,844000.0000000006,7640000.000000009
374.81,844550.0000000001,7648000.000000002
374.82,845099.9999999997,7655999.999999994
374.83,845649.9999999991,7663999.999999987
374.84,846199.9999999986,7671999.9999999795
374.85,846750.0000000013,7680000.000000019
374.86,847300.0000000007,7688000.000000011
374.87,847850.0000000002,7696000.000000004
374.88,848399.9999999998,7703999.999999996
374.89,848949.9999999993,7711999.999999989
374.9,849499.9999999987,7719999.999999981
374.91,850050.0000000014,7728000.0000000205
374.92,850600.0000000009,7736000.000000013
374.93,851150.0000000003,7744000.000000006
374.94,851699.9999999999,7751999.999999998
374.95,852249.9999999994,7759999.999999991
374.96,852799.9999999988,7767999.999999983
374.97,853350.0000000015,7776000.000000022
374.98,853900.000000001,7784000.000000015
374.99,854450.0000000005,7792000.000000007
375.0,855000.0,7800000.0
375.01,855749.9999999993,7809499.999999992
375.02,856499.9999999986,7818999.999999982
375.03,857249.9999999979,7828499.999999974
375.04,858000.0000000015,7838000.00000002
375.05,858750.0000000008,7847500.000000011
375.06,859500.0000000001,7857000.000000002
375.07,860249.9999999995,7866499.9999999935
375.08,860999.9999999988,7875999.999999985
375.09,861749.9999999981,7885499.999999976
375.1,862500.0000000017,7895000.000000021
375.11,863250.000000001,7904500.000000013
375.12,864000.0000000003,7914000.000000005
375.13,864749.9999999997,7923499.999999995
375.14,865499.999999999,7932999.999999987
375.15,866249.9999999983,7942499.999999979
375.16,867000.0000000019,7952000.000000024
375.17,867750.0000000012,7961500.000000015
375.18,868500.0000000005,7971000.0000000065
375.19,869249.9999999999,7980499.999999998
375.2,869999.9999999992,7989999.999999989
375.21,870749.9999999985,7999499.99999998
375.22,871500.0000000021,8009000.000000026
375.23,872250.0000000014,8018500.000000018
375.24,873000.0000000007,8028000.000000008
375.25,873750.0,8037500.0
375.26,874499.9999999993,8046999.999999992
375.27,875249.9999999986,8056499.999999982
375.28,875999.9999999979,8065999.999999974
375.29,876750.0000000015,8075500.00000002
375.3,877500.0000000008,8085000.000000011
375.31,878250.0000000001,8094500.000000002
375.32,878999.9999999995,8103999.9999999935
375.33,879749.9999999988,8113499.999999985
375.34,880499.9999999981,8122999.999999976
375.35,881250.0000000017,8132500.000000021
375.36,882000.000000001,8142000.000000013
375.37,882750.0000000003,8151500.000000005
375.38,883499.9999999997,8160999.999999995
375.39,884249.999999999,8170499.999999987
375.4,884999.9999999983,8179999.999999979
375.41,885750.0000000019,8189500.000000024
375.42,886500.0000000012,8199000.000000015
375.43,887250.0000000005,8208500.0000000065
375.44,887999.9999999999,8217999.999999998
375.45,888749.9999999992,8227499.999999989
375.46,889499.9999999985,8236999.99999998
375.47,890250.0000000021,8246500.000000026
375.48,891000.0000000014,8256000.000000018
375.49,891750.0000000007,8265500.000000008
375.5,892500.0,8275000.0
375.51,893249.9999999993,8284499.999999992
375.52,893999.9999999986,8293999.999999982
375.53,894749.9999999979,8303499.999999974
375.54,895500.0000000015,8313000.00000002
375.55,896250.0000000008,8322500.000000011
375.56,897000.0000000001,8332000.000000002
375.57,897749.9999999995,8341499.9999999935
375.58,898499.9999999988,8350999.999999985
375.59,899249.9999999981,8360499.999999976
375.6,900000.0000000017,8370000.000000021
375.61,900750.000000001,8379500.000000013
375.62,901500.0000000003,8389000.000000004
375.63,902249.9999999997,8398499.999999996
375.64,902999.999999999,8407999.999999987
375.65,903749.9999999983,8417499.999999978
375.66,904500.0000000019,8427000.000000024
375.67,905250.0000000012,8436500.000000015
375.68,906000.0000000005,8446000.000000007
375.69,906749.9999999999,8455499.999999998
375.7,907499.9999999992,8464999.999999989
375.71,908249.9999999985,8474499.999999981
375.72,909000.0000000021,8484000.000000026
375.73,909750.0000000014,8493500.000000017
375.74,910500.0000000007,8503000.00000001
375.75,911250.0,8512500.0
375.76,911999.9999999993,8521999.99999999
375.77,912749.9999999986,8531499.999999983
375.78,913499.9999999979,8540999.999999974
375.79,914250.0000000015,8550500.000000019
375.8,915000.0000000008,8560000.000000011
375.81,915750.0000000001,8569500.000000002
375.82,916499.9999999995,8578999.999999993
375.83,917249.9999999988,8588499.999999985
375.84,917999.9999999981,8597999.999999976
375.85,918750.0000000017,8607500.000000022
375.86,919500.000000001,8617000.000000013
375.87,920250.0000000003,8626500.000000004
375.88,920999.9999999997,8635999.999999996
375.89,921749.999999999,8645499.999999987
375.9,922499.9999999983,8654999.999999978
375.91,923250.0000000019,8664500.000000024
375.92,924000.0000000012,8674000.000000015
375.93,924750.0000000005,8683500.000000007
375.94,925499.9999999998,8692999.999999998
375.95,926249.9999999992,8702499.999999989
375.96,926999.9999999985,8711999.999999981
375.97,927750.0000000021,8721500.000000026
375.98,928500.0000000014,8731000.000000017
375.99,929250.0000000007,8740500.00000001
376.0,930000.0,8750000.0
376.01,930699.9999999994,8759499.99999999
376.02,931399.9999999987,8768999.999999983
376.03,932099.9999999981,8778499.999999974
376.04,932800.0000000014,8788000.000000019
376.05,933500.0000000008,8797500.000000011
376.06,934200.0000000001,8807000.000000002
376.07,934899.9999999995,8816499.999999994
376.08,935599.9999999988,8825999.999999985
376.09,936299.9999999983,8835499.999999976
376.1,937000.0000000016,8845000.000000022
376.11,937700.0000000009,8854500.000000013
376.12,938400.0000000003,8864000.000000004
376.13,939099.9999999997,8873499.999999996
376.14,939799.9999999991,8882999.999999987
376.15,940499.9999999984,8892499.999999978
376.16,941200.0000000017,8902000.000000024
376.17,941900.0000000012,8911500.000000015
376.18,942600.0000000005,8921000.000000006
376.19,943299.9999999999,8930499.999999998
376.2,943999.9999999992,8939999.999999989
376.21,944699.9999999986,8949499.999999981
376.22,945400.0000000019,8959000.000000026
376.23,946100.0000000013,8968500.000000017
376.24,946800.0000000006,8978000.00000001
376.25,947500.0,8987500.0
376.26,948199.9999999994,8996999.99999999
376.27,948899.9999999987,9006499.999999983
376.28,949599.9999999981,9015999.999999974
376.29,950300.0000000014,9025500.000000019
376.3,951000.0000000008,9035000.000000011
376.31,951700.0000000001,9044500.000000002
376.32,952399.9999999995,9053999.999999994
376.33,953099.9999999988,9063499.999999985
376.34,953799.9999999983,9072999.999999976
376.35,954500.0000000016,9082500.000000022
376.36,955200.0000000009,9092000.000000013
376.37,955900.0000000003,9101500.000000004
376.38,956599.9999999997,9110999.999999996
376.39,957299.9999999991,9120499.999999987
376.4,957999.9999999984,9129999.999999978
376.41,958700.0000000017,9139500.000000024
376.42,959400.0000000012,9149000.000000015
376.43,960100.0000000005,9158500.000000006
376.44,960799.9999999999,9167999.999999998
376.45,961499.9999999992,9177499.999999989
376.46,962199.9999999986,9186999.999999981
376.47,962900.0000000019,9196500.000000026
376.48,963600.0000000013,9206000.000000017
376.49,964300.0000000007,9215500.00000001
376.5,965000.0,9225000.0
376.51,965699.9999999993,9234499.99999999
376.52,966399.9999999987,9243999.999999983
376.53,967099.9999999981,9253499.999999974
376.54,967800.0000000014,9263000.000000019
376.55,968500.0000000008,9272500.000000011
376.56,969200.0000000001,9282000.000000002
376.57,969899.9999999995,9291499.999999993
376.58,970599.9999999988,9300999.999999985
376.59,971299.9999999983,9310499.999999976
376.6,972000.0000000016,9320000.000000022
376.61,972700.0000000009,9329500.000000013
376.62,973400.0000000003,9339000.000000004
376.63,974099.9999999997,9348499.999999996
376.64,974799.9999999991,9357999.999999987
376.65,975499.9999999984,9367499.999999978
376.66,976200.0000000017,9377000.000000024
376.67,976900.0000000012,9386500.000000015
376.68,977600.0000000005,9396000.000000007
376.69,978299.9999999999,9405499.999999998
376.7,978999.9999999992,9414999.999999989
376.71,979699.9999999986,9424499.999999981
376.72,980400.0000000019,9434000.000000026
376.73,981100.0000000013,9443500.000000017
376.74,981800.0000000007,9453000.00000001
376.75,982500.0,9462500.0
376.76,983199.9999999993,9471999.99999999
376.77,983899.9999999987,9481499.999999983
376.78,984599.9999999981,9490999.999999974
376.79,985300.0000000014,9500500.000000019
376.8,986000.0000000008,9510000.000000011
376.81,986700.0000000001,9519500.000000002
376.82,987399.9999999995,9528999.999999993
376.83,988099.9999999988,9538499.999999985
376.84,988799.9999999983,9547999.999999976
376.85,989500.0000000016,9557500.000000022
376.86,990200.0000000009,9567000.000000013
376.87,990900.0000000003,9576500.000000004
376.88,991599.9999999997,9585999.999999996
376.89,992299.9999999991,9595499.999999987
376.9,992999.9999999984,9604999.999999978
376.91,993700.0000000017,9614500.000000024
376.92,994400.0000000012,9624000.000000015
376.93,995100.0000000005,9633500.000000007
376.94,995799.9999999999,9642999.999999998
376.95,996499.9999999992,9652499.999999989
376.96,997199.9999999986,9661999.999999981
376.97,997900.0000000019,9671500.000000026
376.98,998600.0000000013,9681000.000000017
376.99,999300.0000000007,9690500.00000001
377.0,1000000.0,9700000.0
377.01,1000799.9999999993,9710999.99999999
377.02,1001599.9999999986,9721999.99999998
377.03,1002399.9999999978,9732999.99999997
377.04,1003200.0000000016,9744000.000000022
377.05,1004000.0000000009,9755000.000000013
377.06,1004800.0000000002,9766000.000000002
377.07,1005599.9999999994,9776999.999999993
377.08,1006399.9999999987,9787999.999999983
377.09,1007199.999999998,9798999.999999972
377.1,1008000.0000000019,9810000.000000024
377.11,1008800.000000001,9821000.000000015
377.12,1009600.0000000003,9832000.000000006
377.13,1010399.9999999997,9842999.999999994
377.14,1011199.999999999,9853999.999999985
377.15,1011999.9999999981,9864999.999999976
377.16,1012800.000000002,9876000.000000028
377.17,1013600.0000000013,9887000.000000017
377.18,1014400.0000000006,9898000.000000007
377.19,1015199.9999999998,9908999.999999998
377.2,1015999.9999999991,9919999.999999987
377.21,1016799.9999999984,9930999.999999978
377.22,1017600.0000000022,9942000.00000003
377.23,1018400.0000000014,9953000.00000002
377.24,1019200.0000000007,9964000.00000001
377.25,1020000.0,9975000.0
377.26,1020799.9999999993,9985999.99999999
377.27,1021599.9999999986,9996999.99999998
377.28,1022399.9999999978,10007999.99999997
377.29,1023200.0000000016,10019000.000000022
377.3,1024000.0000000009,10030000.000000013
377.31,1024800.0000000002,10041000.000000002
377.32,1025599.9999999994,10051999.999999993
377.33,1026399.9999999987,10062999.999999983
377.34,1027199.999999998,10073999.999999972
377.35,1028000.0000000019,10085000.000000024
377.36,1028800.000000001,10096000.000000015
377.37,1029600.0000000003,10107000.000000006
377.38,1030399.9999999997,10117999.999999994
377.39,1031199.999999999,10128999.999999985
377.4,1031999.9999999981,10139999.999999976
377.41,1032800.000000002,10151000.000000028
377.42,1033600.0000000013,10162000.000000017
377.43,1034400.0000000006,10173000.000000007
377.44,1035199.9999999998,10183999.999999998
377.45,1035999.9999999991,10194999.999999987
377.46,1036799.9999999984,10205999.999999978
377.47,1037600.0000000022,10217000.00000003
377.48,1038400.0000000014,10228000.00000002
377.49,1039200.0000000007,10239000.00000001
377.5,1040000.0,10250000.0
377.51,1040799.9999999993,10260999.99999999
377.52,1041599.9999999986,10271999.99999998
377.53,1042399.9999999978,10282999.99999997
377.54,1043200.0000000016,10294000.000000022
377.55,1044000.0000000009,10305000.000000013
377.56,1044800.0000000002,10316000.000000002
377.57,1045599.9999999994,10326999.999999993
377.58,1046399.9999999987,10337999.999999983
377.59,1047199.999999998,10348999.999999972
377.6,1048000.0000000019,10360000.000000024
377.61,1048800.0000000012,10371000.000000015
377.62,1049600.0000000005,10382000.000000006
377.63,1050399.9999999995,10392999.999999994
377.64,1051199.9999999988,10403999.999999985
377.65,1051999.9999999981,10414999.999999976
377.66,1052800.000000002,10426000.000000028
377.67,1053600.0000000012,10437000.000000017
377.68,1054400.0000000005,10448000.000000007
377.69,1055199.9999999998,10458999.999999998
377.7,1055999.999999999,10469999.999999987
377.71,1056799.9999999984,10480999.999999978
377.72,1057600.000000002,10492000.00000003
377.73,1058400.0000000014,10503000.00000002
377.74,1059200.0000000007,10514000.00000001
377.75,1060000.0,10525000.0
377.76,1060799.9999999993,10535999.99999999
377.77,1061599.9999999986,10546999.99999998
377.78,1062399.999999998,10557999.99999997
377.79,1063200.0000000016,10569000.000000022
377.8,1064000.000000001,10580000.000000013
377.81,1064800.0000000002,10591000.000000002
377.82,1065599.9999999995,10601999.999999993
377.83,1066399.9999999986,10612999.999999983
377.84,1067199.999999998,10623999.999999972
377.85,1068000.0000000019,10635000.000000024
377.86,1068800.0000000012,10646000.000000015
377.87,1069600.0000000005,10657000.000000006
377.88,1070399.9999999995,10667999.999999994
377.89,1071199.9999999988,10678999.999999985
377.9,1071999.9999999981,10689999.999999976
377.91,1072800.000000002,10701000.000000028
377.92,1073600.0000000014,10712000.000000017
377.93,1074400.0000000005,10723000.000000007
377.94,1075199.9999999998,10733999.999999998
377.95,1075999.999999999,10744999.999999987
377.96,1076799.9999999984,10755999.999999978
377.97,1077600.000000002,10767000.00000003
377.98,1078400.0000000014,10778000.00000002
377.99,1079200.0000000007,10789000.00000001
378.0,1080000.0,10800000.0
378.01,1080549.9999999995,10808999.999999993
378.02,1081099.999999999,10817999.999999983
378.03,1081649.9999999986,10826999.999999976
378.04,1082200.0000000012,10836000.000000019
378.05,1082750.0000000007,10845000.00000001
378.06,1083300.0000000002,10854000.000000002
378.07,1083849.9999999995,10862999.999999994
378.08,1084399.999999999,10871999.999999985
378.09,1084949.9999999986,10880999.999999978
378.1,1085500.0000000012,10890000.00000002
378.11,1086050.0000000007,10899000.000000013
378.12,1086600.0000000002,10908000.000000004
378.13,1087149.9999999998,10916999.999999996
378.14,1087699.9999999993,10925999.999999987
378.15,1088249.9999999988,10934999.99999998
378.16,1088800.0000000014,10944000.000000022
378.17,1089350.000000001,10953000.000000015
378.18,1089900.0000000005,10962000.000000006
378.19,1090449.9999999998,10970999.999999998
378.2,1090999.9999999993,10979999.999999989
378.21,1091549.9999999988,10988999.999999981
378.22,1092100.0000000014,10998000.000000024
378.23,1092650.000000001,11007000.000000017
378.24,1093200.0000000005,11016000.000000007
378.25,1093750.0,11025000.0
378.26,1094299.9999999995,11033999.999999993
378.27,1094849.999999999,11042999.999999983
378.28,1095399.9999999986,11051999.999999976
378.29,1095950.0000000012,11061000.000000019
378.3,1096500.0000000007,11070000.000000011
378.31,1097050.0000000002,11079000.000000002
378.32,1097599.9999999995,11087999.999999994
378.33,1098149.999999999,11096999.999999985
378.34,1098699.9999999986,11105999.999999978
378.35,1099250.0000000012,11115000.00000002
378.36,1099800.0000000007,11124000.000000013
378.37,1100350.0000000002,11133000.000000004
378.38,1100899.9999999998,11141999.999999996
378.39,1101449.9999999993,11150999.999999987
378.4,1101999.9999999988,11159999.99999998
378.41,1102550.0000000014,11169000.000000022
378.42,1103100.000000001,11178000.000000015
378.43,1103650.0000000005,11187000.000000006
378.44,1104199.9999999998,11195999.999999998
378.45,1104749.9999999993,11204999.999999989
378.46,1105299.9999999988,11213999.999999981
378.47,1105850.0000000014,11223000.000000024
378.48,1106400.000000001,11232000.000000017
378.49,1106950.0000000005,11241000.000000007
378.5,1107500.0,11250000.0
378.51,1108049.9999999995,11258999.999999993
378.52,1108599.999999999,11267999.999999983
378.53,1109149.9999999986,11276999.999999976
378.54,1109700.0000000012,11286000.000000019
378.55,1110250.0000000007,11295000.000000011
378.56,1110800.0000000002,11304000.000000002
378.57,1111349.9999999995,11312999.999999994
378.58,1111899.999999999,11321999.999999985
378.59,1112449.9999999986,11330999.999999978
378.6,1113000.0000000012,11340000.00000002
378.61,1113550.0000000007,11349000.000000013
378.62,1114100.0000000002,11358000.000000004
378.63,1114649.9999999998,11366999.999999996
378.64,1115199.9999999993,11375999.999999987
378.65,1115749.9999999988,11384999.99999998
378.66,1116300.0000000014,11394000.000000022
378.67,1116850.000000001,11403000.000000015
378.68,1117400.0000000005,11412000.000000006
378.69,1117949.9999999998,11420999.999999998
378.7,1118499.9999999993,11429999.999999989
378.71,1119049.9999999988,11438999.999999981
378.72,1119600.0000000014,11448000.000000024
378.73,1120150.000000001,11457000.000000017
378.74,1120700.0000000005,11466000.000000007
378.75,1121250.0,11475000.0
378.76,1121799.9999999995,11483999.999999993
378.77,1122349.999999999,11492999.999999983
378.78,1122899.9999999986,11501999.999999976
378.79,1123450.0000000012,11511000.000000019
378.8,1124000.0000000007,11520000.000000011
378.81,1124550.0000000002,11529000.000000002
378.82,1125099.9999999995,11537999.999999994
378.83,1125649.999999999,11546999.999999985
378.84,1126199.9999999986,11555999.999999978
378.85,1126750.0000000012,11565000.00000002
378.86,1127300.0000000007,11574000.000000013
378.87,1127850.0000000002,11583000.000000004
378.88,1128399.9999999998,11591999.999999996
378.89,1128949.9999999993,11600999.999999987
378.9,1129499.9999999988,11609999.99999998
378.91,1130050.0000000014,11619000.000000022
378.92,1130600.000000001,11628000.000000015
378.93,1131150.0000000005,11637000.000000006
378.94,1131699.9999999998,11645999.999999998
378.95,1132249.9999999993,11654999.999999989
378.96,1132799.9999999988,11663999.999999981
378.97,1133350.0000000014,11673000.000000024
378.98,1133900.000000001,11682000.000000017
378.99,1134450.0000000005,11691000.000000007
379.0,1135000.0,11700000.0
379.01,1135649.9999999993,11712499.999999989
379.02,1136299.9999999988,11724999.999999978
379.03,1136949.9999999981,11737499.999999966
379.04,1137600.0000000014,11750000.000000026
379.05,1138250.0000000007,11762500.000000015
379.06,1138900.0000000002,11775000.000000004
379.07,1139549.9999999995,11787499.99999999
379.08,1140199.999999999,11799999.99999998
379.09,1140849.9999999984,11812499.999999968
379.1,1141500.0000000014,11825000.000000028
379.11,1142150.000000001,11837500.000000017
379.12,1142800.0000000002,11850000.000000006
379.13,1143449.9999999998,11862499.999999994
379.14,1144099.999999999,11874999.999999983
379.15,1144749.9999999986,11887499.999999972
379.16,1145400.0000000016,11900000.000000032
379.17,1146050.000000001,11912500.00000002
379.18,1146700.0000000005,11925000.00000001
379.19,1147349.9999999998,11937499.999999996
379.2,1147999.9999999993,11949999.999999985
379.21,1148649.9999999986,11962499.999999974
379.22,1149300.0000000019,11975000.000000034
379.23,1149950.0000000012,11987500.000000022
379.24,1150600.0000000007,12000000.000000011
379.25,1151250.0,12012500.0
379.26,1151899.9999999993,12024999.999999989
379.27,1152549.9999999988,12037499.999999978
379.28,1153199.9999999981,12049999.999999966
379.29,1153850.0000000014,12062500.000000026
379.3,1154500.0000000007,12075000.000000015
379.31,1155150.0000000002,12087500.000000004
379.32,1155799.9999999995,12099999.99999999
379.33,1156449.999999999,12112499.99999998
379.34,1157099.9999999984,12124999.999999968
379.35,1157750.0000000014,12137500.000000028
379.36,1158400.000000001,12150000.000000017
379.37,1159050.0000000002,12162500.000000006
379.38,1159699.9999999998,12174999.999999994
379.39,1160349.999999999,12187499.999999983
379.4,1160999.9999999986,12199999.999999972
379.41,1161650.0000000016,12212500.000000032
379.42,1162300.000000001,12225000.00000002
379.43,1162950.0000000005,12237500.00000001
379.44,1163599.9999999998,12249999.999999996
379.45,1164249.9999999993,12262499.999999985
379.46,1164899.9999999986,12274999.999999974
379.47,1165550.0000000019,12287500.000000034
379.48,1166200.0000000012,12300000.000000022
379.49,1166850.0000000007,12312500.000000011
379.5,1167500.0,12325000.0
379.51,1168149.9999999993,12337499.999999989
379.52,1168799.9999999988,12349999.999999978
379.53,1169449.9999999981,12362499.999999966
379.54,1170100.0000000014,12375000.000000026
379.55,1170750.0000000007,12387500.000000015
379.56,1171400.0000000002,12400000.000000004
379.57,1172049.9999999995,12412499.99999999
379.58,1172699.999999999,12424999.99999998
379.59,1173349.9999999984,12437499.999999968
379.6,1174000.0000000014,12450000.000000028
379.61,1174650.000000001,12462500.000000017
379.62,1175300.0000000002,12475000.000000006
379.63,1175949.9999999998,12487499.999999994
379.64,1176599.999999999,12499999.999999983
379.65,1177249.9999999986,12512499.999999972
379.66,1177900.0000000016,12525000.000000032
379.67,1178550.000000001,12537500.00000002
379.68,1179200.0000000005,12550000.00000001
379.69,1179849.9999999998,12562499.999999996
379.7,1180499.9999999993,12574999.999999985
379.71,1181149.9999999986,12587499.999999974
379.72,1181800.0000000019,12600000.000000034
379.73,1182450.0000000012,12612500.000000022
379.74,1183100.0000000007,12625000.000000011
379.75,1183750.0,12637500.0
379.76,1184399.9999999993,12649999.999999989
379.77,1185049.9999999988,12662499.999999978
379.78,1185699.9999999981,12674999.999999966
379.79,1186350.0000000014,12687500.000000026
379.8,1187000.0000000007,12700000.000000015
379.81,1187650.0000000002,12712500.000000004
379.82,1188299.9999999995,12724999.99999999
379.83,1188949.999999999,12737499.99999998
379.84,1189599.9999999984,12749999.999999968
379.85,1190250.0000000014,12762500.000000028
379.86,1190900.000000001,12775000.000000017
379.87,1191550.0000000002,12787500.000000006
379.88,1192199.9999999998,12799999.999999994
379.89,1192849.999999999,12812499.999999983
379.9,1193499.9999999986,12824999.999999972
379.91,1194150.0000000016,12837500.000000032
379.92,1194800.000000001,12850000.00000002
379.93,1195450.0000000005,12862500.00000001
379.94,1196099.9999999998,12874999.999999996
379.95,1196749.9999999993,12887499.999999985
379.96,1197399.9999999986,12899999.999999974
379.97,1198050.0000000019,12912500.000000034
379.98,1198700.0000000012,12925000.000000022
379.99,1199350.0000000007,12937500.000000011
380.0,1200000.0,12950000.0
380.01,1200649.9999999993,12961499.999999989
380.02,1201299.9999999988,12972999.99999998
380.03,1201949.9999999981,12984499.999999968
380.04,1202600.0000000014,12996000.000000024
380.05,1203250.0000000007,13007500.000000013
380.06,1203900.0000000002,13019000.000000002
380.07,1204549.9999999995,13030499.999999993
380.08,1205199.999999999,13041999.999999981
380.09,1205849.9999999984,13053499.999999972
380.1,1206500.0000000014,13065000.000000026
380.11,1207150.000000001,13076500.000000015
380.12,1207800.0000000002,13088000.000000006
380.13,1208449.9999999998,13099499.999999994
380.14,1209099.999999999,13110999.999999985
380.15,1209749.9999999986,13122499.999999974
380.16,1210400.0000000016,13134000.000000028
380.17,1211050.000000001,13145500.000000019
380.18,1211700.0000000005,13157000.000000007
380.19,1212349.9999999998,13168499.999999998
380.2,1212999.9999999993,13179999.999999987
380.21,1213649.9999999986,13191499.999999976
380.22,1214300.0000000019,13203000.000000032
380.23,1214950.0000000012,13214500.00000002
380.24,1215600.0000000007,13226000.000000011
380.25,1216250.0,13237500.0
380.26,1216899.9999999993,13248999.999999989
380.27,1217549.9999999988,13260499.99999998
380.28,1218199.9999999981,13271999.999999968
380.29,1218850.0000000014,13283500.000000024
380.3,1219500.0000000007,13295000.000000013
380.31,1220150.0000000002,13306500.000000002
380.32,1220799.9999999995,13317999.999999993
380.33,1221449.999999999,13329499.999999981
380.34,1222099.9999999984,13340999.999999972
380.35,1222750.0000000014,13352500.000000026
380.36,1223400.000000001,13364000.000000015
380.37,1224050.0000000002,13375500.000000006
380.38,1224699.9999999998,13386999.999999994
380.39,1225349.999999999,13398499.999999985
380.4,1225999.9999999986,13409999.999999974
380.41,1226650.0000000016,13421500.000000028
380.42,1227300.000000001,13433000.000000019
380.43,1227950.0000000005,13444500.000000007
380.44,1228599.9999999998,13455999.999999998
380.45,1229249.9999999993,13467499.999999987
380.46,1229899.9999999986,13478999.999999976
380.47,1230550.0000000019,13490500.000000032
380.48,1231200.0000000012,13502000.00000002
380.49,1231850.0000000007,13513500.000000011
380.5,1232500.0,13525000.0
380.51,1233149.9999999993,13536499.999999989
380.52,1233799.9999999988,13547999.99999998
380.53,1234449.9999999981,13559499.999999968
380.54,1235100.0000000014,13571000.000000024
380.55,1235750.0000000007,13582500.000000013
380.56,1236400.0000000002,13594000.000000002
380.57,1237049.9999999995,13605499.999999993
380.58,1237699.999999999,13616999.999999981
380.59,1238349.9999999984,13628499.999999972
380.6,1239000.0000000014,13640000.000000026
380.61,1239650.000000001,13651500.000000015
380.62,1240300.0000000002,13663000.000000006
380.63,1240949.9999999998,13674499.999999994
380.64,1241599.999999999,13685999.999999985
380.65,1242249.9999999986,13697499.999999974
380.66,1242900.0000000016,13709000.000000028
380.67,1243550.000000001,13720500.000000019
380.68,1244200.0000000005,13732000.000000007
380.69,1244849.9999999998,13743499.999999998
380.7,1245499.9999999993,13754999.999999987
380.71,1246149.9999999986,13766499.999999976
380.72,1246800.0000000019,13778000.000000032
380.73,1247450.0000000012,13789500.00000002
380.74,1248100.0000000007,13801000.000000011
380.75,1248750.0,13812500.0
380.76,1249399.9999999993,13823999.999999989
380.77,1250049.9999999988,13835499.99999998
380.78,1250699.9999999981,13846999.999999968
380.79,1251350.0000000014,13858500.000000024
380.8,1252000.0000000007,13870000.000000013
380.81,1252650.0000000002,13881500.000000002
380.82,1253299.9999999995,13892999.999999993
380.83,1253949.999999999,13904499.999999981
380.84,1254599.9999999984,13915999.999999972
380.85,1255250.0000000014,13927500.000000026
380.86,1255900.000000001,13939000.000000015
380.87,1256550.0000000002,13950500.000000006
380.88,1257199.9999999998,13961999.999999994
380.89,1257849.999999999,13973499.999999985
380.9,1258499.9999999986,13984999.999999974
380.91,1259150.0000000016,13996500.000000028
380.92,1259800.000000001,14008000.000000019
380.93,1260450.0000000005,14019500.000000007
380.94,1261099.9999999998,14030999.999999998
380.95,1261749.9999999993,14042499.999999987
380.96,1262399.9999999986,14053999.999999976
380.97,1263050.0000000019,14065500.000000032
380.98,1263700.0000000012,14077000.00000002
380.99,1264350.0000000007,14088500.000000011
381.0,1265000.0,14100000.0
381.01,1265849.9999999993,14112999.999999989
381.02,1266699.9999999984,14125999.999999976
381.03,1267549.9999999977,14138999.999999965
381.04,1268400.0000000016,14152000.000000026
381.05,1269250.000000001,14165000.000000015
381.06,1270100.0000000002,14178000.000000004
381.07,1270949.9999999995,14190999.99999999
381.08,1271799.9999999986,14203999.99999998
381.09,1272649.999999998,14216999.999999968
381.1,1273500.0000000019,14230000.00000003
381.11,1274350.0000000012,14243000.000000019
381.12,1275200.0000000005,14256000.000000006
381.13,1276049.9999999995,14268999.999999994
381.14,1276899.9999999988,14281999.999999981
381.15,1277749.9999999981,14294999.99999997
381.16,1278600.000000002,14308000.000000032
381.17,1279450.0000000014,14321000.00000002
381.18,1280300.0000000005,14334000.00000001
381.19,1281149.9999999998,14346999.999999996
381.2,1281999.999999999,14359999.999999985
381.21,1282849.9999999984,14372999.999999974
381.22,1283700.0000000023,14386000.000000035
381.23,1284550.0000000016,14399000.000000024
381.24,1285400.0000000007,14412000.000000011
381.25,1286250.0,14425000.0
381.26,1287099.9999999993,14437999.999999989
381.27,1287949.9999999984,14450999.999999976
381.28,1288799.9999999977,14463999.999999965
381.29,1289650.0000000016,14477000.000000026
381.3,1290500.000000001,14490000.000000015
381.31,1291350.0000000002,14503000.000000004
381.32,1292199.9999999995,14515999.99999999
381.33,1293049.9999999986,14528999.99999998
381.34,1293899.999999998,14541999.999999968
381.35,1294750.0000000019,14555000.00000003
381.36,1295600.0000000012,14568000.000000019
381.37,1296450.0000000005,14581000.000000006
381.38,1297299.9999999995,14593999.999999994
381.39,1298149.9999999988,14606999.999999981
381.4,1298999.9999999981,14619999.99999997
381.41,1299850.000000002,14633000.000000032
381.42,1300700.0000000014,14646000.00000002
381.43,1301550.0000000005,14659000.00000001
381.44,1302399.9999999998,14671999.999999996
381.45,1303249.999999999,14684999.999999985
381.46,1304099.9999999984,14697999.999999974
381.47,1304950.0000000023,14711000.000000035
381.48,1305800.0000000016,14724000.000000024
381.49,1306650.0000000007,14737000.000000011
381.5,1307500.0,14750000.0
381.51,1308349.9999999993,14762999.999999989
381.52,1309199.9999999984,14775999.999999976
381.53,1310049.9999999977,14788999.999999965
381.54,1310900.0000000016,14802000.000000026
381.55,1311750.000000001,14815000.000000015
381.56,1312600.0000000002,14828000.000000004
381.57,1313449.9999999995,14840999.99999999
381.58,1314299.9999999986,14853999.99999998
381.59,1315149.999999998,14866999.999999968
381.6,1316000.0000000019,14880000.00000003
381.61,1316850.0000000012,14893000.000000019
381.62,1317700.0000000005,14906000.000000006
381.63,1318549.9999999995,14918999.999999994
381.64,1319399.9999999988,14931999.999999981
381.65,1320249.9999999981,14944999.99999997
381.66,1321100.000000002,14958000.000000032
381.67,1321950.0000000014,14971000.00000002
381.68,1322800.0000000005,14984000.00000001
381.69,1323649.9999999998,14996999.999999996
381.7,1324499.999999999,15009999.999999985
381.71,1325349.9999999984,15022999.999999974
381.72,1326200.0000000023,15036000.000000035
381.73,1327050.0000000016,15049000.000000024
381.74,1327900.0000000007,15062000.000000011
381.75,1328750.0,15075000.0
381.76,1329599.9999999993,15087999.999999989
381.77,1330449.9999999984,15100999.999999976
381.78,1331299.9999999977,15113999.999999965
381.79,1332150.0000000019,15127000.000000026
381.8,1333000.000000001,15140000.000000015
381.81,1333850.0000000002,15153000.000000004
381.82,1334699.9999999995,15165999.99999999
381.83,1335549.9999999986,15178999.99999998
381.84,1336399.999999998,15191999.999999966
381.85,1337250.0000000019,15205000.00000003
381.86,1338100.0000000012,15218000.000000019
381.87,1338950.0000000005,15231000.000000006
381.88,1339799.9999999995,15243999.999999994
381.89,1340649.9999999988,15256999.999999981
381.9,1341499.9999999981,15269999.99999997
381.91,1342350.000000002,15283000.000000034
381.92,1343200.0000000014,15296000.00000002
381.93,1344050.0000000005,15309000.00000001
381.94,1344899.9999999998,15321999.999999996
381.95,1345749.999999999,15334999.999999985
381.96,1346599.9999999981,15347999.999999974
381.97,1347450.0000000023,15361000.000000035
381.98,1348300.0000000016,15374000.000000024
381.99,1349150.0000000007,15387000.000000011
382.0,1350000.0,15400000.0
382.01,1350649.9999999993,15414999.999999987
382.02,1351299.9999999988,15429999.999999972
382.03,1351949.9999999981,15444999.999999959
382.04,1352600.0000000014,15460000.00000003
382.05,1353250.0000000007,15475000.000000017
382.06,1353900.0000000002,15490000.000000004
382.07,1354549.9999999995,15504999.99999999
382.08,1355199.999999999,15519999.999999976
382.09,1355849.9999999984,15534999.999999963
382.1,1356500.0000000014,15550000.000000034
382.11,1357150.000000001,15565000.00000002
382.12,1357800.0000000002,15580000.000000007
382.13,1358449.9999999998,15594999.999999993
382.14,1359099.999999999,15609999.99999998
382.15,1359749.9999999986,15624999.999999966
382.16,1360400.0000000016,15640000.000000037
382.17,1361050.000000001,15655000.000000024
382.18,1361700.0000000005,15670000.000000011
382.19,1362349.9999999998,15684999.999999996
382.2,1362999.9999999993,15699999.999999983
382.21,1363649.9999999986,15714999.99999997
382.22,1364300.0000000019,15730000.000000041
382.23,1364950.0000000012,15745000.000000028
382.24,1365600.0000000007,15760000.000000013
382.25,1366250.0,15775000.0
382.26,1366899.9999999993,15789999.999999987
382.27,1367549.9999999988,15804999.999999972
382.28,1368199.9999999981,15819999.999999959
382.29,1368850.0000000014,15835000.00000003
382.3,1369500.0000000007,15850000.000000017
382.31,1370150.0000000002,15865000.000000004
382.32,1370799.9999999995,15879999.999999989
382.33,1371449.999999999,15894999.999999976
382.34,1372099.9999999984,15909999.999999963
382.35,1372750.0000000014,15925000.000000034
382.36,1373400.000000001,15940000.00000002
382.37,1374050.0000000002,15955000.000000007
382.38,1374699.9999999998,15969999.999999993
382.39,1375349.999999999,15984999.99999998
382.4,1375999.9999999986,15999999.999999966
382.41,1376650.0000000016,16015000.000000037
382.42,1377300.000000001,16030000.000000024
382.43,1377950.0000000005,16045000.000000011
382.44,1378599.9999999998,16059999.999999996
382.45,1379249.9999999993,16074999.999999983
382.46,1379899.9999999986,16089999.99999997
382.47,1380550.0000000019,16105000.000000041
382.48,1381200.0000000012,16120000.000000028
382.49,1381850.0000000007,16135000.000000013
382.5,1382500.0,16150000.0
382.51,1383149.9999999993,16164999.999999987
382.52,1383799.9999999988,16179999.999999972
382.53,1384449.9999999981,16194999.999999959
382.54,1385100.0000000014,16210000.00000003
382.55,1385750.0000000007,16225000.000000017
382.56,1386400.0000000002,16240000.000000004
382.57,1387049.9999999995,16254999.999999989
382.58,1387699.999999999,16269999.999999976
382.59,1388349.9999999984,16284999.999999963
382.6,1389000.0000000014,16300000.000000034
382.61,1389650.000000001,16315000.00000002
382.62,1390300.0000000002,16330000.000000007
382.63,1390949.9999999998,16344999.999999993
382.64,1391599.999999999,16359999.99999998
382.65,1392249.9999999986,16374999.999999966
382.66,1392900.0000000016,16390000.000000037
382.67,1393550.000000001,16405000.000000024
382.68,1394200.0000000005,16420000.000000011
382.69,1394849.9999999998,16434999.999999996
382.7,1395499.9999999993,16449999.999999983
382.71,1396149.9999999986,16464999.99999997
382.72,1396800.0000000019,16480000.000000041
382.73,1397450.0000000012,16495000.000000028
382.74,1398100.0000000007,16510000.000000013
382.75,1398750.0,16525000.0
382.76,1399399.9999999993,16539999.999999987
382.77,1400049.9999999988,16554999.999999972
382.78,1400699.9999999981,16569999.999999959
382.79,1401350.0000000014,16585000.00000003
382.8,1402000.0000000007,16600000.000000017
382.81,1402650.0000000002,16615000.000000004
382.82,1403299.9999999995,16629999.999999989
382.83,1403949.999999999,16644999.999999976
382.84,1404599.9999999984,16659999.999999963
382.85,1405250.0000000014,16675000.000000034
382.86,1405900.000000001,16690000.00000002
382.87,1406550.0000000002,16705000.000000007
382.88,1407199.9999999998,16719999.999999993
382.89,1407849.999999999,16734999.99999998
382.9,1408499.9999999986,16749999.999999966
382.91,1409150.0000000016,16765000.000000037
382.92,1409800.000000001,16780000.000000022
382.93,1410450.0000000005,16795000.00000001
382.94,1411099.9999999998,16809999.999999996
382.95,1411749.9999999993,16824999.99999998
382.96,1412399.9999999986,16839999.99999997
382.97,1413050.0000000019,16855000.00000004
382.98,1413700.0000000012,16870000.000000026
382.99,1414350.0000000007,16885000.000000015
383.0,1415000.0,16900000.0
383.01,1415849.9999999993,16912999.99999999
383.02,1416699.9999999984,16925999.999999978
383.03,1417549.9999999977,16938999.999999963
383.04,1418400.0000000016,16952000.000000026
383.05,1419250.000000001,16965000.000000015
383.06,1420100.0000000002,16978000.000000004
383.07,1420949.9999999995,16990999.999999993
383.08,1421799.9999999986,17003999.999999978
383.09,1422649.999999998,17016999.999999966
383.1,1423500.0000000019,17030000.00000003
383.11,1424350.0000000012,17043000.00000002
383.12,1425200.0000000005,17056000.000000007
383.13,1426049.9999999995,17068999.999999993
383.14,1426899.9999999988,17081999.99999998
383.15,1427749.9999999981,17094999.99999997
383.16,1428600.000000002,17108000.000000034
383.17,1429450.0000000014,17121000.000000022
383.18,1430300.0000000005,17134000.000000007
383.19,1431149.9999999998,17146999.999999996
383.2,1431999.999999999,17159999.999999985
383.21,1432849.9999999984,17172999.999999974
383.22,1433700.0000000023,17186000.000000037
383.23,1434550.0000000016,17199000.000000022
383.24,1435400.0000000007,17212000.00000001
383.25,1436250.0,17225000.0
383.26,1437099.9999999993,17237999.99999999
383.27,1437949.9999999984,17250999.999999978
383.28,1438799.9999999977,17263999.999999963
383.29,1439650.0000000016,17277000.000000026
383.3,1440500.000000001,17290000.000000015
383.31,1441350.0000000002,17303000.000000004
383.32,1442199.9999999995,17315999.999999993
383.33,1443049.9999999986,17328999.999999978
383.34,1443899.999999998,17341999.999999966
383.35,1444750.0000000019,17355000.00000003
383.36,1445600.0000000012,17368000.00000002
383.37,1446450.0000000005,17381000.000000007
383.38,1447299.9999999995,17393999.999999993
383.39,1448149.9999999988,17406999.99999998
383.4,1448999.9999999981,17419999.99999997
383.41,1449850.000000002,17433000.000000034
383.42,1450700.0000000014,17446000.000000022
383.43,1451550.0000000005,17459000.000000007
383.44,1452399.9999999998,17471999.999999996
383.45,1453249.999999999,17484999.999999985
383.46,1454099.9999999984,17497999.999999974
383.47,1454950.0000000023,17511000.000000037
383.48,1455800.0000000016,17524000.000000022
383.49,1456650.0000000007,17537000.00000001
383.5,1457500.0,17550000.0
383.51,1458349.9999999993,17562999.99999999
383.52,1459199.9999999984,17575999.999999978
383.53,1460049.9999999977,17588999.999999963
383.54,1460900.0000000016,17602000.000000026
383.55,1461750.000000001,17615000.000000015
383.56,1462600.0000000002,17628000.000000004
383.57,1463449.9999999995,17640999.999999993
383.58,1464299.9999999986,17653999.999999978
383.59,1465149.999999998,17666999.999999966
383.6,1466000.0000000019,17680000.00000003
383.61,1466850.0000000012,17693000.00000002
383.62,1467700.0000000005,17706000.000000007
383.63,1468549.9999999995,17718999.999999993
383.64,1469399.9999999988,17731999.99999998
383.65,1470249.9999999981,17744999.99999997
383.66,1471100.000000002,17758000.000000034
383.67,1471950.0000000014,17771000.000000022
383.68,1472800.0000000005,17784000.000000007
383.69,1473649.9999999998,17796999.999999996
383.7,1474499.999999999,17809999.999999985
383.71,1475349.9999999984,17822999.999999974
383.72,1476200.0000000023,17836000.000000037
383.73,1477050.0000000016,17849000.000000022
383.74,1477900.0000000007,17862000.00000001
383.75,1478750.0,17875000.0
383.76,1479599.9999999993,17887999.99999999
383.77,1480449.9999999984,17900999.999999978
383.78,1481299.9999999977,17913999.999999963
383.79,1482150.0000000019,17927000.000000026
383.8,1483000.000000001,17940000.000000015
383.81,1483850.0000000002,17953000.000000004
383.82,1484699.9999999995,17965999.999999993
383.83,1485549.9999999986,17978999.999999978
383.84,1486399.999999998,17991999.999999966
383.85,1487250.0000000019,18005000.00000003
383.86,1488100.0000000012,18018000.00000002
383.87,1488950.0000000005,18031000.000000007
383.88,1489799.9999999995,18043999.999999993
383.89,1490649.9999999988,18056999.99999998
383.9,1491499.9999999981,18069999.99999997
383.91,1492350.000000002,18083000.000000034
383.92,1493200.0000000014,18096000.000000022
383.93,1494050.0000000005,18109000.000000007
383.94,1494899.9999999998,18121999.999999996
383.95,1495749.999999999,18134999.999999985
383.96,1496599.9999999981,18147999.999999974
383.97,1497450.0000000023,18161000.000000037
383.98,1498300.0000000016,18174000.000000022
383.99,1499150.0000000007,18187000.00000001
384.0,1500000.0,18200000.0
384.01,1500279.9999999998,18210139.999999993
384.02,1500559.9999999995,18220279.99999998
384.03,1500839.9999999993,18230419.999999974
384.04,1501120.0000000005,18240560.000000022
384.05,1501400.0000000002,18250700.00000001
384.06,1501680.0,18260840.000000004
384.07,1501959.9999999998,18270979.999999993
384.08,1502239.9999999995,18281119.999999985
384.09,1502519.9999999993,18291259.999999974
384.1,1502800.0000000007,18301400.000000022
384.11,1503080.0000000005,18311540.000000015
384.12,1503360.0000000002,18321680.000000004
384.13,1503639.9999999998,18331819.999999996
384.14,1503919.9999999995,18341959.999999985
384.15,1504199.9999999993,18352099.999999978
384.16,1504480.0000000007,18362240.000000026
384.17,1504760.0000000005,18372380.000000015
384.18,1505040.0000000002,18382520.000000007
384.19,1505320.0,18392659.999999996
384.2,1505599.9999999998,18402799.99999999
384.21,1505879.9999999995,18412939.999999978
384.22,1506160.0000000007,18423080.000000026
384.23,1506440.0000000005,18433220.00000002
384.24,1506720.0000000002,18443360.000000007
384.25,1507000.0,18453500.0
384.26,1507279.9999999998,18463639.999999993
384.27,1507559.9999999995,18473779.99999998
384.28,1507839.9999999993,18483919.999999974
384.29,1508120.0000000005,18494060.000000022
384.3,1508400.0000000002,18504200.00000001
384.31,1508680.0,18514340.000000004
384.32,1508959.9999999998,18524479.999999993
384.33,1509239.9999999995,18534619.999999985
384.34,1509519.9999999993,18544759.999999974
384.35,1509800.0000000007,18554900.000000022
384.36,1510080.0000000005,18565040.000000015
384.37,1510360.0000000002,18575180.000000004
384.38,1510639.9999999998,18585319.999999996
384.39,1510919.9999999995,18595459.999999985
384.4,1511199.9999999993,18605599.999999978
384.41,1511480.0000000007,18615740.000000026
384.42,1511760.0000000005,18625880.000000015
384.43,1512040.0000000002,18636020.000000007
384.44,1512320.0,18646159.999999996
384.45,1512599.9999999998,18656299.99999999
384.46,1512879.9999999995,18666439.999999978
384.47,1513160.0000000007,18676580.000000026
384.48,1513440.0000000005,18686720.00000002
384.49,1513720.0000000002,18696860.000000007
384.5,1514000.0,18707000.0
384.51,1514279.9999999998,18717139.999999993
384.52,1514559.9999999995,18727279.99999998
384.53,1514839.9999999993,18737419.999999974
384.54,1515120.0000000005,18747560.000000022
384.55,1515400.0000000002,18757700.00000001
384.56,1515680.0,18767840.000000004
384.57,1515959.9999999998,18777979.999999993
384.58,1516239.9999999995,18788119.999999985
384.59,1516519.9999999993,18798259.999999974
384.6,1516800.0000000007,18808400.000000022
384.61,1517080.0000000005,18818540.000000015
384.62,1517360.0000000002,18828680.000000004
384.63,1517639.9999999998,18838819.999999996
384.64,1517919.9999999995,18848959.999999985
384.65,1518199.9999999993,18859099.999999978
384.66,1518480.0000000007,18869240.000000026
384.67,1518760.0000000005,18879380.000000015
384.68,1519040.0000000002,18889520.000000007
384.69,1519320.0,18899659.999999996
384.7,1519599.9999999998,18909799.99999999
384.71,1519879.9999999995,18919939.999999978
384.72,1520160.0000000007,18930080.000000026
384.73,1520440.0000000005,18940220.00000002
384.74,1520720.0000000002,18950360.000000007
384.75,1521000.0,18960500.0
384.76,1521279.9999999998,18970639.999999993
384.77,1521559.9999999995,18980779.99999998
384.78,1521839.9999999993,18990919.999999974
384.79,1522120.0000000005,19001060.000000022
384.8,1522400.0000000002,19011200.00000001
384.81,1522680.0,19021340.000000004
384.82,1522959.9999999998,19031479.999999993
384.83,1523239.9999999995,19041619.999999985
384.84,1523519.9999999993,19051759.999999974
384.85,1523800.0000000007,19061900.000000022
384.86,1524080.0000000005,19072040.000000015
384.87,1524360.0000000002,19082180.000000004
384.88,1524639.9999999998,19092319.999999996
384.89,1524919.9999999995,19102459.999999985
384.9,1525199.9999999993,19112599.999999978
384.91,1525480.0000000007,19122740.000000026
384.92,1525760.0000000005,19132880.000000015
384.93,1526040.0000000002,19143020.000000007
384.94,1526320.0,19153159.999999996
384.95,1526599.9999999998,19163299.99999999
384.96,1526879.9999999995,19173439.999999978
384.97,1527160.0000000007,19183580.000000026
384.98,1527440.0000000005,19193720.00000002
384.99,1527720.0000000002,19203860.000000007
385.0,1528500.0,19214000.0
385.01,1529499.999999999,19236149.99999998
385.02,1530499.9999999981,19258299.99999996
385.03,1531499.9999999972,19280449.99999994
385.04,1532500.000000002,19302600.000000045
385.05,1533500.0000000012,19324750.000000026
385.06,1534500.0000000002,19346900.000000004
385.07,1535499.9999999993,19369049.999999985
385.08,1536499.9999999984,19391199.999999966
385.09,1537499.9999999974,19413349.999999944
385.1,1538500.0000000023,19435500.000000052
385.11,1539500.0000000014,19457650.00000003
385.12,1540500.0000000005,19479800.00000001
385.13,1541499.9999999995,19501949.99999999
385.14,1542499.9999999986,19524099.99999997
385.15,1543499.9999999977,19546249.999999948
385.16,1544500.0000000026,19568400.000000056
385.17,1545500.0000000016,19590550.000000034
385.18,1546500.0000000007,19612700.000000015
385.19,1547499.9999999998,19634849.999999996
385.2,1548499.9999999988,19656999.999999974
385.21,1549499.999999998,19679149.999999955
385.22,1550500.0000000028,19701300.00000006
385.23,1551500.0000000019,19723450.00000004
385.24,1552500.000000001,19745600.00000002
385.25,1553500.0,19767750.0
385.26,1554499.999999999,19789899.99999998
385.27,1555499.9999999981,19812049.99999996
385.28,1556499.9999999972,19834199.99999994
385.29,1557500.000000002,19856350.000000045
385.3,1558500.0000000012,19878500.000000026
385.31,1559500.0000000002,19900650.000000004
385.32,1560499.9999999993,19922799.999999985
385.33,1561499.9999999984,19944949.999999966
385.34,1562499.9999999974,19967099.999999944
385.35,1563500.0000000023,19989250.000000052
385.36,1564500.0000000014,20011400.00000003
385.37,1565500.0000000005,20033550.00000001
385.38,1566499.9999999995,20055699.99999999
385.39,1567499.9999999986,20077849.99999997
385.4,1568499.9999999977,20099999.999999948
385.41,1569500.0000000026,20122150.000000056
385.42,1570500.0000000016,20144300.000000034
385.43,1571500.0000000007,20166450.000000015
385.44,1572499.9999999998,20188599.999999996
385.45,1573499.9999999988,20210749.999999974
385.46,1574499.999999998,20232899.999999955
385.47,1575500.0000000028,20255050.00000006
385.48,1576500.0000000019,20277200.00000004
385.49,1577500.000000001,20299350.00000002
385.5,1578500.0,20321500.0
385.51,1579499.999999999,20343649.99999998
385.52,1580499.9999999981,20365799.99999996
385.53,1581499.9999999972,20387949.99999994
385.54,1582500.000000002,20410100.000000045
385.55,1583500.0000000012,20432250.000000026
385.56,1584500.0000000002,20454400.000000004
385.57,1585499.9999999993,20476549.999999985
385.58,1586499.9999999984,20498699.999999966
385.59,1587499.9999999974,20520849.999999944
385.6,1588500.0000000023,20543000.000000052
385.61,1589500.0000000014,20565150.00000003
385.62,1590500.0000000005,20587300.00000001
385.63,1591499.9999999995,20609449.99999999
385.64,1592499.9999999986,20631599.99999997
385.65,1593499.9999999977,20653749.999999948
385.66,1594500.0000000026,20675900.000000056
385.67,1595500.0000000016,20698050.000000034
385.68,1596500.0000000007,20720200.000000015
385.69,1597499.9999999998,20742349.999999996
385.7,1598499.9999999988,20764499.999999974
385.71,1599499.999999998,20786649.999999955
385.72,1600500.0000000028,20808800.00000006
385.73,1601500.0000000019,20830950.00000004
385.74,1602500.000000001,20853100.00000002
385.75,1603500.0,20875250.0
385.76,1604499.999999999,20897399.99999998
385.77,1605499.9999999981,20919549.99999996
385.78,1606499.9999999972,20941699.99999994
385.79,1607500.000000002,20963850.000000045
385.8,1608500.0000000012,20986000.000000026
385.81,1609500.0000000002,21008150.000000004
385.82,1610499.9999999993,21030299.999999985
385.83,1611499.9999999984,21052449.999999966
385.84,1612499.9999999974,21074599.999999944
385.85,1613500.0000000023,21096750.000000052
385.86,1614500.0000000014,21118900.00000003
385.87,1615500.0000000005,21141050.00000001
385.88,1616499.9999999995,21163199.99999999
385.89,1617499.9999999986,21185349.99999997
385.9,1618499.9999999977,21207499.999999948
385.91,1619500.0000000026,21229650.000000056
385.92,1620500.0000000016,21251800.000000034
385.93,1621500.0000000007,21273950.000000015
385.94,1622499.9999999998,21296099.999999996
385.95,1623499.9999999988,21318249.999999974
385.96,1624499.999999998,21340399.999999955
385.97,1625500.0000000028,21362550.00000006
385.98,1626500.0000000019,21384700.00000004
385.99,1627500.000000001,21406850.00000002
386.0,1628500.0,21429000.0
386.01,1629054.9999999995,21444709.999999985
386.02,1629609.999999999,21460419.99999997
386.03,1630164.9999999984,21476129.999999955
386.04,1630720.0000000012,21491840.000000034
386.05,1631275.0000000007,21507550.00000002
386.06,1631830.0000000002,21523260.000000004
386.07,1632384.9999999995,21538969.99999999
386.08,1632939.999999999,21554679.999999974
386.09,1633494.9999999986,21570389.99999996
386.1,1634050.0000000012,21586100.000000037
386.11,1634605.0000000007,21601810.000000022
386.12,1635160.0000000002,21617520.000000007
386.13,1635714.9999999998,21633229.999999993
386.14,1636269.9999999993,21648939.999999978
386.15,1636824.9999999988,21664649.999999963
386.16,1637380.0000000014,21680360.00000004
386.17,1637935.000000001,21696070.000000026
386.18,1638490.0000000005,21711780.00000001
386.19,1639044.9999999998,21727489.999999996
386.2,1639599.9999999993,21743199.99999998
386.21,1640154.9999999988,21758909.999999966
386.22,1640710.0000000014,21774620.000000045
386.23,1641265.000000001,21790330.00000003
386.24,1641820.0000000005,21806040.000000015
386.25,1642375.0,21821750.0
386.26,1642929.9999999995,21837459.999999985
386.27,1643484.999999999,21853169.99999997
386.28,1644039.9999999986,21868879.999999955
386.29,1644595.0000000012,21884590.000000034
386.3,1645150.0000000007,21900300.00000002
386.31,1645705.0000000002,21916010.000000004
386.32,1646259.9999999995,21931719.99999999
386.33,1646814.999999999,21947429.999999974
386.34,1647369.9999999986,21963139.99999996
386.35,1647925.0000000012,21978850.000000037
386.36,1648480.0000000007,21994560.000000022
386.37,1649035.0000000002,22010270.000000007
386.38,1649589.9999999998,22025979.999999993
386.39,1650144.9999999993,22041689.999999978
386.4,1650699.9999999988,22057399.999999963
386.41,1651255.0000000014,22073110.00000004
386.42,1651810.000000001,22088820.000000026
386.43,1652365.0000000005,22104530.00000001
386.44,1652919.9999999998,22120239.999999996
386.45,1653474.9999999993,22135949.99999998
386.46,1654029.9999999988,22151659.999999966
386.47,1654585.0000000014,22167370.000000045
386.48,1655140.000000001,22183080.00000003
386.49,1655695.0000000005,22198790.000000015
386.5,1656250.0,22214500.0
386.51,1656804.9999999995,22230209.999999985
386.52,1657359.999999999,22245919.99999997
386.53,1657914.9999999986,22261629.999999955
386.54,1658470.0000000012,22277340.000000034
386.55,1659025.0000000007,22293050.00000002
386.56,1659580.0000000002,22308760.000000004
386.57,1660134.9999999995,22324469.99999999
386.58,1660689.999999999,22340179.999999974
386.59,1661244.9999999986,22355889.99999996
386.6,1661800.0000000012,22371600.000000037
386.61,1662355.0000000007,22387310.000000022
386.62,1662910.0000000002,22403020.000000007
386.63,1663464.9999999998,22418729.999999993
386.64,1664019.9999999993,22434439.999999978
386.65,1664574.9999999988,22450149.999999963
386.66,1665130.0000000014,22465860.00000004
386.67,1665685.000000001,22481570.000000026
386.68,1666240.0000000005,22497280.00000001
386.69,1666794.9999999998,22512989.999999996
386.7,1667349.9999999993,22528699.99999998
386.71,1667904.9999999988,22544409.999999966
386.72,1668460.0000000014,22560120.000000045
386.73,1669015.000000001,22575830.00000003
386.74,1669570.0000000005,22591540.000000015
386.75,1670125.0,22607250.0
386.76,1670679.9999999995,22622959.999999985
386.77,1671234.999999999,22638669.99999997
386.78,1671789.9999999986,22654379.999999955
386.79,1672345.0000000012,22670090.000000034
386.8,1672900.0000000007,22685800.00000002
386.81,1673455.0000000002,22701510.000000004
386.82,1674009.9999999995,22717219.99999999
386.83,1674564.999999999,22732929.999999974
386.84,1675119.9999999986,22748639.99999996
386.85,1675675.0000000012,22764350.000000037
386.86,1676230.0000000007,22780060.000000022
386.87,1676785.0000000002,22795770.000000007
386.88,1677339.9999999998,22811479.999999993
386.89,1677894.9999999993,22827189.999999978
386.9,1678449.9999999988,22842899.999999963
386.91,1679005.0000000014,22858610.00000004
386.92,1679560.000000001,22874320.000000026
386.93,1680115.0000000005,22890030.00000001
386.94,1680669.9999999998,22905739.999999996
386.95,1681224.9999999993,22921449.99999998
386.96,1681779.9999999988,22937159.999999966
386.97,1682335.0000000014,22952870.000000045
386.98,1682890.000000001,22968580.00000003
386.99,1683445.0000000005,22984290.000000015
387.0,1684000.0,23000000.0
387.01,1684729.9999999993,23018569.99999998
387.02,1685459.9999999986,23037139.999999966
387.03,1686189.999999998,23055709.999999948
387.04,1686920.0000000014,23074280.000000037
387.05,1687650.000000001,23092850.000000022
387.06,1688380.0000000002,23111420.000000004
387.07,1689109.9999999995,23129989.99999999
387.08,1689839.9999999988,23148559.99999997
387.09,1690569.9999999981,23167129.999999955
387.1,1691300.0000000016,23185700.00000004
387.11,1692030.000000001,23204270.000000026
387.12,1692760.0000000002,23222840.000000007
387.13,1693489.9999999998,23241409.999999993
387.14,1694219.999999999,23259979.999999974
387.15,1694949.9999999984,23278549.99999996
387.16,1695680.0000000019,23297120.000000045
387.17,1696410.0000000012,23315690.00000003
387.18,1697140.0000000005,23334260.00000001
387.19,1697869.9999999998,23352829.999999996
387.2,1698599.999999999,23371399.999999978
387.21,1699329.9999999986,23389969.999999963
387.22,1700060.000000002,23408540.000000052
387.23,1700790.0000000014,23427110.000000034
387.24,1701520.0000000007,23445680.00000002
387.25,1702250.0,23464250.0
387.26,1702979.9999999993,23482819.99999998
387.27,1703709.9999999986,23501389.999999966
387.28,1704439.999999998,23519959.999999948
387.29,1705170.0000000014,23538530.000000037
387.3,1705900.000000001,23557100.000000022
387.31,1706630.0000000002,23575670.000000004
387.32,1707359.9999999995,23594239.99999999
387.33,1708089.9999999988,23612809.99999997
387.34,1708819.9999999981,23631379.999999955
387.35,1709550.0000000016,23649950.00000004
387.36,1710280.000000001,23668520.000000026
387.37,1711010.0000000002,23687090.000000007
387.38,1711739.9999999998,23705659.999999993
387.39,1712469.999999999,23724229.999999974
387.4,1713199.9999999984,23742799.99999996
387.41,1713930.0000000019,23761370.000000045
387.42,1714660.0000000012,23779940.00000003
387.43,1715390.0000000005,23798510.00000001
387.44,1716119.9999999998,23817079.999999996
387.45,1716849.999999999,23835649.999999978
387.46,1717579.9999999986,23854219.999999963
387.47,1718310.000000002,23872790.000000052
387.48,1719040.0000000014,23891360.000000034
387.49,1719770.0000000007,23909930.00000002
387.5,1720500.0,23928500.0
387.51,1721229.9999999993,23947069.99999998
387.52,1721959.9999999986,23965639.999999966
387.53,1722689.999999998,23984209.999999948
387.54,1723420.0000000014,24002780.000000037
387.55,1724150.000000001,24021350.000000022
387.56,1724880.0000000002,24039920.000000004
387.57,1725609.9999999995,24058489.99999999
387.58,1726339.9999999988,24077059.99999997
387.59,1727069.9999999981,24095629.999999955
387.6,1727800.0000000016,24114200.00000004
387.61,1728530.000000001,24132770.000000026
387.62,1729260.0000000002,24151340.000000007
387.63,1729989.9999999998,24169909.999999993
387.64,1730719.999999999,24188479.999999974
387.65,1731449.9999999984,24207049.99999996
387.66,1732180.0000000019,24225620.000000045
387.67,1732910.0000000012,24244190.00000003
387.68,1733640.0000000005,24262760.00000001
387.69,1734369.9999999998,24281329.999999996
387.7,1735099.999999999,24299899.999999978
387.71,1735829.9999999986,24318469.999999963
387.72,1736560.000000002,24337040.000000052
387.73,1737290.0000000014,24355610.000000034
387.74,1738020.0000000007,24374180.00000002
387.75,1738750.0,24392750.0
387.76,1739479.9999999993,24411319.99999998
387.77,1740209.9999999986,24429889.999999966
387.78,1740939.999999998,24448459.999999948
387.79,1741670.0000000014,24467030.000000037
387.8,1742400.000000001,24485600.000000022
387.81,1743130.0000000002,24504170.000000004
387.82,1743859.9999999995,24522739.99999999
387.83,1744589.9999999988,24541309.99999997
387.84,1745319.9999999981,24559879.999999955
387.85,1746050.0000000016,24578450.00000004
387.86,1746780.000000001,24597020.000000026
387.87,1747510.0000000002,24615590.000000007
387.88,1748239.9999999998,24634159.999999993
387.89,1748969.999999999,24652729.999999974
387.9,1749699.9999999984,24671299.99999996
387.91,1750430.0000000019,24689870.000000045
387.92,1751160.0000000012,24708440.00000003
387.93,1751890.0000000005,24727010.00000001
387.94,1752619.9999999998,24745579.999999996
387.95,1753349.999999999,24764149.999999978
387.96,1754079.9999999986,24782719.999999963
387.97,1754810.000000002,24801290.000000052
387.98,1755540.0000000014,24819860.000000034
387.99,1756270.0000000007,24838430.00000002
388.0,1757000.0,24857000.0
