quota_m,area_m2,vol_m3
267.2,200000.0,900000.0
267.21,200400.0,902000.0
267.21999999999997,200800.0,904000.0
267.22999999999996,201200.0,906000.0
267.23999999999995,201600.0,908000.0
267.24999999999994,202000.0,910000.0
267.25999999999993,202400.0,912000.0
267.2699999999999,202800.0,914000.0
267.2799999999999,203200.0,916000.0
267.2899999999999,203600.0,918000.0
267.2999999999999,204000.0,920000.0
267.3099999999999,204400.0,922000.0
267.3199999999999,204800.0,924000.0
267.32999999999987,205200.0,926000.0
267.33999999999986,205600.0,928000.0
267.34999999999985,206000.0,930000.0
267.35999999999984,206400.0,932000.0
267.36999999999983,206800.0,934000.0
267.3799999999998,207200.0,936000.0
267.3899999999998,207600.0,938000.0
267.3999999999998,208000.0,940000.0
267.4099999999998,208400.0,942000.0
267.4199999999998,208800.0,944000.0
267.4299999999998,209200.0,946000.0
267.43999999999977,209600.0,948000.0
267.44999999999976,210000.0,950000.0
267.45999999999975,210400.0,952000.0
267.46999999999974,210800.0,954000.0
267.47999999999973,211200.0,956000.0
267.4899999999997,211600.0,958000.0
267.4999999999997,212000.0,960000.0
267.5099999999997,212400.0,962000.0
267.5199999999997,212800.0,964000.0
267.5299999999997,213200.0,966000.0
267.5399999999997,213600.0,968000.0
267.54999999999967,214000.0,970000.0
267.55999999999966,214400.0,972000.0
267.56999999999965,214800.0,974000.0
267.57999999999964,215200.0,976000.0
267.58999999999963,215600.0,978000.0
267.5999999999996,216000.0,980000.0
267.6099999999996,216400.0,982000.0
267.6199999999996,216800.0,984000.0
267.6299999999996,217200.0,986000.0
267.6399999999996,217600.0,988000.0
267.6499999999996,218000.0,990000.0
267.65999999999957,218400.0,992000.0
267.66999999999956,218800.0,994000.0
267.67999999999955,219200.0,996000.0
267.68999999999954,219600.0,998000.0
267.69999999999953,220000.0,1000000.0
267.7099999999995,220400.0,1002000.0
267.7199999999995,220800.0,1004000.0
267.7299999999995,221200.0,1006000.0
267.7399999999995,221600.0,1008000.0
267.7499999999995,222000.0,1010000.0
267.7599999999995,222400.0,1012000.0
267.76999999999947,222800.0,1014000.0
267.77999999999946,223200.0,1016000.0
267.78999999999945,223600.0,1018000.0
267.79999999999944,224000.0,1020000.0
267.80999999999943,224400.0,1022000.0
267.8199999999994,224800.0,1024000.0
267.8299999999994,225200.0,1026000.0
267.8399999999994,225600.0,1028000.0
267.8499999999994,226000.0,1030000.0
267.8599999999994,226400.0,1032000.0
267.8699999999994,226800.0,1034000.0
267.87999999999937,227200.0,1036000.0
267.88999999999936,227600.0,1038000.0
267.89999999999935,228000.0,1040000.0
267.90999999999934,228400.0,1042000.0
267.91999999999933,228800.0,1044000.0
267.9299999999993,229200.0,1046000.0
267.9399999999993,229600.0,1048000.0
267.9499999999993,230000.0,1050000.0
267.9599999999993,230400.0,1052000.0
267.9699999999993,230800.0,1054000.0
267.9799999999993,231200.0,1056000.0
267.98999999999927,231600.0,1058000.0
267.99999999999926,232000.0,1060000.0
268.00999999999925,234400.0,1062000.0
268.01999999999924,232800.0,1064000.0
268.02999999999923,233200.0,1066000.0
268.0399999999992,233600.0,1068000.0
268.0499999999992,234000.0,1070000.0
268.0599999999992,234400.0,1072000.0
268.0699999999992,234800.0,1074000.0
268.0799999999992,235200.0,1076000.0
268.0899999999992,235600.0,1078000.0
268.09999999999917,236000.0,1080000.0
268.10999999999916,236400.0,1082000.0
268.11999999999915,236800.0,1084000.0
268.12999999999914,237200.0,1086000.0
268.13999999999913,237600.0,1088000.0
268.1499999999991,238000.0,1090000.0
268.1599999999991,238400.0,1092000.0
268.1699999999991,238800.0,1094000.0
268.1799999999991,239200.0,1096000.0
268.1899999999991,239600.0,1098000.0
268.1999999999991,240000.0,1100000.0
268.20999999999907,240400.0,1102500.0
268.21999999999906,240800.0,1105000.0
268.22999999999905,241200.0,1107500.0
268.23999999999904,241600.0,1110000.0
268.24999999999903,242000.0,1112500.0
268.259999999999,242400.0,1115000.0
268.269999999999,242800.0,1117500.0
268.279999999999,243200.0,1120000.0
268.289999999999,243600.0,1122500.0
268.299999999999,244000.0,1125000.0
268.309999999999,244400.0,1127500.0
268.31999999999897,244800.0,1130000.0
268.32999999999896,245200.0,1132500.0
268.33999999999895,245600.0,1135000.0
268.34999999999894,246000.0,1137500.0
268.35999999999893,246400.0,1140000.0
268.3699999999989,246800.0,1142500.0
268.3799999999989,247200.0,1145000.0
268.3899999999989,247600.0,1147500.0
268.3999999999989,248000.0,1150000.0
268.4099999999989,248400.0,1152500.0
268.4199999999989,248800.0,1155000.0
268.42999999999887,249200.0,1157500.0
268.43999999999886,249600.0,1160000.0
268.44999999999885,250000.0,1162500.0
268.45999999999884,250400.0,1165000.0
268.46999999999883,250800.0,1167500.0
268.4799999999988,251200.0,1170000.0
268.4899999999988,251600.0,1172500.0
268.4999999999988,252000.0,1175000.0
268.5099999999988,252400.0,1177500.0
268.5199999999988,252800.0,1180000.0
268.5299999999988,253200.0,1182500.0
268.53999999999877,253600.0,1185000.0
268.54999999999876,254000.0,1187500.0
268.55999999999875,254400.0,1190000.0
268.56999999999874,254800.0,1192500.0
268.57999999999873,255200.0,1195000.0
268.5899999999987,255600.0,1197500.0
268.5999999999987,256000.0,1200000.0
268.6099999999987,256399.99999999994,1202500.0
268.6199999999987,256800.0,1205000.0
268.6299999999987,257200.0,1207500.0
268.6399999999987,257600.00000000006,1210000.0
268.64999999999867,258000.0,1212500.0
268.65999999999866,258399.99999999994,1215000.0
268.66999999999865,258800.0,1217500.0
268.67999999999864,259200.0,1220000.0
268.68999999999863,259600.00000000006,1222500.0
268.6999999999986,260000.0,1225000.0
268.7099999999986,260399.99999999994,1227500.0
268.7199999999986,260800.0,1230000.0
268.7299999999986,261200.0,1232500.0
268.7399999999986,261600.00000000006,1235000.0
268.7499999999986,262000.0,1237500.0
268.75999999999857,262400.0,1240000.0
268.76999999999856,262800.0,1242500.0
268.77999999999855,263200.0,1245000.0
268.78999999999854,263600.0,1247500.0
268.79999999999853,264000.0,1250000.0
268.8099999999985,264400.0,1252500.0
268.8199999999985,264800.0,1255000.0
268.8299999999985,265200.0,1257500.0
268.8399999999985,265600.0,1260000.0
268.8499999999985,266000.0,1262500.0
268.8599999999985,266400.0,1265000.0
268.86999999999847,266800.0,1267500.0
268.87999999999846,267200.0,1270000.0
268.88999999999845,267600.0,1272500.0
268.89999999999844,268000.0,1275000.0
268.90999999999843,268400.0,1277500.0
268.9199999999984,268800.0,1280000.0
268.9299999999984,269200.0,1282500.0
268.9399999999984,269600.0,1285000.0
268.9499999999984,270000.0,1287500.0
268.9599999999984,270400.0,1290000.0
268.9699999999984,270800.0,1292500.0
268.97999999999837,271200.0,1295000.0
268.98999999999836,271600.0,1297500.0
268.99999999999835,272000.0,1300000.0
269.00999999999834,272400.0,1302500.0
269.01999999999833,272800.0,1305000.0
269.0299999999983,273200.0,1307500.0
269.0399999999983,273600.0,1310000.0
269.0499999999983,274000.0,1312500.0
269.0599999999983,274400.0,1315000.0
269.0699999999983,274800.0,1317500.0
269.0799999999983,275200.0,1320000.0
269.08999999999827,275600.0,1322500.0
269.09999999999826,276000.0,1325000.0
269.10999999999825,276400.0,1327500.0
269.11999999999824,276800.0,1330000.0
269.12999999999823,277200.0,1332500.0
269.1399999999982,277600.0,1335000.0
269.1499999999982,278000.0,1337500.0
269.1599999999982,278400.0,1340000.0
269.1699999999982,278800.0,1342500.0
269.1799999999982,279200.0,1345000.0
269.1899999999982,279600.0,1347500.0
269.19999999999817,280000.0,1350000.0
269.20999999999816,280400.0,1352500.0
269.21999999999815,280800.0,1355000.0
269.22999999999814,281200.0,1357500.0
269.23999999999813,281600.0,1360000.0
269.2499999999981,282000.0,1362500.0
269.2599999999981,282400.0,1365000.0
269.2699999999981,282800.0,1367500.0
269.2799999999981,283200.0,1370000.0
269.2899999999981,283600.0,1372500.0
269.2999999999981,284000.0,1375000.0
269.30999999999807,284400.0,1377500.0
269.31999999999806,284800.0,1380000.0
269.32999999999805,285200.0,1382500.0
269.33999999999804,285600.0,1385000.0
269.34999999999803,286000.0,1387500.0
269.359999999998,286400.0,1390000.0
269.369999999998,286800.0,1392500.0
269.379999999998,287200.0,1395000.0
269.389999999998,287600.0,1397500.0
269.399999999998,288000.0,1400000.0
269.409999999998,288400.0,1402500.0
269.41999999999797,288800.0,1405000.0
269.42999999999796,289200.0,1407500.0
269.43999999999795,289600.0,1410000.0
269.44999999999794,290000.0,1412500.0
269.45999999999793,290400.0,1415000.0
269.4699999999979,290800.0,1417500.0
269.4799999999979,291200.0,1420000.0
269.4899999999979,291600.0,1422500.0
269.4999999999979,292000.0,1425000.0
269.5099999999979,292400.0,1427500.0
269.5199999999979,292800.0,1430000.0
269.52999999999787,293200.0,1432500.0
269.53999999999786,293600.0,1435000.0
269.54999999999785,294000.0,1437500.0
269.55999999999784,294400.0,1440000.0
269.56999999999783,294800.0,1442500.0
269.5799999999978,295200.0,1445000.0
269.5899999999978,295600.0,1447500.0
269.5999999999978,296000.0,1450000.0
269.6099999999978,296400.0,1452500.0
269.6199999999978,296800.0,1455000.0
269.6299999999978,297200.0,1457500.0
269.63999999999777,297600.0,1460000.0
269.64999999999776,298000.0,1462500.0
269.65999999999775,298400.0,1465000.0
269.66999999999774,298800.0,1467500.0
269.67999999999773,299200.0,1470000.0
269.6899999999977,299600.0,1472500.0
269.6999999999977,300000.0,1475000.0
269.7099999999977,300400.0,1477500.0
269.7199999999977,300800.0,1480000.0
269.7299999999977,301200.0,1482500.0
269.7399999999977,301600.0,1485000.0
269.74999999999767,302000.0,1487500.0
269.75999999999766,302400.0,1490000.0
269.76999999999765,302800.0,1492500.0
269.77999999999764,303200.0,1495000.0
269.78999999999763,303600.0,1497500.0
269.7999999999976,304000.0,1500000.0
269.8099999999976,304400.0,1502500.0
269.8199999999976,304800.0,1505000.0
269.8299999999976,305200.0,1507500.0
269.8399999999976,305600.0,1510000.0
269.8499999999976,306000.0,1512500.0
269.85999999999757,306400.0,1515000.0
269.86999999999756,306800.0,1517500.0
269.87999999999755,307200.0,1520000.0
269.88999999999754,307600.0,1522500.0
269.89999999999753,308000.0,1525000.0
269.9099999999975,308400.0,1527500.0
269.9199999999975,308800.0,1530000.0
269.9299999999975,309200.0,1532500.0
269.9399999999975,309600.0,1535000.0
269.9499999999975,310000.0,1537500.0
269.9599999999975,310400.0,1540000.0
269.96999999999747,310800.0,1542500.0
269.97999999999746,311200.0,1545000.0
269.98999999999745,311600.0,1547500.0
269.99999999999744,312000.0,1550000.0
270.00999999999743,312400.0,1552500.0
270.0199999999974,312800.0,1555000.0
270.0299999999974,313200.0,1557500.0
270.0399999999974,313600.0,1560000.0
270.0499999999974,314000.0,1562500.0
270.0599999999974,314400.0,1565000.0
270.0699999999974,314800.0,1567500.0
270.07999999999737,315200.0,1570000.0
270.08999999999736,315600.0,1572500.0
270.09999999999735,316000.0,1575000.0
270.10999999999734,316400.0,1577500.0
270.11999999999733,316800.0,1580000.0
270.1299999999973,317200.0,1582500.0
270.1399999999973,317600.0,1585000.0
270.1499999999973,318000.0,1587500.0
270.1599999999973,318400.0,1590000.0
270.1699999999973,318800.0,1592500.0
270.1799999999973,319200.0,1595000.0
270.18999999999727,319600.0,1597500.0
270.19999999999726,320000.0,1600000.0
270.20999999999725,320400.0,1603000.0
270.21999999999724,320800.0,1606000.0
270.22999999999723,321200.0,1609000.0
270.2399999999972,321600.0,1612000.0
270.2499999999972,322000.0,1615000.0
270.2599999999972,322400.0,1618000.0
270.2699999999972,322800.0,1621000.0
270.2799999999972,323200.0,1624000.0
270.2899999999972,323600.0,1627000.0
270.29999999999717,324000.0,1630000.0
270.30999999999716,324400.0,1633000.0
270.31999999999715,324800.0,1636000.0
270.32999999999714,325200.0,1639000.0
270.33999999999713,325600.0,1642000.0
270.3499999999971,326000.0,1645000.0
270.3599999999971,326400.0,1648000.0
270.3699999999971,326800.0,1651000.0
270.3799999999971,327200.0,1654000.0
270.3899999999971,327600.0,1657000.0
270.3999999999971,328000.0,1660000.0
270.40999999999707,328400.0,1663000.0
270.41999999999706,328800.0,1666000.0
270.42999999999705,329200.0,1669000.0
270.43999999999704,329600.0,1672000.0
270.44999999999703,330000.0,1675000.0
270.459999999997,330400.0,1678000.0
270.469999999997,330800.0,1681000.0
270.479999999997,331200.0,1684000.0
270.489999999997,331600.0,1687000.0
270.499999999997,332000.0,1690000.0
270.509999999997,332400.0,1693000.0
270.51999999999697,332800.0,1696000.0
270.52999999999696,333200.0,1699000.0
270.53999999999695,333600.0,1702000.0
270.54999999999694,334000.0,1705000.0
270.55999999999693,334400.0,1708000.0
270.5699999999969,334800.0,1711000.0
270.5799999999969,335200.0,1714000.0
270.5899999999969,335600.0,1717000.0
270.5999999999969,336000.0,1720000.0
270.6099999999969,336400.0,1723000.0
270.6199999999969,336800.0,1726000.0
270.62999999999687,337200.0,1729000.0
270.63999999999686,337600.0,1732000.0
270.64999999999685,338000.0,1735000.0
270.65999999999684,338400.0,1738000.0
270.66999999999683,338800.0,1741000.0
270.6799999999968,339200.0,1744000.0
270.6899999999968,339600.0,1747000.0
270.6999999999968,340000.0,1750000.0
270.7099999999968,340400.0,1753000.0
270.7199999999968,340800.0,1756000.0
270.7299999999968,341200.0,1759000.0
270.73999999999677,341600.0,1762000.0
270.74999999999676,342000.0,1765000.0
270.75999999999675,342400.0,1768000.0
270.76999999999674,342800.0,1771000.0
270.77999999999673,343200.0,1774000.0
270.7899999999967,343600.0,1777000.0
270.7999999999967,344000.0,1780000.0
270.8099999999967,344400.0,1783000.0
270.8199999999967,344800.0,1786000.0
270.8299999999967,345200.0,1789000.0
270.8399999999967,345600.0,1792000.0
270.84999999999667,346000.0,1795000.0
270.85999999999666,346400.0,1798000.0
270.86999999999665,346800.0,1801000.0
270.87999999999664,347200.0,1804000.0
270.88999999999663,347600.0,1807000.0
270.8999999999966,348000.0,1810000.0
270.9099999999966,348400.0,1813000.0
270.9199999999966,348800.0,1816000.0
270.9299999999966,349200.0,1819000.0
270.9399999999966,349600.0,1822000.0
270.9499999999966,350000.0,1825000.0
270.95999999999657,350400.0,1828000.0
270.96999999999656,350800.0,1831000.0
270.97999999999655,351200.0,1834000.0
270.98999999999654,351600.0,1837000.0
270.99999999999653,352000.0,1840000.0
271.0099999999965,352400.0,1843000.0
271.0199999999965,352800.0,1846000.0
271.0299999999965,353200.0,1849000.0
271.0399999999965,353600.0,1852000.0
271.0499999999965,354000.0,1855000.0
271.0599999999965,354400.0,1858000.0
271.06999999999647,354800.0,1861000.0
271.07999999999646,355200.0,1864000.0
271.08999999999645,355600.0,1867000.0
271.09999999999644,356000.0,1870000.0
271.10999999999643,356400.0,1873000.0
271.1199999999964,356800.0,1876000.0
271.1299999999964,357200.0,1879000.0
271.1399999999964,357600.0,1882000.0
271.1499999999964,358000.0,1885000.0
271.1599999999964,358400.0,1888000.0
271.1699999999964,358800.0,1891000.0
271.17999999999637,359200.0,1894000.0
271.18999999999636,359600.0,1897000.0
271.19999999999635,360000.0,1900000.0
271.20999999999634,360600.0,1903500.0
271.21999999999633,361200.0,1907000.0
271.2299999999963,361800.0,1910500.0
271.2399999999963,362400.0,1914000.0
271.2499999999963,363000.0,1917500.0
271.2599999999963,363600.0,1921000.0
271.2699999999963,364200.0,1924500.0
271.2799999999963,364800.0,1928000.0
271.28999999999627,365400.0,1931500.0
271.29999999999626,366000.0,1935000.0
271.30999999999625,366600.0,1938500.0
271.31999999999624,367200.0,1942000.0
271.32999999999623,367800.0,1945500.0
271.3399999999962,368400.0,1949000.0
271.3499999999962,369000.0,1952500.0
271.3599999999962,369600.0,1956000.0
271.3699999999962,370200.0,1959500.0
271.3799999999962,370800.0,1963000.0
271.3899999999962,371400.0,1966500.0
271.39999999999617,372000.0,1970000.0
271.40999999999616,372600.0,1973500.0
271.41999999999615,373200.0,1977000.0
271.42999999999614,373800.0,1980500.0
271.43999999999613,374400.0,1984000.0
271.4499999999961,375000.0,1987500.0
271.4599999999961,375600.0,1991000.0
271.4699999999961,376200.0,1994500.0
271.4799999999961,376800.0,1998000.0
271.4899999999961,377400.0,2001500.0
271.4999999999961,378000.0,2005000.0
271.50999999999607,378600.0,2008500.0
271.51999999999606,379200.0,2012000.0
271.52999999999605,379800.0,2015500.0
271.53999999999604,380400.0,2019000.0
271.54999999999603,381000.0,2022500.0
271.559999999996,381600.0,2026000.0
271.569999999996,382200.0,2029500.0
271.579999999996,382800.0,2033000.0
271.589999999996,383400.0,2036500.0
271.599999999996,384000.0,2040000.0
271.609999999996,384600.0,2043500.0
271.61999999999597,385200.0,2047000.0
271.62999999999596,385800.0,2050500.0
271.63999999999595,386400.0,2054000.0
271.64999999999594,387000.0,2057500.0
271.65999999999593,387600.0,2061000.0
271.6699999999959,388200.0,2064500.0
271.6799999999959,388800.0,2068000.0
271.6899999999959,389400.0,2071500.0
271.6999999999959,390000.0,2075000.0
271.7099999999959,390600.0,2078500.0
271.7199999999959,391200.0,2082000.0
271.72999999999587,391800.0,2085500.0
271.73999999999586,392400.0,2089000.0
271.74999999999585,393000.0,2092500.0
271.75999999999584,393600.0,2096000.0
271.76999999999583,394200.0,2099500.0
271.7799999999958,394800.0,2103000.0
271.7899999999958,395400.0,2106500.0
271.7999999999958,396000.0,2110000.0
271.8099999999958,396600.0,2113500.0
271.8199999999958,397200.0,2117000.0
271.8299999999958,397800.0,2120500.0
271.83999999999577,398400.0,2124000.0
271.84999999999576,399000.0,2127500.0
271.85999999999575,399600.0,2131000.0
271.86999999999574,400200.0,2134500.0
271.87999999999573,400800.0,2138000.0
271.8899999999957,401400.0,2141500.0
271.8999999999957,402000.0,2145000.0
271.9099999999957,402600.0,2148500.0
271.9199999999957,403200.0,2152000.0
271.9299999999957,403800.0,2155500.0
271.9399999999957,404400.0,2159000.0
271.94999999999567,405000.0,2162500.0
271.95999999999566,405600.0,2166000.0
271.96999999999565,406200.0,2169500.0
271.97999999999564,406800.0,2173000.0
271.98999999999563,407400.0,2176500.0
271.9999999999956,408000.0,2180000.0
272.0099999999956,408600.0,2183500.0
272.0199999999956,409200.0,2187000.0
272.0299999999956,409800.0,2190500.0
272.0399999999956,410400.0,2194000.0
272.0499999999956,411000.0,2197500.0
272.05999999999557,411600.0,2201000.0
272.06999999999556,412200.0,2204500.0
272.07999999999555,412800.0,2208000.0
272.08999999999554,413400.0,2211500.0
272.09999999999553,414000.0,2215000.0
272.1099999999955,414600.0,2218500.0
272.1199999999955,415200.0,2222000.0
272.1299999999955,415800.0,2225500.0
272.1399999999955,416400.0,2229000.0
272.1499999999955,417000.0,2232500.0
272.1599999999955,417600.0,2236000.0
272.16999999999547,418200.0,2239500.0
272.17999999999546,418800.0,2243000.0
272.18999999999545,419400.0,2246500.0
272.19999999999544,420000.0,2250000.0
272.20999999999543,420400.0,2254040.0
272.2199999999954,420800.0,2258080.0
272.2299999999954,421200.0,2262120.0
272.2399999999954,421600.0,2266160.0
272.2499999999954,422000.0,2270200.0
272.2599999999954,422400.0,2274240.0
272.2699999999954,422800.0,2278280.0
272.27999999999537,423200.0,2282320.0
272.28999999999536,423600.0,2286360.0
272.29999999999535,424000.0,2290400.0
272.30999999999534,424400.0,2294440.0
272.31999999999533,424800.0,2298480.0
272.3299999999953,425200.0,2302520.0
272.3399999999953,425600.0,2306560.0
272.3499999999953,426000.0,2310600.0
272.3599999999953,426400.0,2314640.0
272.3699999999953,426800.0,2318680.0
272.3799999999953,427200.0,2322720.0
272.38999999999527,427600.0,2326760.0
272.39999999999526,428000.0,2330800.0
272.40999999999525,428400.0,2334840.0
272.41999999999524,428800.0,2338880.0
272.42999999999523,429200.0,2342920.0
272.4399999999952,429600.0,2346960.0
272.4499999999952,430000.0,2351000.0
272.4599999999952,430400.0,2355040.0
272.4699999999952,430800.0,2359080.0
272.4799999999952,431200.0,2363120.0
272.4899999999952,431600.0,2367160.0
272.49999999999517,432000.0,2371200.0
272.50999999999516,432400.0,2375240.0
272.51999999999515,432800.0,2379280.0
272.52999999999514,433200.0,2383320.0
272.53999999999513,433600.0,2387360.0
272.5499999999951,434000.0,2391400.0
272.5599999999951,434400.0,2395440.0
272.5699999999951,434800.0,2399480.0
272.5799999999951,435200.0,2403520.0
272.5899999999951,435600.0,2407560.0
272.5999999999951,436000.0,2411600.0
272.60999999999507,436400.0,2415640.0
272.61999999999506,436800.0,2419680.0
272.62999999999505,437200.0,2423720.0
272.63999999999504,437600.0,2427760.0
272.64999999999503,438000.0,2431800.0
272.659999999995,438400.0,2435840.0
272.669999999995,438800.0,2439880.0
272.679999999995,439200.0,2443920.0
272.689999999995,439600.0,2447960.0
272.699999999995,440000.0,2452000.0
272.709999999995,440400.0,2456040.0
272.71999999999497,440800.0,2460080.0
272.72999999999496,441200.0,2464120.0
272.73999999999495,441600.0,2468160.0
272.74999999999494,442000.0,2472200.0
272.75999999999493,442400.0,2476240.0
272.7699999999949,442800.0,2480280.0
272.7799999999949,443200.0,2484320.0
272.7899999999949,443600.0,2488360.0
272.7999999999949,444000.0,2492400.0
272.8099999999949,444400.0,2496440.0
272.8199999999949,444800.0,2500480.0
272.82999999999487,445200.0,2504520.0
272.83999999999486,445600.0,2508560.0
272.84999999999485,446000.0,2512600.0
272.85999999999484,446400.0,2516640.0
272.86999999999483,446800.0,2520680.0
272.8799999999948,447200.0,2524720.0
272.8899999999948,447600.0,2528760.0
272.8999999999948,448000.0,2532800.0
272.9099999999948,448400.0,2536840.0
272.9199999999948,448800.0,2540880.0
272.9299999999948,449200.0,2544920.0
272.93999999999477,449600.0,2548960.0
272.94999999999476,450000.0,2553000.0
272.95999999999475,450400.0,2557040.0
272.96999999999474,450800.0,2561080.0
272.97999999999473,451200.0,2565120.0
272.9899999999947,451600.0,2569160.0
272.9999999999947,452000.0,2573200.0
273.0099999999947,452400.0,2577240.0
273.0199999999947,452800.0,2581280.0
273.0299999999947,453200.0,2585320.0
273.0399999999947,453600.0,2589360.0
273.04999999999467,454000.0,2593400.0
273.05999999999466,454400.0,2597440.0
273.06999999999465,454800.0,2601480.0
273.07999999999464,455200.0,2605520.0
273.08999999999463,455600.0,2609560.0
273.0999999999946,456000.0,2613600.0
273.1099999999946,456400.0,2617640.0
273.1199999999946,456800.0,2621680.0
273.1299999999946,457200.0,2625720.0
273.1399999999946,457600.0,2629760.0
273.1499999999946,458000.0,2633800.0
273.15999999999457,458400.0,2637840.0
273.16999999999456,458800.0,2641880.0
273.17999999999455,459200.0,2645920.0
273.18999999999454,459600.0,2649960.0
273.19999999999453,464420.0,2654500.0
273.2099999999945,464835.8,2658955.0
273.2199999999945,465251.6,2663410.0
273.2299999999945,465667.4,2667865.0
273.2399999999945,466083.0,2672320.0
273.2499999999945,466499.0,2676775.0
273.2599999999945,466914.0,2681230.0
273.26999999999447,467330.0,2685685.0
273.27999999999446,467746.0,2690140.0
273.28999999999445,468162.2,2694595.0
273.29999999999444,468578.0,2699050.0
273.30999999999443,468993.0,2703505.0
273.3199999999944,469405.0,2707960.0
273.3299999999944,469825.0,2712415.0
273.3399999999944,470241.0,2716870.0
273.3499999999944,470657.0,2721325.0
273.3599999999944,471072.0,2725780.0
273.3699999999944,471488.0,2730235.0
273.37999999999437,471904.0,2734690.0
273.38999999999436,472320.0,2739145.0
273.39999999999435,472736.0,2743600.0
273.40999999999434,473151.0,2748055.0
273.41999999999433,473567.0,2752510.0
273.4299999999943,473983.4,2756965.0
273.4399999999943,474399.2,2761420.0
273.4499999999943,474815.0,2765875.0
273.4599999999943,475230.0,2770330.0
273.4699999999943,475646.0,2774785.0
273.4799999999943,476062.0,2779240.0
273.48999999999427,476478.0,2783695.0
273.49999999999426,476894.0,2788150.0
273.50999999999425,477309.0,2792605.0
273.51999999999424,477725.0,2797060.0
273.52999999999423,478141.0,2801515.0
273.5399999999942,478557.0,2805970.0
273.5499999999942,478973.0,2810425.0
273.5599999999942,479388.0,2814880.0
273.5699999999942,479804.0,2819335.0
273.5799999999942,480220.0,2823790.0
273.5899999999942,480636.0,2828245.0
273.59999999999417,481052.0,2832700.0
273.60999999999416,481467.0,2837155.0
273.61999999999415,481883.0,2841610.0
273.62999999999414,482299.0,2846065.0
273.63999999999413,482715.0,2850520.0
273.6499999999941,483131.0,2854975.0
273.6599999999941,483546.0,2859430.0
273.6699999999941,483962.0,2863885.0
273.6799999999941,484378.0,2868340.0
273.6899999999941,484794.0,2872795.0
273.6999999999941,485210.0,2877250.0
273.70999999999407,485625.0,2881705.0
273.71999999999406,486041.0,2886160.0
273.72999999999405,486457.0,2890615.0
273.73999999999404,486873.0,2895070.0
273.74999999999403,487289.0,2899525.0
273.759999999994,487704.0,2903980.0
273.769999999994,488120.0,2908435.0
273.779999999994,488536.0,2912890.0
273.789999999994,488952.0,2917345.0
273.799999999994,489368.0,2921800.0
273.809999999994,489783.0,2926255.0
273.81999999999397,490199.0,2930710.0
273.82999999999396,490615.0,2935165.0
273.83999999999395,491031.0,2939620.0
273.84999999999394,491447.0,2944075.0
273.85999999999393,491862.0,2948530.0
273.8699999999939,492278.0,2952985.0
273.8799999999939,492694.0,2957440.0
273.8899999999939,493110.0,2961895.0
273.8999999999939,493526.0,2966350.0
273.9099999999939,493941.0,2970805.0
273.9199999999939,494357.0,2975260.0
273.92999999999387,494773.0,2979715.0
273.93999999999386,495189.0,2984170.0
273.94999999999385,495605.0,2988625.0
273.95999999999384,496020.0,2993080.0
273.96999999999383,496436.0,2997535.0
273.9799999999938,496852.0,3001990.0
273.9899999999938,497268.0,3006445.0
273.9999999999938,497684.0,3010900.0
274.0099999999938,498099.0,3015355.0
274.0199999999938,498515.0,3019810.0
274.0299999999938,498931.0,3024265.0
274.03999999999377,499347.0,3028720.0
274.04999999999376,499763.0,3033175.0
274.05999999999375,500178.0,3037630.0
274.06999999999374,500594.0,3042085.0
274.07999999999373,501010.0,3046540.0
274.0899999999937,501426.0,3050995.0
274.0999999999937,501842.0,3055450.0
274.1099999999937,502257.0,3059905.0
274.1199999999937,502673.0,3064360.0
274.1299999999937,503089.0,3068815.0
274.1399999999937,503505.0,3073270.0
274.14999999999367,503921.0,3077725.0
274.15999999999366,504336.0,3082180.0
274.16999999999365,504752.0,3086635.0
274.17999999999364,505168.0,3091090.0
274.18999999999363,505584.0,3095545.0
274.1999999999936,506000.0,3100000.0
274.2099999999936,506340.0,3104300.0
274.2199999999936,506680.0,3108600.0
274.2299999999936,507020.0,3112900.0
274.2399999999936,507360.0,3117200.0
274.2499999999936,507700.0,3121500.0
274.25999999999357,508040.0,3125800.0
274.26999999999356,508380.0,3130100.0
274.27999999999355,508720.0,3134400.0
274.28999999999354,509060.0,3138700.0
274.29999999999353,509400.0,3143000.0
274.3099999999935,509740.0,3147300.0
274.3199999999935,510080.0,3151600.0
274.3299999999935,510420.0,3155900.0
274.3399999999935,510760.0,3160200.0
274.3499999999935,511100.0,3164500.0
274.3599999999935,511400.0,3168800.0
274.36999999999347,511780.0,3173100.0
274.37999999999346,512120.0,3177400.0
274.38999999999345,512460.0000000001,3181700.0
274.39999999999344,512799.9999999999,3186000.0
274.40999999999343,513140.0,3190300.0
274.4199999999934,513480.0,3194600.0
274.4299999999934,513820.0000000001,3198900.0
274.4399999999934,514160.0,3203200.0
274.4499999999934,514500.0,3207500.0
274.4599999999934,514840.0000000001,3211800.0
274.4699999999934,515179.9999999999,3216100.0
274.47999999999337,515520.0,3220400.0
274.48999999999336,515860.0,3224700.0
274.49999999999335,516200.0000000001,3229000.0
274.50999999999334,516539.9999999999,3233300.0
274.51999999999333,516880.0,3237600.0
274.5299999999933,517220.0,3241900.0
274.5399999999933,517559.9999999999,3246200.0
274.5499999999933,517900.0,3250500.0
274.5599999999933,518240.0,3254800.0
274.5699999999933,518580.0000000001,3259100.0
274.5799999999933,518919.9999999999,3263400.0
274.58999999999327,519260.0,3267700.0
274.59999999999326,519600.0,3272000.0
274.60999999999325,519940.0000000001,3276300.0
274.61999999999324,520280.0,3280600.0
274.62999999999323,520620.0,3284900.0
274.6399999999932,520960.0000000001,3289200.0
274.6499999999932,521299.9999999999,3293500.0
274.6599999999932,521640.0,3297800.0
274.6699999999932,521980.0,3302100.0
274.6799999999932,522320.0000000001,3306400.0
274.6899999999932,522659.9999999999,3310700.0
274.69999999999317,523000.0,3315000.0
274.70999999999316,523340.0000000001,3319300.0
274.71999999999315,523679.9999999999,3323600.0
274.72999999999314,524020.0,3327900.0
274.73999999999313,524360.0,3332200.0
274.7499999999931,524700.0,3336500.0
274.7599999999931,525040.0,3340800.0
274.7699999999931,525380.0,3345100.0
274.7799999999931,525720.0,3349400.0
274.7899999999931,526060.0,3353700.0
274.7999999999931,526400.0,3358000.0
274.80999999999307,526740.0,3362300.0
274.81999999999306,527080.0,3366600.0
274.82999999999305,527420.0,3370900.0
274.83999999999304,527760.0,3375200.0
274.84999999999303,528100.0,3379500.0
274.859999999993,528440.0,3383800.0
274.869999999993,528780.0,3388100.0
274.879999999993,529120.0,3392400.0
274.889999999993,529460.0,3396700.0
274.899999999993,529800.0,3401000.0
274.909999999993,530140.0,3405300.0
274.91999999999297,530480.0,3409600.0
274.92999999999296,530820.0,3413900.0
274.93999999999295,531160.0,3418200.0
274.94999999999294,531500.0,3422500.0
274.95999999999293,531840.0,3426800.0
274.9699999999929,532180.0,3431100.0
274.9799999999929,532520.0,3435400.0
274.9899999999929,532860.0,3439700.0
274.9999999999929,533200.0,3444000.0
275.0099999999929,533540.0,3448300.0
275.0199999999929,533880.0,3452600.0
275.02999999999287,534220.0,3456900.0
275.03999999999286,534560.0,3461200.0
275.04999999999285,534900.0,3465500.0
275.05999999999284,535240.0,3469800.0
275.06999999999283,535580.0,3474100.0
275.0799999999928,535920.0,3478400.0
275.0899999999928,536260.0,3482700.0
275.0999999999928,536600.0,3487000.0
275.1099999999928,536940.0,3491300.0
275.1199999999928,537280.0,3495600.0
275.1299999999928,537620.0,3499900.0
275.13999999999277,537960.0,3504200.0
275.14999999999276,538300.0,3508500.0
275.15999999999275,538640.0,3512800.0
275.16999999999274,538980.0,3517100.0
275.17999999999273,539320.0,3521400.0
275.1899999999927,539660.0,3525700.0
275.1999999999927,540000.0,3530000.0
275.2099999999927,540360.0,3535500.0
275.2199999999927,540720.0,3541000.0
275.2299999999927,541080.0,3546500.0
275.2399999999927,541440.0,3552000.0
275.24999999999267,541800.0,3557500.0
275.25999999999266,542160.0,3563000.0
275.26999999999265,542520.0,3568500.0
275.27999999999264,542880.0,3574000.0
275.28999999999263,543240.0,3579500.0
275.2999999999926,543600.0,3585000.0
275.3099999999926,543960.0,3590500.0
275.3199999999926,544320.0,3596000.0
275.3299999999926,544680.0,3601500.0
275.3399999999926,545040.0,3607000.0
275.3499999999926,545400.0,3612500.0
275.35999999999257,545760.0,3618000.0
275.36999999999256,546120.0,3623500.0
275.37999999999255,546480.0,3629000.0
275.38999999999254,546840.0,3634500.0
275.39999999999253,547200.0,3640000.0
275.4099999999925,547560.0,3645500.0
275.4199999999925,547920.0,3651000.0
275.4299999999925,548280.0,3656500.0
275.4399999999925,548640.0,3662000.0
275.4499999999925,549000.0,3667500.0
275.4599999999925,549360.0,3673000.0
275.46999999999247,549720.0,3678500.0
275.47999999999246,550080.0,3684000.0
275.48999999999245,550440.0,3689500.0
275.49999999999244,550800.0,3695000.0
275.50999999999243,551160.0,3700500.0
275.5199999999924,551520.0,3706000.0
275.5299999999924,551880.0,3711500.0
275.5399999999924,552240.0,3717000.0
275.5499999999924,552600.0,3722500.0
275.5599999999924,552960.0,3728000.0
275.5699999999924,553320.0,3733500.0
275.57999999999237,553680.0,3739000.0
275.58999999999236,554040.0,3744500.0
275.59999999999235,554400.0,3750000.0
275.60999999999234,554760.0,3755500.0
275.61999999999233,555120.0,3761000.0
275.6299999999923,555480.0,3766500.0
275.6399999999923,555840.0,3772000.0
275.6499999999923,556200.0,3777500.0
275.6599999999923,556560.0,3783000.0
275.6699999999923,556920.0,3788500.0
275.6799999999923,557280.0,3794000.0
275.68999999999227,557640.0,3799500.0
275.69999999999226,558000.0,3805000.0
275.70999999999225,558360.0,3810500.0
275.71999999999224,558720.0,3816000.0
275.72999999999223,559080.0,3821500.0
275.7399999999922,559440.0,3827000.0
275.7499999999922,559800.0,3832500.0
275.7599999999922,560160.0,3838000.0
275.7699999999922,560520.0,3843500.0
275.7799999999922,560880.0,3849000.0
275.7899999999922,561240.0,3854500.0
275.79999999999217,561600.0,3860000.0
275.80999999999216,561960.0,3865500.0
275.81999999999215,562320.0,3871000.0
275.82999999999214,562680.0,3876500.0
275.83999999999213,563040.0,3882000.0
275.8499999999921,563400.0,3887500.0
275.8599999999921,563760.0,3893000.0
275.8699999999921,564120.0,3898500.0
275.8799999999921,564480.0,3904000.0
275.8899999999921,564840.0,3909500.0
275.8999999999921,565200.0,3915000.0
275.90999999999207,565560.0,3920500.0
275.91999999999206,565920.0,3926000.0
275.92999999999205,566280.0,3931500.0
275.93999999999204,566640.0,3937000.0
275.94999999999203,567000.0,3942500.0
275.959999999992,567360.0,3948000.0
275.969999999992,567720.0,3953500.0
275.979999999992,568080.0,3959000.0
275.989999999992,568440.0,3964500.0
275.999999999992,568800.0,3970000.0
276.009999999992,569160.0,3975500.0
276.01999999999197,569520.0,3981000.0
276.02999999999196,569880.0,3986500.0
276.03999999999195,570240.0,3992000.0
276.04999999999194,570600.0,3997500.0
276.05999999999193,570960.0,4003000.0
276.0699999999919,571320.0,4008500.0
276.0799999999919,571680.0,4014000.0
276.0899999999919,572040.0,4019500.0
276.0999999999919,572400.0,4025000.0
276.1099999999919,572760.0,4030500.0
276.1199999999919,573120.0,4036000.0
276.12999999999187,573480.0,4041500.0
276.13999999999186,573840.0,4047000.0
276.14999999999185,574200.0,4052500.0
276.15999999999184,574560.0,4058000.0
276.16999999999183,574920.0,4063500.0
276.1799999999918,575280.0,4069000.0
276.1899999999918,575640.0,4074500.0
276.1999999999918,576000.0,4080000.0
276.2099999999918,576420.0,4085600.0
276.2199999999918,576840.0,4091200.0
276.2299999999918,577260.0,4096800.0
276.23999999999177,577680.0,4102400.0
276.24999999999176,578100.0,4108000.0
276.25999999999175,578520.0,4113600.0
276.26999999999174,578940.0,4119200.0
276.27999999999173,579360.0,4124800.0
276.2899999999917,579780.0,4130400.0
276.2999999999917,580200.0,4136000.0
276.3099999999917,580620.0,4141600.0
276.3199999999917,581040.0,4147200.0
276.3299999999917,581460.0,4152800.0
276.3399999999917,581880.0,4158400.0
276.34999999999167,582300.0,4164000.0
276.35999999999166,582720.0,4169600.0
276.36999999999165,583140.0,4175200.0
276.37999999999164,583560.0,4180800.0
276.38999999999163,583980.0,4186400.0
276.3999999999916,584400.0,4192000.0
276.4099999999916,584820.0,4197600.0
276.4199999999916,585240.0,4203200.0
276.4299999999916,585660.0,4208800.0
276.4399999999916,586080.0,4214400.0
276.4499999999916,586500.0,4220000.0
276.45999999999157,586920.0,4225600.0
276.46999999999156,587340.0,4231200.0
276.47999999999155,587760.0,4236800.0
276.48999999999154,588180.0,4242400.0
276.49999999999153,588600.0,4248000.0
276.5099999999915,589020.0,4253600.0
276.5199999999915,589440.0,4259200.0
276.5299999999915,589860.0,4264800.0
276.5399999999915,590280.0,4270400.0
276.5499999999915,590700.0,4276000.0
276.5599999999915,591120.0,4281600.0
276.56999999999147,591540.0,4287200.0
276.57999999999146,591960.0,4292800.0
276.58999999999145,592380.0,4298400.0
276.59999999999144,592800.0,4304000.0
276.60999999999143,593220.0,4309600.0
276.6199999999914,593640.0,4315200.0
276.6299999999914,594060.0,4320800.0
276.6399999999914,594480.0,4326400.0
276.6499999999914,594900.0,4332000.0
276.6599999999914,595320.0,4337600.0
276.6699999999914,595740.0,4343200.0
276.67999999999137,596160.0,4348800.0
276.68999999999136,596580.0,4354400.0
276.69999999999135,597000.0,4360000.0
276.70999999999134,597420.0,4365600.0
276.71999999999133,597840.0,4371200.0
276.7299999999913,598260.0,4376800.0
276.7399999999913,598680.0,4382400.0
276.7499999999913,599100.0,4388000.0
276.7599999999913,599520.0,4393600.0
276.7699999999913,599940.0,4399200.0
276.7799999999913,600360.0,4404800.0
276.78999999999127,600780.0,4410400.0
276.79999999999126,601200.0,4416000.0
276.80999999999125,601620.0,4421600.0
276.81999999999124,602040.0,4427200.0
276.82999999999123,602460.0,4432800.0
276.8399999999912,602880.0,4438400.0
276.8499999999912,603300.0,4444000.0
276.8599999999912,603720.0,4449600.0
276.8699999999912,604140.0,4455200.0
276.8799999999912,604560.0,4460800.0
276.8899999999912,604980.0,4466400.0
276.89999999999117,605400.0,4472000.0
276.90999999999116,605820.0,4477600.0
276.91999999999115,606240.0,4483200.0
276.92999999999114,606660.0,4488800.0
276.93999999999113,607080.0,4494400.0
276.9499999999911,607500.0,4500000.0
276.9599999999911,607920.0,4505600.0
276.9699999999911,608340.0,4511200.0
276.9799999999911,608760.0,4516800.0
276.9899999999911,609180.0,4522400.0
276.9999999999911,609600.0,4528000.0
277.00999999999107,610020.0,4533600.0
277.01999999999106,610440.0,4539200.0
277.02999999999105,610860.0,4544800.0
277.03999999999104,611280.0,4550400.0
277.04999999999103,611700.0,4556000.0
277.059999999991,612120.0,4561600.0
277.069999999991,612540.0,4567200.0
277.079999999991,612960.0,4572800.0
277.089999999991,613380.0,4578400.0
277.099999999991,613800.0,4584000.0
277.109999999991,614220.0,4589600.0
277.11999999999097,614640.0,4595200.0
277.12999999999096,615060.0,4600800.0
277.13999999999095,615480.0,4606400.0
277.14999999999094,615900.0,4612000.0
277.15999999999093,616320.0,4617600.0
277.1699999999909,616740.0,4623200.0
277.1799999999909,617160.0,4628800.0
277.1899999999909,617580.0,4634400.0
277.1999999999909,618000.0,4640000.0
277.2099999999909,618440.0,4646100.0
277.2199999999909,618880.0,4652200.0
277.22999999999087,619320.0,4658300.0
277.23999999999086,619760.0,4664400.0
277.24999999999085,620200.0,4670500.0
277.25999999999084,620640.0,4676600.0
277.26999999999083,621080.0,4682700.0
277.2799999999908,621520.0,4688800.0
277.2899999999908,621960.0,4694900.0
277.2999999999908,622400.0,4701000.0
277.3099999999908,622840.0,4707100.0
277.3199999999908,623280.0,4713200.0
277.3299999999908,623720.0,4719300.0
277.33999999999077,624160.0,4725400.0
277.34999999999076,624600.0,4731500.0
277.35999999999075,625040.0,4737600.0
277.36999999999074,625480.0,4743700.0
277.37999999999073,625920.0,4749800.0
277.3899999999907,626360.0,4755900.0
277.3999999999907,626800.0,4762000.0
277.4099999999907,627240.0,4768100.0
277.4199999999907,627680.0,4774200.0
277.4299999999907,628120.0,4780300.0
277.4399999999907,628560.0,4786400.0
277.44999999999067,629000.0,4792500.0
277.45999999999066,629440.0,4798600.0
277.46999999999065,629880.0,4804700.0
277.47999999999064,630320.0,4810800.0
277.48999999999063,630760.0,4816900.0
277.4999999999906,631200.0,4823000.0
277.5099999999906,631640.0,4829100.0
277.5199999999906,632080.0,4835200.0
277.5299999999906,632520.0,4841300.0
277.5399999999906,632960.0,4847400.0
277.5499999999906,633400.0,4853500.0
277.55999999999057,633840.0,4859600.0
277.56999999999056,634280.0,4865700.0
277.57999999999055,634720.0,4871800.0
277.58999999999054,635160.0,4877900.0
277.59999999999053,635600.0,4884000.0
277.6099999999905,636040.0,4890100.0
277.6199999999905,636480.0,4896200.0
277.6299999999905,636920.0,4902300.0
277.6399999999905,637360.0,4908400.0
277.6499999999905,637800.0,4914500.0
277.6599999999905,638240.0,4920600.0
277.66999999999047,638680.0,4926700.0
277.67999999999046,639120.0,4932800.0
277.68999999999045,639560.0,4938900.0
277.69999999999044,640000.0,4945000.0
277.70999999999043,640440.0,4951100.0
277.7199999999904,640880.0,4957200.0
277.7299999999904,641320.0,4963300.0
277.7399999999904,641760.0,4969400.0
277.7499999999904,642200.0,4975500.0
277.7599999999904,642640.0,4981600.0
277.7699999999904,643080.0,4987700.0
277.77999999999037,643520.0,4993800.0
277.78999999999036,643960.0,4999900.0
277.79999999999035,644400.0,5006000.0
277.80999999999034,644840.0,5012100.0
277.81999999999033,645280.0,5018200.0
277.8299999999903,645720.0,5024300.0
277.8399999999903,646160.0,5030400.0
277.8499999999903,646600.0,5036500.0
277.8599999999903,647040.0,5042600.0
277.8699999999903,647480.0,5048700.0
277.8799999999903,647920.0,5054800.0
277.88999999999027,648360.0,5060900.0
277.89999999999026,648800.0,5067000.0
277.90999999999025,649240.0,5073100.0
277.91999999999024,649680.0,5079200.0
277.92999999999023,650120.0,5085300.0
277.9399999999902,650560.0,5091400.0
277.9499999999902,651000.0,5097500.0
277.9599999999902,651440.0,5103600.0
277.9699999999902,651880.0,5109700.0
277.9799999999902,652320.0,5115800.0
277.9899999999902,652760.0,5121900.0
277.99999999999017,653200.0,5128000.0
278.00999999999016,653640.0,5134100.0
278.01999999999015,654080.0,5140200.0
278.02999999999014,654520.0,5146300.0
278.03999999999013,654960.0,5152400.0
278.0499999999901,655400.0,5158500.0
278.0599999999901,655840.0,5164600.0
278.0699999999901,656280.0,5170700.0
278.0799999999901,656720.0,5176800.0
278.0899999999901,657160.0,5182900.0
278.0999999999901,657600.0,5189000.0
278.10999999999007,658040.0,5195100.0
278.11999999999006,658480.0,5201200.0
278.12999999999005,658920.0,5207300.0
278.13999999999004,659360.0,5213400.0
278.14999999999003,659800.0,5219500.0
278.15999999999,660240.0,5225600.0
278.16999999999,660680.0,5231700.0
278.17999999999,661120.0,5237800.0
278.18999999999,661560.0,5243900.0
278.19999999999,662000.0,5250000.0
278.20999999999,662480.0,5256700.0
278.21999999998997,662960.0,5263400.0
278.22999999998996,663440.0,5270100.0
278.23999999998995,663920.0,5276800.0
278.24999999998994,664400.0,5283500.0
278.25999999998993,664880.0,5290200.0
278.2699999999899,665360.0,5296900.0
278.2799999999899,665840.0,5303600.0
278.2899999999899,666320.0,5310300.0
278.2999999999899,666800.0,5317000.0
278.3099999999899,667280.0,5323700.0
278.3199999999899,667760.0,5330400.0
278.32999999998987,668240.0,5337100.0
278.33999999998986,668720.0,5343800.0
278.34999999998985,669200.0,5350500.0
278.35999999998984,669680.0,5357200.0
278.36999999998983,670160.0,5363900.0
278.3799999999898,670640.0,5370600.0
278.3899999999898,671120.0,5377300.0
278.3999999999898,671600.0,5384000.0
278.4099999999898,672080.0,5390700.0
278.4199999999898,672560.0,5397400.0
278.4299999999898,673040.0,5404100.0
278.43999999998977,673520.0,5410800.0
278.44999999998976,674000.0,5417500.0
278.45999999998975,674480.0,5424200.0
278.46999999998974,674960.0,5430900.0
278.47999999998973,675440.0,5437600.0
278.4899999999897,675920.0,5444300.0
278.4999999999897,674400.0,5451000.0
278.5099999999897,676880.0,5457700.0
278.5199999999897,677360.0,5464400.0
278.5299999999897,677840.0,5471100.0
278.5399999999897,678320.0,5477800.0
278.54999999998967,678800.0,5484500.0
278.55999999998966,679280.0,5491200.0
278.56999999998965,679760.0,5497900.0
278.57999999998964,680240.0,5504600.0
278.58999999998963,680720.0,5511300.0
278.5999999999896,681200.0,5518000.0
278.6099999999896,681680.0,5524700.0
278.6199999999896,682160.0,5531400.0
278.6299999999896,682640.0,5538100.0
278.6399999999896,683120.0,5544800.0
278.6499999999896,683600.0,5551500.0
278.65999999998957,684080.0,5558200.0
278.66999999998956,684560.0,5564900.0
278.67999999998955,685040.0,5571600.0
278.68999999998954,685520.0,5578300.0
278.69999999998953,686000.0,5585000.0
278.7099999999895,686480.0,5591700.0
278.7199999999895,686960.0,5598400.0
278.7299999999895,687440.0,5605100.0
278.7399999999895,687920.0,5611800.0
278.7499999999895,688400.0,5618500.0
278.7599999999895,688880.0,5625200.0
278.76999999998947,689360.0,5631900.0
278.77999999998946,689840.0,5638600.0
278.78999999998945,690320.0,5645300.0
278.79999999998944,690800.0,5652000.0
278.80999999998943,691280.0,5658700.0
278.8199999999894,691760.0,5665400.0
278.8299999999894,692240.0,5672100.0
278.8399999999894,692720.0,5678800.0
278.8499999999894,693200.0,5685500.0
278.8599999999894,693680.0,5692200.0
278.8699999999894,694160.0,5698900.0
278.87999999998937,694640.0,5705600.0
278.88999999998936,695120.0,5712300.0
278.89999999998935,695600.0,5719000.0
278.90999999998934,696080.0,5725700.0
278.91999999998933,696560.0,5732400.0
278.9299999999893,697040.0,5739100.0
278.9399999999893,697520.0,5745900.0
278.9499999999893,698000.0,5752500.0
278.9599999999893,698480.0,5759200.0
278.9699999999893,698960.0,5765900.0
278.9799999999893,699440.0,5772600.0
278.98999999998927,699920.0,5779300.0
278.99999999998926,700400.0,5786000.0
279.00999999998925,700880.0,5792700.0
279.01999999998924,701360.0,5799400.0
279.02999999998923,701840.0,5806100.0
279.0399999999892,702320.0,5812800.0
279.0499999999892,702800.0,5819500.0
279.0599999999892,703280.0,5826200.0
279.0699999999892,703760.0,5832900.0
279.0799999999892,704240.0,5839600.0
279.0899999999892,704720.0,5846300.0
279.09999999998917,705200.0,5853000.0
279.10999999998916,705680.0,5859700.0
279.11999999998915,706160.0,5866400.0
279.12999999998914,706600.0,5873100.0
279.13999999998913,707120.0,5879800.0
279.1499999999891,707600.0,5886500.0
279.1599999999891,708080.0,5893200.0
279.1699999999891,708560.0,5899900.0
279.1799999999891,709040.0,5906600.0
279.1899999999891,709520.0,5913300.0
279.1999999999891,710000.0,5920000.0
279.20999999998907,710500.0,5926300.0
279.21999999998906,711000.0,5932600.0
279.22999999998905,711500.0,5938900.0
279.23999999998904,712000.0,5945200.0
279.24999999998903,712500.0,5951500.0
279.259999999989,713000.0,5957800.0
279.269999999989,713500.0,5964100.0
279.279999999989,714000.0,5970400.0
279.289999999989,714500.0,5976700.0
279.299999999989,715000.0,5983000.0
279.309999999989,715500.0,5989300.0
279.31999999998897,716000.0,5995600.0
279.32999999998896,716500.0,6001900.0
279.33999999998895,717000.0,6008200.0
279.34999999998894,717500.0,6014500.0
279.35999999998893,718000.0,6020800.0
279.3699999999889,718500.0,6027100.0
279.3799999999889,719000.0,6033400.0
279.3899999999889,719500.0,6039700.0
279.3999999999889,720000.0,6046000.0
279.4099999999889,720500.0,6052300.0
279.4199999999889,721000.0,6058600.0
279.42999999998887,721500.0,6064900.0
279.43999999998886,722000.0,6071200.0
279.44999999998885,722500.0,6077500.0
279.45999999998884,723000.0,6083800.0
279.46999999998883,723500.0,6090100.0
279.4799999999888,724000.0,6096400.0
279.4899999999888,724500.0,6102700.0
279.4999999999888,725000.0,6109000.0
279.5099999999888,725500.0,6115300.0
279.5199999999888,726000.0,6121600.0
279.5299999999888,726500.0,6127900.0
279.53999999998877,727000.0,6134200.0
279.54999999998876,727500.0,6140500.0
279.55999999998875,728000.0,6146800.0
279.56999999998874,728500.0,6153100.0
279.57999999998873,729000.0,6159400.0
279.5899999999887,729500.0,6165700.0
279.5999999999887,730000.0,6172000.0
279.6099999999887,730500.0,6178300.0
279.6199999999887,731000.0,6184600.0
279.6299999999887,731500.0,6190900.0
279.6399999999887,732000.0,6197200.0
279.64999999998867,732500.0,6203500.0
279.65999999998866,733000.0,6209800.0
279.66999999998865,733500.0,6216100.0
279.67999999998864,734000.0,6222400.0
279.68999999998863,734500.0,6228700.0
279.6999999999886,735000.0,6235000.0
279.7099999999886,735500.0,6241300.0
279.7199999999886,736000.0,6247600.0
279.7299999999886,736500.0,6253900.0
279.7399999999886,737000.0,6260200.0
279.7499999999886,737500.0,6266500.0
279.75999999998857,738000.0,6272800.0
279.76999999998856,738500.0,6279100.0
279.77999999998855,739000.0,6285400.0
279.78999999998854,739500.0,6291700.0
279.79999999998853,740000.0,6298000.0
279.8099999999885,740500.0,6304300.0
279.8199999999885,741000.0,6310600.0
279.8299999999885,741500.0,6316900.0
279.8399999999885,742000.0,6323200.0
279.8499999999885,742500.0,6329500.0
279.8599999999885,743000.0,6335800.0
279.86999999998847,743500.0,6342100.0
279.87999999998846,744000.0,6348400.0
279.88999999998845,744500.0,6354700.0
279.89999999998844,745000.0,6361000.0
279.90999999998843,745500.0,6367300.0
279.9199999999884,746000.0,6373600.0
279.9299999999884,746500.0,6379900.0
279.9399999999884,747000.0,6386200.0
279.9499999999884,747500.0,6392500.0
279.9599999999884,748000.0,6398800.0
279.9699999999884,748500.0,6405100.0
279.97999999998837,749000.0,6411400.0
279.98999999998836,749500.0,6417700.0
279.99999999998835,750000.0,6424000.0
280.00999999998834,750500.0,6430300.0
280.01999999998833,751000.0,6436600.0
280.0299999999883,751500.0,6442900.0
280.0399999999883,752000.0,6449200.0
280.0499999999883,752500.0,6455500.0
280.0599999999883,753000.0,6461800.0
280.0699999999883,753500.0,6468100.0
280.0799999999883,754000.0,6474400.0
280.08999999998827,754500.0,6480700.0
280.09999999998826,755000.0,6487000.0
280.10999999998825,755500.0,6493300.0
280.11999999998824,756000.0,6499600.0
280.12999999998823,756500.0,6505900.0
280.1399999999882,757000.0,6512200.0
280.1499999999882,757500.0,6518500.0
280.1599999999882,758000.0,6524800.0
280.1699999999882,758500.0,6531100.0
280.1799999999882,759000.0,6537400.0
280.1899999999882,759500.0,6543700.0
280.19999999998817,760000.0,6550000.0
280.20999999998816,760510.0,6557800.0
280.21999999998815,761020.0,6565600.0
280.22999999998814,761530.0,6573400.0
280.23999999998813,762040.0,6581200.0
280.2499999999881,762550.0,6589000.0
280.2599999999881,763060.0,6596800.0
280.2699999999881,763570.0,6604600.0
280.2799999999881,764800.0,6612400.0
280.2899999999881,764590.0,6620200.0
280.2999999999881,765100.0,6628000.0
280.30999999998807,765610.0,6635800.0
280.31999999998806,766120.0,6643600.0
280.32999999998805,766630.0,6651400.0
280.33999999998804,767140.0,6659200.0
280.34999999998803,767650.0,6667000.0
280.359999999988,768160.0,6674800.0
280.369999999988,768670.0,6682600.0
280.379999999988,769180.0,6690400.0
280.389999999988,769690.0,6698200.0
280.399999999988,770200.0,6706000.0
280.409999999988,770710.0,6713800.0
280.41999999998797,771220.0,6721600.0
280.42999999998796,771730.0,6729400.0
280.43999999998795,772240.0,6737200.0
280.44999999998794,772750.0,6745000.0
280.45999999998793,773260.0,6752800.0
280.4699999999879,773770.0,6760600.0
280.4799999999879,774280.0,6768400.0
280.4899999999879,774790.0,6776200.0
280.4999999999879,775300.0,6784000.0
280.5099999999879,775810.0,6791800.0
280.5199999999879,776320.0,6799600.0
280.52999999998787,776830.0,6807400.0
280.53999999998786,777340.0,6815200.0
280.54999999998785,777850.0,6823000.0
280.55999999998784,778360.0,6830800.0
280.56999999998783,778870.0,6838600.0
280.5799999999878,779380.0,6846400.0
280.5899999999878,779890.0,6854200.0
280.5999999999878,780400.0,6862000.0
280.6099999999878,780910.0,6869800.0
280.6199999999878,781420.0,6877600.0
280.6299999999878,781930.0,6885400.0
280.63999999998777,782440.0,6893200.0
280.64999999998776,782950.0,6901000.0
280.65999999998775,783460.0,6908800.0
280.66999999998774,783970.0,6916600.0
280.67999999998773,784480.0,6924400.0
280.6899999999877,784990.0,6932200.0
280.6999999999877,785500.0,6940000.0
280.7099999999877,786010.0,6947800.0
280.7199999999877,786520.0,6955600.0
280.7299999999877,787030.0,6963400.0
280.7399999999877,787540.0,6971200.0
280.74999999998766,788050.0,6979000.0
280.75999999998766,788560.0,6986800.0
280.76999999998765,789070.0,6994600.0
280.77999999998764,789580.0,7002400.0
280.78999999998763,790090.0,7010200.0
280.7999999999876,790600.0,7018000.0
280.8099999999876,791110.0,7025800.0
280.8199999999876,791620.0,7033600.0
280.8299999999876,792130.0,7041400.0
280.8399999999876,792640.0,7049200.0
280.8499999999876,793150.0,7057000.0
280.85999999998756,793660.0,7064800.0
280.86999999998756,794170.0,7072600.0
280.87999999998755,794680.0,7080400.0
280.88999999998754,795190.0,7088200.0
280.89999999998753,795700.0,7096000.0
280.9099999999875,796210.0,7103800.0
280.9199999999875,796720.0,7111600.0
280.9299999999875,797230.0,7119400.0
280.9399999999875,797740.0,7127200.0
280.9499999999875,798250.0,7135000.0
280.9599999999875,798760.0,7142800.0
280.96999999998746,799270.0,7150600.0
280.97999999998746,799780.0,7158400.0
280.98999999998745,800290.0,7166200.0
280.99999999998744,800800.0,7174000.0
281.00999999998743,801310.0,7181800.0
281.0199999999874,801820.0,7189600.0
281.0299999999874,802330.0,7197400.0
281.0399999999874,802840.0,7205200.0
281.0499999999874,803350.0,7213000.0
281.0599999999874,803860.0,7220800.0
281.0699999999874,804370.0,7228600.0
281.07999999998736,804880.0,7236400.0
281.08999999998736,805390.0,7244200.0
281.09999999998735,805900.0,7252000.0
281.10999999998734,806410.0,7259800.0
281.11999999998733,806920.0,7267600.0
281.1299999999873,807430.0,7275400.0
281.1399999999873,807940.0,7283200.0
281.1499999999873,808450.0,7291000.0
281.1599999999873,808960.0,7298800.0
281.1699999999873,809470.0,7306600.0
281.1799999999873,809980.0,7314400.0
281.18999999998726,810490.0,7322200.0
281.19999999998726,811000.0,7330000.0
281.20999999998725,811620.0,7338300.0
281.21999999998724,812240.0,7346600.0
281.2299999999872,812860.0,7354900.0
281.2399999999872,813480.0,7363200.0
281.2499999999872,814100.0,7371500.0
281.2599999999872,814720.0,7379800.0
281.2699999999872,815340.0,7388100.0
281.2799999999872,815960.0,7396400.0
281.2899999999872,816580.0,7404700.0
281.29999999998716,817200.0,7413000.0
281.30999999998716,817820.0,7421300.0
281.31999999998715,818440.0,7429600.0
281.32999999998714,819060.0,7437900.0
281.3399999999871,819680.0,7446200.0
281.3499999999871,820300.0,7454500.0
281.3599999999871,820920.0,7462800.0
281.3699999999871,821540.0,7471100.0
281.3799999999871,822160.0,7479400.0
281.3899999999871,822780.0,7487700.0
281.3999999999871,823400.0,7496000.0
281.40999999998706,824020.0,7504300.0
281.41999999998706,824640.0,7512600.0
281.42999999998705,825260.0,7520900.0
281.43999999998704,825880.0,7529200.0
281.449999999987,826500.0,7537500.0
281.459999999987,827120.0,7545800.0
281.469999999987,827740.0,7554100.0
281.479999999987,828360.0,7562400.0
281.489999999987,828980.0,7570700.0
281.499999999987,829600.0,7579000.0
281.509999999987,830220.0,7587300.0
281.51999999998696,830840.0,7595600.0
281.52999999998696,831460.0,7603900.0
281.53999999998695,832080.0,7612200.0
281.54999999998694,832700.0,7620500.0
281.5599999999869,833320.0,7628800.0
281.5699999999869,833940.0,7637100.0
281.5799999999869,834560.0,7645400.0
281.5899999999869,835180.0,7653700.0
281.5999999999869,835800.0,7662000.0
281.6099999999869,836420.0,7670300.0
281.6199999999869,837040.0,7678600.0
281.62999999998686,837660.0,7686900.0
281.63999999998686,838280.0,7695200.0
281.64999999998685,838900.0,7703500.0
281.65999999998684,839520.0,7711800.0
281.6699999999868,840140.0,7720100.0
281.6799999999868,840760.0,7728400.0
281.6899999999868,841380.0,7736700.0
281.6999999999868,842000.0,7745000.0
281.7099999999868,842620.0,7753300.0
281.7199999999868,843240.0,7761600.0
281.7299999999868,843860.0,7769900.0
281.73999999998676,844480.0,7778200.0
281.74999999998676,845100.0,7786500.0
281.75999999998675,845720.0,7794800.0
281.76999999998674,846340.0,7803100.0
281.7799999999867,846960.0,7811400.0
281.7899999999867,847580.0,7819700.0
281.7999999999867,848200.0,7828000.0
281.8099999999867,848820.0,7836300.0
281.8199999999867,849440.0,7844600.0
281.8299999999867,850060.0,7852900.0
281.8399999999867,850680.0,7861200.0
281.84999999998666,851300.0,7869500.0
281.85999999998666,851920.0,7877800.0
281.86999999998665,852540.0,7886100.0
281.87999999998664,853160.0,7894400.0
281.8899999999866,853780.0,7902700.0
281.8999999999866,854400.0,7911000.0
281.9099999999866,855020.0,7919300.0
281.9199999999866,855640.0,7927600.0
281.9299999999866,856260.0,7935900.0
281.9399999999866,856880.0,7944200.0
281.9499999999866,857500.0,7952500.0
281.95999999998656,858120.0,7960800.0
281.96999999998656,858740.0,7969100.0
281.97999999998655,859360.0,7977400.0
281.98999999998654,859800.0,7985700.0
281.9999999999865,860600.0,7994000.0
282.0099999999865,861220.0,8002300.0
282.0199999999865,861840.0,8010600.0
282.0299999999865,862460.0,8018900.0
282.0399999999865,863080.0,8027200.0
282.0499999999865,863700.0,8035500.0
282.0599999999865,864320.0,8043800.0
282.06999999998646,864940.0,8052100.0
282.07999999998646,865560.0,8060400.0
282.08999999998645,866180.0,8068700.0
282.09999999998644,866800.0,8077000.0
282.1099999999864,867420.0,8085300.0
282.1199999999864,868040.0,8093600.0
282.1299999999864,868660.0,8101900.0
282.1399999999864,869280.0,8110200.0
282.1499999999864,869900.0,8118500.0
282.1599999999864,870520.0,8126800.0
282.1699999999864,871140.0,8135100.0
282.17999999998636,871760.0,8143400.0
282.18999999998636,872380.0,8151700.0
282.19999999998635,873000.0,8160000.0
282.20999999998634,873570.0,8168400.0
282.2199999999863,874140.0,8176800.0
282.2299999999863,874710.0,8185200.0
282.2399999999863,875280.0,8193600.0
282.2499999999863,875850.0,8202000.0
282.2599999999863,876420.0,8210400.0
282.2699999999863,876990.0,8218800.0
282.2799999999863,877560.0,8227200.0
282.28999999998626,878130.0,8235600.0
282.29999999998626,878700.0,8244000.0
282.30999999998625,879270.0,8252400.0
282.31999999998624,879840.0,8260800.0
282.3299999999862,880410.0,8269200.0
282.3399999999862,880980.0,8277600.0
282.3499999999862,881550.0,8286000.0
282.3599999999862,882120.0,8294400.0
282.3699999999862,882690.0,8302800.0
282.3799999999862,883260.0,8311200.0
282.3899999999862,883830.0,8319600.0
282.39999999998616,884400.0,8328000.0
282.40999999998616,884970.0,8336400.0
282.41999999998615,885540.0,8344800.0
282.42999999998614,886110.0,8353200.0
282.4399999999861,886680.0,8361600.0
282.4499999999861,887250.0,8370000.0
282.4599999999861,887820.0,8378400.0
282.4699999999861,888390.0,8386800.0
282.4799999999861,888960.0,8395200.0
282.4899999999861,889530.0,8403600.0
282.4999999999861,890100.0,8412000.0
282.50999999998606,890670.0,8420400.0
282.51999999998606,891240.0,8428800.0
282.52999999998605,891810.0,8437200.0
282.53999999998604,892380.0,8445600.0
282.549999999986,892950.0,8454000.0
282.559999999986,893520.0,8462400.0
282.569999999986,894090.0,8470800.0
282.579999999986,894660.0,8479200.0
282.589999999986,895230.0,8487600.0
282.599999999986,895800.0,8496000.0
282.609999999986,896370.0,8504400.0
282.61999999998596,896940.0,8512800.0
282.62999999998596,897510.0,8521200.0
282.63999999998595,898080.0,8529600.0
282.64999999998594,898650.0,8538000.0
282.6599999999859,899220.0,8546400.0
282.6699999999859,899790.0,8554800.0
282.6799999999859,900360.0,8563200.0
282.6899999999859,900930.0,8571600.0
282.6999999999859,901500.0,8580000.0
282.7099999999859,902070.0,8588400.0
282.7199999999859,902640.0,8596800.0
282.72999999998586,903210.0,8605200.0
282.73999999998586,903780.0,8613600.0
282.74999999998585,904350.0,8622000.0
282.75999999998584,904920.0,8630400.0
282.7699999999858,905490.0,8638800.0
282.7799999999858,906060.0,8647200.0
282.7899999999858,906630.0,8655600.0
282.7999999999858,907200.0,8664000.0
282.8099999999858,907770.0,8672400.0
282.8199999999858,908340.0,8680800.0
282.8299999999858,908910.0,8689200.0
282.83999999998576,909480.0,8697600.0
282.84999999998576,910050.0,8706000.0
282.85999999998575,910620.0,8714400.0
282.86999999998574,911190.0,8722800.0
282.8799999999857,911760.0,8731200.0
282.8899999999857,912330.0,8739600.0
282.8999999999857,912900.0,8748000.0
282.9099999999857,913470.0,8756400.0
282.9199999999857,914040.0,8764800.0
282.9299999999857,914610.0,8773200.0
282.9399999999857,915180.0,8781600.0
282.94999999998566,915750.0,8790000.0
282.95999999998565,916320.0,8798400.0
282.96999999998565,916890.0,8806800.0
282.97999999998564,917460.0,8815200.0
282.9899999999856,918030.0,8823600.0
282.9999999999856,918600.0,8832000.0
283.0099999999856,919170.0,8840400.0
283.0199999999856,919740.0,8848800.0
283.0299999999856,920310.0,8857200.0
283.0399999999856,920880.0,8865600.0
283.0499999999856,921450.0,8874000.0
283.05999999998556,922020.0,8882400.0
283.06999999998555,922590.0,8890800.0
283.07999999998555,923160.0,8899200.0
283.08999999998554,923730.0,8907600.0
283.0999999999855,924300.0,8916000.0
283.1099999999855,924870.0,8924400.0
283.1199999999855,925440.0,8932800.0
283.1299999999855,926010.0,8941200.0
283.1399999999855,926580.0,8949600.0
283.1499999999855,927150.0,8958000.0
283.1599999999855,927720.0,8966400.0
283.16999999998546,928290.0,8974800.0
283.17999999998545,928860.0,8983200.0
283.18999999998545,929430.0,8991600.0
283.19999999998544,930000.0,9000000.0
283.2099999999854,930600.0,9008800.0
283.2199999999854,931200.0,9017600.0
283.2299999999854,931800.0,9026400.0
283.2399999999854,932400.0,9035200.0
283.2499999999854,933000.0,9044000.0
283.2599999999854,933600.0,9052800.0
283.2699999999854,934200.0,9061600.0
283.27999999998536,934800.0,9070400.0
283.28999999998535,935400.0,9079200.0
283.29999999998535,936000.0,9088000.0
283.30999999998534,936600.0,9096800.0
283.3199999999853,937200.0,9105600.0
283.3299999999853,937800.0,9114400.0
283.3399999999853,938400.0,9123200.0
283.3499999999853,939000.0,9132000.0
283.3599999999853,939600.0,9140800.0
283.3699999999853,940200.0,9149600.0
283.3799999999853,940800.0,9158400.0
283.38999999998526,941400.0,9167200.0
283.39999999998525,942000.0,9176000.0
283.40999999998525,942600.0,9184800.0
283.41999999998524,943200.0,9193600.0
283.4299999999852,943800.0,9202400.0
283.4399999999852,944400.0,9211200.0
283.4499999999852,945000.0,9220000.0
283.4599999999852,945600.0,9228800.0
283.4699999999852,946200.0,9237600.0
283.4799999999852,946800.0,9246400.0
283.4899999999852,947400.0,9255200.0
283.49999999998516,948000.0,9264000.0
283.50999999998515,948600.0,9272800.0
283.51999999998515,949200.0,9281600.0
283.52999999998514,949800.0,9290400.0
283.5399999999851,950400.0,9299200.0
283.5499999999851,951000.0,9308000.0
283.5599999999851,951600.0,9316800.0
283.5699999999851,952200.0,9325600.0
283.5799999999851,952800.0,9334400.0
283.5899999999851,953400.0,9343200.0
283.5999999999851,954000.0,9352000.0
283.60999999998506,954600.0,9360800.0
283.61999999998505,955200.0,9369600.0
283.62999999998505,955800.0,9378400.0
283.63999999998504,956400.0,9387200.0
283.649999999985,957000.0,9396000.0
283.659999999985,957600.0,9404800.0
283.669999999985,958200.0,9413600.0
283.679999999985,958800.0,9422400.0
283.689999999985,959400.0,9431200.0
283.699999999985,960000.0,9440000.0
283.709999999985,960600.0,9448800.0
283.71999999998496,961200.0,9457600.0
283.72999999998495,961800.0,9466400.0
283.73999999998495,962400.0,9475200.0
283.74999999998494,963000.0,9484000.0
283.7599999999849,963600.0,9492800.0
283.7699999999849,964200.0,9501600.0
283.7799999999849,964800.0,9510400.0
283.7899999999849,965400.0,9519200.0
283.7999999999849,966000.0,9528000.0
283.8099999999849,966600.0,9536800.0
283.8199999999849,967200.0,9545600.0
283.82999999998486,967800.0,9554400.0
283.83999999998485,968400.0,9563200.0
283.84999999998485,969000.0,9572000.0
283.85999999998484,969600.0,9580800.0
283.8699999999848,970200.0,9589600.0
283.8799999999848,970800.0,9598400.0
283.8899999999848,971400.0,9607200.0
283.8999999999848,972000.0,9616000.0
283.9099999999848,972600.0,9624800.0
283.9199999999848,973200.0,9633600.0
283.9299999999848,973800.0,9642400.0
283.93999999998476,974400.0,9651200.0
283.94999999998475,975000.0,9660000.0
283.95999999998475,975600.0,9668800.0
283.96999999998474,976200.0,9677600.0
283.9799999999847,976800.0,9686400.0
283.9899999999847,977400.0,9695200.0
283.9999999999847,978000.0,9704000.0
284.0099999999847,978600.0,9712800.0
284.0199999999847,979200.0,9721600.0
284.0299999999847,979800.0,9730400.0
284.0399999999847,980400.0,9739200.0
284.04999999998466,981000.0,9748000.0
284.05999999998465,981600.0,9756800.0
284.06999999998465,982200.0,9765600.0
284.07999999998464,982800.0,9774400.0
284.0899999999846,983400.0,9783200.0
284.0999999999846,984000.0,9792000.0
284.1099999999846,984600.0,9800800.0
284.1199999999846,985200.0,9809600.0
284.1299999999846,985800.0,9818400.0
284.1399999999846,986400.0,9827200.0
284.1499999999846,987000.0,9836000.0
284.15999999998456,987600.0,9844800.0
284.16999999998455,988200.0,9853600.0
284.17999999998455,988800.0,9862400.0
284.18999999998454,989400.0,9871200.0
284.1999999999845,990000.0,9880000.0
284.2099999999845,990560.0,9889700.0
284.2199999999845,991120.0,9899400.0
284.2299999999845,991680.0,9909100.0
284.2399999999845,992240.0,9918800.0
284.2499999999845,992800.0,9928500.0
284.2599999999845,993360.0,9938200.0
284.26999999998446,993920.0,9947900.0
284.27999999998445,994480.0,9957600.0
284.28999999998445,995040.0,9967300.0
284.29999999998444,995600.0,9977000.0
284.3099999999844,996160.0,9986700.0
284.3199999999844,996720.0,9996400.0
284.3299999999844,997280.0,10006100.0
284.3399999999844,997840.0,10015800.0
284.3499999999844,998400.0,10025500.0
284.3599999999844,998960.0,10035200.0
284.3699999999844,999520.0,10044900.0
284.37999999998436,1000080.0,10054600.0
284.38999999998435,1000640.0,10064300.0
284.39999999998435,1001200.0,10074000.0
284.40999999998434,1001760.0,10083700.0
284.4199999999843,1002320.0,10093400.0
284.4299999999843,1002880.0,10103100.0
284.4399999999843,1003440.0,10112800.0
284.4499999999843,1004000.0,10122500.0
284.4599999999843,1004560.0,10132200.0
284.4699999999843,1005120.0,10141900.0
284.4799999999843,1005680.0,10151600.0
284.48999999998426,1006240.0,10161300.0
284.49999999998425,1006800.0,10171000.0
284.50999999998425,1007360.0,10180700.0
284.51999999998424,1007920.0,10190400.0
284.5299999999842,1008480.0,10200100.0
284.5399999999842,1009040.0,10209800.0
284.5499999999842,1009600.0,10219500.0
284.5599999999842,1010160.0,10229200.0
284.5699999999842,1010720.0,10238900.0
284.5799999999842,1011280.0,10248600.0
284.5899999999842,1011840.0,10258300.0
284.59999999998416,1012400.0,10268000.0
284.60999999998415,1012960.0,10277700.0
284.61999999998415,1013520.0,10287400.0
284.62999999998414,1014080.0,10297100.0
284.6399999999841,1014640.0,10306800.0
284.6499999999841,1015200.0,10316500.0
284.6599999999841,1015760.0,10326200.0
284.6699999999841,1016320.0,10335900.0
284.6799999999841,1016880.0,10345600.0
284.6899999999841,1017440.0,10355300.0
284.6999999999841,1018000.0,10365000.0
284.70999999998406,1018560.0,10374700.0
284.71999999998405,1019120.0,10384400.0
284.72999999998405,1019680.0,10394100.0
284.73999999998404,1020240.0,10403800.0
284.749999999984,1020800.0,10413500.0
284.759999999984,1021360.0,10423200.0
284.769999999984,1021920.0,10432900.0
284.779999999984,1022480.0,10442600.0
284.789999999984,1023040.0,10452300.0
284.799999999984,1023600.0,10462000.0
284.809999999984,1024160.0000000002,10471700.0
284.81999999998396,1024720.0,10481400.0
284.82999999998395,1025280.0,10491100.0
284.83999999998395,1025839.9999999998,10500800.0
284.84999999998394,1026400.0000000002,10510500.0
284.8599999999839,1026960.0,10520200.0
284.8699999999839,1027520.0,10529900.0
284.8799999999839,1028079.9999999998,10539600.0
284.8899999999839,1028640.0000000002,10549300.0
284.8999999999839,1029200.0,10559000.0
284.9099999999839,1029760.0,10568700.0
284.9199999999839,1030319.9999999998,10578400.0
284.92999999998386,1030880.0000000002,10588100.0
284.93999999998385,1031440.0,10597800.0
284.94999999998385,1032000.0,10607500.0
284.95999999998384,1032560.0,10617200.0
284.9699999999838,1033119.9999999998,10626900.0
284.9799999999838,1033680.0000000002,10636600.0
284.9899999999838,1034240.0,10646300.0
284.9999999999838,1034800.0,10656000.0
285.0099999999838,1035359.9999999998,10665700.0
285.0199999999838,1035920.0000000002,10675400.0
285.0299999999838,1036480.0,10685100.0
285.03999999998376,1037040.0,10694800.0
285.04999999998375,1037599.9999999998,10704500.0
285.05999999998375,1038160.0000000002,10714200.0
285.06999999998374,1038720.0,10723900.0
285.0799999999837,1039280.0,10733600.0
285.0899999999837,1039839.9999999998,10743300.0
285.0999999999837,1040400.0000000002,10753000.0
285.1099999999837,1040960.0,10762700.0
285.1199999999837,1041520.0,10772400.0
285.1299999999837,1042079.9999999998,10782100.0
285.1399999999837,1042640.0000000002,10791800.0
285.14999999998366,1043200.0,10801500.0
285.15999999998365,1043760.0,10811200.0
285.16999999998365,1044319.9999999998,10820900.0
285.17999999998364,1044880.0000000002,10830600.0
285.1899999999836,1045440.0,10840300.0
285.1999999999836,1046000.0,10850000.0
285.2099999999836,1046589.9999999998,10859300.0
285.2199999999836,1047180.0000000002,10868600.0
285.2299999999836,1047770.0,10877900.0
285.2399999999836,1048359.9999999998,10887200.0
285.2499999999836,1048950.0,10896500.0
285.25999999998356,1049540.0,10905800.0
285.26999999998355,1050130.0,10915100.0
285.27999999998354,1050720.0,10924400.0
285.28999999998354,1051310.0,10933700.0
285.2999999999835,1051900.0,10943000.0
285.3099999999835,1052490.0,10952300.0
285.3199999999835,1053080.0,10961600.0
285.3299999999835,1053670.0,10970900.0
285.3399999999835,1054260.0,10980200.0
285.3499999999835,1054850.0,10989500.0
285.3599999999835,1055440.0,10998800.0
285.36999999998346,1056030.0,11008100.0
285.37999999998345,1056620.0,11017400.0
285.38999999998344,1057210.0,11026700.0
285.39999999998344,1057800.0,11036000.0
285.4099999999834,1058390.0,11045300.0
285.4199999999834,1058900.0,11054600.0
285.4299999999834,1059570.0,11063900.0
285.4399999999834,1060160.0,11073200.0
285.4499999999834,1060750.0,11082500.0
285.4599999999834,1061340.0,11091800.0
285.4699999999834,1061930.0,11101100.0
285.47999999998336,1062520.0,11110400.0
285.48999999998335,1063110.0,11119700.0
285.49999999998334,1063700.0,11129000.0
285.50999999998334,1064290.0,11138300.0
285.5199999999833,1064880.0,11147600.0
285.5299999999833,1065470.0,11156900.0
285.5399999999833,1066060.0,11166200.0
285.5499999999833,1066650.0,11175500.0
285.5599999999833,1067240.0,11184800.0
285.5699999999833,1067830.0,11194100.0
285.5799999999833,1068420.0,11203400.0
285.58999999998326,1069010.0,11212700.0
285.59999999998325,1069600.0,11222000.0
285.60999999998324,1070190.0,11231300.0
285.61999999998324,1070780.0,11240600.0
285.6299999999832,1071370.0,11249900.0
285.6399999999832,1071960.0,11259200.0
285.6499999999832,1072550.0,11268500.0
285.6599999999832,1073140.0,11277800.0
285.6699999999832,1073730.0,11287100.0
285.6799999999832,1074320.0,11296400.0
285.6899999999832,1074910.0,11305700.0
285.69999999998316,1075500.0,11315000.0
285.70999999998315,1076090.0,11324300.0
285.71999999998314,1076680.0,11333600.0
285.72999999998314,1077270.0,11342900.0
285.7399999999831,1077860.0,11352200.0
285.7499999999831,1078450.0,11361500.0
285.7599999999831,1079040.0,11370800.0
285.7699999999831,1079630.0,11380100.0
285.7799999999831,1080220.0,11389400.0
285.7899999999831,1080810.0,11398700.0
285.7999999999831,1081400.0,11408000.0
285.80999999998306,1081990.0,11417300.0
285.81999999998305,1082580.0,11426600.0
285.82999999998304,1083170.0,11435900.0
285.83999999998304,1083760.0,11445200.0
285.849999999983,1084350.0,11454500.0
285.859999999983,1084940.0,11463800.0
285.869999999983,1085530.0,11473100.0
285.879999999983,1086120.0,11482400.0
285.889999999983,1086710.0,11491700.0
285.899999999983,1087300.0,11501000.0
285.909999999983,1087890.0,11510300.0
285.91999999998296,1088480.0,11519600.0
285.92999999998295,1089070.0,11528900.0
285.93999999998294,1089660.0,11538200.0
285.94999999998294,1090250.0,11547500.0
285.9599999999829,1090840.0,11556800.0
285.9699999999829,1091430.0,11566100.0
285.9799999999829,1092020.0,11575400.0
285.9899999999829,1092610.0,11584700.0
285.9999999999829,1093200.0,11594000.0
286.0099999999829,1093790.0,11603300.0
286.0199999999829,1094380.0,11612600.0
286.02999999998286,1094970.0,11621900.0
286.03999999998285,1095560.0,11631200.0
286.04999999998284,1096150.0,11640500.0
286.05999999998284,1096740.0,11649800.0
286.0699999999828,1097330.0,11659100.0
286.0799999999828,1097920.0,11668400.0
286.0899999999828,1098510.0,11677700.0
286.0999999999828,1099100.0,11687000.0
286.1099999999828,1099690.0,11696300.0
286.1199999999828,1100280.0,11705600.0
286.1299999999828,1100870.0,11714900.0
286.13999999998276,1101460.0,11724200.0
286.14999999998275,1102050.0,11733500.0
286.15999999998274,1102640.0,11742800.0
286.16999999998274,1103230.0,11752100.0
286.1799999999827,1103820.0,11761400.0
286.1899999999827,1104410.0,11770700.0
286.1999999999827,1105000.0,11780000.0
286.2099999999827,1105600.0,11789500.0
286.2199999999827,1106200.0,11799000.0
286.2299999999827,1106800.0,11808500.0
286.2399999999827,1107400.0,11818000.0
286.24999999998266,1108000.0,11827500.0
286.25999999998265,1108600.0,11837000.0
286.26999999998264,1109200.0,11846500.0
286.27999999998264,1109800.0,11856000.0
286.2899999999826,1110400.0,11865500.0
286.2999999999826,1111000.0,11875000.0
286.3099999999826,1111600.0,11884500.0
286.3199999999826,1112200.0,11894000.0
286.3299999999826,1112800.0,11903500.0
286.3399999999826,1113400.0,11913000.0
286.3499999999826,1114000.0,11922500.0
286.35999999998256,1114600.0,11932000.0
286.36999999998255,1115200.0,11941500.0
286.37999999998254,1115800.0,11951000.0
286.38999999998254,1116400.0,11960500.0
286.3999999999825,1117000.0,11970000.0
286.4099999999825,1117600.0,11979500.0
286.4199999999825,1118200.0,11989000.0
286.4299999999825,1118800.0,11998500.0
286.4399999999825,1119400.0,12008000.0
286.4499999999825,1120000.0,12017500.0
286.4599999999825,1120600.0,12027000.0
286.46999999998246,1121200.0,12036500.0
286.47999999998245,1121800.0,12046000.0
286.48999999998244,1122400.0,12055500.0
286.49999999998244,1123000.0,12065000.0
286.5099999999824,1123600.0,12074500.0
286.5199999999824,1124200.0,12084000.0
286.5299999999824,1124800.0,12093500.0
286.5399999999824,1125400.0,12103000.0
286.5499999999824,1126000.0,12112500.0
286.5599999999824,1126600.0,12122000.0
286.5699999999824,1127200.0,12131500.0
286.57999999998236,1127800.0,12141000.0
286.58999999998235,1128400.0,12150500.0
286.59999999998234,1129000.0,12160000.0
286.60999999998234,1129600.0,12169500.0
286.6199999999823,1130200.0,12179000.0
286.6299999999823,1130800.0,12188500.0
286.6399999999823,1131400.0,12198000.0
286.6499999999823,1132000.0,12207500.0
286.6599999999823,1132600.0,12217000.0
286.6699999999823,1133200.0,12226500.0
286.6799999999823,1133800.0,12236000.0
286.68999999998226,1134400.0,12245500.0
286.69999999998225,1135000.0,12255000.0
286.70999999998224,1135600.0,12264500.0
286.71999999998224,1136200.0,12274000.0
286.7299999999822,1136800.0,12283500.0
286.7399999999822,1137400.0,12293000.0
286.7499999999822,1138000.0,12302500.0
286.7599999999822,1138600.0,12312000.0
286.7699999999822,1139200.0,12321500.0
286.7799999999822,1139800.0,12331000.0
286.7899999999822,1140400.0,12340500.0
286.79999999998216,1141000.0,12350000.0
286.80999999998215,1141600.0,12359500.0
286.81999999998214,1142200.0,12369000.0
286.82999999998214,1142800.0,12378500.0
286.8399999999821,1143400.0,12388000.0
286.8499999999821,1144000.0,12397500.0
286.8599999999821,1144600.0,12407000.0
286.8699999999821,1145200.0,12416500.0
286.8799999999821,1145800.0,12426000.0
286.8899999999821,1146400.0,12435500.0
286.8999999999821,1147000.0,12445000.0
286.90999999998206,1147600.0,12454500.0
286.91999999998205,1148200.0,12464000.0
286.92999999998204,1148800.0,12473500.0
286.93999999998204,1149400.0,12483000.0
286.949999999982,1150000.0,12492500.0
286.959999999982,1150600.0,12502000.0
286.969999999982,1151200.0,12511500.0
286.979999999982,1151800.0,12521000.0
286.989999999982,1152400.0,12530500.0
286.999999999982,1153000.0,12540000.0
287.00999999998197,1153600.0,12549500.0
287.01999999998196,1154200.0,12559000.0
287.02999999998195,1154800.0,12568500.0
287.03999999998194,1155400.0,12578000.0
287.04999999998194,1156000.0,12587500.0
287.0599999999819,1156600.0,12597000.0
287.0699999999819,1157200.0,12606500.0
287.0799999999819,1157800.0,12616000.0
287.0899999999819,1158400.0,12625500.0
287.0999999999819,1159000.0,12635000.0
287.1099999999819,1159600.0,12644500.0
287.11999999998187,1160200.0,12654000.0
287.12999999998186,1160800.0,12663500.0
287.13999999998185,1161400.0,12673000.0
287.14999999998184,1162000.0,12682500.0
287.15999999998184,1162600.0,12692000.0
287.1699999999818,1163200.0,12701500.0
287.1799999999818,1163800.0,12711000.0
287.1899999999818,1164400.0,12720500.0
287.1999999999818,1165000.0,12730000.0
287.2099999999818,1165660.0,12740400.0
287.2199999999818,1166320.0,12750800.0
287.22999999998177,1166980.0,12761200.0
287.23999999998176,1167640.0,12771600.0
287.24999999998175,1168300.0,12782000.0
287.25999999998174,1168960.0,12792400.0
287.26999999998174,1169620.0,12802800.0
287.2799999999817,1170280.0,12813200.0
287.2899999999817,1170940.0,12823600.0
287.2999999999817,1171600.0,12834000.0
287.3099999999817,1172260.0,12844400.0
287.3199999999817,1172920.0,12854800.0
287.3299999999817,1173580.0,12865200.0
287.33999999998167,1174240.0,12875600.0
287.34999999998166,1174900.0,12886000.0
287.35999999998165,1175560.0,12896400.0
287.36999999998164,1176220.0,12906800.0
287.37999999998164,1176880.0,12917200.0
287.3899999999816,1177540.0,12927600.0
287.3999999999816,1178200.0,12938000.0
287.4099999999816,1178860.0,12948400.0
287.4199999999816,1179520.0,12958800.0
287.4299999999816,1180180.0,12969200.0
287.4399999999816,1180840.0,12979600.0
287.44999999998157,1181500.0,12990000.0
287.45999999998156,1182160.0,13000400.0
287.46999999998155,1182820.0,13010800.0
287.47999999998154,1183480.0,13021200.0
287.48999999998153,1184140.0,13031600.0
287.4999999999815,1184800.0,13042000.0
287.5099999999815,1185460.0,13052400.0
287.5199999999815,1186120.0,13062800.0
287.5299999999815,1186780.0,13073200.0
287.5399999999815,1187440.0,13083600.0
287.5499999999815,1188100.0,13094000.0
287.55999999998147,1188760.0,13104400.0
287.56999999998146,1189420.0,13114800.0
287.57999999998145,1190080.0,13125200.0
287.58999999998144,1190740.0,13135600.0
287.59999999998143,1191400.0,13146000.0
287.6099999999814,1192060.0,13156400.0
287.6199999999814,1192720.0,13166800.0
287.6299999999814,1193380.0,13177200.0
287.6399999999814,1194040.0,13187600.0
287.6499999999814,1194700.0,13198000.0
287.6599999999814,1195360.0,13208400.0
287.66999999998137,1196020.0,13218800.0
287.67999999998136,1196680.0,13229200.0
287.68999999998135,1197340.0,13239600.0
287.69999999998134,1198000.0,13250000.0
287.70999999998133,1198660.0,13260400.0
287.7199999999813,1199320.0,13270800.0
287.7299999999813,1199980.0,13281200.0
287.7399999999813,1200640.0,13291600.0
287.7499999999813,1201300.0,13302000.0
287.7599999999813,1201960.0,13312400.0
287.7699999999813,1202620.0,13322800.0
287.77999999998127,1203280.0,13333200.0
287.78999999998126,1203940.0,13343600.0
287.79999999998125,1204600.0,13354000.0
287.80999999998124,1205260.0,13364400.0
287.81999999998123,1205920.0,13374800.0
287.8299999999812,1206580.0,13385200.0
287.8399999999812,1207240.0,13395600.0
287.8499999999812,1207900.0,13406000.0
287.8599999999812,1208560.0,13416400.0
287.8699999999812,1209220.0,13426800.0
287.8799999999812,1209880.0,13437200.0
287.88999999998117,1210540.0,13447600.0
287.89999999998116,1211200.0,13458000.0
287.90999999998115,1211860.0,13468400.0
287.91999999998114,1212520.0,13478800.0
287.92999999998113,1213180.0,13489200.0
287.9399999999811,1213840.0,13499600.0
287.9499999999811,1214500.0,13510000.0
287.9599999999811,1215160.0,13520400.0
287.9699999999811,1215820.0,13530800.0
287.9799999999811,1216480.0,13541200.0
287.9899999999811,1217140.0,13551600.0
287.99999999998107,1217800.0,13562000.0
288.00999999998106,1218460.0,13572400.0
288.01999999998105,1219120.0,13582800.0
288.02999999998104,1219780.0,13593200.0
288.03999999998103,1220440.0,13603600.0
288.049999999981,1221100.0,13614000.0
288.059999999981,1221760.0,13624400.0
288.069999999981,1222420.0,13634800.0
288.079999999981,1223080.0,13645200.0
288.089999999981,1223740.0,13655600.0
288.099999999981,1224400.0,13666000.0
288.10999999998097,1225060.0,13676400.0
288.11999999998096,1225720.0,13686800.0
288.12999999998095,1226380.0,13697200.0
288.13999999998094,1227040.0,13707600.0
288.14999999998093,1227700.0,13718000.0
288.1599999999809,1228360.0,13728400.0
288.1699999999809,1229020.0,13738800.0
288.1799999999809,1229680.0,13749200.0
288.1899999999809,1230340.0,13759600.0
288.1999999999809,1231000.0,13770000.0
288.2099999999809,1231610.0,13781300.0
288.21999999998087,1232220.0,13792600.0
288.22999999998086,1232830.0,13803900.0
288.23999999998085,1233440.0,13815200.0
288.24999999998084,1234050.0,13826500.0
288.25999999998083,1234660.0,13837800.0
288.2699999999808,1235270.0,13849100.0
288.2799999999808,1235880.0,13860400.0
288.2899999999808,1236490.0,13871700.0
288.2999999999808,1237100.0,13883000.0
288.3099999999808,1237710.0,13894300.0
288.3199999999808,1238320.0,13905600.0
288.32999999998077,1238930.0,13916900.0
288.33999999998076,1239540.0,13928200.0
288.34999999998075,1240150.0,13939500.0
288.35999999998074,1240760.0,13950800.0
288.36999999998073,1241360.0,13962100.0
288.3799999999807,1241980.0,13973400.0
288.3899999999807,1242590.0,13984700.0
288.3999999999807,1243200.0,13996000.0
288.4099999999807,1243810.0,14007300.0
288.4199999999807,1244420.0,14018600.0
288.4299999999807,1245030.0,14029900.0
288.43999999998067,1245640.0,14041200.0
288.44999999998066,1246250.0,14052500.0
288.45999999998065,1246860.0,14063800.0
288.46999999998064,1247460.0,14075100.0
288.47999999998063,1248080.0,14086400.0
288.4899999999806,1248690.0,14097700.0
288.4999999999806,1249300.0,14109000.0
288.5099999999806,1249910.0,14120300.0
288.5199999999806,1250520.0,14131600.0
288.5299999999806,1251130.0,14142900.0
288.5399999999806,1251740.0,14154200.0
288.54999999998057,1252350.0,14165500.0
288.55999999998056,1252960.0,14176800.0
288.56999999998055,1253560.0,14188100.0
288.57999999998054,1254180.0,14199400.0
288.58999999998053,1254790.0,14210700.0
288.5999999999805,1255400.0,14222000.0
288.6099999999805,1256010.0,14233300.0
288.6199999999805,1256620.0,14244600.0
288.6299999999805,1257230.0,14255900.0
288.6399999999805,1257840.0,14267200.0
288.6499999999805,1258450.0,14278500.0
288.65999999998047,1259060.0,14289800.0
288.66999999998046,1259670.0,14301100.0
288.67999999998045,1260280.0,14312400.0
288.68999999998044,1260890.0,14323700.0
288.69999999998043,1261500.0,14335000.0
288.7099999999804,1262110.0,14346300.0
288.7199999999804,1262720.0,14357600.0
288.7299999999804,1263330.0,14368900.0
288.7399999999804,1263940.0,14380200.0
288.7499999999804,1264550.0,14391500.0
288.7599999999804,1265160.0,14402800.0
288.76999999998037,1265770.0,14414100.0
288.77999999998036,1266380.0,14425400.0
288.78999999998035,1266990.0,14436700.0
288.79999999998034,1267600.0,14448000.0
288.80999999998033,1268210.0,14459300.0
288.8199999999803,1268820.0,14470600.0
288.8299999999803,1269430.0,14481900.0
288.8399999999803,1270040.0,14493200.0
288.8499999999803,1270650.0,14504500.0
288.8599999999803,1271260.0,14515800.0
288.8699999999803,1271870.0,14527100.0
288.87999999998027,1272480.0,14538400.0
288.88999999998026,1273090.0,14549700.0
288.89999999998025,1273700.0,14561000.0
288.90999999998024,1274310.0,14572300.0
288.91999999998023,1274920.0,14583600.0
288.9299999999802,1275530.0,14594900.0
288.9399999999802,1276140.0,14606200.0
288.9499999999802,1276750.0,14617500.0
288.9599999999802,1277360.0,14628800.0
288.9699999999802,1277970.0,14640100.0
288.9799999999802,1278580.0,14651400.0
288.98999999998017,1279190.0,14662700.0
288.99999999998016,1279800.0,14674000.0
289.00999999998015,1280410.0,14685300.0
289.01999999998014,1281020.0,14696600.0
289.02999999998013,1281630.0,14707900.0
289.0399999999801,1282240.0,14719200.0
289.0499999999801,1282850.0,14730500.0
289.0599999999801,1283460.0,14741800.0
289.0699999999801,1284070.0,14753100.0
289.0799999999801,1284680.0,14764400.0
289.0899999999801,1285290.0,14775700.0
289.09999999998007,1285900.0,14787000.0
289.10999999998006,1286510.0,14798300.0
289.11999999998005,1287120.0,14809600.0
289.12999999998004,1287730.0,14820900.0
289.13999999998003,1288340.0,14832200.0
289.14999999998,1288950.0,14843500.0
289.15999999998,1289560.0,14854800.0
289.16999999998,1290170.0,14866100.0
289.17999999998,1290780.0,14877400.0
289.18999999998,1291390.0,14888700.0
289.19999999998,1292000.0,14900000.0
289.20999999997997,1292650.0,14912800.0
289.21999999997996,1293300.0,14925600.0
289.22999999997995,1293950.0,14938400.0
289.23999999997994,1294600.0,14951200.0
289.24999999997993,1295250.0,14964000.0
289.2599999999799,1295900.0,14976800.0
289.2699999999799,1296550.0,14989600.0
289.2799999999799,1297200.0,15002400.0
289.2899999999799,1297850.0,15015200.0
289.2999999999799,1298500.0,15028000.0
289.3099999999799,1299150.0,15040800.0
289.31999999997987,1299800.0,15053600.0
289.32999999997986,1300450.0,15066400.0
289.33999999997985,1301100.0,15079200.0
289.34999999997984,1301750.0,15092000.0
289.35999999997983,1302400.0,15104800.0
289.3699999999798,1303050.0,15117600.0
289.3799999999798,1303700.0,15130400.0
289.3899999999798,1304350.0,15143200.0
289.3999999999798,1305000.0,15156000.0
289.4099999999798,1305650.0,15168800.0
289.4199999999798,1306300.0,15181600.0
289.42999999997977,1306950.0,15194400.0
289.43999999997976,1307600.0,15207200.0
289.44999999997975,1308250.0,15220000.0
289.45999999997974,1308900.0,15232800.0
289.46999999997973,1309550.0,15245600.0
289.4799999999797,1310200.0,15258400.0
289.4899999999797,1310850.0,15271200.0
289.4999999999797,1311500.0,15284000.0
289.5099999999797,1312150.0,15296800.0
289.5199999999797,1312800.0,15309600.0
289.5299999999797,1313450.0,15322400.0
289.53999999997967,1314100.0,15335200.0
289.54999999997966,1314750.0,15348000.0
289.55999999997965,1315400.0,15360800.0
289.56999999997964,1316050.0,15373600.0
289.57999999997963,1316700.0,15386400.0
289.5899999999796,1317350.0,15399200.0
289.5999999999796,1318000.0,15412000.0
289.6099999999796,1318650.0,15424800.0
289.6199999999796,1319300.0,15437600.0
289.6299999999796,1319950.0,15450400.0
289.6399999999796,1320600.0,15463200.0
289.64999999997957,1321250.0,15476000.0
289.65999999997956,1321900.0,15488800.0
289.66999999997955,1322550.0,15501600.0
289.67999999997954,1323200.0,15514400.0
289.68999999997953,1323850.0,15527200.0
289.6999999999795,1324500.0,15540000.0
289.7099999999795,1325150.0,15552800.0
289.7199999999795,1325800.0,15565600.0
289.7299999999795,1326450.0,15578400.0
289.7399999999795,1327100.0,15591200.0
289.7499999999795,1327750.0,15604000.0
289.75999999997947,1328400.0,15616800.0
289.76999999997946,1329050.0,15629600.0
289.77999999997945,1329700.0,15642400.0
289.78999999997944,1330350.0,15655200.0
289.79999999997943,1331000.0,15668000.0
289.8099999999794,1331650.0,15680800.0
289.8199999999794,1332300.0,15693600.0
289.8299999999794,1332950.0,15706400.0
289.8399999999794,1333600.0,15719200.0
289.8499999999794,1334250.0,15732000.0
289.8599999999794,1334900.0,15744800.0
289.86999999997937,1335550.0,15757600.0
289.87999999997936,1336200.0,15770400.0
289.88999999997935,1336850.0,15783200.0
289.89999999997934,1337500.0,15796000.0
289.90999999997933,1338150.0,15808800.0
289.9199999999793,1338800.0,15821600.0
289.9299999999793,1339450.0,15834400.0
289.9399999999793,1340100.0,15847200.0
289.9499999999793,1340750.0,15860000.0
289.9599999999793,1341400.0,15872800.0
289.9699999999793,1342050.0,15885600.0
289.97999999997927,1342700.0,15898400.0
289.98999999997926,1343350.0,15911200.0
289.99999999997925,1344000.0,15924000.0
290.00999999997924,1344650.0,15936800.0
290.01999999997923,1345300.0,15949600.0
290.0299999999792,1345950.0,15962400.0
290.0399999999792,1346600.0,15975200.0
290.0499999999792,1347250.0,15988000.0
290.0599999999792,1347900.0,16000800.0
290.0699999999792,1348550.0,16013600.0
290.0799999999792,1349200.0,16026400.0
290.08999999997917,1349850.0,16039200.0
290.09999999997916,1350500.0,16052000.0
290.10999999997915,1351150.0,16064800.0
290.11999999997914,1351800.0,16077600.0
290.12999999997913,1352450.0,16090400.0
290.1399999999791,1353100.0,16103200.0
290.1499999999791,1353750.0,16116000.0
290.1599999999791,1354400.0,16128800.0
290.1699999999791,1355050.0,16141600.0
290.1799999999791,1355700.0,16154400.0
290.1899999999791,1356350.0,16167200.0
290.19999999997907,1357000.0,16180000.0
290.20999999997906,1357710.0,16194100.0
290.21999999997905,1358420.0,16208200.0
290.22999999997904,1359130.0,16222300.0
290.23999999997903,1359840.0,16236400.0
290.249999999979,1360550.0,16250500.0
290.259999999979,1361260.0,16264600.0
290.269999999979,1361970.0,16278700.0
290.279999999979,1362680.0,16292800.0
290.289999999979,1363390.0,16306900.0
290.299999999979,1364100.0,16321000.0
290.30999999997897,1364810.0,16335100.0
290.31999999997896,1365520.0,16349200.0
290.32999999997895,1366230.0,16363300.0
290.33999999997894,1366940.0,16377400.0
290.34999999997893,1367650.0,16391500.0
290.3599999999789,1368360.0,16405600.0
290.3699999999789,1369070.0,16419700.0
290.3799999999789,1369780.0,16433800.0
290.3899999999789,1370490.0,16447900.0
290.3999999999789,1371200.0,16462000.0
290.4099999999789,1371910.0,16476100.0
290.41999999997887,1372620.0,16490200.0
290.42999999997886,1373330.0,16504300.0
290.43999999997885,1374040.0,16518400.0
290.44999999997884,1374750.0,16532500.0
290.45999999997883,1375470.0,16546600.0
290.4699999999788,1376170.0,16560700.0
290.4799999999788,1376880.0,16574800.0
290.4899999999788,1377590.0,16588900.0
290.4999999999788,1378300.0,16603000.0
290.5099999999788,1379010.0,16617100.0
290.5199999999788,1379720.0,16631200.0
290.52999999997877,1380430.0,16645300.0
290.53999999997876,1381140.0,16659400.0
290.54999999997875,1381850.0,16673500.0
290.55999999997874,1382560.0,16687600.0
290.56999999997873,1383270.0,16701700.0
290.5799999999787,1383980.0,16715800.0
290.5899999999787,1384690.0,16729900.0
290.5999999999787,1385400.0,16744000.0
290.6099999999787,1386110.0,16758100.0
290.6199999999787,1386820.0,16772200.0
290.6299999999787,1387530.0,16786300.0
290.63999999997867,1388240.0,16800400.0
290.64999999997866,1388950.0,16814500.0
290.65999999997865,1389660.0,16828600.0
290.66999999997864,1390370.0,16842700.0
290.67999999997863,1391080.0,16856800.0
290.6899999999786,1391790.0,16870900.0
290.6999999999786,1392500.0,16885000.0
290.7099999999786,1393210.0,16899100.0
290.7199999999786,1393920.0,16913200.0
290.7299999999786,1394630.0,16927300.0
290.7399999999786,1395340.0,16941400.0
290.74999999997857,1396050.0,16955500.0
290.75999999997856,1396760.0,16969600.0
290.76999999997855,1397470.0,16983700.0
290.77999999997854,1398180.0,16997800.0
290.78999999997853,1398890.0,17011900.0
290.7999999999785,1399600.0,17026000.0
290.8099999999785,1400310.0,17040100.0
290.8199999999785,1401020.0,17054200.0
290.8299999999785,1401730.0,17068300.0
290.8399999999785,1402440.0,17082400.0
290.8499999999785,1403150.0,17096500.0
290.85999999997847,1403860.0,17110600.0
290.86999999997846,1404570.0,17124700.0
290.87999999997845,1405280.0,17138800.0
290.88999999997844,1405990.0,17152900.0
290.89999999997843,1406700.0,17167000.0
290.9099999999784,1407410.0,17181100.0
290.9199999999784,1408120.0,17195200.0
290.9299999999784,1408830.0,17209300.0
290.9399999999784,1409540.0,17223400.0
290.9499999999784,1410250.0,17237500.0
290.9599999999784,1410960.0,17251600.0
290.96999999997837,1411670.0,17265700.0
290.97999999997836,1412380.0,17279800.0
290.98999999997835,1413090.0,17293900.0
290.99999999997834,1413800.0,17308000.0
291.00999999997833,1414510.0,17322100.0
291.0199999999783,1415220.0,17336200.0
291.0299999999783,1415930.0,17350300.0
291.0399999999783,1416640.0,17364400.0
291.0499999999783,1417350.0,17378500.0
291.0599999999783,1418060.0,17392600.0
291.0699999999783,1418770.0,17406700.0
291.07999999997827,1419480.0,17420800.0
291.08999999997826,1420190.0,17434900.0
291.09999999997825,1420700.0,17449000.0
291.10999999997824,1421610.0,17463100.0
291.11999999997823,1422320.0,17477200.0
291.1299999999782,1423030.0,17491300.0
291.1399999999782,1423740.0,17505400.0
291.1499999999782,1424450.0,17519500.0
291.1599999999782,1425160.0,17533600.0
291.1699999999782,1425870.0,17547700.0
291.1799999999782,1426580.0,17561800.0
291.18999999997817,1427290.0,17575900.0
291.19999999997816,1428000.0,17590000.0
291.20999999997815,1428720.0,17602600.0
291.21999999997814,1429440.0,17615200.0
291.22999999997813,1430160.0,17627800.0
291.2399999999781,1430880.0,17640400.0
291.2499999999781,1431600.0,17653000.0
291.2599999999781,1432320.0,17665600.0
291.2699999999781,1433040.0,17678200.0
291.2799999999781,1433760.0,17690800.0
291.2899999999781,1434480.0,17703400.0
291.29999999997807,1435200.0,17716000.0
291.30999999997806,1435920.0,17728600.0
291.31999999997805,1436640.0,17741200.0
291.32999999997804,1437360.0,17753800.0
291.33999999997803,1438080.0,17766400.0
291.349999999978,1438800.0,17779000.0
291.359999999978,1439520.0,17791600.0
291.369999999978,1440240.0,17804200.0
291.379999999978,1440960.0,17816800.0
291.389999999978,1441680.0,17829400.0
291.399999999978,1442400.0,17842000.0
291.40999999997797,1443120.0,17854600.0
291.41999999997796,1443840.0,17867200.0
291.42999999997795,1444560.0,17879800.0
291.43999999997794,1445280.0,17892400.0
291.44999999997793,1446000.0,17905000.0
291.4599999999779,1446720.0,17917600.0
291.4699999999779,1447440.0,17930200.0
291.4799999999779,1448160.0,17942800.0
291.4899999999779,1448880.0,17955400.0
291.4999999999779,1449600.0,17968000.0
291.5099999999779,1450320.0,17980600.0
291.51999999997787,1451040.0,17993200.0
291.52999999997786,1451760.0,18005800.0
291.53999999997785,1452480.0,18018400.0
291.54999999997784,1453200.0,18031000.0
291.55999999997783,1453920.0,18043600.0
291.5699999999778,1454640.0,18056200.0
291.5799999999778,1455360.0,18068800.0
291.5899999999778,1456080.0,18081400.0
291.5999999999778,1456800.0,18094000.0
291.6099999999778,1457520.0,18106600.0
291.6199999999778,1458240.0,18119200.0
291.62999999997777,1458960.0,18131800.0
291.63999999997776,1459680.0,18144400.0
291.64999999997775,1460400.0,18157000.0
291.65999999997774,1461120.0,18169600.0
291.66999999997773,1461840.0,18182200.0
291.6799999999777,1462560.0,18194800.0
291.6899999999777,1463280.0,18207400.0
291.6999999999777,1464000.0,18220000.0
291.7099999999777,1464720.0,18232600.0
291.7199999999777,1465440.0,18245200.0
291.7299999999777,1466160.0,18257800.0
291.73999999997767,1466880.0,18270400.0
291.74999999997766,1467600.0,18283000.0
291.75999999997765,1468320.0,18295600.0
291.76999999997764,1469040.0,18308200.0
291.77999999997763,1469760.0,18320800.0
291.7899999999776,1470480.0,18333400.0
291.7999999999776,1471200.0,18346000.0
291.8099999999776,1471920.0,18358600.0
291.8199999999776,1472640.0,18371200.0
291.8299999999776,1473360.0,18383800.0
291.8399999999776,1474080.0,18396400.0
291.84999999997757,1474800.0,18409000.0
291.85999999997756,1475520.0,18421600.0
291.86999999997755,1476240.0,18434200.0
291.87999999997754,1476960.0,18446800.0
291.88999999997753,1477680.0,18459400.0
291.8999999999775,1478400.0,18472000.0
291.9099999999775,1479120.0,18484600.0
291.9199999999775,1479840.0,18497200.0
291.9299999999775,1480560.0,18509800.0
291.9399999999775,1481280.0,18522400.0
291.9499999999775,1482000.0,18535000.0
291.95999999997747,1482720.0,18547600.0
291.96999999997746,1483440.0,18560200.0
291.97999999997745,1484160.0,18572800.0
291.98999999997744,1484880.0,18585400.0
291.99999999997743,1485600.0,18598000.0
292.0099999999774,1486320.0,18610600.0
292.0199999999774,1487040.0,18623200.0
292.0299999999774,1487760.0,18635800.0
292.0399999999774,1488480.0,18648400.0
292.0499999999774,1489200.0,18661000.0
292.0599999999774,1489920.0,18673600.0
292.06999999997737,1490640.0,18686200.0
292.07999999997736,1491360.0,18698800.0
292.08999999997735,1492080.0,18711400.0
292.09999999997734,1492800.0,18724000.0
292.10999999997733,1493520.0,18736600.0
292.1199999999773,1494240.0,18749200.0
292.1299999999773,1494960.0,18761800.0
292.1399999999773,1495680.0,18774400.0
292.1499999999773,1496400.0,18787000.0
292.1599999999773,1497120.0,18799600.0
292.1699999999773,1497840.0,18812200.0
292.17999999997727,1498560.0,18824800.0
292.18999999997726,1499280.0,18837400.0
292.19999999997725,1500000.0,18850000.0
292.20999999997724,1500730.0,18864300.0
292.21999999997723,1501460.0,18878600.0
292.2299999999772,1502190.0,18892900.0
292.2399999999772,1502920.0,18907200.0
292.2499999999772,1503650.0,18921500.0
292.2599999999772,1504380.0,18935800.0
292.2699999999772,1505110.0,18950100.0
292.2799999999772,1505840.0,18964400.0
292.28999999997717,1506570.0,18978700.0
292.29999999997716,1507300.0,18993000.0
292.30999999997715,1508030.0,19007300.0
292.31999999997714,1508760.0,19021600.0
292.32999999997713,1509490.0,19035900.0
292.3399999999771,1510220.0,19050200.0
292.3499999999771,1510950.0,19064500.0
292.3599999999771,1511680.0,19078800.0
292.3699999999771,1512410.0,19093100.0
292.3799999999771,1513140.0,19107400.0
292.3899999999771,1513870.0,19121700.0
292.39999999997707,1514600.0,19136000.0
292.40999999997706,1515330.0,19150300.0
292.41999999997705,1516060.0,19164600.0
292.42999999997704,1516790.0,19178900.0
292.43999999997703,1517520.0,19193200.0
292.449999999977,1518250.0,19207500.0
292.459999999977,1518980.0,19221800.0
292.469999999977,1519710.0,19236100.0
292.479999999977,1520440.0,19250400.0
292.489999999977,1521170.0,19264700.0
292.499999999977,1521900.0,19279000.0
292.50999999997697,1522630.0,19293300.0
292.51999999997696,1523360.0,19307600.0
292.52999999997695,1524090.0,19321900.0
292.53999999997694,1524820.0,19336200.0
292.54999999997693,1525550.0,19350500.0
292.5599999999769,1526280.0,19364800.0
292.5699999999769,1527010.0,19379100.0
292.5799999999769,1527740.0,19393400.0
292.5899999999769,1528470.0,19407700.0
292.5999999999769,1529200.0,19422000.0
292.6099999999769,1529930.0,19436300.0
292.61999999997687,1530660.0,19450600.0
292.62999999997686,1531390.0,19464900.0
292.63999999997685,1532120.0,19479200.0
292.64999999997684,1532850.0,19493500.0
292.65999999997683,1533580.0,19507800.0
292.6699999999768,1534310.0,19522100.0
292.6799999999768,1535040.0,19536400.0
292.6899999999768,1535770.0,19550700.0
292.6999999999768,1536500.0,19565000.0
292.7099999999768,1537230.0,19579300.0
292.7199999999768,1537960.0,19593600.0
292.72999999997677,1538690.0,19607900.0
292.73999999997676,1539420.0,19622200.0
292.74999999997675,1540150.0,19636500.0
292.75999999997674,1540880.0,19650800.0
292.76999999997673,1541610.0,19665100.0
292.7799999999767,1542340.0,19679400.0
292.7899999999767,1543070.0,19693700.0
292.7999999999767,1543800.0,19708000.0
292.8099999999767,1544530.0,19722300.0
292.8199999999767,1545260.0,19736600.0
292.8299999999767,1545990.0,19750900.0
292.83999999997667,1546720.0,19765200.0
292.84999999997666,1547450.0,19779500.0
292.85999999997665,1548180.0,19793800.0
292.86999999997664,1548910.0,19808100.0
292.87999999997663,1549640.0,19822400.0
292.8899999999766,1550370.0,19836700.0
292.8999999999766,1551100.0,19851000.0
292.9099999999766,1551830.0,19865300.0
292.9199999999766,1552560.0,19879600.0
292.9299999999766,1553290.0,19893900.0
292.9399999999766,1554020.0,19908200.0
292.94999999997657,1554750.0,19922500.0
292.95999999997656,1555480.0,19936800.0
292.96999999997655,1556210.0,19951100.0
292.97999999997654,1556940.0,19965400.0
292.98999999997653,1557670.0,19979700.0
292.9999999999765,1558400.0,19994000.0
293.0099999999765,1559130.0,20008300.0
293.0199999999765,1559860.0,20022600.0
293.0299999999765,1560590.0,20036900.0
293.0399999999765,1561320.0,20051200.0
293.0499999999765,1562050.0,20065500.0
293.05999999997647,1562780.0,20079800.0
293.06999999997646,1563510.0,20094100.0
293.07999999997645,1564240.0,20108400.0
293.08999999997644,1564970.0,20122700.0
293.09999999997643,1565700.0,20137000.0
293.1099999999764,1566430.0,20151300.0
293.1199999999764,1567160.0,20165600.0
293.1299999999764,1567890.0,20179900.0
293.1399999999764,1568620.0,20194200.0
293.1499999999764,1569350.0,20208500.0
293.1599999999764,1570080.0,20222800.0
293.16999999997637,1570810.0,20237100.0
293.17999999997636,1571540.0,20251400.0
293.18999999997635,1572270.0,20265700.0
293.19999999997634,1573000.0,20280000.0
293.20999999997633,1573640.0,20293700.0
293.2199999999763,1574280.0,20307400.0
293.2299999999763,1574920.0,20321100.0
293.2399999999763,1575560.0,20334800.0
293.2499999999763,1576200.0,20348500.0
293.2599999999763,1576840.0,20362200.0
293.2699999999763,1577480.0,20375900.0
293.27999999997627,1578120.0,20389600.0
293.28999999997626,1578760.0,20403300.0
293.29999999997625,1579400.0,20417000.0
293.30999999997624,1580040.0,20430700.0
293.31999999997623,1580680.0,20444400.0
293.3299999999762,1581320.0,20458100.0
293.3399999999762,1581960.0,20471800.0
293.3499999999762,1582600.0,20485500.0
293.3599999999762,1583240.0,20499200.0
293.3699999999762,1583880.0,20512900.0
293.3799999999762,1584520.0,20526600.0
293.38999999997617,1585160.0,20540300.0
293.39999999997616,1585800.0,20554000.0
293.40999999997615,1586440.0,20567700.0
293.41999999997614,1587080.0,20581400.0
293.42999999997613,1587720.0,20595100.0
293.4399999999761,1588360.0,20608800.0
293.4499999999761,1589000.0,20622500.0
293.4599999999761,1589640.0,20636200.0
293.4699999999761,1590280.0,20649900.0
293.4799999999761,1590920.0,20663600.0
293.4899999999761,1591560.0,20677300.0
293.49999999997607,1592200.0,20691000.0
293.50999999997606,1592840.0,20704700.0
293.51999999997605,1593480.0,20718400.0
293.52999999997604,1594120.0,20732100.0
293.53999999997603,1594760.0,20745800.0
293.549999999976,1595400.0,20759500.0
293.559999999976,1596040.0,20773200.0
293.569999999976,1596680.0,20786900.0
293.579999999976,1597320.0,20800600.0
293.589999999976,1597960.0,20814300.0
293.599999999976,1598600.0,20828000.0
293.60999999997597,1599240.0,20841700.0
293.61999999997596,1599880.0,20855400.0
293.62999999997595,1600520.0,20869100.0
293.63999999997594,1601160.0,20882800.0
293.64999999997593,1601800.0,20896500.0
293.6599999999759,1602440.0,20910200.0
293.6699999999759,1603080.0,20923900.0
293.6799999999759,1603720.0,20937600.0
293.6899999999759,1604360.0,20951300.0
293.6999999999759,1605000.0,20965000.0
293.7099999999759,1605640.0,20978700.0
293.71999999997587,1606280.0,20992400.0
293.72999999997586,1606920.0,21006100.0
293.73999999997585,1607560.0,21019800.0
293.74999999997584,1608200.0,21033500.0
293.75999999997583,1608840.0,21047200.0
293.7699999999758,1609480.0,21060900.0
293.7799999999758,1610120.0,21074600.0
293.7899999999758,1610760.0,21088300.0
293.7999999999758,1611400.0,21102000.0
293.8099999999758,1612040.0,21115700.0
293.8199999999758,1612680.0,21129400.0
293.82999999997577,1613320.0,21143100.0
293.83999999997576,1613960.0,21156800.0
293.84999999997575,1614600.0,21170500.0
293.85999999997574,1615240.0,21184200.0
293.86999999997573,1615880.0,21197900.0
293.8799999999757,1616520.0,21211600.0
293.8899999999757,1617160.0,21225300.0
293.8999999999757,1617800.0,21239000.0
293.9099999999757,1618440.0,21252700.0
293.9199999999757,1619080.0,21266400.0
293.9299999999757,1619720.0,21280100.0
293.93999999997567,1620360.0,21293800.0
293.94999999997566,1621000.0,21307500.0
293.95999999997565,1621640.0,21321200.0
293.96999999997564,1622280.0,21334900.0
293.97999999997563,1622920.0,21348600.0
293.9899999999756,1623560.0,21362300.0
293.9999999999756,1624200.0,21376000.0
294.0099999999756,1624840.0,21389700.0
294.0199999999756,1625480.0,21403400.0
294.0299999999756,1626120.0,21417100.0
294.0399999999756,1626760.0,21430800.0
294.04999999997557,1627400.0,21444500.0
294.05999999997556,1628040.0,21458200.0
294.06999999997555,1628680.0,21471900.0
294.07999999997554,1629320.0,21485600.0
294.08999999997553,1629960.0,21499300.0
294.0999999999755,1630600.0,21513000.0
294.1099999999755,1631240.0,21526700.0
294.1199999999755,1631880.0,21540400.0
294.1299999999755,1632520.0,21554100.0
294.1399999999755,1633160.0,21567800.0
294.1499999999755,1633800.0,21581500.0
294.15999999997547,1634440.0,21595200.0
294.16999999997546,1635080.0,21608900.0
294.17999999997545,1635720.0,21622600.0
294.18999999997544,1636360.0,21636300.0
294.19999999997543,1637000.0,21650000.0
294.2099999999754,1637630.0,21666200.0
294.2199999999754,1638260.0,21682400.0
294.2299999999754,1638890.0,21698600.0
294.2399999999754,1639520.0,21714800.0
294.2499999999754,1640150.0,21731000.0
294.2599999999754,1640780.0,21747200.0
294.26999999997537,1641410.0,21763400.0
294.27999999997536,1642040.0,21779600.0
294.28999999997535,1642670.0,21795800.0
294.29999999997534,1643300.0,21812000.0
294.30999999997533,1643930.0,21828200.0
294.3199999999753,1644560.0,21844400.0
294.3299999999753,1645190.0,21860600.0
294.3399999999753,1645820.0,21876800.0
294.3499999999753,1646450.0,21893000.0
294.3599999999753,1647080.0,21909200.0
294.3699999999753,1647710.0,21925400.0
294.37999999997527,1648340.0,21941600.0
294.38999999997526,1648970.0,21957800.0
294.39999999997525,1649600.0,21974000.0
294.40999999997524,1650230.0,21990200.0
294.41999999997523,1650860.0,22006400.0
294.4299999999752,1651490.0,22022600.0
294.4399999999752,1652120.0,22038800.0
294.4499999999752,1652750.0,22055000.0
294.4599999999752,1653380.0,22071200.0
294.4699999999752,1654010.0,22087400.0
294.4799999999752,1654640.0,22103600.0
294.48999999997517,1655270.0,22119800.0
294.49999999997516,1655900.0,22136000.0
294.50999999997515,1656530.0,22152200.0
294.51999999997514,1657160.0,22168400.0
294.52999999997513,1657790.0,22184600.0
294.5399999999751,1658420.0,22200800.0
294.5499999999751,1659050.0,22217000.0
294.5599999999751,1659680.0,22233200.0
294.5699999999751,1660310.0,22249400.0
294.5799999999751,1660940.0,22265600.0
294.5899999999751,1661570.0,22281800.0
294.59999999997507,1662200.0,22298000.0
294.60999999997506,1662830.0,22314200.0
294.61999999997505,1663460.0,22330400.0
294.62999999997504,1664090.0,22346600.0
294.63999999997503,1664720.0,22362800.0
294.649999999975,1665350.0,22379000.0
294.659999999975,1665980.0,22395200.0
294.669999999975,1666610.0,22411400.0
294.679999999975,1667240.0,22427600.0
294.689999999975,1667870.0,22443800.0
294.699999999975,1668500.0,22460000.0
294.70999999997497,1669130.0,22476200.0
294.71999999997496,1669760.0,22492400.0
294.72999999997495,1670390.0,22508600.0
294.73999999997494,1671020.0,22524800.0
294.74999999997493,1671650.0,22541000.0
294.7599999999749,1672280.0,22557200.0
294.7699999999749,1672910.0,22573400.0
294.7799999999749,1673540.0,22589600.0
294.7899999999749,1674170.0,22605800.0
294.7999999999749,1674800.0,22622000.0
294.8099999999749,1675430.0,22638200.0
294.81999999997487,1676060.0,22654400.0
294.82999999997486,1676690.0,22670600.0
294.83999999997485,1677320.0,22686800.0
294.84999999997484,1677950.0,22703000.0
294.85999999997483,1678580.0,22719200.0
294.8699999999748,1679210.0,22735400.0
294.8799999999748,1679840.0,22751600.0
294.8899999999748,1680470.0,22767800.0
294.8999999999748,1681100.0,22784000.0
294.9099999999748,1681730.0,22800200.0
294.9199999999748,1682360.0,22816400.0
294.92999999997477,1682990.0,22832600.0
294.93999999997476,1683620.0,22848800.0
294.94999999997475,1684250.0,22865000.0
294.95999999997474,1684880.0,22881200.0
294.96999999997473,1685510.0,22897400.0
294.9799999999747,1686140.0,22913600.0
294.9899999999747,1686770.0,22929800.0
294.9999999999747,1687400.0,22946000.0
295.0099999999747,1688030.0,22962200.0
295.0199999999747,1688660.0,22978400.0
295.0299999999747,1689290.0,22994600.0
295.03999999997467,1689920.0,23010800.0
295.04999999997466,1690550.0,23027000.0
295.05999999997465,1691180.0,23043200.0
295.06999999997464,1691810.0,23059400.0
295.07999999997463,1692440.0,23075600.0
295.0899999999746,1693070.0,23091800.0
295.0999999999746,1693700.0,23108000.0
295.1099999999746,1694330.0,23124200.0
295.1199999999746,1694960.0,23140400.0
295.1299999999746,1695590.0,23156600.0
295.1399999999746,1696220.0,23172800.0
295.14999999997457,1696850.0,23189000.0
295.15999999997456,1697480.0,23205200.0
295.16999999997455,1698110.0,23221400.0
295.17999999997454,1698740.0,23237600.0
295.18999999997453,1699370.0,23253800.0
295.1999999999745,1700000.0,23270000.0
295.2099999999745,1700679.9999999993,23287299.999999985
295.2199999999745,1701359.9999999988,23304599.99999997
295.2299999999745,1702039.9999999981,23321899.99999995
295.2399999999745,1702719.9999999974,23339199.999999937
295.2499999999745,1703399.999999997,23356499.99999992
295.25999999997447,1704079.9999999963,23373799.999999907
295.26999999997446,1704759.9999999956,23391099.99999989
295.27999999997445,1705439.999999995,23408399.999999873
295.28999999997444,1706119.9999999944,23425699.99999986
295.29999999997443,1706799.9999999937,23442999.999999844
295.3099999999744,1707479.9999999932,23460299.99999983
295.3199999999744,1708159.9999999925,23477599.99999981
295.3299999999744,1708839.9999999919,23494899.999999795
295.3399999999744,1709519.9999999914,23512199.99999978
295.3499999999744,1710199.9999999907,23529499.999999765
295.3599999999744,1710879.99999999,23546799.999999747
295.36999999997437,1711559.9999999895,23564099.99999973
295.37999999997436,1712239.9999999888,23581399.999999717
295.38999999997435,1712919.9999999881,23598699.999999702
295.39999999997434,1713599.9999999877,23615999.999999687
295.40999999997433,1714279.999999987,23633299.99999967
295.4199999999743,1714959.9999999863,23650599.999999654
295.4299999999743,1715639.9999999858,23667899.99999964
295.4399999999743,1716319.999999985,23685199.999999624
295.4499999999743,1716999.9999999844,23702499.999999605
295.4599999999743,1717679.999999984,23719799.99999959
295.4699999999743,1718359.9999999832,23737099.999999575
295.47999999997427,1719039.9999999828,23754399.99999956
295.48999999997426,1719719.999999982,23771699.999999546
295.49999999997425,1720399.9999999814,23788999.999999527
295.50999999997424,1721079.999999981,23806299.999999512
295.51999999997423,1721759.9999999802,23823599.999999497
295.5299999999742,1722439.9999999795,23840899.999999482
295.5399999999742,1723119.999999979,23858199.999999464
295.5499999999742,1723799.9999999783,23875499.99999945
295.5599999999742,1724479.9999999776,23892799.999999434
295.5699999999742,1725159.9999999772,23910099.99999942
295.5799999999742,1725839.9999999765,23927399.999999404
295.58999999997417,1726519.9999999758,23944699.999999385
295.59999999997416,1727199.9999999753,23961999.99999937
295.60999999997415,1727879.9999999746,23979299.999999356
295.61999999997414,1728559.999999974,23996599.99999934
295.62999999997413,1729239.9999999735,24013899.999999322
295.6399999999741,1729919.9999999728,24031199.999999307
295.6499999999741,1730599.999999972,24048499.999999292
295.6599999999741,1731279.9999999716,24065799.999999277
295.6699999999741,1731959.999999971,24083099.999999262
295.6799999999741,1732639.9999999702,24100399.999999244
295.6899999999741,1733319.9999999697,24117699.99999923
295.69999999997407,1733999.999999969,24134999.999999214
295.70999999997406,1734679.9999999683,24152299.9999992
295.71999999997405,1735359.9999999679,24169599.99999918
295.72999999997404,1736039.9999999672,24186899.999999166
295.73999999997403,1736719.9999999665,24204199.99999915
295.749999999974,1737399.999999966,24221499.999999136
295.759999999974,1738079.9999999653,24238799.999999117
295.769999999974,1738759.9999999646,24256099.999999102
295.779999999974,1739439.9999999641,24273399.999999087
295.789999999974,1740119.9999999634,24290699.999999072
295.799999999974,1740799.9999999627,24307999.999999058
295.80999999997397,1741479.9999999623,24325299.99999904
295.81999999997396,1742159.9999999616,24342599.999999024
295.82999999997395,1742839.999999961,24359899.99999901
295.83999999997394,1743519.9999999604,24377199.999998994
295.84999999997393,1744199.9999999597,24394499.999998976
295.8599999999739,1744879.999999959,24411799.99999896
295.8699999999739,1745559.9999999586,24429099.999998946
295.8799999999739,1746239.9999999579,24446399.99999893
295.8899999999739,1746919.9999999572,24463699.999998916
295.8999999999739,1747599.9999999567,24480999.999998897
295.9099999999739,1748279.999999956,24498299.999998882
295.91999999997387,1748959.9999999553,24515599.999998868
295.92999999997386,1749639.9999999548,24532899.999998853
295.93999999997385,1750319.9999999541,24550199.999998834
295.94999999997384,1750999.9999999534,24567499.99999882
295.95999999997383,1751679.999999953,24584799.999998804
295.9699999999738,1752359.9999999523,24602099.99999879
295.9799999999738,1753039.9999999516,24619399.999998774
295.9899999999738,1753719.999999951,24636699.999998756
295.9999999999738,1754399.9999999504,24653999.99999874
296.0099999999738,1755079.9999999502,24671299.999998726
296.0199999999738,1755759.9999999492,24688599.99999871
296.02999999997377,1756439.9999999485,24705899.999998692
296.03999999997376,1757119.9999999483,24723199.999998678
296.04999999997375,1757799.9999999474,24740499.999998663
296.05999999997374,1758479.9999999467,24757799.999998648
296.06999999997373,1759159.9999999464,24775099.999998633
296.0799999999737,1759839.9999999455,24792399.999998614
296.0899999999737,1760519.9999999448,24809699.9999986
296.0999999999737,1761199.9999999446,24826999.999998584
296.1099999999737,1761879.9999999437,24844299.99999857
296.1199999999737,1762559.999999943,24861599.99999855
296.1299999999737,1763239.9999999427,24878899.999998536
296.13999999997367,1763919.9999999418,24896199.99999852
296.14999999997366,1764599.999999941,24913499.999998506
296.15999999997365,1765279.9999999409,24930799.999998488
296.16999999997364,1765959.99999994,24948099.999998473
296.17999999997363,1766639.9999999392,24965399.999998458
296.1899999999736,1767319.999999939,24982699.999998443
296.1999999999736,1768000.0,25000000.0
296.2099999999736,1768639.9999999993,25015299.999999985
296.2199999999736,1769279.9999999988,25030599.999999974
296.2299999999736,1769919.9999999981,25045899.99999996
296.2399999999736,1770559.9999999977,25061199.999999944
296.24999999997357,1771199.999999997,25076499.99999993
296.25999999997356,1771839.9999999967,25091799.999999918
296.26999999997355,1772479.9999999958,25107099.999999903
296.27999999997354,1773119.9999999956,25122399.99999989
296.28999999997353,1773759.9999999949,25137699.999999873
296.2999999999735,1774399.999999994,25152999.999999862
296.3099999999735,1775039.9999999937,25168299.999999847
296.3199999999735,1775679.999999993,25183599.999999832
296.3299999999735,1776319.9999999925,25198899.999999817
296.3399999999735,1776959.9999999919,25214199.999999806
296.3499999999735,1777599.9999999914,25229499.99999979
296.35999999997347,1778239.9999999907,25244799.999999776
296.36999999997346,1778879.99999999,25260099.99999976
296.37999999997345,1779519.9999999895,25275399.99999975
296.38999999997344,1780159.9999999888,25290699.999999736
296.39999999997343,1780799.9999999884,25305999.99999972
296.4099999999734,1781439.9999999877,25321299.99999971
296.4199999999734,1782079.9999999874,25336599.999999695
296.4299999999734,1782719.9999999865,25351899.99999968
296.4399999999734,1783359.9999999858,25367199.999999665
296.4499999999734,1783999.9999999856,25382499.999999654
296.4599999999734,1784639.9999999846,25397799.99999964
296.46999999997337,1785279.9999999844,25413099.999999624
296.47999999997336,1785919.9999999837,25428399.99999961
296.48999999997335,1786559.9999999832,25443699.999999598
296.49999999997334,1787199.9999999825,25458999.999999583
296.50999999997333,1787839.999999982,25474299.999999568
296.5199999999733,1788479.9999999814,25489599.999999553
296.5299999999733,1789119.9999999807,25504899.99999954
296.5399999999733,1789759.9999999802,25520199.999999527
296.5499999999733,1790399.9999999795,25535499.999999512
296.5599999999733,1791039.999999979,25550799.9999995
296.5699999999733,1791679.9999999783,25566099.999999486
296.57999999997327,1792319.999999978,25581399.99999947
296.58999999997326,1792959.9999999772,25596699.999999456
296.59999999997325,1793599.999999977,25611999.999999445
296.60999999997324,1794239.9999999763,25627299.99999943
296.61999999997323,1794879.9999999753,25642599.999999415
296.6299999999732,1795519.999999975,25657899.9999994
296.6399999999732,1796159.9999999744,25673199.99999939
296.6499999999732,1796799.999999974,25688499.999999374
296.6599999999732,1797439.9999999732,25703799.99999936
296.6699999999732,1798079.9999999728,25719099.999999344
296.6799999999732,1798719.999999972,25734399.999999333
296.68999999997317,1799359.9999999714,25749699.99999932
296.69999999997316,1799999.999999971,25764999.999999303
296.70999999997315,1800639.9999999702,25780299.999999292
296.71999999997314,1801279.9999999697,25795599.999999277
296.72999999997313,1801919.999999969,25810899.999999262
296.7399999999731,1802559.9999999688,25826199.999999247
296.7499999999731,1803199.9999999679,25841499.999999236
296.7599999999731,1803839.9999999672,25856799.99999922
296.7699999999731,1804479.999999967,25872099.999999207
296.7799999999731,1805119.999999966,25887399.99999919
296.7899999999731,1805759.9999999658,25902699.99999918
296.79999999997307,1806399.999999965,25917999.999999166
296.80999999997306,1807039.9999999646,25933299.99999915
296.81999999997305,1807679.999999964,25948599.999999136
296.82999999997304,1808319.9999999634,25963899.999999125
296.83999999997303,1808959.9999999627,25979199.99999911
296.849999999973,1809599.999999962,25994499.999999095
296.859999999973,1810239.9999999616,26009799.99999908
296.869999999973,1810879.999999961,26025099.99999907
296.879999999973,1811519.9999999604,26040399.999999054
296.889999999973,1812159.9999999597,26055699.99999904
296.899999999973,1812799.9999999595,26070999.999999024
296.90999999997297,1813439.9999999586,26086299.999999013
296.91999999997296,1814079.9999999583,26101599.999998998
296.92999999997295,1814719.9999999576,26116899.999998983
296.93999999997294,1815359.9999999567,26132199.99999897
296.94999999997293,1815999.9999999565,26147499.999998957
296.9599999999729,1816639.9999999558,26162799.999998942
296.9699999999729,1817279.9999999553,26178099.999998927
296.9799999999729,1817919.9999999546,26193399.999998916
296.9899999999729,1818559.9999999541,26208699.9999989
296.9999999999729,1819199.9999999534,26223999.999998886
297.0099999999729,1819839.9999999527,26239299.99999887
297.01999999997287,1820479.9999999523,26254599.99999886
297.02999999997286,1821119.9999999516,26269899.999998845
297.03999999997285,1821759.999999951,26285199.99999883
297.04999999997284,1822399.9999999504,26300499.999998815
297.05999999997283,1823039.9999999502,26315799.999998804
297.0699999999728,1823679.9999999492,26331099.99999879
297.0799999999728,1824319.9999999485,26346399.999998774
297.0899999999728,1824959.9999999483,26361699.999998763
297.0999999999728,1825599.9999999474,26376999.99999875
297.1099999999728,1826239.9999999471,26392299.999998733
297.1199999999728,1826879.9999999464,26407599.99999872
297.12999999997277,1827519.999999946,26422899.999998707
297.13999999997276,1828159.9999999453,26438199.999998692
297.14999999997275,1828799.9999999448,26453499.999998678
297.15999999997274,1829439.9999999441,26468799.999998663
297.16999999997273,1830079.9999999434,26484099.99999865
297.1799999999727,1830719.999999943,26499399.999998637
297.1899999999727,1831359.9999999423,26514699.99999862
297.1999999999727,1832000.0,26530000.0
