name,ym,ap_m_dynamic,y_svm_edge,area_vv,area_svm,area_jrc
Long_Lake,2016-07,60.23039260061401,-0.029164923685666783,422.1668669395447,434.660635723114,417.057458552653
Long_Lake,2017-05,60.21648779081739,-0.07290419704281262,428.0976786354065,460.47362884182564,343.67517264535945
Long_Lake,2017-06,59.61075077917348,-0.03984593065404482,425.03362674304805,442.31142622616017,414.5459002776023
Long_Lake,2017-07,61.788311166591726,-0.043621140022197816,407.4899261647213,432.0506328523126,410.53817838871976
Long_Lake,2017-08,61.72437719201396,-0.03001765372378274,412.09610328795577,424.6537947122738,397.1142891235352
Long_Lake,2018-05,58.13763570958124,-0.0300437606213869,447.14949711156413,460.7873905549885,439.7324707880956
Long_Lake,2018-06,60.146010714634514,-0.04547119554275846,428.2748803006255,458.90363218383067,433.35928305652095
Long_Lake,2018-07,62.860329894934466,-0.11009504605320755,400.09821047312766,446.66330994825466,349.8857707458496
Long_Lake,2018-09,62.01049596625141,-0.05502079488044137,409.36485609175867,432.5195907813948,380.268693927002
Long_Lake,2019-05,60.2052757046072,-0.0751494767484609,423.1980308889492,456.2266403589951,374.2935589185049
Long_Lake,2019-06,60.54253831171558,-0.0633391695622019,419.2217906548004,457.77079375851406,424.416284259464
Long_Lake,2019-07,62.071825534103084,-0.08034653048642687,411.3813041111767,445.79850263546007,405.711844732666
Long_Lake,2019-08,60.72408469611306,-0.050706325441425226,410.9150095576878,432.2883010321364,377.42582638549806
Long_Lake,2019-09,61.9437740883805,-0.04588714275467623,415.9453672187805,435.4766009079058,373.8114500583544
Long_Lake,2020-06,60.34917459259359,-0.09503793899837465,412.52879831472615,453.6581570709162,354.3573752163039
Long_Lake,2020-07,59.25001232743176,-0.04992840535806933,416.2941001472941,437.6066236656212,402.22908463788207
Long_Lake,2020-08,61.22585040680857,-0.07130162279958371,407.1882371705864,437.28152100821563,395.1307080252853
Long_Lake,2021-05,61.1980269131473,-0.03165355225687283,446.8212470561537,461.1909530822377,442.8841345518823
Long_Lake,2021-07,61.596605588436475,-0.07678822159194788,397.72492789821365,429.468695132185,392.3021288708975
Long_Lake,2021-08,60.24057616139189,-0.06950382405012547,396.51553692426927,425.0552028457193,393.9255089795401
Long_Lake,2021-09,61.339963532521,0.008925341321970412,394.41281980180497,428.1490143516541,412.7728260879098
Wushantou,2015-10,49.31409521820756,0.11916215187811392,606.709233852201,538.5538560085297,525.5860147675877
Wushantou,2015-12,50.35026392913379,0.06310614984208913,615.9194956557478,537.0224560874939,557.2561529239191
Wushantou,2016-01,51.24866430741066,-0.13681193954173423,627.5731321458765,542.9689059631347,625.0690364410042
Wushantou,2016-06,50.61872779894598,-0.1321122054303584,602.2785286038627,523.4169914224065,599.8054391096766
Wushantou,2016-07,50.076652417013065,-0.1613086103682861,616.5251240157572,524.6810027275086,618.6772207882391
Wushantou,2016-09,51.5674161127328,0.12958220392229938,638.7931274573772,561.1557262161255,493.86857660522463
Wushantou,2016-10,52.50766238655559,-0.03548404374545672,632.2757502891541,548.5985183500342,599.495379450923
Wushantou,2016-11,50.88006724524868,0.03143651441224317,620.6013902796159,554.4770254722595,577.4598553526636
Wushantou,2017-01,49.96819423993068,-0.09884607268216315,610.0063420439492,552.5938488973012,639.5610034343166
Wushantou,2017-04,50.210677346188625,-0.13412285669470136,633.3030258802992,553.8124905663328,643.3519651626169
Wushantou,2017-05,49.119022949793376,-0.02830098687355928,533.8563213930677,549.1808083627561,522.8522325865503
Wushantou,2017-07,51.66577198819572,0.1325776565337218,626.8015470894507,548.9746810717753,518.1743199522729
Wushantou,2017-09,49.474057707931046,0.0990360721014877,633.565016317002,573.8261940979004,569.0550916747089
Wushantou,2017-10,50.6227443177439,0.07998923939297364,645.438433468362,577.6810165771229,586.6809907381664
Wushantou,2017-11,50.58871542782759,-0.06803872252644598,641.6421504446321,575.3697275435619,628.6289359431248
Wushantou,2017-12,49.079666855833956,-0.0855891000076047,629.0431569048199,577.4435947923171,669.6250093512562
Wushantou,2018-01,51.389098422371724,-0.1097786099537855,623.4348051196789,558.6178382982721,660.245243673
Wushantou,2018-03,50.36238414850519,-0.03944385727123479,618.1920038092195,559.1089087685823,599.6184984921923
Wushantou,2018-04,51.37268077262981,0.05506437602509692,579.3146532728131,548.277418257572,458.6654078461292
Wushantou,2018-05,46.33900780211802,-0.08077255726519278,507.21726500668603,549.8865584827967,337.7729468500593
Wushantou,2018-09,51.28492855577637,0.03600743599762678,615.7004435879497,565.3279188042405,579.450090067019
Wushantou,2018-10,49.16595205450875,-0.09813616753517033,611.744996248273,554.5624116872757,612.0919033632525
Wushantou,2018-11,50.1110244739808,-0.04027516872245079,606.1656205854985,558.3791852289212,593.6164162524653
Wushantou,2018-12,51.64330293646472,-0.07875670030613163,613.7516681513335,567.2690446632013,658.7562977681239
Wushantou,2019-02,50.78771775942383,-0.1427733436576884,617.695390221563,535.5113561033679,658.0086566059905
Wushantou,2019-04,50.51313485773116,-0.03315414673863183,618.4920183831881,554.9201560118793,595.636949914838
Wushantou,2019-07,50.43874726151037,-0.05701282071639755,625.6683554303281,577.4774023501626,618.4716101438515
Wushantou,2019-08,50.31289624665518,0.07027310738436944,624.5142474195336,569.0234117931819,575.5414831051337
Wushantou,2019-10,50.41021528987961,-0.07474110364387819,612.7578085583198,568.6292625758005,626.7460654038134
Wushantou,2019-11,50.594180940823996,0.024157138805840764,620.9188270650554,574.6989655248256,590.1901619765578
Wushantou,2020-01,49.822086936737236,-0.08369905779344868,620.535070006945,570.7110640735099,669.4618863011499
Wushantou,2020-02,50.92279587892806,-0.12299309440314735,630.0152213461848,557.1034142149441,651.6353187056238
Wushantou,2020-03,51.120908634986705,-0.10023654574566482,628.2680408984843,568.3459762365128,639.6690623558375
Wushantou,2020-04,51.119663137582826,-0.03188736254611513,617.5339531300685,562.3995282267953,598.7935961409266
Wushantou,2020-05,50.615994735941605,-0.06642208270872388,590.7189346331381,552.756868470434,600.3898838369332
Wushantou,2020-06,51.41764176380032,0.08045729680000135,617.7653690002202,570.0085876432851,515.0561867019234
Wushantou,2020-08,49.04534892650899,0.10907029412181193,620.8432184076498,556.6898650430473,480.39747890155866
Wushantou,2020-10,49.453380306344314,-0.0037338636599602154,622.5856541443221,557.6460971897734,590.3229754548436
Wushantou,2020-11,51.10478116834534,-0.04566769054614636,602.5830446726748,568.2587344582345,598.6846547518144
Wushantou,2020-12,49.34150443721621,0.0670528585407847,594.6787970589756,546.1456744910713,551.1059920995855
Wushantou,2021-02,49.929791841034366,-0.12923463042770325,606.4467544539943,530.0928629681697,604.8326957883589
Wushantou,2021-03,50.31598277249636,-0.008010584837399781,520.1006149836246,524.2836570218893,515.78861055688
Wushantou,2021-04,47.56214443613062,-0.07043270057943124,495.0909679549874,531.218922609579,486.4556960356111
Wushantou,2021-05,46.841579516596646,0.07340153196227414,488.20455297068656,525.3874634025989,543.5196440638883
Wushantou,2021-07,51.55206970007769,0.09682669604726282,605.3328913762596,549.4687181283349,513.71270642401
Wushantou,2021-08,50.07749130968259,0.002499024770405339,639.047811135286,553.0816799082415,593.7705535474113
Wushantou,2021-09,50.24203945297322,0.047955969444114906,618.5844824465291,554.3150933146618,571.6949503554162
Wushantou,2021-11,51.48970702592639,-0.05010114538701292,605.9616426687365,561.8562362109067,598.2937904112573
Wushantou,2021-12,50.65875316472211,-0.0965539851017929,633.485738285871,574.4565913644639,633.0870951443303
Songhuaba,2017-03,56.0533578756767,0.05232365899888872,343.7815299249387,295.67692138377356,310.5904125746304
Songhuaba,2017-05,51.61909417919307,0.1106119152134916,320.5476189970268,270.2115930964876,278.4704998915249
Songhuaba,2017-11,61.58603684048303,0.08392812352067146,341.1271352798926,313.66549483976473,310.5907258253628
Songhuaba,2017-12,61.135543883114906,0.076763756212551,337.76144265429133,312.80378191499,305.23798216081207
Songhuaba,2018-01,59.85451426922585,0.01305749641910172,339.8239823045019,310.26398260597523,322.5947494947964
Songhuaba,2018-02,60.65474698571792,-0.011941425068610824,332.22315213301545,300.1052267785418,317.647012013107
Songhuaba,2018-03,59.488727049101215,-0.06496476675195109,326.4087083847121,292.49529828048253,319.188497950607
Songhuaba,2018-04,55.90780988163327,-7.682324205753738e-05,318.3007304790179,286.8061165120653,302.1549435316617
Songhuaba,2018-11,60.04635990364173,0.021908448234558058,339.7735300336164,306.7129574753124,319.30334917681523
Songhuaba,2019-01,59.434570809824606,-0.02408054341658767,332.7723101668492,303.4486623326829,321.6216147779996
Songhuaba,2019-04,57.70089009830052,0.11411231835906036,331.60420431613795,294.8406043971543,295.34150621476715
Songhuaba,2019-05,55.23047216077309,0.12265847901196907,319.1723840647676,282.32894611894073,277.00483323364256
Songhuaba,2019-08,54.10613524670079,0.13198257356930893,308.92743688435,270.73049527165585,261.4316962890625
Songhuaba,2019-09,57.031096178002045,0.12174554380375405,309.9906195021953,274.45751963543626,271.2515334669644
Songhuaba,2019-10,56.679083699881545,0.08331227774947174,318.74516253615377,287.53970160559084,290.3886774658203
Songhuaba,2019-11,58.350570214405636,0.10149510550568075,328.4629194439068,296.76151832338076,291.77222840714995
Songhuaba,2019-12,57.71176328882223,0.004010184357906427,335.72924739616934,298.73692060133817,316.0590555122645
Songhuaba,2020-01,57.86822703591408,-0.03334453664227171,329.58598216919586,295.55929692553076,317.3564669562366
Songhuaba,2020-02,57.70439731877219,0.10045070318487814,326.5070626613594,295.3026836915471,285.1204090040738
Songhuaba,2020-03,57.353045890797176,-0.06759782475443751,322.65983417041315,282.65071355669704,312.3749339918667
Songhuaba,2020-04,55.7649371173257,0.127885956965078,310.04029778857665,272.8211152542023,257.4589451171875
Songhuaba,2020-05,53.79137369352585,0.1746098694637548,323.5002839770905,271.6705509114201,265.0003870056152
Songhuaba,2020-11,59.77238056253983,-0.02643790549303382,334.01977247750517,295.0977283228435,318.1338925245816
Songhuaba,2021-01,58.84373342963295,-0.08220263980860977,330.1147654513324,295.17008582825815,325.2510612015549
Songhuaba,2021-03,56.66618763792067,-0.05179197343049426,333.936400396111,294.7129016648158,321.9422234069106
Songhuaba,2021-04,57.26183277414612,0.13487615436922096,330.30940396323103,288.632325661908,286.41969401994294
Songhuaba,2021-05,54.95109355200357,0.15919470924613482,325.2105044679454,277.349368465489,271.57055866088865
Songhuaba,2021-11,59.77934178853238,-0.017574979769605724,332.95080137946303,303.2667549619817,320.5669851088101
Grandval,2015-04,65.02861078475757,-0.19218710122125654,707.4467228528288,524.1920803329926,670.3860923116288
Grandval,2015-06,61.187596258952944,0.30870841879711625,733.837369015338,530.9725250136803,534.9346808380486
Grandval,2016-03,62.05029539873315,-0.35623135198516614,678.3268725759337,475.0394877667956,694.766857021269
Grandval,2016-07,65.76305687048315,-0.2690913753616466,684.9853529862362,514.5423292282104,679.1780572164139
Grandval,2016-08,61.679750124865656,-0.1905876679117417,694.7911041519617,508.56839663314815,653.8639523671349
Grandval,2016-09,58.185204325202626,0.06437523641251675,708.4085045065067,458.19493170435703,551.681116388107
Grandval,2017-03,62.52311178634816,-0.2977189715472921,645.2009928217212,479.06817424999946,670.4949999900189
Grandval,2017-04,63.871369809515656,-0.31098607780716864,671.609845095285,464.29862131434646,652.3595022908768
Grandval,2017-05,63.10646672992351,0.3220718070328019,683.8774256884246,491.7105336038596,493.6360696950157
Grandval,2017-06,62.74278408615288,-0.2570006018098245,696.055517597877,454.1869473697586,639.3611397298416
Grandval,2017-07,61.50200400885322,-0.2331833734200613,682.4157589923608,455.70921158496066,626.6189919026932
Grandval,2017-08,63.24758022020432,-0.26163500214439717,652.6097689133322,471.1951507388229,632.034099879988
Grandval,2017-10,57.50239540600395,-0.04989995396829455,655.1628163222051,469.95785179394136,568.904950415039
Grandval,2018-03,58.77940225243218,-0.35159757572725187,632.9409791028286,410.80775808331305,607.9241119903924
Grandval,2018-04,55.27512317759189,-0.2649643913025592,620.3311251523279,391.1389821758744,562.3589655792596
Grandval,2018-05,61.271676087354116,-0.19181700309132177,650.0640241453284,486.8696954647001,619.2085873616776
Grandval,2018-06,64.18018462382406,-0.10330947291793245,768.3160848924875,578.4372687473391,701.9908688619217
Grandval,2018-07,67.44954602363642,-0.2063024762781043,766.1520055056363,563.656387308891,728.5556009297928
Grandval,2018-08,67.09499310560136,-0.23771593141083963,676.8196584328416,533.6226400641482,706.7514156275371
Grandval,2018-09,61.26445815191928,-0.3017796045241458,652.4159585318008,472.542337030411,645.673940744222
Grandval,2019-03,73.16326156300117,-0.23160115865420222,682.7137702665373,541.5711953760141,743.1420450387274
Grandval,2019-04,72.8101889351552,-0.23296159609481837,693.9970907642248,549.7733885040277,727.6620175790106
Grandval,2019-07,65.31495223766397,-0.2599982188417065,796.4505716076546,512.2753033426559,727.4263347358254
Grandval,2019-08,70.33993838641899,-0.23076270617641315,700.5949932969812,556.2218682416564,726.3401478827981
Grandval,2019-09,68.98283724398463,-0.038793230591612146,684.9236470031824,543.4688637212076,622.0599728322228
Grandval,2019-10,69.3461632813009,-0.243780846838289,682.7623220304064,535.0530821782093,703.3505964896168
Grandval,2020-03,68.58406006991913,-0.26132411569534664,662.3229812830019,510.0094262536576,728.8032839486395
Grandval,2020-04,68.04875467205844,-0.26269171884195786,686.4307406935143,527.850771340328,722.863554097685
Grandval,2020-05,67.6172118742926,-0.21953537661593892,755.5248847217331,549.7895591001982,719.2736191901712
Grandval,2020-06,66.35256851818392,-0.2309160915967773,800.3444234453393,562.71508140575,753.2263964667825
Grandval,2020-07,64.44457003460978,-0.21408883393672057,821.9399520005524,560.0605850682276,755.1380425605325
Grandval,2020-08,69.1393922497186,-0.26256021731634044,717.1087251464178,551.5140149349918,759.5121849068914
Grandval,2020-09,70.9766935994078,-0.21166368064193442,687.5841933220648,556.4184418305471,764.9933917977606
Grandval,2021-03,67.33142911789254,-0.23519320066331956,641.9228807890042,507.3874801936468,642.8082601534018
Grandval,2021-04,58.26697774227535,-0.2874735071079404,649.3518482692151,422.72210099450945,604.9111596832635
Grandval,2021-05,56.33210190143518,0.1858495465781443,640.5326645062088,421.14752907368546,473.2940591125488
Grandval,2021-06,61.60536245928517,0.15475671042577044,662.4701389394914,474.29268345685654,518.8016796224198
Grandval,2021-07,63.45389370815488,-0.2331681034033106,640.8177985349089,507.54078258290394,649.2329580281814
Grandval,2021-08,62.51250150481583,-0.25074358743023983,648.2182798181673,504.4576560539485,659.6809272969803
Grandval,2021-09,60.39502213593591,0.10379692623853821,650.519132346987,484.5352272979099,533.032266652449
Sarrans,2015-07,85.09452043596764,-0.033018353676409984,523.3171002879767,441.0758289563406,488.4374295410156
Sarrans,2016-03,79.48581656332605,-0.20492078612977788,541.6160539495156,441.2610174839019,610.6130702147241
Sarrans,2016-05,72.94712193447823,-0.04416578457102152,547.2342253246263,424.32835751646473,492.6382537109375
Sarrans,2016-07,83.49820737903843,-0.1261861610908952,522.6768190315338,460.7138687475981,593.6457990721459
Sarrans,2016-08,86.15313388816158,-0.11799413009655263,508.25487527079275,451.6867527251336,596.3897679136987
Sarrans,2016-09,86.71600741553586,-0.1216732691345905,505.69752575562376,447.76361417409873,557.410421661377
Sarrans,2016-10,85.14174067669235,-0.12988559148271014,510.79444494070094,448.5775864029102,521.1848185974121
Sarrans,2017-03,68.13438172077021,-0.4344206660156088,470.7982457362256,304.90766200020454,504.2126049072265
Sarrans,2017-04,69.771534402752,-0.4706169774925208,482.33218875030576,301.2727761594744,489.2851808288575
Sarrans,2017-05,77.7770697251687,-0.32318739700453014,509.71060026631477,368.94800165795385,571.5632123657226
Sarrans,2017-06,77.8803140681502,-0.22757805404678033,512.7330753690517,408.37151448149734,545.347784576416
Sarrans,2017-07,74.83074161948092,-0.16845952954489204,522.2251075978547,441.2621776715402,552.5551002990723
Sarrans,2017-08,79.95353882747885,-0.12929849459653495,501.81860108792597,440.9538437968634,571.8828933166504
Sarrans,2017-10,75.92227149055387,-0.16670944024965967,490.8779541076931,415.5014444382365,538.3347811584473
Sarrans,2018-03,76.2505934051752,-0.1266505668987375,503.49569943727556,443.6005981555645,574.1889155638452
Sarrans,2018-04,82.31889119562251,-0.1401267185532616,519.4091957228343,451.4954453687569,575.2141996641869
Sarrans,2018-05,74.12583358592718,-0.18039708480987077,513.6172110846322,428.838837285614,515.8178745361328
Sarrans,2018-06,75.41445026722464,-0.16852290277040183,518.996681688418,438.5064788410187,563.0813243835449
Sarrans,2018-07,87.04391811865048,-0.09677440298631396,492.5734642345151,447.13886774368285,593.4411624694824
Sarrans,2018-08,88.27905125262706,-0.13345197298995626,500.6274560371869,438.08381510747824,603.1505808897729
Sarrans,2018-09,81.78956458958491,-0.16426637633811594,503.4133020173552,427.1542248613731,592.2303979187012
Sarrans,2019-03,89.01650260224423,-0.32143505794576277,482.0840695453958,349.56287978515627,592.4213372741699
Sarrans,2019-04,74.64341938921989,-0.41961348239615937,483.0462807304352,317.50672080031154,570.8632751708984
Sarrans,2019-08,75.58540759114868,-0.16301774930702967,490.41721059513026,416.64674551184595,569.3958497619628
Sarrans,2019-09,76.84584119153716,0.14734121868673145,478.56013507067803,412.99713605226634,397.48651489868166
Sarrans,2020-03,90.8349199535385,-0.1715821291814889,503.2379579416536,423.89297523514256,627.6406583919031
Sarrans,2020-04,83.77987282240768,-0.33825470442106625,508.50954767071704,362.5742522231547,617.1812375239832
Sarrans,2020-05,84.68583246168593,-0.17818338152842705,505.30161480129493,422.83081161400605,585.4053708984375
Sarrans,2020-06,83.81408147766678,-0.14720595170536352,517.2605048719137,446.45592078388205,537.2382142819154
Sarrans,2020-07,86.15625867849239,-0.1821061209230189,516.2725387965025,430.3198120018149,607.8701291685815
Sarrans,2020-08,82.12308803169638,-0.2860749828225657,518.7795413694101,389.71045266359874,610.1662135863061
Sarrans,2020-09,84.37970342557666,-0.1477024412611939,506.83688826370656,437.24198845861815,617.3713555476648
Sarrans,2021-03,89.37062666611047,-0.2576295456472867,499.83480070216035,386.31306871658217,613.2902084468348
Sarrans,2021-04,80.1810560841454,-0.31474392869615975,484.9999887476813,354.0382432366326,581.324861126709
Sarrans,2021-05,70.54336848738362,-0.2639929630959976,493.6907401180207,367.2717952006641,485.8996913574219
Sarrans,2021-06,76.98757563102195,0.17109996783862147,498.7079462003039,420.2797993560647,389.3905493530273
Sarrans,2021-07,79.27978435834494,-0.11137999617631344,490.24553242758645,438.57303571383835,553.130791015625
Sarrans,2021-08,78.02430046311753,-0.15009335434247192,501.7533743608932,431.8228170937211,589.8070757385254
Sarrans,2021-10,68.87597940003224,0.16377347633721667,473.13659341490427,401.66188453731104,360.03437721557617
Rappbode,2015-03,65.56373047457643,0.043095698146897496,334.57650410671334,297.47451678397255,308.7553498599542
Rappbode,2015-04,71.37981748751312,0.015047969144152955,329.1801760051567,298.6850206871553,311.21171225619446
Rappbode,2015-05,74.0749522201029,-0.00044481819037311965,333.56915906824946,281.6435824441212,306.5769264895929
Rappbode,2015-07,67.73352165479358,0.1100226185842358,330.8489084512904,276.1441142766438,286.08272940096987
Rappbode,2015-08,67.55668603092838,0.05123291342270698,310.2462076782617,271.20488037478503,282.73326290316714
Rappbode,2016-03,72.10190405709832,-0.10791071439301096,323.9275235874252,290.7922468186567,328.9132035953058
Rappbode,2016-04,69.68567655901293,0.12281076611957593,320.6308172740943,283.5758378918299,282.0137957156672
Rappbode,2016-05,69.85896337984914,-0.1269109276398958,318.7697252331975,280.7762391059088,320.5925800174249
Rappbode,2016-06,75.04626646746885,0.0010502408596504698,316.2208118584532,270.2584368544607,292.18424741210936
Rappbode,2016-08,69.55184731437629,-0.10575847686021225,302.00243830820847,258.6860982872511,294.6842545291437
Rappbode,2016-09,65.63064043754066,-0.08183717984489486,287.75010003433675,241.15151899243142,274.42486572265625
Rappbode,2017-03,71.0692309698402,-0.14392970244079173,302.44089893319995,261.8982790609466,318.7507902835382
Rappbode,2017-04,70.37410028387784,-0.14955243374457272,315.2172090227278,271.4314224757569,317.4655597720636
Rappbode,2017-05,73.06163231703064,0.13984356451492463,315.0688984321053,273.9505938121173,233.62217321166992
Rappbode,2017-06,71.58639055210382,0.14198822222884955,314.47752444589196,272.85059844930703,209.54424057006835
Rappbode,2017-07,70.89032611629493,0.12436693027603789,310.63434486388684,274.3074479626395,264.31649552001954
Rappbode,2017-08,72.93124326243152,0.09512967398457114,316.1805830161452,281.17895525814896,284.3163651184082
Rappbode,2018-04,70.4797700399694,-0.04753459778494693,325.33166111758476,290.02951134856636,314.5620073184503
Rappbode,2018-05,72.00890474915526,0.13245507922802,315.87449785806916,276.68782823489147,267.2684542056573
Rappbode,2018-07,70.79241755791558,0.004871515720214548,304.2302395498674,259.4732247202197,280.27839904208315
Rappbode,2018-08,69.35338967894248,-0.11646605467286697,292.73202081035555,238.1833723501024,279.88596287264954
Rappbode,2018-09,63.166863791972375,-0.22241888848692154,281.6272872935459,225.46515686720517,286.58549018588195
Rappbode,2019-04,72.02101351914355,-0.12618267609033584,316.08908472080236,278.61792851306177,331.53784143710266
Rappbode,2019-05,72.63333139542122,0.06950717089086589,317.7974859716202,278.9883983817906,287.590814038421
Rappbode,2019-06,72.3016825257854,0.09415590096057011,315.9170868277091,275.85354841993325,281.63080159912107
Rappbode,2019-07,71.85128965026574,-0.07176735519668259,311.34877779627567,267.22435992499544,298.98244459872376
Rappbode,2019-08,71.06798875822483,-0.11539383569753088,307.22673394020154,260.70626641033243,299.8214430484308
Rappbode,2019-09,69.59845642890063,-0.11103802180198816,293.5627689379964,254.3921912033079,288.8776721866144
Rappbode,2020-04,71.70060869190505,-0.11429620331640347,309.02714344176286,275.65026670288654,336.3398457522882
Rappbode,2020-05,70.54463617043187,-0.11928788733946799,307.3980613700554,272.8318406835828,319.4205343814386
Rappbode,2020-06,71.49157275263208,-0.0710307520069451,306.3057767724456,270.30329886324733,298.14490943637026
Rappbode,2020-07,70.57508344445125,-0.09792944686689298,299.99229641178033,265.85403579459586,296.5799510684503
Rappbode,2020-08,70.6639390274935,-0.10871369026556447,291.12102299988135,261.131830380313,297.7541692203058
Rappbode,2020-09,68.79712555105907,-0.11571106087654079,281.71435306292005,250.9321450902281,284.8555850101007
Rappbode,2021-04,68.0338128629528,0.13023231542299057,320.11761384240833,281.0285192286884,240.8261398803711
Rappbode,2021-05,71.78530213505029,-0.005868225439318017,312.81619635860125,280.05818991280097,296.8540806277765
Rappbode,2021-06,72.37203378903192,0.08929857574419536,303.48950474482274,277.5631440465507,228.31276342163085
Rappbode,2021-08,71.18640799040193,0.09298130241434,295.89742142706734,269.6248484453015,252.14627556762696
Rappbode,2021-09,70.77445421819007,-0.0899307944907875,289.9568562087876,262.640819314841,288.65296797518863
Karapuzha,2016-10,87.27285068989605,0.12391012583927927,1063.834752785785,939.8546394927107,858.7736012612734
Karapuzha,2016-11,85.56581311709091,0.11611748795284961,1051.3200427352713,904.5835950871855,920.1894157402008
Karapuzha,2016-12,83.63385680513011,-0.07326886853988539,1014.1923316901646,801.0605888525097,934.9814114833696
Karapuzha,2017-01,78.07564894414567,-0.049043863961204553,1005.8362343485654,766.954357896758,900.1152875256826
Karapuzha,2017-02,72.9743147973737,0.00452073017684293,947.4284499280086,827.7127041038697,883.5504600149836
Karapuzha,2017-03,64.28723224882823,0.14947937252388116,889.1191571793886,765.670475913416,698.7289542663574
Karapuzha,2017-05,48.336269105845815,0.037915136377997594,620.1926834064292,357.4890931150025,462.02082368774415
Karapuzha,2017-10,92.30545477068628,0.10445034688542938,1078.669347754436,971.6864092513288,933.5789936157466
Karapuzha,2017-12,74.04262048922844,0.03690661238022047,1043.378830404549,811.9798368447606,903.6067445612172
Karapuzha,2018-01,74.54691264732416,0.17143413894702658,972.8352908430364,819.5706857563841,762.7350066926845
Karapuzha,2018-03,59.193686088043265,-0.14875589970293907,882.2518553250595,639.1121584821149,808.8849651202752
Karapuzha,2018-09,86.4800884045692,0.10310311432330604,1060.5583556605688,956.6596491941946,936.212602310312
Karapuzha,2018-10,81.35839725117536,0.07020876467823017,1012.4786725788549,881.5885773560889,912.179440612434
Karapuzha,2018-11,72.48376622894563,-0.044896711625234384,971.9897348604148,780.831240555004,890.9608616799986
Karapuzha,2019-01,67.89427027462966,-0.006167446890032402,929.0379102855877,752.4443300812416,838.6739413439702
Karapuzha,2019-02,60.227790192819576,-0.2013891957996947,800.6984902203199,634.8036499397164,788.470266572098
Karapuzha,2019-03,52.17123701312627,-0.16871215012645424,747.296381957215,554.8045390808105,700.5704590942382
Karapuzha,2019-10,88.0954327734805,0.13636374845613178,1079.1871614319148,885.1673852096214,912.956479128753
Karapuzha,2019-11,85.22916958409563,-0.017967060657932854,1035.9661780429687,762.1799859734699,896.608922418237
Karapuzha,2020-01,77.02513026745686,-0.10412829246068825,996.9518061590002,791.5044776366802,935.7825484240964
Karapuzha,2020-03,61.522238063165844,-0.0766515990651982,863.4003820685392,710.1870231317283,813.6491361886776
Karapuzha,2020-05,49.906579634270315,0.13636009187556294,691.4123656590036,491.6894724752433,544.6328195800781
Karapuzha,2020-11,86.11210858528258,0.11252781885655583,1073.628644909382,959.3650200616323,685.9422927453613
Karapuzha,2020-12,82.10554608714479,0.07056069282123847,1036.7713975237957,908.0660667533393,936.6517899460258
Karapuzha,2021-01,74.17327958705808,0.048912849921180446,972.6076085278801,829.7292688460569,876.628823253509
Karapuzha,2021-03,55.43556785805686,-0.1324324879565339,807.6744413938806,616.5206749697514,753.9617989111567
Karapuzha,2021-04,47.77416287226785,0.21378917911381573,673.3322167482996,477.4314841591922,509.5027054382324
Sau,2015-02,68.48657203646934,0.29078243373954266,593.192981114357,443.5175374291297,432.4202516317211
Sau,2015-04,71.48812870528549,0.28712429108529985,624.0319551581046,446.8166088724729,457.4249203878246
Sau,2015-05,71.01174433771729,0.3112147758770361,622.3837563404585,444.02008436693,449.9362685750805
Sau,2015-06,70.96095040544138,0.2775708797819367,619.159596236066,443.44777106355355,456.088153145393
Sau,2015-07,66.38388776540728,0.2242893800132312,590.2814442359008,436.47519126692305,453.7383919067383
Sau,2016-03,65.9744276391089,0.32805943217281114,577.3312387131047,408.33791612896414,412.0834588256836
Sau,2016-04,65.67651513300942,0.2904266785245,571.0388303061341,403.154206809066,414.9569726074219
Sau,2016-05,61.990849788742565,0.34587889045823816,549.7847147944838,389.0266629253507,366.6809704284668
Sau,2016-07,63.85573950876281,0.24212881846992582,547.0867178948098,384.3398184253788,406.26384174194334
Sau,2016-08,64.9634040679089,0.3012103864022848,549.1919098963172,370.36198004261007,387.9433036193848
Sau,2016-09,61.19155713686072,0.2689265239750193,538.7627600016785,357.39562217349277,383.5983637878418
Sau,2017-03,65.13906023433779,0.21593650656418034,579.1680519116175,411.12459738723317,438.02511530151367
Sau,2017-04,69.33069660047519,0.2010048483328864,590.0524799297659,429.5096896121475,455.28585185144766
Sau,2017-05,69.40096393361928,0.28857121965953697,587.0108316748166,434.61360143833974,437.2323329610668
Sau,2017-06,67.13716895596127,0.24102303439547104,573.4338774608376,423.9654579690365,437.08854379272464
Sau,2017-07,67.2861701623024,0.2562328999867743,576.9563621258571,410.08917056616275,427.92766744384767
Sau,2017-08,63.51547624086562,0.38429273370061856,557.9782676329992,377.6232890223978,378.7825125732422
Sau,2017-09,61.726351736397824,0.3490509950645171,542.5207745694639,345.8684133187999,363.8045922729492
Sau,2017-10,59.55565381572163,0.43807272073936265,531.9590780638772,334.3927484984731,338.79832548828125
Sau,2018-04,60.48487656460652,0.02398116026806732,538.166303723692,346.036772392451,426.3948340148926
Sau,2018-06,67.27065322473543,0.204759384406,584.100726161879,435.9005343213067,455.4855862691723
Sau,2018-07,66.19598729883559,0.17663721896302295,573.8794221764589,439.88899633835274,459.96585189417226
Sau,2018-08,67.26822555991657,0.1988700551198405,585.6989926887273,443.3967721454613,461.3700708822094
Sau,2018-09,67.31438742626156,0.17849035973251032,585.6441365432879,441.5739516777592,465.1145588765942
Sau,2018-10,67.77753863983443,0.22046150046932628,592.4187454562019,443.4035601765333,459.03032505701407
Sau,2019-02,68.55202024865889,0.31321913018347797,599.0257373583231,437.94154134416175,427.7953837463379
Sau,2019-03,67.01870716583974,0.19082043398707865,586.7227962685947,435.6450591507882,459.56478946131097
Sau,2019-05,67.13810091128737,0.2556628522244395,577.1247579157911,434.82443768477305,440.8342628540039
Sau,2019-06,66.93537163810896,0.2878386825487582,581.918977792627,436.370887905744,422.24535349121095
Sau,2019-07,63.76899259124239,0.2687609117243929,549.3082124345772,407.08484145094917,413.41841823120114
Sau,2019-08,59.75440862657244,0.3641753579600267,519.2216572147478,360.739293664946,360.26232333984376
Sau,2019-09,61.58821002593973,0.3902317034106663,516.3168072343034,335.72607742333213,342.5412921447754
Sau,2019-10,60.4842305399715,0.3520168862017712,521.4579146784437,330.14990351502917,347.95711674194337
Sau,2020-03,66.51281646147373,0.27447286138928234,580.1056542526574,440.8644189109359,432.6804677551269
Sau,2020-04,67.37387340483156,0.20888053962399475,586.7445002655234,441.2475692896754,458.361195924934
Sau,2020-05,67.27629386783211,0.28230654405038824,582.6420696905785,439.33688391742726,422.05454301355707
Sau,2020-06,66.99029270430682,0.24929874516264194,583.5394902300623,444.48395428519484,449.6024146444164
Sau,2020-07,68.36239598425803,0.2644116857500457,586.8393074365523,443.1263314869978,446.7937698690258
Sau,2020-08,67.65276795380186,0.25861596980348284,592.9344767691765,437.86642908563937,447.7302443990551
Sau,2020-09,69.59873710745363,0.21305407603314142,592.6723576302936,437.7663196532063,457.8934212911449
Sau,2020-10,69.73830383907679,0.24064736935871767,610.6856142980635,447.9086414724787,463.7112722310864
Sau,2021-03,69.25245208721947,0.21232260264198016,598.4042228726169,443.6806259506164,463.3693354311954
Sau,2021-04,69.23519109251042,0.2954778447161642,591.077734784521,439.8658064169503,422.24260897647633
Sau,2021-05,65.66856060724847,0.22954260658620457,574.3276550172271,442.51505057265706,449.4685862325512
Sau,2021-06,71.1926628087397,0.26048481551224334,600.9823988986177,439.1677590472632,451.0062311422192
Sau,2021-07,67.64972486210114,0.20322999391981122,578.4457056212249,433.70314986773053,452.47725835169183
Sau,2021-08,68.23582036073296,0.22161958377800728,589.2511554789969,435.96151925726457,453.68061075037343
Sau,2021-09,68.61647097418391,0.2923137721922177,580.6783712731144,433.4962967619288,394.4221843793084
Susqueda,2015-02,68.48657203646934,0.3004387612872476,593.192981114357,439.25539823902506,432.4202516317211
Susqueda,2015-04,71.48812870528549,0.28180197611027774,624.0319551581046,444.4448274267278,457.4249203878246
Susqueda,2015-05,71.01174433771729,0.30983423983221653,622.3837563404585,443.4075215656403,449.9362685750805
Susqueda,2015-06,70.96095040544138,0.27244486564897374,619.159596236066,441.1804676012871,456.088153145393
Susqueda,2015-07,66.38388776540728,0.20883425539427963,590.2814442359008,429.78127370029057,453.7383919067383
Susqueda,2016-03,65.9744276391089,0.3234383398940696,577.3312387131047,406.4553021542622,412.0834588256836
Susqueda,2016-04,65.67651513300942,0.2518271479307047,571.0388303061341,387.8891509320531,414.9569726074219
Susqueda,2016-05,61.990849788742565,0.3556857155531551,549.7847147944838,385.23019257185535,366.6809704284668
Susqueda,2016-07,63.85573950876281,0.2181284482036341,547.0867178948098,375.2253334863284,406.26384174194334
Susqueda,2016-08,64.9634040679089,0.2905726593784163,549.1919098963172,366.44305160022463,387.9433036193848
Susqueda,2016-09,61.19155713686072,0.26271253826484636,538.7627600016785,355.1816567831741,383.5983637878418
Susqueda,2017-03,65.13906023433779,0.20676939746632683,579.1680519116175,407.3729952954051,438.02511530151367
Susqueda,2017-04,69.33069660047519,0.200610006637225,590.0524799297659,429.3401347538647,455.28585185144766
Susqueda,2017-05,69.40096393361928,0.2783159617786251,587.0108316748166,430.17930317611473,437.2323329610668
Susqueda,2017-06,67.13716895596127,0.23618905758694506,573.4338774608376,421.92096427634124,437.08854379272464
Susqueda,2017-07,67.2861701623024,0.2470558395010712,576.9563621258571,406.34297327445114,427.92766744384767
Susqueda,2017-08,63.51547624086562,0.37928156179793965,557.9782676329992,375.7356873050911,378.7825125732422
Susqueda,2017-09,61.726351736397824,0.3445041070089213,542.5207745694639,344.29935822365263,363.8045922729492
Susqueda,2017-10,59.55565381572163,0.4391665204566645,531.9590780638772,334.75870729857854,338.79832548828125
Susqueda,2018-04,60.48487656460652,0.013889938825771553,538.166303723692,342.56239851684137,426.3948340148926
Susqueda,2018-06,67.27065322473543,0.20389042029991503,584.100726161879,435.5219169294444,455.4855862691723
Susqueda,2018-07,66.19598729883559,0.17285511597520387,573.8794221764589,438.22843304112956,459.96585189417226
Susqueda,2018-08,67.26822555991657,0.19552837641066398,585.6989926887273,441.91755550215834,461.3700708822094
Susqueda,2018-09,67.31438742626156,0.18174197039678897,585.6441365432879,443.0121151548135,465.1145588765942
Susqueda,2018-10,67.77753863983443,0.22194616601354789,592.4187454562019,444.0623550885545,459.03032505701407
Susqueda,2019-02,68.55202024865889,0.32696906372130535,599.0257373583231,431.96108392538764,427.7953837463379
Susqueda,2019-03,67.01870716583974,0.18511982332149474,586.7227962685947,433.1686814190648,459.56478946131097
Susqueda,2019-05,67.13810091128737,0.25132010092963336,577.1247579157911,432.9401976492472,440.8342628540039
Susqueda,2019-06,66.93537163810896,0.3045176328949874,581.918977792627,429.15303992328916,422.24535349121095
Susqueda,2019-07,63.76899259124239,0.26137936625178904,549.3082124345772,404.0909894039584,413.41841823120114
Susqueda,2019-08,59.75440862657244,0.3654779677763363,519.2216572147478,360.26969703687877,360.26232333984376
Susqueda,2019-09,61.58821002593973,0.3900597779027254,516.3168072343034,335.6683625084173,342.5412921447754
Susqueda,2019-10,60.4842305399715,0.34955135546539107,521.4579146784437,329.336911420636,347.95711674194337
Susqueda,2020-03,66.51281646147373,0.27913650299862836,580.1056542526574,438.81317212057104,432.6804677551269
Susqueda,2020-04,67.37387340483156,0.20240167577105053,586.7445002655234,438.39802722795,458.361195924934
Susqueda,2020-05,67.27629386783211,0.28653480319235053,582.6420696905785,437.48317546320413,422.05454301355707
Susqueda,2020-06,66.99029270430682,0.24648447942782653,583.5394902300623,443.2348168497562,449.6024146444164
Susqueda,2020-07,68.36239598425803,0.25827620022979764,586.8393074365523,440.4158598291092,446.7937698690258
Susqueda,2020-08,67.65276795380186,0.2579260718353109,592.9344767691765,437.56445010520247,447.7302443990551
Susqueda,2020-09,69.59873710745363,0.20866241285465337,592.6723576302936,435.8480127883654,457.8934212911449
Susqueda,2020-10,69.73830383907679,0.24010088108449767,610.6856142980635,447.66393152364117,463.7112722310864
Susqueda,2021-03,69.25245208721947,0.20542211640320476,598.4042228726169,440.629552947298,463.3693354311954
Susqueda,2021-04,69.23519109251042,0.30084005959110555,591.077734784521,437.51346396611774,422.24260897647633
Susqueda,2021-05,65.66856060724847,0.21795883941844282,574.3276550172271,437.4186340973709,449.4685862325512
Susqueda,2021-06,71.1926628087397,0.2539674955987195,600.9823988986177,436.31486896267063,451.0062311422192
Susqueda,2021-07,67.64972486210114,0.20653726136427572,578.4457056212249,435.13989671929716,452.47725835169183
Susqueda,2021-08,68.23582036073296,0.21525990401874429,589.2511554789969,433.19774129401094,453.68061075037343
Susqueda,2021-09,68.61647097418391,0.29675640588836844,580.6783712731144,431.5747031356142,394.4221843793084
Saint_Cassien,2015-04,73.58901122888375,-0.001276125239079797,306.7680395156442,292.357976499176,299.667494099145
Saint_Cassien,2015-05,74.12626711629797,0.04197541956673722,303.14911208906165,287.54218213691706,289.1106471570063
Saint_Cassien,2015-10,67.24489838241846,-0.032055901280468084,253.0443332149506,261.2873095496241,249.6014251087862
Saint_Cassien,2016-03,75.21015441820455,-0.01978992914182641,302.22336058119146,296.3011747886658,313.7218565753772
Saint_Cassien,2016-04,65.83848141017754,-0.03489786094857978,304.11699923512367,293.6870170188904,304.88965692155426
Saint_Cassien,2016-06,74.6498524813299,0.013074480164553454,296.4217945238112,292.57145906677243,251.8382631848384
Saint_Cassien,2016-07,74.84768008654255,-0.014807678004150525,293.74613073788504,289.4284787124634,295.49629449587354
Saint_Cassien,2016-08,73.45426686508344,0.0037860282733721273,285.85249299474134,284.77229349746705,272.55551583376416
Saint_Cassien,2016-09,70.45663811286425,0.023620640739607287,271.2621458510361,279.57933904037475,278.6610635742188
Saint_Cassien,2017-03,66.32173985997603,0.016951017500048342,279.5253622875775,284.3039884609079,300.5483003081438
Saint_Cassien,2017-04,75.29257810302147,-0.018406335025768918,294.98532635202656,289.6053919347178,305.85841411867625
Saint_Cassien,2017-05,74.63486817761496,0.020593793871053936,297.9500279324173,291.8768559361226,276.1884756530762
Saint_Cassien,2017-06,75.74843178253025,0.022752830272029456,297.2793940747672,290.5918156523337,277.6190307006836
Saint_Cassien,2017-07,73.94791422067225,-0.020738805174310076,295.25009281885383,288.9073589824298,295.10576782961374
Saint_Cassien,2017-08,72.54334185239254,0.0050162985721272785,285.80649130812657,284.3763905189771,262.4347288635254
Saint_Cassien,2017-09,71.17165622477,-0.013445679178104328,267.52201676727634,271.1433228812054,265.30082318725584
Saint_Cassien,2017-10,67.19880531479151,-0.06392607917788333,244.31494201962184,260.44304971504175,233.36335813598632
Saint_Cassien,2018-05,75.69448909980304,0.031055134494254816,297.1240839262341,288.03866023541735,266.04133709230905
Saint_Cassien,2018-06,74.86714241351395,-0.008841807953192234,295.1518335205885,289.0007902291513,293.354147046066
Saint_Cassien,2018-07,73.85840264134256,-0.020017647063777004,293.3962091994215,287.58149999665324,298.1681184399653
Saint_Cassien,2018-08,72.15261402890583,0.005833585765175654,286.05555189280005,284.39168018494416,283.8111526977539
Saint_Cassien,2018-10,67.88449835010526,-0.07445427980845942,244.67518211796255,263.58761657843144,243.0103203735352
Saint_Cassien,2019-03,68.66556663632723,0.062272787363310704,262.0608408669632,278.89893643981367,291.35586318045824
Saint_Cassien,2019-04,72.41102661907634,-0.022242704297862244,288.19413232636083,281.85468010303555,293.3449836987544
Saint_Cassien,2019-05,75.72887150182711,0.013006596116948169,295.5466199810121,291.72745546736735,268.6261828491211
Saint_Cassien,2019-06,74.93257138960293,0.017121533940907672,295.8735535520856,290.85086522526126,286.6756005328968
Saint_Cassien,2019-08,75.13889695473091,-0.006940443249898639,289.7819316712666,287.77767986297613,293.2151958996821
Saint_Cassien,2019-09,71.22336776448311,-0.007248009657687952,282.8118908152057,277.8380855302044,281.3316587768555
Saint_Cassien,2020-03,73.11739605632079,-0.01693700143911691,292.7339598623075,287.81767544501037,303.2284897113636
Saint_Cassien,2020-04,73.70396332657761,-0.01749939991143174,292.8442314267742,287.4672805367263,292.6931060803462
Saint_Cassien,2020-05,75.0658048075738,-0.01857687116813196,298.24899949627553,289.5388968916122,296.6039099560786
Saint_Cassien,2020-06,73.45267331394056,0.0026846673916886485,294.95383871284173,286.58227546234133,290.3479216015864
Saint_Cassien,2020-07,73.93205832891576,-0.019535040173333972,293.41762628980877,287.7413250724792,295.0401974865962
Saint_Cassien,2020-09,73.09290005172757,-0.012488650483326702,293.52771759004054,289.8847477546692,301.36176789064893
Saint_Cassien,2021-04,65.24831087577762,0.005772011762702693,285.65597224275814,284.0119119430542,283.8097850708008
Saint_Cassien,2021-08,74.16688711758616,-0.017991169505810332,290.5109108224027,285.33101568743274,296.1487534070063
Saint_Cassien,2021-09,70.828203192553,-0.0398222697821317,275.8618809205585,287.06899248227717,256.5695577026367
Mundaring_Weir,2015-10,61.52008159431828,0.004326316571114486,339.13427720184325,337.6702441772461,309.94345402832033
Mundaring_Weir,2019-08,75.587723733601,0.0457245833763318,329.7073782809862,345.1330904201208,349.14082207641604
Mundaring_Weir,2019-09,78.35500464961044,0.003965189127452334,346.0724843219173,347.4474513747466,376.6165889770508
Mundaring_Weir,2019-10,78.89173697749759,-0.014086859963490038,348.76452075195766,343.88596621976103,366.1127255432129
Mundaring_Weir,2019-11,78.87310367777047,0.01458088088999317,338.969128400313,343.9478054291616,351.9560086730957
Mundaring_Weir,2019-12,76.92746164567673,0.023900703323513163,325.4860701171875,333.3591271324158,338.256581640625
Mundaring_Weir,2020-01,73.13082854110354,-0.011365784772725578,320.69972168312074,324.36551856307983,318.7724981262207
Mundaring_Weir,2020-02,67.88694796922468,-0.03338188692921858,309.9008656059265,320.4205478157044,282.768627532959
Mundaring_Weir,2020-03,63.135645647555805,0.004664057493757659,309.81582887626206,308.3741945838928,297.99294313354494
Mundaring_Weir,2020-04,64.57487312976826,-0.045460897327655764,284.03559817521153,297.2461172716118,240.830712097168
Mundaring_Weir,2020-09,77.17947537642232,0.0033215338759909063,347.0171387676662,348.1716843192444,358.0460393005372
Mundaring_Weir,2020-10,76.34674656737204,-0.008130203291393242,343.7751080765042,340.9914776352046,352.86946755981444
Mundaring_Weir,2020-11,74.92640563189718,-0.003788560141563299,343.10345660950077,341.8060477369574,348.3031765075684
Mundaring_Weir,2020-12,73.98603522126128,-0.005430566865122976,340.3667591476608,338.52338451828854,344.7263953674316
Mundaring_Weir,2021-01,71.14238645757018,-0.00492859395034366,328.31827953102203,329.940421172422,317.6310666442871
Mundaring_Weir,2021-03,66.07980918787698,0.012995405837407416,305.1050478179101,309.0958868593928,311.16273877563475
Mundaring_Weir,2021-04,65.3323388691668,-0.04856695921534665,272.94799122551234,286.5314284143711,210.92336701049803
Mundaring_Weir,2021-08,83.19735918406163,-0.013676375710644298,367.79939094206765,362.80346920760667,406.2220398010254
Mundaring_Weir,2021-09,81.90151866828376,-0.018618754322742306,373.8521813264755,366.95591853986593,408.58124951171874
Mundaring_Weir,2021-11,80.71000482633018,-0.013598188317403725,375.58380229685224,370.51111089673356,410.940203326416
Mundaring_Weir,2021-12,80.20658829208821,-0.010282638312069978,375.5839536395796,371.74174755008244,403.6339927551269
Amir_Kabir,2015-10,78.02307580310331,0.05007039181544082,427.1619724472735,213.99423849090576,294.86599057487933
Amir_Kabir,2017-03,67.30411847825962,-0.299411300907762,418.61242704403054,149.16324198039626,290.2373521199544
Amir_Kabir,2017-04,77.59869447885022,-0.2732814209036553,427.3082559227267,179.2600705596765,317.28879107943663
Amir_Kabir,2017-05,81.41435793959268,0.09362331818872222,449.0983639215634,258.61053352797927,325.2099288235773
Amir_Kabir,2017-06,85.53159856665744,0.00028417347705839147,443.33536415705123,235.332900538756,322.9578194668878
Amir_Kabir,2017-07,88.2419602733055,0.1194537520011964,444.78770191414355,267.7109009532101,325.06511178866515
Amir_Kabir,2017-08,82.5176724062981,0.06492025271583235,436.47714565675756,252.13103411402238,321.14166379672184
Amir_Kabir,2017-10,80.12767936959288,0.059704401218556136,429.35308752803576,213.20378106706195,293.6568259847005
Amir_Kabir,2018-05,79.26218973594176,-0.03059536841370014,438.4134252871506,210.04509889751412,308.1356153470148
Amir_Kabir,2018-06,85.02060653073794,-0.13122365748226422,440.63584108858083,210.40908751280529,325.13746205721986
Amir_Kabir,2018-07,82.97723873099541,-0.005056820435320908,429.3429196676604,243.01534600215714,323.829997854339
Amir_Kabir,2018-08,78.32699129793369,0.0028527627945753586,429.6153230720661,227.95386721379634,312.4955908658136
Amir_Kabir,2018-09,78.00353829839338,0.09859105864234713,425.84448697174656,231.51950249375247,298.8894105122884
Amir_Kabir,2018-10,74.13977204845563,-0.06331213398031116,424.51010323408735,194.84887650657362,296.8527138387044
Amir_Kabir,2018-11,69.9934583036997,0.01871792710318243,420.90323191552807,161.19370714481886,258.0480762166341
Amir_Kabir,2019-04,70.89028571526222,-0.25828216481528377,416.8145576998372,189.14689561273076,319.48929260861865
Amir_Kabir,2019-05,78.62283818532194,-0.16174291065014906,432.79011203798063,209.2716220286126,326.29908951693665
Amir_Kabir,2019-06,84.58789992844743,0.11107522735535211,441.2211880360025,272.6706737315439,328.1162325345148
Amir_Kabir,2019-07,83.03760101731821,0.09628852120621403,438.9404109687179,268.75068640664955,327.3171697964777
Amir_Kabir,2019-08,81.57664512725145,0.10085091412400013,445.12469781793993,261.63959046972224,324.4838442227472
Amir_Kabir,2019-09,78.15828231332344,-0.22288402650921774,430.80645830318775,192.20327238253992,321.67709849724264
Amir_Kabir,2019-10,76.54981117549308,-0.1660888226652027,428.8251710836189,179.20040853470869,301.214144740804
Amir_Kabir,2020-03,66.86125064424324,-0.3293468199828659,417.11329428765646,157.78057967658268,302.46180732335705
Amir_Kabir,2020-04,76.43247622221037,-0.2908295882885092,426.20315125100365,191.48446398477085,330.39079779040765
Amir_Kabir,2020-05,78.44063700220278,-0.10735922313075047,441.0487961543633,223.54658010429782,331.31423413973937
Amir_Kabir,2020-06,83.21385598892262,0.021274339597414038,430.45985662737695,258.5493087839914,330.0793494839777
Amir_Kabir,2020-07,85.48044425117774,-0.18705667535540588,440.23212239848,206.53374791586435,331.09697908602845
Amir_Kabir,2020-08,81.69053405886571,0.03301577115842952,439.801164461345,251.44681097372984,327.1010738003839
Amir_Kabir,2020-09,78.99445296688359,-0.09026815895885709,433.1691538174843,201.4462869296217,309.0365710923617
Amir_Kabir,2020-10,74.9808384266501,-0.13638130014416122,423.9171086349678,176.26133581052534,292.64009141429227
Amir_Kabir,2021-03,70.02375321807705,-0.44183561934180643,414.9399925245013,153.26825215004354,314.53004384679457
Amir_Kabir,2021-04,77.15820540845354,-0.2912211848740545,427.9904495808128,185.07099263067377,325.554792488511
Amir_Kabir,2021-05,85.23218734966002,-0.17936057470327837,448.4140419288316,202.18611645535918,329.3539839505304
Amir_Kabir,2021-06,87.61008779481728,-0.030051809202989943,438.61364423978966,237.3490121106063,327.5370629788507
Amir_Kabir,2021-07,82.67447597914678,-0.11319873344085007,432.4450844182216,218.51938819221232,325.30539288327685
Amir_Kabir,2021-08,78.36532911407147,-0.0871050103049611,423.83864024008955,196.26432071955472,301.2559021239995
Amir_Kabir,2021-09,73.81075201037716,0.12151345848674444,411.812072516571,206.35407313311822,274.32775387156767
Boadella,2015-04,83.2619651028428,-0.05427884273068304,281.95223783777993,264.72888090826694,280.7210216491699
Boadella,2015-05,82.26649384663949,0.007495280786500184,284.68959822293994,265.19357589954376,273.74091836547854
Boadella,2015-06,79.48442093207117,-0.019163020634259037,281.360520895811,260.7656033718238,273.47518768310545
Boadella,2015-07,80.7413369599356,-0.05291444091030207,266.07440181100515,245.63903222142451,262.5067413757324
Boadella,2016-03,73.32319247669398,0.045947224136618864,254.6371637520785,243.2020113739013,240.2381868713379
Boadella,2016-04,81.9329318080658,0.04803445835575299,257.2654901972154,243.78661469094786,244.4922768554688
Boadella,2016-05,81.64839658451211,0.05763789361022026,261.56567705490994,246.9158310183097,246.686040246582
Boadella,2016-06,84.24939097572923,-0.017267640415138643,262.96753755404285,250.1785685620422,258.7174618530273
Boadella,2016-07,72.88723726755207,0.07355405748181193,250.13963487172822,232.40121289050774,212.4518076538086
Boadella,2016-08,65.33333988153684,0.07113199472833731,210.10739249345275,195.6811987705603,189.718580871582
Boadella,2017-03,77.28253197752285,-0.05032129783211252,269.931351469009,256.6841587983391,274.7386474609375
Boadella,2017-04,83.57763426320777,-0.046295768148659586,276.05918246405116,259.2886405109343,273.807816784668
Boadella,2017-06,82.222509228194,-0.03530525364199234,272.24265482260284,255.47693955668046,268.4234021179199
Boadella,2017-07,76.30375648628697,0.06745041436408072,255.841052892279,239.15358249847222,234.6542664428711
Boadella,2017-08,66.89920622087052,0.07282222116889042,225.97724306740594,210.10598179821818,197.22958751831052
Boadella,2017-09,64.15976975304736,0.045704384521195726,195.6974416237619,186.95452712807796,182.073871270752
Boadella,2017-10,63.69973507439063,0.05178317734649647,186.59087523723323,177.17451543638697,173.43237589111328
Boadella,2018-02,58.02204803343646,0.04442260641297402,191.47816428011032,183.1583668191215,158.67206876831054
Boadella,2018-06,82.76780956438583,0.0033827816667563043,250.55506077889385,249.70891967496576,229.6013389038086
Boadella,2018-07,77.37754160791019,-0.047200569974881174,234.4614121956384,223.65181625906212,240.10430831298828
Boadella,2018-08,64.44135475210845,0.053879002007387974,215.74289731373094,204.42648136223676,203.34518901367187
Boadella,2018-09,64.35716945695978,0.012412618062956196,192.77556652408683,190.3975065528718,172.302348046875
Boadella,2018-10,68.01665395767608,0.025269884108821486,202.23708596566172,197.19060872825642,178.08562404785155
Boadella,2019-02,83.48422497471906,-0.05175975666053082,277.31521342011814,263.32659217570637,280.4552611755371
Boadella,2019-03,82.55186003570932,-0.0656117317612897,277.27420426940915,259.6657408782959,280.32224656982424
Boadella,2019-04,81.36954925263595,0.05222147495562059,277.0366739295989,262.9406705129285,259.9141774963379
Boadella,2019-05,80.72842705410287,0.06432265628661943,283.71323497498116,266.03857996951916,239.5061823852539
Boadella,2019-06,83.34165116670974,0.059396874622724784,276.7538438952621,260.7941988895229,248.3471800598145
Boadella,2019-07,77.3542656425175,0.018730722067550512,241.7434102792808,246.31411154514763,255.5934437805176
Boadella,2019-08,68.14460882132234,0.030008758850279687,221.23240069110898,202.02897871517519,208.26432402954103
Boadella,2019-09,58.02792181485577,0.0581316514863252,200.04602763543787,188.74857279719308,187.591686126709
Boadella,2019-10,65.06751519486328,0.028871290835073983,191.649452930673,186.19539749480307,179.28214728393556
Boadella,2020-04,81.64306727008955,-0.04593686610234736,277.7280215507152,265.25866094165684,280.3886711853027
Boadella,2020-05,81.69977572473374,0.053940921914640824,281.3483959562181,266.5742516729044,261.9747750549316
Boadella,2020-06,82.46600355824955,0.03066227280839308,283.4814289380114,269.92434143080266,272.41129067993165
Boadella,2020-07,82.69468710082654,0.021509493683988874,282.81959002531346,268.8768423773978,272.8102707580566
Boadella,2020-08,81.10516795486159,0.0033664345241582287,271.09810575207393,256.2094295636738,263.1054137145996
Boadella,2020-09,80.2255145467408,0.042456094563704486,254.17230593794937,243.607010047669,237.9115481506348
Boadella,2020-10,82.04320797694129,0.0025127286758500414,253.3654503079928,244.56575221392626,248.61417374267575
Boadella,2021-03,82.25738453912362,-0.04849407148592624,274.6511520469915,261.6499869374011,279.6576551940918
Boadella,2021-04,78.94049572932035,0.029221034874153298,277.1913722019909,263.01926377068617,266.0960121154785
Boadella,2021-05,79.9462968305621,-0.01248798797926376,281.8162110709599,264.89773243921206,274.93741072998046
Boadella,2021-06,82.8726092960049,-0.029237020743885206,277.17324115176143,259.12910497788175,271.9458815307617
Boadella,2021-07,76.84196681798471,-0.01078314418925283,253.7446252103469,237.50744990238326,246.81899196777343
Boadella,2021-08,69.13363104309283,0.05375984511007646,222.0906596065467,210.46635992213243,188.3886468078613
Boadella,2021-09,64.94397050596926,0.06304718382996793,194.35155790386594,182.4765167510829,168.44660087890625
Cachi,2017-02,92.76086676991822,-0.1153351193346,105.0371991818392,93.59523237330316,149.01134160766605
Cachi,2017-03,69.00348121115601,-0.10187433048512361,98.54651793413895,74.32991199995095,90.05839044189453
Cachi,2017-05,51.72517267578076,-0.10970289079092432,54.43528587329731,48.77947792926758,73.75683303222657
Cachi,2018-02,90.34455739682802,-0.11420671416011498,158.64044889795343,141.51894566014983,164.2907378578096
Cachi,2018-03,96.0868140248748,-0.11743335609933955,147.8376399799444,129.53795830287802,146.7544785560518
Cachi,2018-04,93.33339657049991,-0.04328411213818009,144.96312668783096,129.58546103342266,140.05736082533892
Cachi,2018-05,88.41526992023114,0.102947901805553,132.69079112216707,119.71017832559919,99.9626935890108
Cachi,2018-08,65.27924187156803,0.009121658335471072,49.02237028522744,49.47158125757018,123.13810135878616
Cachi,2018-09,39.73199958099781,-0.824370920997188,46.40902453890506,20.35085678982466,70.05627303466797
Cachi,2018-11,68.0145471349446,-0.08950300116438081,52.576096471657785,37.56189795063957,46.47327336806353
Cachi,2018-12,53.57621663661265,-0.4698875267328645,50.87824021267818,31.80259227946543,105.86604358290728
Cachi,2019-01,75.45068959524426,0.22708839015232357,75.33221229257664,60.02849938913948,49.99781842421588
Cachi,2019-02,73.3739272839119,-0.18868745053027294,73.14157665426492,60.56453668872441,85.42251880263385
Cachi,2019-03,76.49908814345575,-0.17730224060795252,68.99970276703606,82.38508699551022,31.282140197753908
Cachi,2019-04,73.92602136755345,0.022997347231311444,65.64663595623264,64.15416469188163,51.373797412109376
Cachi,2019-06,49.08024455986739,-0.7462124435801527,45.42769656970855,21.539953911590576,56.22119242553711
Cachi,2019-07,33.13512610890088,-1.016503595899439,41.37231999778747,14.970902176284788,151.24877289809282
Cachi,2019-10,59.33532153811476,-0.6301405314452517,107.36086107606513,57.171479402956436,178.3901061256319
Cachi,2019-12,102.11694120005092,0.13199895560371303,170.85010622326462,149.72310846728925,141.96211135864257
Cachi,2020-01,105.26997763175116,0.038670868969913064,169.7263608376405,153.97405417898247,158.56274285658893
Cachi,2020-02,107.67471480754253,0.08243611906867927,169.56706607486302,156.14926856765746,142.75483974609375
Cachi,2020-03,100.15514473050568,-0.047147238702884224,170.01359001693726,153.3413281513633,165.3138811340332
Cachi,2020-04,95.23560631698086,-0.03710693929866823,168.72188094722853,147.70379558705295,160.81968291625978
Cachi,2020-05,74.41755843220545,0.2649112929255999,129.95104448479236,99.70805895222654,0.3524845581054687
Cachi,2020-09,64.43684713647342,0.2480005897194334,110.83826207250411,86.49368889691097,43.97269409790039
Cachi,2021-02,30.96138328645399,1.1106727177316558,43.68110480905852,14.385818668312178,2.854109470358456
Cachi,2021-03,43.95576710200244,-0.49708479369890535,52.2623637837668,31.79126913528442,90.67498267822266
Cachi,2021-05,48.62860162417698,-0.3188932968774155,36.162787890625,26.288651243972772,66.17796361083984
Cachi,2021-09,37.503322139297175,-0.669476837605876,53.58491490586873,27.43420939025879,79.4840471862793
Cachi,2021-10,46.94999343636552,-0.2943389074417553,43.697602499008184,32.55576061553955,143.10808817138673
Cinco_de_Noviembre,2016-02,71.08727256843031,-0.05239816727882167,633.0322927198941,581.4067829145514,622.7748948568665
Cinco_de_Noviembre,2017-03,69.2130784633987,-0.11132745507172515,604.0539386393931,540.414285756272,641.7778193466125
Cinco_de_Noviembre,2017-04,62.99796400828976,-0.1349202899288401,541.3735533276454,473.044392608901,578.7916426766427
Cinco_de_Noviembre,2017-05,64.04941865276147,0.0763361780508311,512.5687394521497,457.90701199201874,466.3248019943176
Cinco_de_Noviembre,2017-07,57.14064460385853,-0.13249710012991647,466.2261707972939,408.3700551768385,528.980884071284
Cinco_de_Noviembre,2017-08,69.23575809543277,-0.11645765934243528,485.5498174902598,432.1722492176982,520.6076229665955
Cinco_de_Noviembre,2017-10,75.31350230687127,-0.059798847143395104,614.5329296840948,578.8617458795632,682.823219939204
Cinco_de_Noviembre,2017-11,77.08403261818468,-0.08260691532207548,659.7910959882519,607.4782355787174,688.1829308822091
Cinco_de_Noviembre,2017-12,77.97277599709955,-0.06647023778322925,655.9664089973523,613.7817101787394,685.7525192305978
Cinco_de_Noviembre,2018-01,78.38588262428468,-0.060075522792872926,642.2835702187801,604.8342064424824,684.1690003957949
Cinco_de_Noviembre,2018-02,73.22970325852589,-0.04220707053378596,628.0003675567366,602.045895765353,678.3288772262512
Cinco_de_Noviembre,2018-03,74.86099932327144,-0.07745154806993626,620.5041715676335,574.2591524097749,647.769878312677
Cinco_de_Noviembre,2018-06,63.22432442392709,-0.11500587269649096,544.8089258943116,485.62137952508954,555.7690906728944
Cinco_de_Noviembre,2018-07,73.12715377215085,0.019144083141649476,542.1626947734069,531.8822063091504,517.3020203369616
Cinco_de_Noviembre,2018-08,61.56296054118685,0.016560760272719743,526.7330314370279,535.528761865296,643.552227161506
Cinco_de_Noviembre,2018-09,72.77420074995885,-0.09681632573276874,536.3536413475578,486.8603841288103,568.224416493159
Cinco_de_Noviembre,2018-10,69.65680267212299,-0.037215185299072695,496.91919738658265,478.76613719847705,531.0366239895449
Cinco_de_Noviembre,2018-11,70.82989188967252,0.013771913342160852,550.3993628115891,558.0318514914909,638.0374804383758
Cinco_de_Noviembre,2018-12,71.52819127261064,0.006886940315148554,567.5159136780101,571.4378514777512,664.7930782186828
Cinco_de_Noviembre,2019-01,75.14788881232454,0.047780893217388654,581.7307405807659,554.5887246689665,546.6870327712353
Cinco_de_Noviembre,2019-02,81.75599717028203,-0.040618737661001,611.5507318513429,587.2080445112011,638.1721145882639
Cinco_de_Noviembre,2019-03,71.05094489296147,-0.0908987756060942,615.9398266664123,562.4208984279303,679.6776114852365
Cinco_de_Noviembre,2019-04,72.95679273845165,-0.07794329015699848,597.0121575356678,552.2463248488834,658.1098537557922
Cinco_de_Noviembre,2019-05,58.8742921800989,-0.2577737252541879,549.4763331489834,424.6188648027244,609.965316403593
Cinco_de_Noviembre,2019-07,66.22037563894548,-0.04985716772411014,474.72780012376523,451.63955620517055,505.4807529098449
Cinco_de_Noviembre,2019-10,84.99493946895828,-0.0427977286074655,445.50757185562696,426.84310685994933,593.9606304816988
Cinco_de_Noviembre,2019-11,71.60602998042282,-0.03559690072442162,480.19743709776975,463.404557049063,576.739162529536
Cinco_de_Noviembre,2019-12,78.4401494152952,-0.052567806342300946,559.2980638864096,530.6564015872261,598.9815907577453
Cinco_de_Noviembre,2020-01,72.99330626423858,-0.0635725244155462,555.3021493418523,521.0989017855982,656.150439591926
Cinco_de_Noviembre,2020-02,72.80555556426795,-0.07298863741119008,569.1286646108273,529.0684905672532,609.3097577682433
Cinco_de_Noviembre,2020-04,72.43468717847725,-0.10976759448692834,544.7195409078105,488.09178094858345,585.7323585939413
Cinco_de_Noviembre,2020-07,63.16246539514416,-0.14684859526776867,454.86116917981917,392.7383658593826,595.6559481276804
Cinco_de_Noviembre,2020-08,72.9540136801992,-0.06743230755989266,430.23586169115305,402.1806099912696,593.5809735097606
Cinco_de_Noviembre,2020-09,72.93151339680315,-0.07579943368905762,460.2901750923271,426.68996504620804,603.2918563138354
Cinco_de_Noviembre,2020-10,74.9197522224139,-0.09713504673009093,491.6652839137069,446.15352577975807,612.2341986905443
Cinco_de_Noviembre,2020-11,79.76656963228692,-0.06749343298935345,477.0440662868485,445.909240994825,615.1906882083667
Cinco_de_Noviembre,2020-12,67.5471336106433,-0.06511267885238733,566.3998525386746,530.6950715949985,681.8749469314155
Cinco_de_Noviembre,2021-01,70.56163566075162,-0.04025111925030475,613.1167309511621,588.9281702941471,694.3440057614793
Cinco_de_Noviembre,2021-02,64.93648228381227,-0.06835512931884671,618.1106166059747,577.2712750325873,709.4497901242722
Cinco_de_Noviembre,2021-03,65.75309874465759,-0.05225298143915744,603.7776520883687,573.0385678218628,695.3896877364572
Cinco_de_Noviembre,2021-04,76.8631436058408,-0.09772584412894707,626.4017063791733,568.082142105776,645.2542889683142
Cinco_de_Noviembre,2021-05,69.95185108349386,-0.09576526908818939,594.0595380942981,539.8084086108423,630.016739817756
Cinco_de_Noviembre,2021-09,76.00989319890675,-0.18480515814270915,549.9377785014456,457.1447058113952,683.4275483707203
Cinco_de_Noviembre,2021-11,71.84508522771199,-0.04626250400305035,597.1965742225865,570.198089130759,639.2172930661667
Cinco_de_Noviembre,2021-12,68.8482828630713,-0.09938316409189624,550.8988451650721,498.78146010273554,637.3953673154343
Blyde,2017-05,91.03558195877292,0.0031353662794552234,252.55058577498195,221.92258775735598,236.3709539306641
Blyde,2017-07,89.44802984160397,-0.030376929549652293,251.80225059142563,217.6281848428928,237.67507524414063
Blyde,2017-08,93.59148446751604,-0.050084130780084064,249.6910487137555,219.18883837199868,239.8757441589356
Blyde,2017-09,90.38871742240121,-0.07829865644722288,243.27863958104626,207.7026158521637,233.76275101928712
Blyde,2017-10,84.06213995550776,-0.07730434792144505,230.6200373189822,197.12452512505928,221.6181243652344
Blyde,2017-11,78.26754191651938,0.008135120327543627,222.93059060636094,186.57367238368212,203.11570022583007
Blyde,2017-12,74.21160166574788,0.094432522788092,216.48830024520984,179.18826701393698,187.8738080078125
Blyde,2018-01,73.51508403999739,0.04833471559006915,215.5444962228835,178.94531140710853,191.70475305175785
Blyde,2018-03,82.81280011466359,0.06761464554001492,225.57145110409357,193.65397066469023,202.05655123291012
Blyde,2018-04,90.43374264472116,-0.05337909636712936,240.72396983116224,211.76576453929056,231.88820947265623
Blyde,2018-05,93.52322686407459,-0.048766231038214806,247.40029237770074,220.60769106413252,239.38662474365236
Blyde,2018-08,89.45868002504889,-0.09954576558660888,232.96655750342273,202.82073372523345,228.4646722839356
Blyde,2018-09,83.71585719476502,-0.06320184358970415,227.5335293377411,193.50024066883424,216.56464725952148
Blyde,2018-10,69.28619973806244,0.07470137287123498,233.78262973685435,174.91111768190035,194.80209815673828
Blyde,2019-01,81.50145271816616,0.09955523398126989,208.13952885408443,184.09626005466515,186.2437133666992
Blyde,2019-03,92.21309410412518,0.10919481607815984,249.4220061654468,220.28191146112863,221.9450426818848
Blyde,2019-04,92.76387854388183,-0.0019947602038203477,249.27555785355543,220.91916161314282,234.9036139099121
Blyde,2019-05,88.95895736713783,-0.028484496801987544,250.5005445015418,219.4744466230252,237.8382213256836
Blyde,2019-08,86.34081550836933,-0.08965016851438407,237.6444176661465,203.24863358186496,229.8502140625
Blyde,2019-09,82.50471586820568,-0.07526412628448872,223.1800891285663,189.80792609187512,213.71169689941405
Blyde,2019-10,75.49938765380435,0.003992423396050562,213.08322944461094,172.86675623278242,191.5417419616699
Blyde,2019-11,67.62404037038984,0.23875713112192648,210.66156758125948,165.9183449667625,163.9106537902832
Blyde,2020-01,80.20823351441203,-0.1276038748349363,216.26652623144284,186.5965839987263,214.119058972168
Blyde,2020-02,85.25678028946379,-0.042374700624204766,244.42092557926983,212.05707626837986,232.53970980224608
Blyde,2020-03,91.8736375046023,0.04539760330476791,248.2743617466545,223.46679450417508,230.257864440918
Blyde,2020-05,89.36464885895083,0.0018184843448858373,248.12769295090243,216.64845465076164,231.6437237304688
Blyde,2020-07,93.42577052934458,-0.043002431227680486,247.45504866959288,214.34511184523356,235.31131490478515
Blyde,2020-08,88.91451091165524,-0.11608276033993244,238.0538549903709,202.82564919374667,232.86600783081056
Blyde,2020-09,85.61033798796727,-0.04961623730129971,226.43219833900943,193.40904436552384,214.52677798461917
Blyde,2020-12,83.82058766690285,-0.027114464556311273,238.6482243597841,206.83364058510517,225.20473787231444
Blyde,2021-01,89.47984422337872,-0.011560379046432631,253.66062954814075,219.08153728975736,237.1044621826172
Blyde,2021-03,91.82087583579958,-0.05756519573099123,249.72560602622036,220.49156086635963,241.50584559936524
Blyde,2021-04,92.13473887702092,-0.006915497878726355,249.34111510613963,220.23540541314298,235.14849259033204
Blyde,2021-05,91.95601530652702,-0.01913915269744191,249.8293436749948,219.09582110392688,236.20809920654295
Blyde,2021-07,93.11813036253606,-0.04062582400741278,250.19070222808136,215.9055103976504,237.18609880981444
Blyde,2021-08,91.50254721540345,-0.09336907926685183,246.26587426870492,211.37932215022587,239.0607103881836
Blyde,2021-09,87.2294004086385,0.00892896159304249,244.68915006968345,208.52532037414016,224.878458392334
Blyde,2021-11,80.98384683624974,0.034214262917368565,235.10681290405867,200.41281101887438,213.3859467529297
Blyde,2021-12,90.1277506530447,-0.0566042916404833,233.05011195745055,206.24231803667965,225.5303606140137
Panneciere,2015-04,105.36688160754377,0.07212601743020583,381.77953243367097,355.2128844824301,349.00434934692385
Panneciere,2015-05,104.36870268945691,0.06227292843556177,384.788675478841,361.5575982964786,334.85638453979493
Panneciere,2015-06,105.14488056330538,0.05006487241816632,387.9869517951804,369.0406635331128,305.64171883544924
Panneciere,2015-07,101.82264484681458,0.057110084224869746,363.8237129858204,338.71942124394957,341.1648289733887
Panneciere,2015-08,96.36560742765148,0.06844541123611628,335.83164937712644,313.61451724570577,312.62672849731445
Panneciere,2016-03,112.96389582474669,0.04867710957554916,369.35834297530226,349.855232235563,350.8310661443254
Panneciere,2016-08,96.7258722667677,0.005143000077406493,344.865718330562,324.42867099850514,333.6321068664551
Panneciere,2016-09,79.31763639962314,0.038142801428889164,299.3449686828296,277.92074122997957,282.9852875793457
Panneciere,2017-03,95.10031162500408,-0.06960312888874318,328.2128653928076,306.1451233544266,340.36994509887694
Panneciere,2017-04,111.26239073125289,0.05407104753422753,366.1053497996339,344.42220744358497,345.62665777640547
Panneciere,2017-05,108.11964437806435,0.05461891146921678,374.33186078658434,354.4345918644382,344.839146850586
Panneciere,2017-06,108.46870231166639,0.06455561556519598,375.8857466778047,352.3868636072186,333.73995353446213
Panneciere,2017-07,106.89191486139052,0.051050858724375994,367.555857797424,349.26272838559316,338.153513440468
Panneciere,2018-03,109.62771681799896,0.041205312235272566,371.23245387821254,352.7723229871898,354.5051924016496
Panneciere,2018-04,107.84713943327466,0.05927947206201531,372.5415901519239,351.09934265898335,307.65579481253826
Panneciere,2018-05,103.51981726315,0.06490389584571739,377.04230651583003,353.34803433505107,340.7857290105364
Panneciere,2018-07,104.5855733424668,0.06398737940446594,370.2000353041902,347.2538664647242,345.6352324157715
Panneciere,2018-08,98.48223472963353,-0.0410651774867926,337.5546799432928,314.4002073374908,332.52987466430665
Panneciere,2018-09,72.77931682402013,0.05100874799964116,291.38928111019703,271.0921482264578,273.9799907348633
Panneciere,2019-03,109.13242397020137,0.00012857272777160728,365.4958832020011,348.0601390702022,356.64855623831954
Panneciere,2019-06,106.64135199786658,0.044913644111713155,377.98808111231176,361.3868602421735,327.6231530583879
Panneciere,2019-07,102.78132074797075,0.03280886155891518,367.7956935404029,347.6221197231709,351.7488351445695
Panneciere,2019-08,97.42755227566529,0.08895146552036856,339.51080691212036,310.6150340574517,308.89105947265625
Panneciere,2019-09,84.0341476657299,0.11464018560024665,308.41417241298177,275.00888594712956,246.6683287597656
Panneciere,2020-03,108.43827648098262,0.0104804793581901,372.1886435168976,347.7337762252345,357.8732109746477
Panneciere,2020-04,106.23739127964686,0.01544550162569935,373.3133083005215,348.1727589908785,357.75044498343675
Panneciere,2020-05,106.00387137344711,0.06487630544038261,378.25196444536186,354.49145479291496,346.2359313542863
Panneciere,2020-06,105.91324406733628,0.05636604542818602,379.71514188830827,358.9041278828191,311.3955847417375
Panneciere,2020-07,108.32524119050873,0.04265172796036658,368.88615247538286,346.15488611099534,349.7999188537598
Panneciere,2020-08,95.61119888233513,0.009539999689671216,347.76018397103707,314.54373324797314,329.1613708618164
Panneciere,2020-09,79.45574432410578,0.06638412524928658,308.1742792570813,273.85953905212716,281.02632313842776
Panneciere,2021-03,111.54423580504505,-0.04653486948640811,368.64527979942267,349.1233234546882,367.1966317725088
Panneciere,2021-04,105.53478517886963,0.06553341894021969,373.4423559372243,349.7540659849419,312.76201139287014
Panneciere,2021-05,108.87308138742668,0.0413444009131382,374.73658448876927,352.46451864847717,355.9942036609126
Panneciere,2021-06,105.93270065391816,0.05898636201796054,380.5679869762683,358.7689102976097,355.25382328251857
Panneciere,2021-07,107.51172342955697,0.03971160237585255,375.6739796406282,361.0477024893411,358.56087496708886
Panneciere,2021-08,101.41634974243922,0.05053068126279969,352.00064013442585,334.65572368525955,322.7307523803711
Panneciere,2021-09,84.75261718636449,0.05739604931884355,309.95529764377716,292.6660027958888,289.7832317871094
Googong,2015-07,94.86736473631407,-0.05744367712573118,600.5772599192816,567.0500749487652,608.3019885098327
Googong,2015-08,95.52340773629238,-0.06491748436080542,602.1634636933054,564.3143523000159,608.9604345303405
Googong,2015-10,93.0918997752576,-0.060602060905046114,592.588406143757,557.7428476509094,613.1096633481734
Googong,2015-12,91.19913705391257,-0.06118279852781966,608.4580603626745,559.3919458167919,601.5325112113205
Googong,2016-02,95.95272204487387,-0.05697600742794415,596.1415898057572,563.1253208960086,609.2511402719774
Googong,2016-03,94.28707250556978,-0.08328882714646922,602.7920009468662,554.6200971307917,603.9122102731982
Googong,2016-04,89.73373306071824,-0.1060440993682073,585.9514696468952,526.995953675678,605.3815370408241
Googong,2016-10,98.15865535299967,-0.027529841527075348,602.9460668532613,555.1047503110219,586.5495883054488
Googong,2016-11,98.19889215479698,-0.06878945868058975,593.5577463763664,554.0999295102864,613.6692958328546
Googong,2016-12,95.76531802327742,-0.0881885912187611,593.0359248377389,542.9766881659186,606.2081270584406
Googong,2017-01,96.20556144337772,0.07413702044221245,582.503106141075,540.8800295493751,529.5914278259278
Googong,2017-02,93.01774659881498,-0.10406739358491514,576.0767089525851,519.1399154842793,586.6279903375603
Googong,2017-03,96.34645745556878,-0.08521951994708815,561.2044336693696,515.3600221628296,595.805816623583
Googong,2017-09,73.05969130272409,-0.15476990661771234,515.9519731367704,441.97078350067136,580.0010569570504
Googong,2017-10,76.48205839474181,-0.057853508830339045,495.95379656389053,468.07533794021606,517.0166704650879
Googong,2017-11,89.14842169494467,-0.0749787886057515,490.2402067044015,454.82680591474906,492.5812131774902
Googong,2017-12,87.71398111198226,-0.034936444591608495,505.3529103361392,482.1449624032198,502.310845111084
Googong,2018-02,90.78511384566298,-0.10319061150675994,489.58321449997135,441.5820449228164,495.28728991699217
Googong,2018-03,87.21599158614235,-0.10974770527181958,490.74627656142155,439.7381959479398,501.2157692138672
Googong,2018-09,73.0548723310608,-0.10512614809997042,465.0519642467615,418.64487310180664,485.0474830078125
Googong,2018-10,76.9681919294173,-0.140563811119715,465.72610206353386,404.65460917232724,494.0450555175781
Googong,2018-11,74.2652823420765,-0.0818547202465053,462.39515348052976,426.05358120198923,466.24824536132815
Googong,2018-12,84.8590073375886,-0.031281128174508656,469.27419741643604,436.52256665071906,459.73683168945314
Googong,2019-01,86.98294554538771,-0.06392242457873137,464.9591784578517,436.1678685649299,475.3203165039063
Googong,2019-02,80.43815313186322,-0.08095192218553732,453.02007544479363,417.79234173278803,457.1768750366211
Googong,2019-09,77.2202229227187,-0.07051041288137751,436.5554378128312,406.83388600355636,449.20207525024415
Googong,2019-10,75.87759342858196,0.023568571713393032,435.86168606722697,405.3544922733306,415.4071736999512
Googong,2019-11,60.641155097347855,-0.01548118533551078,412.5763189627739,370.5672891073637,394.046419152832
Googong,2019-12,71.23002349324295,-0.10786254470544468,390.8181714759826,350.85739979616903,413.5844827941895
Googong,2020-03,77.71971882878496,0.05619331862740359,381.4292621595187,360.58658010452524,323.15726119384766
Googong,2020-09,80.6264746650125,-0.034441658136055764,530.6533208191441,512.6878959542421,550.5955458129882
Googong,2020-10,97.02023841101915,-0.01809852675061239,555.573847644581,545.6092240015865,558.2734147827149
Googong,2020-11,99.12240929542477,0.015388882631680534,590.8863544897995,581.8628823842716,563.1934841751398
Googong,2020-12,89.06079898188909,-0.046904604836007745,579.2858151621184,552.7420222499385,609.4717965463915
Googong,2021-02,95.20801364813849,-0.044868124236855676,582.9914290034247,557.4118423228244,590.3855795349122
Googong,2021-03,99.9335854053555,-0.0160536055013253,580.5980627277444,571.3517870816472,625.1149042241594
Googong,2021-04,100.08899037360264,-0.043640718378488305,593.4972593581525,568.1536415886313,622.6204866087432
Googong,2021-08,83.16275286595024,-0.04921896230428721,607.821369742649,578.629326613708,631.3308516606111
Googong,2021-09,95.40076775956257,-0.03004797643827861,600.445394363387,582.6715959212735,617.7897664579265
Googong,2021-10,98.14623497072762,-0.0432657399008612,600.9320372592351,575.486693048477,629.9372654173369
Googong,2021-11,101.66167375893468,-0.03935572610831003,598.3986388616502,575.3056276411933,604.8172450332941
Googong,2021-12,99.73530393684932,-0.032344344561682066,600.1181832129155,581.0183055228265,634.0952587057915
El_Atazar,2015-03,93.20746979858149,0.04238186825319453,261.75997624969483,250.89790274963377,248.62147745600683
El_Atazar,2015-04,96.24353053397616,0.009598077143017011,260.2093546123155,252.9835390297064,255.34266609736423
El_Atazar,2015-05,98.95897080313522,0.03700230391909722,258.4684208028915,249.07927500994387,248.0783593651865
El_Atazar,2015-06,93.12298922105501,-0.01669846973795512,248.56028552235313,238.29150136806533,245.4122137220196
El_Atazar,2015-07,90.73436490891014,-0.01267569452968046,234.07359014092023,225.96630730436775,231.4464610070322
El_Atazar,2015-08,85.73676211551438,-0.04883011686795346,226.81155526706073,215.2134657470148,226.3969824951172
El_Atazar,2015-09,85.80901545392652,0.03200082577630786,224.81023698406847,209.48023132914682,213.5652916381836
El_Atazar,2016-05,99.87747454330284,0.024621219845399007,262.3022206259637,255.9228758731607,250.59036363154397
El_Atazar,2016-06,87.7150806257559,-0.0066705947000200464,260.2295576254957,256.3482430389992,259.1444938073252
El_Atazar,2016-07,91.99033717051935,-0.016031593469988205,264.3773225715637,256.43441911468506,262.4710898766611
El_Atazar,2016-08,93.05971982622039,-0.03048734615038668,242.7624236124233,235.47292491691732,250.7942064293955
El_Atazar,2016-09,80.45435463861583,-0.059639894326533265,237.47136567058556,223.72265922524417,248.3317938916973
El_Atazar,2016-10,93.02522266274298,-0.006808995072881553,238.0360245036244,234.85227172030147,237.24511640919405
El_Atazar,2017-02,87.91534251419591,-0.005649601781352195,225.7435102647713,224.47174519284002,254.37370902231257
El_Atazar,2017-03,92.47349315371642,-0.02463549880774416,249.54975637866883,243.47708245485927,249.62071550424616
El_Atazar,2017-04,85.41410716804164,-0.03818425916867896,243.44187760231858,234.32146606604252,248.87485105722467
El_Atazar,2017-05,93.21564175088523,-0.031986150618159764,243.393510846697,235.73148200308947,243.5299895531748
El_Atazar,2017-06,91.65146280627599,-0.024137960772145604,241.8780103876034,236.1094689543848,245.7025435387705
El_Atazar,2017-07,86.35963862597764,-0.023130112011823738,219.47129232161427,214.4531555043151,222.6447491993624
El_Atazar,2017-08,80.01409116613726,-0.04213254222329396,201.12194115048678,192.82419253830687,207.7286842163086
El_Atazar,2017-09,79.84657259169609,-0.02744786322407332,197.5893952872979,192.23974271517633,201.73574944350295
El_Atazar,2017-10,79.72445936317627,-0.05310777202246405,196.08213135084782,185.94033393235765,201.39640080458696
El_Atazar,2018-03,74.4824095361036,-0.02153892941075914,218.6233175794959,213.96475569315538,230.77371729312677
El_Atazar,2018-04,78.50185800191194,-0.012077352636191021,252.5476785052102,249.51591581958715,254.237630085545
El_Atazar,2018-05,91.45875171471684,-0.005342488902588968,247.33708525775208,248.66201695601836,241.31223915297565
El_Atazar,2018-06,93.12918781119805,0.01612047799701423,237.88081846088116,241.74664674336609,246.74479927260452
El_Atazar,2018-07,87.48204181558309,0.009779156654656725,224.36046910068643,222.17710605079088,218.57205151869832
El_Atazar,2018-08,74.5411135789646,-0.0234048698339908,213.98765949920798,209.03746152170302,215.39972728271485
El_Atazar,2018-09,76.62093826368904,-0.028691347586924695,218.3017571997121,212.12738469169867,227.80449653212605
El_Atazar,2018-10,75.26473412495089,0.022072468893137194,225.83624567649272,219.90439648433534,220.40467550551472
El_Atazar,2019-02,79.25290481874111,-0.004389391700992673,225.09140566405492,224.10555653789737,250.5041464490704
El_Atazar,2019-03,78.52858304344534,-0.022534813935782515,239.3107299190504,233.97821640759776,250.7758601392559
El_Atazar,2019-04,90.5062743316032,-0.021432225579740137,244.54401717155176,239.35865998921477,246.78877782221772
El_Atazar,2019-05,86.47902835948929,-0.017881845340609222,245.8028289162198,241.446486547031,251.7446945580576
El_Atazar,2019-07,89.74227720842393,-0.02593901166426034,232.11049182569243,226.16718999201885,235.7651447692871
El_Atazar,2019-08,76.36854873377126,-0.048782727460801804,232.40383742484084,221.33863404846747,239.86436773920997
El_Atazar,2019-09,88.36191055442451,-0.03133869504711913,231.9559086311071,224.7994360975967,238.6424430260752
El_Atazar,2019-10,72.54006457100986,0.004461511480908138,228.2082674735731,229.22869591290103,230.95242729623837
El_Atazar,2020-03,87.18312920391438,0.0015965701280651508,230.4008961813501,230.03333848692165,224.47793353774128
El_Atazar,2020-05,93.32464857598137,0.01880899528432456,249.16413572455915,244.52140806589804,211.14787101069436
El_Atazar,2020-06,95.86169446677012,0.010994057576065946,250.59216861478512,247.85223298772885,239.56673583374024
El_Atazar,2020-07,87.98041181281344,-0.03489952748982003,246.0396352167983,237.60107555664035,250.93034930048924
El_Atazar,2020-08,84.74494748344989,-0.041774033494110206,233.45781669245957,223.906235058421,242.56103272836725
El_Atazar,2020-09,82.32103541911073,-0.030819861680792607,214.16545349080516,207.66558091563624,223.58179635196464
El_Atazar,2020-10,71.02039535577403,0.0027107595545516373,206.7610085208129,207.32224824947195,213.0732869740206
El_Atazar,2021-03,92.87836298576258,-0.03265196346363885,256.05882549110606,247.8330271258853,260.91921889835135
El_Atazar,2021-04,89.64380016465711,-0.02800431135531333,248.48708848891397,241.62491241383637,258.3289764245127
El_Atazar,2021-05,81.0850474772666,-0.0018110318606390217,220.6192803084804,218.98035786403875,219.99741251113
El_Atazar,2021-06,86.30569930334862,-0.016485516382636338,218.99685012167186,215.41616973757496,221.5780062011719
El_Atazar,2021-07,82.82379019045884,-0.016254683094140923,215.88126479460226,212.40054885437377,223.88530020751952
El_Atazar,2021-08,74.73661137771501,-0.04950722340931683,191.6448428105844,182.38806796465695,194.1511555053711
El_Atazar,2021-09,73.17707375240225,0.04649012504066216,181.0648089912224,172.8397566065331,154.85033362558403
Castillon,2015-03,61.85461822752406,-0.05806965862431371,362.2435431562509,285.42739594472624,331.0227332763672
Castillon,2015-04,74.01260189381708,-0.1578731296972387,381.44591334117956,305.89774334780986,369.6462751894244
Castillon,2015-05,88.09553017752994,-0.05333486021738211,440.2473908680822,389.1796100251299,425.1135544989373
Castillon,2015-06,84.22292751092111,0.02525345812407951,456.0473101554315,419.7921238914133,432.0543415651569
Castillon,2015-07,88.84535254845623,0.016184110794395197,448.49228759497447,420.8550537960676,430.9525233278521
Castillon,2015-08,86.13544881810778,0.006878239832959359,451.07224015886277,424.2309568490187,435.9439327760943
Castillon,2015-09,74.46322954393521,0.06145147303313982,439.20407899761244,400.61632460479046,406.77428065795897
Castillon,2015-10,75.15027487210888,-0.03668691176154762,421.28273606677817,349.65342712836537,390.9058659364947
Castillon,2016-03,67.38995484802858,-0.08674893047501828,396.3208427828586,333.08828700081716,379.4376551753504
Castillon,2016-04,71.45971157756001,-0.15742579955107106,377.0730723163574,322.1486854062504,390.5228887568934
Castillon,2016-05,83.79952464953055,-0.1140661134421897,431.74632975840177,372.31481555015694,424.4618164191033
Castillon,2016-06,86.90424770857885,0.029692752826629948,445.81182649343623,422.3146420246692,427.5098867248535
Castillon,2016-07,87.52836863946958,0.019891785266784374,447.9784725924415,427.09479825967463,433.0831301886345
Castillon,2016-08,86.28696803775054,0.05315067441069418,447.1656828250111,424.0191022174422,415.5854396118164
Castillon,2016-09,79.0514998211476,-0.05486111863424369,430.31024059806276,403.05272870787053,428.0403536623248
Castillon,2016-10,81.34886473534017,0.0034384361960990775,415.5143904681458,376.7796754184731,394.993656957577
Castillon,2017-03,73.32401144115937,-0.13546629295676055,365.6930741338166,319.36290626618984,392.7846045595416
Castillon,2017-04,82.00610928301316,-0.1388325938681288,395.33207849032783,344.08665264527565,410.15190477926814
Castillon,2017-05,82.07136954108343,-0.00461283825279243,423.8898071054904,400.91629869408985,413.1949528749713
Castillon,2017-06,85.6937791504829,-0.005614906396442,443.0786852294888,418.8034257325357,431.9811570135857
Castillon,2017-07,87.93337242032658,0.02602004202516709,450.21210159975084,421.4658579456036,429.9714321905877
Castillon,2017-08,89.23898859219834,0.01842711351494516,444.9715744173799,424.10123618014586,430.4270003790642
Castillon,2017-09,85.04964455812592,-0.015508129653102654,443.64946356161454,412.18231495231515,430.9552789736041
Castillon,2017-10,83.83546303347208,-0.001572662677381563,440.37255901327785,406.2723853486774,423.3117035219439
Castillon,2018-05,79.02313899950386,-0.027003062734191882,388.1179642238085,338.93349166167627,367.6230685492303
Castillon,2018-06,86.52273299441066,-0.04029626209629196,423.4429229420365,406.71897517943614,428.9345142401482
Castillon,2018-07,89.74336705525603,0.0059994029442205984,442.1479071394217,425.99121491060254,432.6944796515252
Castillon,2018-08,87.09746002950865,-0.0008415296344987874,446.7007501322351,428.1313002617265,437.5015204286822
Castillon,2018-09,85.45630742922401,0.0007026281970024736,438.04309807236643,420.213108340918,428.8847904299029
Castillon,2018-10,83.61125947603949,-0.00028189434722695333,425.19335971896226,403.0727366208884,414.0436813234576
Castillon,2019-03,81.08549312187905,-0.07969525903384789,344.1492260716187,317.78660402530744,406.45782354082894
Castillon,2019-04,78.87947721168072,-0.04757739915797887,331.1766197741942,315.7890503208274,366.7249683410644
Castillon,2019-05,86.9159003143813,-0.07000022874608822,383.8083479858383,357.8604498311198,414.73803074405447
Castillon,2019-07,87.48209502279238,0.0017498161378008172,444.9005774844543,426.1167376892905,435.026600708654
Castillon,2019-08,88.19007828597172,3.8465040051435806e-05,442.76475121117505,425.68029029163057,434.1301397279986
Castillon,2019-09,82.24002727659487,-0.0445313965156927,429.1542555620857,399.8431539340123,423.5663142275104
Castillon,2020-05,85.57296225431267,-0.09442475579745574,428.80944615498174,381.12100615000736,423.8065751105095
Castillon,2020-06,88.68500326120923,0.047609605627628775,444.2234152968639,423.56967307362424,398.38849528262864
Castillon,2020-07,87.81906308990425,0.02973123882711176,445.4734865664962,423.55292712420714,427.9654581671501
Castillon,2020-08,88.27663332454468,0.010568719034663752,445.5333583393485,426.10886575181144,433.4164895204791
Castillon,2020-09,75.6030359126421,0.046803320315932345,450.2665447882757,402.8305275519195,416.03782332828297
Castillon,2020-10,81.59111527905908,-0.07502352543928681,433.4360158144676,371.62944321857543,416.6858058356072
Castillon,2021-03,81.32401745096658,-0.20558791661340042,380.3151447026578,309.64061563702234,390.5211257136805
Castillon,2021-04,77.75862183926428,-0.15203183567895337,381.9034983675414,325.9273685988406,380.6716435420497
Castillon,2021-05,86.37591006385672,-0.05759261160231895,395.8050278614207,373.6535848693222,432.88175495059744
Castillon,2021-06,91.59228278352795,0.0852633662209826,433.3279272423822,397.91221390913034,388.4000057261748
Castillon,2021-07,88.55910358589853,-0.0061169544276729985,443.58334931837635,426.6894592022118,436.38705062320486
Castillon,2021-08,82.73909359240321,-0.015261421028738422,442.1390669726351,425.8271788249324,437.2301574835564
Castillon,2021-09,82.62825391538895,-0.10424135626600159,405.74667389165677,365.580920960747,413.58885289938536
Castillon,2021-10,82.24436505334674,-0.10556375515467753,387.0251420535202,340.8280498690265,382.87775284991096
Youssf_BenTachfine,2016-10,75.95164401348002,-0.13944324224926985,704.9300218273572,613.1780164501305,708.3835444445801
Youssf_BenTachfine,2016-11,91.11438759383437,-0.05792115016012053,624.7609290058894,589.6021060158073,750.0154310996381
Youssf_BenTachfine,2017-01,87.7237752674638,-0.042860541952831545,676.7009814554126,648.3099835458928,705.8196581433106
Youssf_BenTachfine,2017-02,94.22491605189467,-0.020069761515646586,675.0725031747413,661.6590120521546,732.4087257629394
Youssf_BenTachfine,2017-03,84.98760721968925,-0.08934757250775152,715.9930146691961,654.7954117406166,750.6609069733025
Youssf_BenTachfine,2017-04,86.25546668002632,-0.06894253493229975,689.2610676415238,643.342712639343,724.3106815856934
Youssf_BenTachfine,2017-05,73.51790876032157,-0.11555559602321482,710.3131702168617,626.9651990911876,707.0322601135254
Youssf_BenTachfine,2017-06,60.069462936375174,0.057873736978750964,802.2646954305219,605.9240336321618,677.3307736010743
Youssf_BenTachfine,2017-07,69.36668597289024,-0.09656762317690898,683.1680382061311,569.029171128192,654.3354177246093
Youssf_BenTachfine,2017-08,50.164383862759735,0.13093953464431396,799.5303232067251,542.4357845903495,616.82004296875
Youssf_BenTachfine,2017-09,49.52237141752985,0.17134082237321657,805.6214608655428,515.2273318684631,591.3692976196289
Youssf_BenTachfine,2017-10,75.40107050278796,-0.08296109726514275,584.7419548391573,484.028591295257,554.5394010253906
Youssf_BenTachfine,2017-11,93.18888136558226,-0.04352717255046225,473.8569614131063,453.673753199097,518.6610414978028
Youssf_BenTachfine,2018-02,69.56115057067302,-0.019864987370634593,521.1947559069247,417.8929007430286,471.35285560913087
Youssf_BenTachfine,2018-03,72.59167810538631,-0.05990015782476028,639.8534458355373,528.1508043637846,598.9993944396973
Youssf_BenTachfine,2018-04,49.80232809575005,0.17245475773040145,793.9217707236884,518.597046207435,588.6481726745606
Youssf_BenTachfine,2018-05,48.60978501901979,0.14873835530844515,785.3337651513716,490.18678965386044,575.9831957609289
Youssf_BenTachfine,2018-06,53.33780968553894,0.08108193477817446,696.3093382657861,471.5947847597817,550.2738669311524
Youssf_BenTachfine,2018-07,50.32581271562721,0.23046536988193322,703.8124506049292,448.10267066710213,500.4633971801758
Youssf_BenTachfine,2018-08,48.88348872639106,0.2081478370570379,694.2057237432248,425.1902795991992,489.59506350219726
Youssf_BenTachfine,2018-09,52.77216989053123,0.1984823897104674,611.0640351599407,400.6227220872015,448.034283338623
Youssf_BenTachfine,2018-11,86.04017873635178,-0.06441981572190092,513.5919762808129,481.5496369204607,644.3516317138672
Youssf_BenTachfine,2019-02,45.73891950617521,0.23320872081131336,786.3092685656593,476.1119990752374,544.5159812194825
Youssf_BenTachfine,2019-03,45.381003823062514,0.2564912603833538,780.3953143242475,459.5902897455817,526.800743458252
Youssf_BenTachfine,2019-04,44.29137786588092,0.32647582085006854,813.5687172730798,437.9344666391847,507.0004679199219
Youssf_BenTachfine,2019-05,43.875827372317474,0.3818794089560586,768.6891380741914,412.32284996211865,465.1253541015625
Youssf_BenTachfine,2019-06,45.558452035138174,0.3138015995339988,691.8651100368713,387.29268917094464,442.4754840637207
Youssf_BenTachfine,2019-07,53.55747884225962,0.3286570935248709,636.0212884712178,375.1649815966589,414.45748954467774
Youssf_BenTachfine,2019-08,70.79082036745227,-0.06444065393002185,432.56328670751304,352.51999801225764,403.2829097338868
Youssf_BenTachfine,2019-09,56.27908059009406,0.07812168289750468,502.2550583306884,340.4609064061365,397.6782850476074
Youssf_BenTachfine,2019-10,51.34665043522001,0.21632953672293,531.6420390059793,329.5412138323707,375.6549915844726
Youssf_BenTachfine,2020-02,60.12231817042945,0.046182803106593645,448.66113346795845,326.9435404795771,374.25459135009766
Youssf_BenTachfine,2020-04,57.63270712022964,0.004389928663371873,469.65123363224455,321.22384086463825,387.5594742993164
Youssf_BenTachfine,2020-05,52.33760258466914,0.15057299810856806,500.50168147098304,312.47906971309584,366.789357355957
Youssf_BenTachfine,2020-06,52.372120929565554,0.26727869327232634,501.2438570631235,310.06730748853965,344.916277076416
Youssf_BenTachfine,2020-07,60.570991311919414,0.049295632400913864,422.64777136190946,303.3537239662367,349.3490337695313
Youssf_BenTachfine,2020-08,53.28598549055451,0.11191151184126721,454.99167584023616,299.41001041920174,349.00657418212893
Youssf_BenTachfine,2020-09,56.20600574043194,0.09708122773977104,435.7128137986785,289.5241032892191,338.3464373901367
Youssf_BenTachfine,2020-10,51.572220123877216,0.1092336991069606,464.185531772303,292.5337837194436,348.910482800293
Youssf_BenTachfine,2020-11,54.94894335958647,0.21183249732507922,444.60072539949834,298.55588368626644,327.71706619384764
Youssf_BenTachfine,2021-01,80.46493798911558,-0.12557375951598151,460.83092530901087,406.44859353786364,517.9761528686523
Youssf_BenTachfine,2021-02,81.18101468881713,-0.05856188499736354,500.1489122571853,471.70037892056683,521.0133758361817
Youssf_BenTachfine,2021-03,66.45231760649249,-0.023340036225108912,604.6919498304756,499.3665226063463,555.9618993530273
Youssf_BenTachfine,2021-04,70.33693579170878,0.15919360420721898,613.9360864101828,499.89261797556384,511.6011246582031
Youssf_BenTachfine,2021-05,63.52334083356034,-0.020601723426849072,619.0809958480295,474.9562732347204,547.8657582580566
Youssf_BenTachfine,2021-06,53.407468207432494,0.040059999089008896,676.3529246677149,464.02482939459765,549.1087671325683
Youssf_BenTachfine,2021-07,50.01272907419245,0.22307763238791467,710.725896534204,438.29960771091766,499.2245320739746
Youssf_BenTachfine,2021-08,50.487060328882976,0.04735720180636896,666.0233717192913,419.81340943063,516.4037677062988
Youssf_BenTachfine,2021-09,50.82076136875921,0.11187381460036797,643.3253214544468,411.694262826071,486.6420580493164
Youssf_BenTachfine,2021-11,52.76726828454797,0.23597760574868148,570.2743000174983,386.2800096410947,417.1105079406738
Changmao,2015-06,72.40575502560343,0.04613730436218763,592.2215244282364,565.5187532188415,487.488698499325
Changmao,2015-08,79.73552911786527,0.11381336035597969,778.0148264151851,694.3194941143036,662.0858328801413
Changmao,2015-09,85.68188046220415,0.0977582708786584,741.40961670906,672.3607257469097,646.3160101257324
Changmao,2015-10,78.46341552103505,0.09467453172736316,738.5727183863005,671.8566726869548,661.5839196289063
Changmao,2015-11,81.46725566240487,-0.01622777066706549,677.0813513896443,639.6857062316428,663.479586100763
Changmao,2016-09,74.01580210590694,0.038571181781133196,594.8448947052002,572.3378756085579,543.2682210876465
Changmao,2016-10,82.91158235544042,-0.017538605056222224,662.6416953186036,621.7222374667141,647.5093441619514
Changmao,2016-11,87.48634451966029,-0.05063350010312556,799.5147098396149,743.8602479757008,790.9587401107729
Changmao,2016-12,56.35666366337138,-0.05218987299097584,841.7592485351367,753.8448722541809,817.6507281219123
Changmao,2017-01,79.15194613045999,0.09257019595081856,827.4485884070668,754.2899027796271,737.8353991882324
Changmao,2017-02,79.13879766416645,-0.0008406341186228405,812.5084245801308,737.2967551444713,774.3149403345444
Changmao,2017-03,84.03908433427134,0.05536911824405148,785.9475270264998,708.5832566998085,725.8869147956399
Changmao,2017-04,76.41715525004378,0.12783443938030992,770.9056041341471,678.3962071984165,604.6674425292969
Changmao,2017-05,80.95209358123137,0.10676227876466506,741.0840688455675,666.041375062352,624.2648340838264
Changmao,2017-09,79.88133968108637,0.041202562411969464,629.3346281906515,603.9313624378644,587.6533299911439
Changmao,2017-10,81.12283326809285,0.04273627239604978,627.6808698163982,601.4212449949545,591.471219078058
Changmao,2017-11,67.95023662104023,0.03097882883461013,536.2951717685698,519.9360765243866,498.90699111328126
Changmao,2017-12,50.629873210217305,0.007864759907060204,529.6699390480036,426.00559783899087,473.15398793181777
Changmao,2018-01,43.975909557092514,0.20489123292882305,545.9164926927798,382.1174221557126,412.25882506182506
Changmao,2018-02,45.793681368510775,0.3625208012698158,562.1350804953529,391.2009538779923,362.6409807808192
Changmao,2018-03,39.620110818046996,0.5396696520275159,567.3434249791829,330.72762655924083,272.86104206772745
Changmao,2018-09,98.00932366670004,0.0011834828484314462,830.8012978573096,779.6853257852235,804.3614964401186
Changmao,2018-10,97.57909061274232,-0.03839539908149331,861.7142934185513,798.8149843223484,845.7503861862123
Changmao,2018-12,70.96183292731189,-0.050986037432246584,839.5235042114431,797.7924186157068,852.6588025292251
Changmao,2019-01,81.66515306815103,-0.053407264845356836,813.9812521412425,740.541275813657,797.4052236007631
Changmao,2019-02,83.52997503389447,0.03927783684982844,746.2895324078282,695.921333251627,706.6505089950502
Changmao,2019-03,73.25140508560204,0.11419273765706378,717.2462518196269,639.8453403359315,429.7905705490053
Changmao,2019-04,65.85160312379975,0.0994845212596927,672.150376991174,608.5003998372092,524.51750133667
Changmao,2019-05,64.85332732926551,0.12224842395910973,637.1942872217853,563.8713871901722,390.11697281881897
Changmao,2019-08,72.06085518373877,0.10524672132110735,580.4421717649335,522.4574038996192,427.605519001034
Changmao,2019-09,83.28635275996722,-0.061140787172361204,677.5193980452144,637.3362599934765,682.5676230946979
Changmao,2019-10,92.21744945465917,0.021502020860522914,730.300170908241,675.1841006506397,694.6926437850892
Changmao,2019-11,82.56697413933463,0.055970579301763766,681.0097171617796,643.9402843922142,607.5013335189759
Changmao,2019-12,70.94472014664589,0.08478222585236597,617.9236185605395,567.6940500969001,561.5910824065803
Changmao,2020-01,59.21423836253438,0.15013381916352464,617.1609261107092,531.1242524823842,507.9681826096717
Changmao,2020-03,52.97203241901611,0.20455240939279445,579.600708951326,472.38154837064377,377.7823353782744
Changmao,2020-05,50.00909690347084,0.22621900908629505,542.1765862803322,432.40936522412875,364.3989965540269
Changmao,2020-06,50.18383672065073,0.20896544923083218,500.3641230839517,406.00709317223476,327.4189733118393
Changmao,2020-07,51.99805948250767,0.21269403833085554,469.42708639649027,379.4864714006504,337.51280613044287
Changmao,2020-09,74.28898461035214,0.05028671600276448,506.9869329940713,482.1226364075827,459.0661951948099
Changmao,2021-01,77.73148023723049,0.0002082552799648127,732.8723204720965,668.8104013099191,700.03611658172
Changmao,2021-02,80.27704088210048,0.0473871057887197,702.9350801203401,641.2746788541484,655.6765858932434
Changmao,2021-05,68.96600224448089,0.1062611376078641,623.8294199570886,558.690115412566,559.8144536524156
Changmao,2021-07,64.68694530688354,0.047353989128388084,474.3572287633463,452.4180744899301,428.7096183883608
Changmao,2021-09,69.16897385495302,0.08907848522129025,532.5520766901147,487.16467333015305,472.22476164450256
Changmao,2021-12,79.57343373964842,0.00391926300353037,676.4212324055919,627.0530392598941,649.9945228744447
East_Canyon,2015-03,96.52091909217776,0.026430012345546726,179.45878882446289,174.77782230758666,172.8282334600471
East_Canyon,2016-07,94.77067431977832,-0.03484257666450327,173.5244831893921,167.5825601501465,200.6222279912971
East_Canyon,2017-03,73.0391067366755,0.061960418609794406,229.44849617682723,194.4757169240745,204.7956673369045
East_Canyon,2017-04,97.93096568859644,0.031196054115012577,218.14404818034419,211.44386761850024,206.16657780151368
East_Canyon,2017-05,108.19371055544877,0.02589626726594413,240.84149174194496,234.68465965666385,229.05657571092792
East_Canyon,2017-06,101.94979216734014,0.03629601334352762,247.04454505698052,238.23859020679873,230.6194621855373
East_Canyon,2017-07,95.94335050807784,0.04226993266317902,244.4406640945961,234.32350583780126,231.23099802538104
East_Canyon,2017-08,99.7889780003985,0.03959929726737399,221.20411772842402,212.61575885925288,206.15721182542987
East_Canyon,2017-09,99.51863371636648,-0.060502216127171334,201.65084504165648,189.812263306427,209.21284834886737
East_Canyon,2017-10,96.49628744430308,-0.029991108368530764,199.19301341775034,193.30768899841308,212.20265583788105
East_Canyon,2018-03,85.77061398088057,0.03513652293547258,229.7752287565673,221.84191683197025,215.1362705871582
East_Canyon,2018-07,84.7534390011615,-0.07296425514315139,220.8022135475458,205.26525803146362,223.7561165312404
East_Canyon,2018-08,82.13456786990582,-0.04599016334437063,184.3470712053043,176.06092045015168,197.3884249846096
East_Canyon,2018-09,93.5286238839434,-0.03976002819102334,162.31245912630322,155.98552420884528,173.13948958740235
East_Canyon,2018-10,92.59443892753976,-0.0355464558386316,156.91129906020842,151.43162693393685,167.8434083190918
East_Canyon,2019-04,78.7399410665045,0.023287338283930595,221.1924612376897,208.98864625613595,212.5150666997932
East_Canyon,2019-06,108.27002892384291,0.02652131628025169,244.02546579483294,237.63865688415459,230.3478300383205
East_Canyon,2019-07,97.2954271851937,0.025560070770773644,237.753768783619,230.03198717064444,230.8912748686428
East_Canyon,2019-08,97.20055719428942,-0.03492543959487922,221.8105323286767,214.19742145068932,226.67803854662128
East_Canyon,2019-09,100.33688483014609,-0.033045359715235034,206.28119113880183,199.5759536310044,209.55336982713885
East_Canyon,2019-10,92.21548067893494,-0.010917462494292565,203.6411405716212,199.8195386076294,202.82544298387717
East_Canyon,2020-04,106.75590241559092,0.016722628259272627,230.99026093621666,225.73481869184394,226.4460963341328
East_Canyon,2020-05,104.49525818707644,0.021092017325070257,237.90789707900538,232.94248890966233,228.24136209398455
East_Canyon,2020-06,96.6791359682723,0.047750555240434506,249.299497908773,237.67505396122377,227.8335097929592
East_Canyon,2020-07,103.25201182990406,-0.026832979748586398,227.2628870471847,221.24583533795612,228.1052392546291
East_Canyon,2020-08,89.74548013574336,-0.03852729803197482,198.38989499566745,190.8918358222712,210.232456002676
East_Canyon,2020-09,87.598207872069,-0.007211393444968822,180.93752635409052,169.03724215423097,175.51791766357422
East_Canyon,2020-10,92.22501451234888,-0.019643740676912956,172.4886763684073,164.31375779822116,170.0132787109375
East_Canyon,2021-04,92.4944638851933,0.014684344950259401,206.46829102872152,200.24557493351725,201.84569001522289
East_Canyon,2021-05,86.04503283017085,-0.03743669190929002,204.5878501437074,197.07035094466465,206.42666275926777
East_Canyon,2021-06,96.87539035578016,-0.029529203515271336,193.82368631998804,188.18390615449366,196.1368048650764
East_Canyon,2021-07,90.1811209740781,-0.04275827647937606,172.13562501774544,164.93053861317873,178.57609697265625
East_Canyon,2021-08,92.58136231201836,0.047754279684906434,159.17113660449402,151.74867137581637,144.1230241455078
East_Canyon,2021-09,89.25533815528595,-0.043210849552742625,143.62166058717025,137.54781958281845,149.6263112915039
East_Canyon,2021-10,94.64667677016864,-0.006780927908655471,148.54677071228028,149.55747855126486,146.84016958618164
Ambuklao,2015-02,82.65452665606074,0.167632067516232,629.9915886307556,459.7926059005692,494.934269934082
Ambuklao,2015-03,85.7934311961129,0.15327146730396496,623.4677592718806,450.96965511779786,491.1319458190918
Ambuklao,2015-04,71.7784497783585,0.20912421558904432,647.874022090843,400.28338678131104,458.6889939742025
Ambuklao,2015-06,64.27524091212997,0.2658432583961682,637.4982096748683,358.7861181472861,418.72623321370446
Ambuklao,2015-07,92.0595531839237,0.11455955338835791,652.2621479647369,477.4290202494947,526.9740190814329
Ambuklao,2015-08,89.46405527234651,0.11201611650932349,645.4231159429077,476.9685196854761,524.6179249190267
Ambuklao,2015-09,91.42386790254008,0.07123606023689084,651.2549476558656,499.4399915573212,550.3620266219076
Ambuklao,2015-10,88.15544308421889,0.006402872071352345,635.9385755891503,485.427524413681,553.8337501971555
Ambuklao,2015-11,79.29587184303753,-0.037464289589150906,633.8636007174143,466.4823311454773,554.0523141341146
Ambuklao,2015-12,71.88104160567308,0.04546738698647701,637.1414008610836,500.78123428445434,552.1649286665853
Ambuklao,2016-01,91.21333010178743,0.05439719759688261,641.2134049185725,497.092256770326,549.4239592407226
Ambuklao,2016-02,81.64694281028221,0.09624769952238152,634.7230586970109,477.74707945360194,524.7968698181153
Ambuklao,2016-03,76.32404021330235,0.22570542448395847,614.8860811870467,435.58613446448317,462.29909620361326
Ambuklao,2016-04,68.32332960407955,0.12283775267983732,623.3195949171412,387.40104736780637,462.1275990112305
Ambuklao,2016-05,71.03370091167432,0.3593360394422804,622.132766955633,363.18049008359384,397.16773803100585
Ambuklao,2016-07,62.48483310901687,0.4797293626252484,624.0203264102198,304.3761868590669,342.87261260986327
Ambuklao,2016-09,93.9093406912299,0.08576640257927633,642.7443783742247,487.84778661247395,536.4600369856771
Ambuklao,2016-10,84.2058254962677,0.001720644337465771,634.5137182583555,488.6881848625183,556.3688342329916
Ambuklao,2016-12,83.2655765923206,0.05191988044604698,624.5009456297917,459.5115941472446,521.9639731018067
Ambuklao,2017-01,85.63722707486225,0.028722178289580305,623.0338929788597,480.1021827976039,539.1203619307455
Ambuklao,2017-02,73.48751762349049,-0.05203442736993219,604.1104376430768,444.8103974211685,532.0405909799853
Ambuklao,2017-03,69.12473195373794,0.07012391467309534,608.6841137414563,409.75822109419113,482.2059965393066
Ambuklao,2017-04,61.22254317239151,0.011558102210635135,626.4818851561967,317.3736233629384,443.3328001586914
Ambuklao,2017-05,52.96850001635299,0.3830759633549917,578.5954935923851,288.5083511905382,337.3516427307129
Ambuklao,2017-08,83.27907601547953,0.09636886092046197,654.5501185320503,475.32676732128226,531.5466145812989
Ambuklao,2017-11,83.99101180319623,0.006508549535540448,632.5106870661942,474.0852820411521,545.8192606262207
Ambuklao,2018-03,65.60007640036838,0.21217180941735553,588.5294681286712,368.8981963654752,419.049039453125
Ambuklao,2018-04,62.33896182935508,0.13931561514859836,581.4892379022748,359.7518282276858,426.59950189819335
Ambuklao,2018-05,63.15948353397524,0.04392192107795345,571.4363914874567,353.83759177531675,439.8943749983724
Ambuklao,2018-10,75.02889909846058,0.22452165205874047,655.237654744679,445.5129380273629,482.9201498474121
Ambuklao,2018-11,74.56543467664385,0.1930206101373479,654.7693941693027,428.9314609273444,481.19847622517904
Ambuklao,2018-12,67.33893828773918,0.19770172806609648,653.3549639946799,433.57270064127357,482.1422358931478
Ambuklao,2019-01,77.26950367043311,0.10335764445526587,641.7178936575136,458.85005084035726,515.3041492328
Ambuklao,2019-02,77.49129818328771,0.2269109047790237,645.7642975512986,454.37106620219765,483.5810483581543
Ambuklao,2019-03,75.57195873019107,0.239709971419085,640.1598078739671,439.5465245652769,470.5375297485352
Ambuklao,2019-04,70.51041291114376,-0.03990044344619614,611.9977677134985,333.68977738254995,461.01031350708007
Ambuklao,2019-05,59.72634062871147,0.6294937039471621,657.0226049852483,294.61170486404825,321.16065393066407
Ambuklao,2019-10,78.97579225375182,0.0066444425792997475,624.4638060982957,414.76520453546937,507.23822158997774
Ambuklao,2019-12,58.85096585865112,0.20000877688207097,634.7498002074699,316.7490894121801,405.7211239154172
Ambuklao,2020-01,63.136878269128054,0.30458045031161085,612.5412261278938,330.8973734639076,386.6121668029785
Ambuklao,2020-04,57.547441295645,0.13810852975716334,616.5826160386306,345.03174025932657,430.4624529663086
Ambuklao,2020-05,56.299676890643696,0.45619873039581016,620.3879017647441,297.48031428280035,341.97824576547663
Ambuklao,2020-06,60.46746763396662,0.41681458044062636,610.697553009082,311.1560692927881,353.9093952925619
Ambuklao,2020-07,56.21132731054866,0.24690915065952987,600.5571788635555,307.60581338132505,379.8908295733762
Ambuklao,2020-09,58.976398957532126,0.2589587221694499,570.7260250899001,298.1055018216473,362.38203715688667
Ambuklao,2020-10,66.50259546000711,0.35083930996129825,580.3727530485014,366.0470314754954,386.7569832904172
Ambuklao,2020-11,74.99942012152522,0.036599310748017755,623.0653827932015,453.276161359187,521.7960794420428
Ambuklao,2020-12,76.24351240066329,-0.02401348419864563,610.5127455172744,445.0820063514172,527.5721334703632
Ambuklao,2021-01,78.61784109427654,0.026674237864330208,603.3285613726836,443.77313861621326,510.581659971828
Ambuklao,2021-02,77.76642851358065,0.11996517637183654,595.6299491561778,443.1708972824834,483.8645139831543
Ambuklao,2021-03,76.81435724795953,0.12702236184896323,597.7479153728262,435.4100048175771,478.7686244612631
Ambuklao,2021-04,73.74673234588053,0.23708373295455132,604.8761986875502,433.8815873524609,455.0265938521322
Ambuklao,2021-05,64.49945075141167,0.15416649017776524,636.7449493629068,348.13148442608923,435.89067412556966
Ambuklao,2021-09,77.36945030344289,-0.05461370116074499,606.0002050401977,458.24739188332694,541.5587797472186
Ambuklao,2021-11,78.9873680935065,0.2787928500523653,609.3540544244884,442.61769167472795,451.76245919026695
Conestogo,2015-09,95.45943811757294,-0.04935095414191283,451.02099135742185,429.3029849662781,454.2174687686456
Conestogo,2016-07,95.8112009582496,-0.07932316240497564,466.8551770095825,431.2534350723267,470.0841528804765
Conestogo,2016-09,54.13522255327754,0.029954428467136432,307.5609654253027,316.91314874256915,343.2541032168878
Conestogo,2017-05,105.62825244176014,-0.09142179739739728,502.7072857302412,458.7870992475424,541.3167175178079
Conestogo,2017-06,103.00509927081835,-0.13136176771181893,506.7851263398264,444.4001219229312,531.15709431801
Conestogo,2017-08,93.78616099234597,0.05459942923551678,461.1564270514322,436.65258431969824,379.1709161599552
Conestogo,2017-09,98.59864614175304,0.022884415883081346,415.8764973239847,406.46747718714005,403.4692224243164
Conestogo,2017-10,77.7073567989445,-0.014956090352530635,324.78893715575737,319.96750919520247,367.4487504817948
Conestogo,2018-05,99.65075939992734,-0.09072678709435676,507.6075495754691,463.58132204807316,560.2373440316952
Conestogo,2018-06,97.85605001097407,-0.10300338005897919,489.4357928363126,441.53173809911095,497.2121046768727
Conestogo,2018-07,82.03660292032554,-0.08751051392533343,471.49147495816055,431.9848452988888,487.7907976214001
Conestogo,2018-08,88.79260327126373,0.058413414718772816,428.45018009154836,404.13987800778244,186.11908106689447
Conestogo,2018-09,91.75921369639133,-0.023386872249871272,360.47974406445195,352.0603062057803,360.4353340598671
Conestogo,2018-10,64.47491830124757,0.050125505590083885,302.0601980406646,287.29248927064003,279.9077316855996
Conestogo,2019-05,102.65648547927402,-0.05940991467986574,499.6649698980032,470.8445037960688,534.8310902025171
Conestogo,2019-06,94.34286835058305,-0.053414352927409765,498.6695062561074,472.732273979187,518.538475444336
Conestogo,2019-07,96.33229736819204,-0.06397234369528818,479.6458860236391,449.92268212124856,500.40487992917525
Conestogo,2019-08,87.50202980166561,-0.09235138459870282,444.7285568645898,405.49669653546016,472.4931638919367
Conestogo,2019-09,85.0508861904929,-0.020445945535606247,349.4553204282733,342.3829232782112,389.6416931052773
Conestogo,2019-10,75.53049411382354,0.001315176865261787,244.97943424933462,245.30183749589838,255.24832658114565
Conestogo,2020-04,97.92544977056882,-0.07530802671445465,496.7307184632478,460.69675974651204,554.2615436591653
Conestogo,2020-05,94.37094087196232,-0.12271670273662845,498.1947627995352,440.6603458103371,538.2611526679544
Conestogo,2020-06,99.66634700992374,-0.07328197808544144,490.9129410542904,456.2244140483856,505.0327990619734
Conestogo,2020-07,97.38668361195056,-0.04010697488056764,481.21126664551196,462.2932465840303,493.2959149963379
Conestogo,2020-08,93.13642597447529,0.05493284014373961,452.77507377954345,428.57366467508973,426.9573797298417
Conestogo,2020-09,84.79659889159156,-0.02535087911063147,394.22418169011314,384.3558658562732,426.7155832969276
Conestogo,2020-10,78.80944751832946,-0.023240601807074462,269.4882365915917,263.29738599065945,294.6638427920832
Conestogo,2021-03,63.77568127398216,0.16331713395055295,398.1189834042699,468.7492830707685,491.55644832416607
Conestogo,2021-04,100.3572928761253,-0.10171331733940292,500.9446655187627,452.497541320464,544.5017311096192
Conestogo,2021-05,100.6155708518847,-0.11098111293908772,482.64787609707946,431.94844456711564,522.8448750617532
Conestogo,2021-06,93.92625271440563,-0.048815110300973984,476.4302624955856,437.1887778236429,467.6643222290039
Conestogo,2021-07,91.71411930177067,-0.0630694661385218,474.5617401645256,445.5556966812454,477.5670625003351
Conestogo,2021-08,91.24113925854654,-0.054085637499182285,440.1274221639377,416.9551421853653,450.6902213806152
Conestogo,2021-09,96.46264375510837,-0.022616746279200906,379.4838161937466,370.9974556773518,417.4698767703546
Cecita,2015-03,98.09415178447219,-0.07262129882892593,701.2525585346002,652.1318768202156,773.5425644481944
Cecita,2015-04,106.0521077186675,0.05686501570789257,878.4404048581213,829.8816101423907,780.2122112987803
Cecita,2015-05,96.87801011479698,0.07828972875447504,879.7416373768558,813.4939923748145,768.8184197277354
Cecita,2015-06,99.1548136961981,-0.012732029202456686,791.5896993999601,736.4564980453259,768.4017431347178
Cecita,2015-07,99.96591581141342,-0.025218802139466943,712.8372957815809,695.0851774757066,739.4310549694346
Cecita,2015-08,93.36530416659043,-0.023632252193404063,652.5777307658697,637.3366491168111,684.4296741853362
Cecita,2015-09,79.62216532359713,-0.004431258710955989,569.4791447790769,572.008253629424,544.8732049438477
Cecita,2015-10,68.56636621256968,-0.01756359150364623,460.8062644273342,468.9711700604037,457.5436485168457
Cecita,2016-02,66.12440472542175,-0.0313024835415487,666.7589996025825,646.211065465702,712.1498700105316
Cecita,2016-04,103.4403643845836,0.025173109301657514,818.9578384408109,798.5994404067503,778.1498198231657
Cecita,2016-06,98.90713287219128,0.03665771794530236,785.9623825465569,757.6724846587812,743.1825442882823
Cecita,2016-07,103.90986207439892,-0.017365326254121856,723.1996642010781,710.7494797090843,740.8203448681163
Cecita,2016-08,92.25763191579708,-0.03556537368598804,676.1886204712572,652.5623484439126,684.1513581819183
Cecita,2016-10,95.8394467193498,0.01625999611691023,654.3874834455187,665.1147980862389,669.8405475495941
Cecita,2017-02,96.4034099658381,-0.015464590510866877,682.3420344173245,671.8710675540237,719.2521225463868
Cecita,2017-03,98.0385534827071,-0.021962254459281134,749.8366342986906,733.5480530317184,775.1402026439952
Cecita,2017-04,77.70971835308569,-0.0025796775366372293,774.5767865464002,772.5812032970593,777.8719385182341
Cecita,2017-05,88.20552231521908,-0.003755499411032287,785.8932225259732,756.8047682949132,772.6613666798552
Cecita,2017-06,85.0977939242845,0.0056032821991302585,757.2964404408219,710.843134981677,731.6495456676768
Cecita,2017-07,95.73871554179262,-0.0036330087910212486,683.4483631036296,643.5814828872001,664.421261941684
Cecita,2017-08,83.49940527869157,-0.06883453538847599,590.6661994048499,551.375748551461,595.9634943652344
Cecita,2017-09,61.863458889863544,-0.060913433666460556,464.7652819825057,437.29983213486094,481.9273151489258
Cecita,2017-10,63.339294429527584,0.019888658610659388,398.3425651030541,390.4983300418299,375.00828574829103
Cecita,2018-04,106.49415795180589,0.006670248763493879,788.697584700763,783.4542821184245,776.1350334340055
Cecita,2018-05,75.95435676037727,-0.0017412423516251913,787.1202886754573,788.4920497956122,770.0689745495127
Cecita,2018-06,91.69121653995765,0.016881375881060142,771.858656567532,758.9379866455947,737.6945236583995
Cecita,2018-07,96.38895985703004,-0.0128957897185306,725.6899061884037,716.3916448280903,738.2496860729502
Cecita,2018-08,102.01648502037747,0.0030465859229643413,659.849131438562,661.862483882014,687.902992813266
Cecita,2018-09,93.22607260099069,0.007591387570961445,610.0615448505514,614.7103817151539,622.7112941638184
Cecita,2018-10,78.5296170402477,-0.011837634499793826,565.7239473868524,584.737373657453,571.7579319335938
Cecita,2019-03,86.85255150128148,-0.0024432190353014527,716.8446149009709,715.0953442882837,777.5939877308806
Cecita,2019-04,94.66682741062402,0.012198080885683731,804.5980425829373,794.8431072793334,780.998290233322
Cecita,2019-06,97.39795982005543,-0.0176125015985985,764.0907812740647,750.7510490257075,766.1087849254893
Cecita,2019-07,99.89255551358332,-0.014335368760696713,716.8403765241515,706.6375110296128,717.6854275768565
Cecita,2019-08,93.22163114653658,-0.008863924075710725,644.3180372050301,638.6320881811565,679.0801507844574
Cecita,2019-09,79.72787602595909,-0.007857850997235738,553.3462404395699,557.7114809904751,519.1671396118164
Cecita,2019-10,75.50475700046101,0.024193547150143005,468.7289404061688,480.20744916260657,484.290997265625
Cecita,2020-02,102.23972103286859,0.025728325669471083,711.8077417964269,693.7277022978724,672.7045604125976
Cecita,2020-03,96.25047606770727,-0.019562363685316102,773.8850075933516,758.893104253269,781.3932652477549
Cecita,2020-04,100.40757263331732,0.033395636734546964,823.1495890676459,796.1139335003882,778.1498434498747
Cecita,2020-05,102.23070952505266,0.04333199384256932,811.7656555295101,777.3414520772897,773.3780829843798
Cecita,2020-06,83.68806109609753,-0.008868888888153965,769.1762919039347,739.8090807427448,757.7023399364756
Cecita,2020-07,101.2920592209469,-0.022988891801009777,705.2723738692188,689.2438880398457,721.3199846528656
Cecita,2020-08,88.2544950656142,-0.040035159559909814,608.7292230600495,584.8400457393764,641.5169291837566
Cecita,2020-09,71.30909272410949,-0.0391058496171464,474.8053300338535,439.59223442577223,465.8804926574707
Cecita,2020-10,71.24471488794879,-0.0146860783926346,414.9508116206969,408.9013416961227,416.76191607666016
Cecita,2021-02,92.4550534830042,-0.010043456020823849,721.5872035393081,714.3762462760518,787.5065022472667
Cecita,2021-03,96.63801257015159,-0.021464438550964738,788.0214610662777,771.2872604287899,801.9789280934294
Cecita,2021-05,99.41736528519121,0.026253997610495423,840.0391166697511,818.2717225554641,816.2913478505095
Cecita,2021-06,106.56292952055742,-0.012507763953434798,812.480063051015,792.6603779366911,807.5435596599984
Cecita,2021-07,101.29113781304298,-0.02724965150172716,763.9474523522082,743.4112237836765,779.7950942089366
Cecita,2021-08,103.3209978214172,-0.04666983937488603,699.3161964102239,667.4290923592824,718.0328897960948
Cecita,2021-09,93.21293470840828,-0.030892687825177245,623.0891304893823,603.9408233225065,622.9892358691407
Cecita,2021-10,81.58452734861369,0.016691238279630913,548.6018439518273,539.5209959765515,535.8403934143066
El_Burguillo,2015-02,91.7081925224366,0.05834759908441521,693.3015674353596,636.3066447053976,645.09592734375
El_Burguillo,2015-03,92.5167985235867,0.02458547466842692,712.6671004324116,690.2441698154411,692.7970994934082
El_Burguillo,2015-05,90.12539942428265,0.017072845697387394,722.8952162190832,702.471747218151,706.5530656066894
El_Burguillo,2015-06,96.04806301851643,-0.022945652698661338,689.5663362012099,650.087755725921,677.2618367736817
El_Burguillo,2015-07,92.60180544261182,-0.019172711349465233,626.0554047871032,612.4548286712042,625.1823627563476
El_Burguillo,2015-08,76.66417900273846,-0.017698131452371608,519.64300933395,493.61195853829076,510.9618567626953
El_Burguillo,2015-09,73.76025000500279,0.05905840477871036,444.8969465304975,416.534717383293,417.9563668151856
El_Burguillo,2015-10,80.68233624700257,0.02012198399679902,459.1748331542115,450.02766275227276,446.0887419372559
El_Burguillo,2016-02,48.4279386540705,0.1026133658342513,649.7834391259378,586.4138511625454,547.986917602539
El_Burguillo,2016-03,48.1851967039387,-0.0715909457090001,638.9789603792079,582.3316498090021,632.2287672058105
El_Burguillo,2016-05,103.70225099039834,0.017392316425012176,756.4567450719987,743.413960891861,737.1332190672871
El_Burguillo,2016-06,89.2891120755743,-0.012456659810905893,737.5947433101003,752.2905538315479,740.2813042784687
El_Burguillo,2016-07,103.52714441561278,-0.00806312440452673,735.8307051790605,729.9214661425003,738.6387156981465
El_Burguillo,2016-08,91.69684679803994,-0.03144139133112476,663.5036053725725,642.9666754971896,704.6365721008301
El_Burguillo,2016-09,86.41522194043678,0.028589160133180275,560.6971143391097,576.9583133763944,614.9172198364258
El_Burguillo,2016-10,76.737368891471,0.0020415050784406766,576.4101617593809,575.234617834611,554.2106757568359
El_Burguillo,2017-02,105.23503852718824,-0.06471339105731035,699.2687073590555,655.4497846756313,728.980657690717
El_Burguillo,2017-03,100.62952093085931,-0.010055130182852362,717.370212892273,699.7524569886187,712.0776087771427
El_Burguillo,2017-04,88.61981434405509,-0.024989946440624005,708.4639193350828,690.9788296037184,720.3089499206543
El_Burguillo,2017-05,101.29516424727191,0.015029300329532605,710.6136479051154,700.0134780701444,692.4539063903809
El_Burguillo,2017-06,92.22922130423805,-0.013564995796661792,671.5809329723603,662.5324505026483,685.7479445251465
El_Burguillo,2017-07,96.79685984928531,0.00828556327477219,584.4392669174883,589.3017920055506,602.5293773620606
El_Burguillo,2017-08,76.8844189395713,0.011809901406814143,526.9132688293645,520.7270761382321,503.4341664733887
El_Burguillo,2017-09,62.48255390701762,0.04515116697677096,410.7230038808323,392.5908061898608,389.5547407348633
El_Burguillo,2017-10,55.759357298219484,0.11074226445660638,368.94755900540144,330.27057837509795,329.39752893066407
El_Burguillo,2018-04,89.22115515157302,0.019180264432451584,707.114486686734,720.8080326428282,738.7757315611835
El_Burguillo,2018-05,101.20752057934988,-0.008563508717988381,732.8817469322712,742.2242533460527,734.3870011477482
El_Burguillo,2018-06,101.5790092800539,-0.003285264791720672,744.240614647129,746.6896628181553,738.5018453063008
El_Burguillo,2018-07,97.36310515590046,0.01652528383998972,703.6204096742415,715.3445421624392,725.9694843997013
El_Burguillo,2018-08,88.47895177418576,0.012276679504942633,621.8754553285537,644.5750902816077,637.0218282653808
El_Burguillo,2018-09,88.39845601266775,0.013514248252104753,570.7108445343445,578.4759239924438,605.6104946044921
El_Burguillo,2018-10,80.72867112430463,-0.016435610212841834,524.6957789137995,534.409890694687,525.1968122863769
El_Burguillo,2019-02,75.43235949979598,0.023938515345847386,585.5776264830383,571.7262199976075,567.6282261169433
El_Burguillo,2019-03,75.59584182962836,0.005501377319783701,541.9047551375608,544.8941931405258,589.4591094299317
El_Burguillo,2019-04,85.20719832087141,-0.025341149079148452,513.3649006615559,526.5403931284541,512.4679116821289
El_Burguillo,2019-05,78.10341875620908,-0.01634669327346108,497.7135536135829,505.9163863491401,497.4116950439453
El_Burguillo,2019-06,77.16955380703067,0.0011745065069197064,473.5408224861298,472.9849721976161,429.4542519958496
El_Burguillo,2019-07,81.70562042265854,-0.024666964870831115,431.8725033428112,421.3498341753166,464.288640802002
El_Burguillo,2019-08,68.44546335522082,-0.0235708084266169,371.79864153778954,363.1375227643339,373.1978003051758
El_Burguillo,2019-09,65.7899811870469,-0.031520943737265036,326.2227670107642,316.10029063198186,351.36761685180664
El_Burguillo,2019-10,39.21522181128824,0.1834622721214672,295.2411525849521,245.75379874367093,240.6326087463379
El_Burguillo,2020-03,79.55327891631032,-0.03379636715090825,458.0877859190299,442.864773125968,488.9975001708984
El_Burguillo,2020-05,105.41663802423467,0.009098170730114534,610.4074648502211,615.9863967340006,641.4702394226074
El_Burguillo,2020-06,107.70344635941026,-0.0007029717998765228,588.7423807015905,588.3286568457044,622.9922709411621
El_Burguillo,2020-07,89.7515005259086,0.000909201758510305,531.4394718592316,531.9228772848188,546.7540854064941
El_Burguillo,2020-08,86.15901842772206,-0.03124917609009622,486.3781895198487,471.41429420981706,513.2218193908691
El_Burguillo,2020-09,68.22601145984837,0.06903988763515237,419.24562987694793,391.27752442393887,384.28522543945314
El_Burguillo,2020-10,59.527940436869756,-0.0726095961181396,387.32273634282933,360.1961317140984,405.9805656005859
El_Burguillo,2021-03,93.76129780126146,-0.014783230207957881,678.7915157249113,668.8305931977163,724.669421362592
El_Burguillo,2021-04,99.42598626559919,-0.012245065210842211,666.2388266611124,658.130433996329,691.2237297668457
El_Burguillo,2021-05,104.1303756113396,-0.006534105898164555,671.9881726886667,667.6116447257358,720.9727472537052
El_Burguillo,2021-06,101.74657228920691,-0.015006526412326741,653.2507238307693,643.5208877036746,690.6750606140137
El_Burguillo,2021-07,94.80995372978138,-0.01009004407906735,591.9523839338528,586.0095902315222,618.6118590820313
El_Burguillo,2021-08,83.58797618732692,2.189583689116842e-05,512.1841297735159,512.1953445964582,534.7779189880371
El_Burguillo,2021-09,77.03393454117024,-0.02654034992370774,438.08463688205984,426.6106526074185,455.1199375854493
El_Burguillo,2021-10,63.95247716955033,0.047521049343185705,357.78964089230965,341.18476694243304,330.288623413086
Salto,2015-03,106.36968350440424,-0.07231174890776726,586.1732257402379,545.282279193612,632.3085169250488
Salto,2015-04,106.12733031128883,-0.08867674257757342,593.8151239709364,543.4247753889256,634.9718867309571
Salto,2015-05,103.76670729485956,-0.10793812466869043,604.7358171115413,542.8611466633669,611.6074632019044
Salto,2015-06,99.02143272785077,-0.11094444052004233,605.5236187962641,541.9366587350128,617.5979303222656
Salto,2015-07,100.56554122636376,-0.09994740410211438,595.3832043984179,538.7533368801612,620.525765234375
Salto,2015-08,96.30531480986328,-0.11248032468682702,600.7574577161122,536.845832976753,620.5931921264648
Salto,2015-09,102.82313050792929,-0.09873671691146033,587.8208285614936,532.5546232637754,620.9922993652344
Salto,2016-04,110.90759362156285,-0.07033218191171671,585.9785909498428,546.1813550946704,624.1215886413574
Salto,2016-05,108.92730836040408,-0.08695091034275701,591.8018655588071,542.5178466722024,612.6058123413086
Salto,2016-06,103.2917995754516,-0.07119742941469678,588.2175447623579,547.7940658884262,604.750461315918
Salto,2016-08,95.96152678661848,-0.08933239996720005,576.4235536379402,527.1632783669937,592.09954453125
Salto,2016-09,102.93855456545084,-0.07999998439096115,568.8711071335653,525.1342261788977,599.8893832092285
Salto,2016-10,106.060000895721,-0.08734248124819434,564.0979214624806,516.9185790597222,603.2172327209473
Salto,2017-03,105.27480031890896,-0.0753993396737717,553.6544008509215,513.444184487966,609.075111151123
Salto,2017-04,103.9453160152208,-0.07402185687162273,561.3024744621248,521.2543266026395,591.8974205627442
Salto,2017-05,100.16942879067149,-0.09799096099006893,576.7831306036938,522.9445199449397,581.6469628295898
Salto,2017-06,99.03099034390684,-0.10922462549087257,573.6805715112745,514.3212757564726,576.65397086792
Salto,2017-07,98.31589298393568,-0.10383235557868709,566.0005454208954,510.1795314710213,574.9899294555664
Salto,2017-08,97.85481541222751,-0.07445981241082868,556.3184573510446,505.2706780731609,550.2911461425781
Salto,2017-09,96.84533432101425,-0.05138529297510441,544.2429448923734,498.9181147804198,534.6495613891601
Salto,2017-10,101.91291024846387,-0.08930545227036292,532.8298116792896,487.3081225753958,572.7900300170899
Salto,2018-03,113.0254442983884,-0.06703790941185228,581.4795614713379,543.7762809336772,655.2109617675782
Salto,2018-04,118.23050374627468,-0.07071067071974903,591.9357410065296,551.5251346238781,653.8130403259278
Salto,2018-05,110.85658418820898,0.0023142117619092406,593.8975447385629,555.0160889628258,573.4638243103027
Salto,2018-06,110.80344467824118,0.005692030736995264,594.3290694295042,548.1353685155273,569.142989227295
Salto,2018-07,107.38853452749112,-0.08573289359849423,585.782425483521,537.6541660653954,641.4302770446777
Salto,2018-08,101.70990541051677,-0.08274731667700895,567.0741607486395,522.0392483515028,606.4801641357421
Salto,2018-09,94.9994716980159,-0.07993342972142564,538.5858507949996,497.21050114129383,557.9461100280762
Salto,2018-10,97.96339202464767,-0.07146685872855162,522.7456510940227,486.6903845683101,538.6405363647461
Salto,2019-02,100.0751169851317,-0.051932903184305185,542.528780568426,515.072791071412,556.8188318237304
Salto,2019-03,110.36725745951534,-0.043797934697121274,558.0028219496837,534.0909190863727,609.4727436462402
Salto,2019-05,105.09753590262429,-0.08550510711851668,567.186208588904,520.7044221860282,594.6283000061035
Salto,2019-06,105.79882245249344,-0.07818286714358486,575.3732842866515,532.1025069857279,612.8704401733398
Salto,2019-07,104.02738173421344,-0.07905643499892412,572.1101112943315,528.6227503485136,604.6826261779785
Salto,2019-08,104.34944745828815,-0.076056216231534,561.7066304569078,520.569543158772,582.1802167419434
Salto,2019-09,103.34816729606001,-0.07004428730600303,549.2103369279671,512.0576458242748,576.254672491455
Salto,2019-10,97.41253902360307,-0.08400633813615666,541.4854998598681,497.85553780727014,556.2836547363281
Salto,2020-03,109.99817176514313,-0.06835883440784786,573.91655696421,535.9951862758406,632.1770056823731
Salto,2020-04,116.03686795953956,-0.062068509697563376,583.0255389466748,547.9381862527828,648.2859570373536
Salto,2020-05,109.77877105789905,-0.07652479767978451,591.0999919430433,547.553621944802,641.296716607666
Salto,2020-06,109.82517237373543,-0.07328035886506365,588.1269102805636,546.5700067280452,635.1725058410644
Salto,2020-07,106.9100241976034,-0.08252511601079633,590.2695497403565,543.513301762122,638.5678557617188
Salto,2020-08,103.98741239751104,-0.09619203089867935,577.7739768459969,524.7860825658624,622.922403125
Salto,2020-09,103.39787993837885,-0.07120436126953424,558.7176287947949,520.31783600282,603.1509489257812
Salto,2020-10,99.59385534013046,-0.08456852786718098,559.3173058377545,513.9615285324406,608.4759118835449
Salto,2021-03,118.13940235771966,-0.054136339535309275,584.1337006384322,553.3515736349356,678.5099677978516
Salto,2021-04,113.44853384699556,-0.06754718311579544,590.4064799905141,551.8432649795138,669.3230464660644
Salto,2021-05,112.89693965325762,-0.07218503946873701,593.481948323971,552.1511098203597,644.8259003295899
Salto,2021-06,111.77283370991265,-0.06832615791935866,589.8386073327201,550.883192400564,640.6310505615235
Salto,2021-07,110.29904270720287,-0.07106094574043345,579.8228092189202,540.0499362275602,642.5611320251464
Salto,2021-08,101.08003057408104,-0.085377601043097,561.155924612641,515.2340205814448,594.6319305664063
Salto,2021-09,96.68825911940516,-0.08121467097308609,529.0689067798376,487.79928058504345,541.2373086364746
Salto,2021-10,94.51949809371126,-0.04366190058954287,524.4285867189575,483.9044214748151,514.8776437866211
Kidatu,2015-09,61.5151898997856,-0.1806520186515883,395.5174179566327,330.1485840858459,481.25445341243966
Kidatu,2016-10,60.63207951354825,-0.18183361739292844,377.1940154708339,314.48175683517456,453.2822987852568
Kidatu,2016-11,61.70805054480118,-0.29015710895775604,365.8970080643597,273.7443895462036,411.5380025995232
Kidatu,2016-12,59.65915383551341,-0.26583461241330164,386.4315108399036,296.2252179298401,423.2052588567756
Kidatu,2017-01,60.84097980517109,-0.3866949820480838,396.3537441081502,265.759761090384,393.7819845037483
Kidatu,2017-02,55.85208011137492,0.1043343243166713,429.396646183688,274.4997985703942,325.87003586382696
Kidatu,2017-07,66.50195613747636,-0.21130247520329706,399.98053567665704,323.79591000079415,400.6063348333381
Kidatu,2017-08,60.30638811508057,-0.2885296730479004,426.75536973373767,319.7953536606698,428.6996666326545
Kidatu,2017-09,63.87247311699264,-0.1823460161714654,400.5856513299835,333.81321114511553,470.7077505193733
Kidatu,2017-10,57.03147036045738,-0.34393616005601557,467.9815002575976,331.7868038995057,479.5700787847541
Kidatu,2017-11,64.26207143115803,-0.13765030382077562,435.62174409404486,379.6022536264792,452.51501219439336
Kidatu,2017-12,58.31270137371471,-0.23569522003400814,483.4566114886874,368.04721924341493,474.5818107356532
Kidatu,2018-05,68.93603934297572,-0.10657621883872934,402.53478513793937,361.8411476928177,484.4443876714729
Kidatu,2018-06,69.69912333579539,-0.11046252085740088,402.0184883614517,359.97535027694704,475.31590911312327
Kidatu,2018-08,68.9391608548735,-0.12118565633110646,429.45796093031237,380.44369926334485,466.8968179021858
Kidatu,2018-09,63.2155737335368,-0.10682256670740525,436.5473972801208,392.31864814753885,527.6931718633674
Kidatu,2018-10,68.9707311376307,-0.09595655428694264,434.46936563686876,394.71693315139487,501.99795026697495
Kidatu,2018-11,65.42947175714251,-0.09285561830004545,427.5275906401955,389.6166112364829,449.4372638982795
Kidatu,2019-01,65.99503007093871,-0.025662953734635133,452.07293328140105,365.88894612257855,411.956668146111
Kidatu,2019-02,66.947872492101,-0.2681365014116217,437.7107372684526,334.7626501157146,487.5843974723547
Kidatu,2019-06,66.1358519940768,0.09567470159225003,389.2438639650328,353.7290926847903,337.7706518255256
Kidatu,2019-09,66.42222208121409,-0.37969120608722096,391.488593139562,267.80662528381345,449.1720282110237
Kidatu,2019-12,58.93829046748648,0.5002749496193427,363.6751397880985,212.92539686315862,216.689174395752
Kidatu,2020-04,81.13311802968425,-0.06403596418634785,540.9688899941389,507.4132743713827,574.3403838739373
Kidatu,2020-05,81.26508226278433,-0.07599202628923751,539.6497614158675,500.1601328624643,547.6646947442986
Kidatu,2020-07,90.49666471335907,-0.04357299519776471,539.1723294451434,516.1834601868574,597.5047281725356
Kidatu,2020-08,90.29717138866938,-0.03463806570615286,537.3021532431799,519.0096827513862,571.0948696276138
Kidatu,2020-10,83.26078184045491,-0.04641193676815157,541.0676811302685,516.529518532656,595.8209736864517
Kidatu,2020-11,85.61591550719154,0.00015075203947558652,539.2242179019313,506.02239109139,522.32020547471
Kidatu,2020-12,86.35917471974507,-0.06211770678420714,544.1077668462317,511.3373872069961,555.5547210447783
Kidatu,2021-03,83.18967798977953,-0.06103242686087958,540.9627917362463,508.93386292442494,556.9726642149443
Kidatu,2021-07,77.43678023155286,-0.07044082152427594,501.3009155444381,467.20387664073496,564.1491651910759
Kidatu,2021-08,67.15159649865956,-0.05111081357147498,469.09610881442404,445.72263178263097,543.4998803338982
Kidatu,2021-09,67.99554218451122,-0.313997308110324,444.7659294878111,324.9108491908424,500.4616594347426
Kidatu,2021-10,61.71765749628773,-0.0392196953077735,402.9516726555768,387.4539257676302,453.7566971422622
Kidatu,2021-11,55.73661815503962,-0.033342566433249024,448.81555124483776,372.9436968425151,416.0023944384048
Puentes_Viejas,2015-03,92.66126250914475,0.04552611933522886,885.6970018660271,846.2787426953438,841.7709928100586
Puentes_Viejas,2015-04,107.66813583426789,0.018703260224863447,929.6433156845264,912.4175460068045,845.3072016512763
Puentes_Viejas,2015-05,109.42327854087235,0.021172534419884773,935.9159740801506,916.30856265731,904.3794700409296
Puentes_Viejas,2015-06,105.27005934074495,0.01973697575598221,930.9306770879241,912.7370550264211,911.105647213781
Puentes_Viejas,2015-07,104.655906709246,-0.015029365063464944,913.5063667448649,897.1597668855692,912.1248107208612
Puentes_Viejas,2015-09,96.9448740610946,-0.0129663577863448,840.377235326305,829.5509438834614,870.8516335510254
Puentes_Viejas,2016-03,99.32479175363738,0.0032094718802490943,828.6975261683958,831.3614802319762,862.7272853579053
Puentes_Viejas,2016-06,99.86351037950284,-0.00952130013284927,930.1472831395844,939.0457900430656,913.9596012482048
Puentes_Viejas,2016-07,109.57386404507444,-0.004512285486682867,926.148528284601,930.3370175702804,917.9008130463006
Puentes_Viejas,2016-08,97.12159048041634,-0.002073625229406243,891.6383335300842,889.7913254492805,912.6687253998164
Puentes_Viejas,2016-09,91.66473203228733,-0.01691969908275784,863.1257142127522,848.6447391891746,904.175392181636
Puentes_Viejas,2016-10,97.55493956242306,-0.0019558551543288616,828.395472204077,830.0172792510452,813.5709591674805
Puentes_Viejas,2017-02,85.20960869677458,0.11177584934201412,734.0157283592149,820.822023666794,859.6015559328565
Puentes_Viejas,2017-03,91.80782733699904,0.004815088801626954,829.2387180516438,833.2412045476012,892.5862578463447
Puentes_Viejas,2017-04,92.63741934152716,-0.0034692416185810038,846.2939405020197,843.3630293012511,881.5474310028436
Puentes_Viejas,2017-05,95.88197694211269,0.0018958518974612586,842.5879954010361,844.1869326460846,867.2510323791504
Puentes_Viejas,2017-06,96.38573021068916,0.0017892693509106022,826.5995955129256,828.0799287972006,860.6587458190918
Puentes_Viejas,2017-07,97.20046521276657,0.0009883025686885233,798.794218169869,799.5840587840046,855.5236618166456
Puentes_Viejas,2017-08,89.66386574606645,-0.0087305716145622,781.6699118767665,774.8751907910773,836.4010383422851
Puentes_Viejas,2017-09,83.5664784447198,-0.008955143292452061,752.175482662157,745.4697138081413,813.3003592346191
Puentes_Viejas,2017-10,84.38630232833509,-0.016360669002150982,738.419288957245,726.4365455207367,795.6626546816358
Puentes_Viejas,2018-04,76.53929698248176,0.14199580827029654,721.9348880685683,832.0818058826768,876.6960473510742
Puentes_Viejas,2018-05,100.91765841258706,-0.016756098047308467,891.9836560511026,907.055743694125,842.3167217529297
Puentes_Viejas,2018-06,107.53518542676018,-0.007559936243303261,928.141882919087,935.1851662198917,916.6097013458613
Puentes_Viejas,2018-07,99.67464264224627,-0.013517238563875463,925.8479038995993,938.4477767853037,917.4248832306268
Puentes_Viejas,2018-08,99.77176729962663,0.0017679546814601682,915.2996803100252,913.6829015721769,905.1948361969354
Puentes_Viejas,2018-09,97.80818468005387,0.008832272565351462,874.4431589555401,882.2006871503565,913.2401754244696
Puentes_Viejas,2018-10,86.4356810164596,0.23968571227225874,676.1243370207865,859.2523940252868,870.1323250124464
Puentes_Viejas,2019-02,77.69393438971967,0.048337349814673504,770.1759345825717,808.3186301510742,830.1511801696778
Puentes_Viejas,2019-03,78.33235432025208,0.03727733898974198,783.679245401384,813.444051999411,849.6122996218214
Puentes_Viejas,2019-04,86.2144785776105,0.019744778436749363,810.989947389405,828.928479884328,828.0447161193848
Puentes_Viejas,2019-05,81.65224084234671,0.24708032279173578,657.3086324609451,841.5403740829237,851.962567767334
Puentes_Viejas,2019-07,93.23426202337978,0.021693227641239057,760.7503549041631,777.433790051298,832.2175477785596
Puentes_Viejas,2019-08,83.62616462630234,0.02232966350244822,724.369725184647,740.726599507786,796.5164399169922
Puentes_Viejas,2019-09,86.96235704389105,0.026920844943320227,696.1796041151722,715.1758981792693,782.3839032836914
Puentes_Viejas,2020-02,92.19639527640193,0.029930608257098604,770.6290166388737,794.0430622478516,802.1852116518506
Puentes_Viejas,2020-03,91.51576047021867,0.003927753870232517,803.0391486739833,806.199491259097,846.6626039794921
Puentes_Viejas,2020-05,89.69081121620216,0.02432252700072784,888.668188509472,913.7618280324823,912.1534235690008
Puentes_Viejas,2020-06,101.94320622796087,0.009979010741635512,906.1987141078474,915.2869512001773,915.6189063387762
Puentes_Viejas,2020-07,95.26586993076879,0.0020146541657230337,889.6269602938783,891.4210575913427,912.6006016937616
Puentes_Viejas,2020-08,94.9788673295975,-0.005515560323406228,871.2275975424725,866.4355168264225,907.5719910431268
Puentes_Viejas,2020-09,85.08908057025613,0.12547579041350235,748.5324387801985,848.6020357510546,875.5019205873975
Puentes_Viejas,2020-10,77.13735140435043,0.3673622098533224,575.8499895462559,831.4817929948949,833.0977529665479
Puentes_Viejas,2021-03,93.95530115816993,0.04782394127029704,797.5204941342184,836.5877979140263,877.6754502382764
Puentes_Viejas,2021-04,95.70501510626752,0.018911408140058684,822.266403031671,837.9645881146114,880.1896452272902
Puentes_Viejas,2021-05,95.13719423974653,0.012313123880211184,845.3924636449042,855.8662358749564,895.1783337280274
Puentes_Viejas,2021-06,95.15909143032161,-0.005748202794925161,844.7658712790878,849.6357399085562,807.9306313232422
Puentes_Viejas,2021-07,91.76307670301667,0.0031368045603764605,824.45883651724,827.0490631489386,891.5361980987908
Puentes_Viejas,2021-08,93.30040211154446,0.0025028339437701136,801.9396458997671,803.9492815094299,862.4256008300781
Puentes_Viejas,2021-09,88.6034107743146,0.3185176954776994,576.900282530033,793.2886290547741,819.5528874633789
Puentes_Viejas,2021-10,80.22410449504073,0.009405322180851605,663.4698373713271,773.711212733511,719.8506100375066
Caia,2015-05,60.51188729286957,-0.02392673716800664,1390.8111180479236,1357.928501566065,1407.5998100080662
Caia,2015-06,80.42407193539384,-0.13954311498691416,1380.5588402529224,1200.7486759956419,1398.8958335647164
Caia,2015-07,73.97938708000015,-0.09648611893018784,1325.5720222163516,1052.036169727249,1239.2778709492284
Caia,2015-08,53.14107341656744,-0.11868478418658426,1224.0051389314242,982.5992771527954,1163.7291531344545
Caia,2015-09,44.943847659472524,-0.017239604334454373,1209.9259118888046,962.708721019595,1088.6051245239255
Caia,2015-10,102.42584196297594,-0.03143724070769745,1028.5066141830443,996.6761565236864,1052.0227011413574
Caia,2016-05,103.28701492885374,0.0015677168684594747,1257.91044416784,1255.9399417440325,1238.98031011185
Caia,2016-06,73.75592696257192,-0.043063684911743505,1256.5854660417863,1187.7608669039523,1248.279052814319
Caia,2016-07,64.72104660784117,-0.050793667467535705,1193.0303476094284,1035.3605374549406,1139.9905579528809
Caia,2016-08,79.314623476512,-0.20475493599131556,1070.4098294299802,853.0535108792825,1058.583574633789
Caia,2016-09,77.59534829463699,-0.23913409263181795,986.6269036102111,776.7805397211545,987.020491784668
Caia,2016-10,87.06341156894844,-0.12517542077437144,903.0315844794629,781.6924914970488,894.4394331237793
Caia,2017-03,80.17794721763633,-0.01844469716306163,966.5195770494457,984.5121617410422,922.7856568237304
Caia,2017-04,89.80503746399344,0.00015917849616961,927.5755769523712,938.5479203035845,933.1198831787108
Caia,2017-05,87.88581902283997,-0.0038670263950431765,896.7313620015311,892.8792797448989,896.5350355651856
Caia,2017-06,92.84727569159757,0.04940523356820786,836.6971602978948,796.3644682968704,789.1488898071289
Caia,2017-07,57.25392717499089,-0.15517167247052213,885.1712846090938,540.063921472773,747.1905003479004
Caia,2017-08,53.77336362270749,-0.049282551711055445,794.6129765415142,497.15184763898594,644.2047541992188
Caia,2017-09,63.02729751196604,-0.0963851017279101,671.2701580422796,430.0852073653741,563.8397397338867
Caia,2017-10,87.34166820180127,-0.12807593495273045,497.9069800477352,415.0579572825691,484.6629432800293
Caia,2018-03,89.85847463799723,0.04305432612590737,683.4798598813111,713.5492894128854,840.25942789917
Caia,2018-05,91.52594621445357,0.015052191236544214,996.5930334531689,1011.7074092461479,1020.8147843078614
Caia,2018-07,61.75842436544078,-0.04237631621976155,988.373430916838,868.3277715882004,946.2464799499512
Caia,2018-08,62.20291489313295,-0.0343653734689954,951.8857072396582,692.5754106338825,826.0156639770507
Caia,2018-09,93.06904138906286,-0.0761104582457852,744.1274502347471,689.5932051604998,772.465709979248
Caia,2018-10,84.78795356759605,-0.0611250209412951,716.1611507101724,673.696822536719,719.40262444458
Caia,2019-02,91.83173469012421,-0.05923653149074308,696.6431477343488,747.0254870118324,700.3414727783203
Caia,2019-03,96.71456126429642,0.042219226429672685,698.4240850852807,741.4604335887868,734.9729959411621
Caia,2019-04,82.2606469432583,0.03298099389378548,694.157476124185,721.9385234657069,719.6823352478027
Caia,2019-05,94.76753709147063,-0.009056215457837056,686.2472694299772,680.0605228395173,697.129614263916
Caia,2019-06,56.02342227652365,0.08771185052376866,760.759416426724,573.0138532532972,631.9167144714355
Caia,2019-07,56.31868177433824,0.048765636855795574,708.7658077143923,486.2479547455649,572.9159977416992
Caia,2019-08,61.084757245081995,-0.018016184637710264,613.4193610682479,404.2346356726356,502.4671401428223
Caia,2019-09,66.2101348658419,0.002549865343091512,503.9196007060547,367.8475933192192,429.9925081787109
Caia,2019-10,73.58562348283033,-0.08495353804455902,433.9392865807133,312.7788429027818,384.3975367919922
Caia,2020-06,80.41956351783652,0.01390206607214124,924.5752695567718,896.5465758170545,904.1464245117188
Caia,2020-07,80.91067327213965,-0.08186008183639912,867.9109255307478,794.9396031917345,865.3271607177734
Caia,2020-08,45.85486271337797,0.0340577358722737,942.468444941311,653.1687565403982,771.3483718261718
Caia,2020-09,68.34931288240064,-0.011314673311457968,787.7601621998294,608.7637575560725,696.4314125915528
Caia,2020-10,66.06501054126801,-0.20949093151819295,754.0031031873741,611.4942500846994,932.0476640011058
Caia,2021-03,117.41049024334677,0.014062146717786939,1433.4645056908562,1413.447984967126,1379.5256092637965
Caia,2021-04,109.06358576614173,0.009937608232354213,1450.898685152828,1436.5516282218455,1379.8796605573827
Caia,2021-05,107.88885111271803,0.005362842255562335,1441.8424473192408,1434.1307704525343,1408.3664393110448
Caia,2021-06,72.10514676615004,-0.0974675001155392,1351.99973947911,1226.4419880395408,1395.4130667023544
Caia,2021-07,109.61513399125833,-0.03801751268431523,1293.5657542229148,1245.310682560261,1323.7762836249378
Caia,2021-08,69.56058539971805,-0.07219885192061044,1283.0500834233317,1081.3522653419334,1221.1898425115846
Kotmale,2016-11,121.7855295259085,0.07102248731650765,508.58884633983246,473.72047630462646,464.275135736084
Kotmale,2017-01,91.97367964483551,0.08252368414635093,483.5662512363049,445.2627893059766,414.2600639757344
Kotmale,2017-03,89.13490710957542,0.10824531636588205,483.58597639060065,432.63840917931066,433.3055121520996
Kotmale,2017-04,98.61601726724201,0.03568346553335856,461.7447844761585,426.40950652902166,435.8789263427734
Kotmale,2017-10,120.8749239683596,-0.03918025537983809,529.466022422636,497.7061821044997,523.4960988146015
Kotmale,2017-12,133.44077306459863,0.012829187738329098,536.4610291137137,508.18490653033496,518.7930476793476
Kotmale,2018-02,97.61105694567144,-0.050080286929470745,455.35653766098926,422.19019704298495,449.5775919359394
Kotmale,2018-03,89.37232977779003,0.07809705885300051,423.9198207820934,392.0726979569877,368.0276636217304
Kotmale,2018-04,103.32822435443741,0.05846027779217168,435.0892079583077,410.3829745730486,385.56465482177737
Kotmale,2020-03,94.735840264331,0.060616198770633664,474.75249242651716,446.82963887562016,414.4374810594746
Kotmale,2020-04,97.1776191913579,0.07223768974282296,466.3780899247477,433.876081652937,418.6637971008301
Kotmale,2021-01,128.3793040200293,0.021368352520677793,534.9561498273056,508.5484663438708,516.0421641954609
Kotmale,2021-02,128.88998792203571,-0.04246266189099536,521.9519731206624,493.5394291061692,518.4380266832538
Kotmale,2021-03,118.6797983522141,0.058863182799982545,518.8607165755798,488.3330607650524,488.7665560852051
Kotmale,2021-10,136.88729295488025,0.059824335262396285,539.6729369877564,508.3341203275251,503.175163060207
Kotmale,2021-12,130.81754561870372,0.003903697523144914,546.058299451844,513.2673201941241,528.3766727709004
Cardinia,2015-03,117.02435059889864,-0.022294651516516755,873.4518367294312,842.0521143157958,867.2218041765518
Cardinia,2015-05,117.18768902132078,-0.04514233093492899,871.8794614578719,833.3959431500626,901.4387443010636
Cardinia,2015-09,117.2102077804603,-0.02711613924233913,858.7065222358281,832.732215836334,857.1626894975967
Cardinia,2015-12,112.06744741581852,-0.025552422407781352,877.5214174453736,855.3826733528138,879.9964620725386
Cardinia,2016-02,112.99499362098972,0.014804969031755991,869.4559293425424,838.2342662567139,847.4061934385054
Cardinia,2016-03,111.60699954679025,0.04862597629736892,872.5772150894709,831.1623747119902,829.2731107236615
Cardinia,2016-09,122.19106085728784,0.02711035018831387,885.2105027210127,861.5345181968689,792.7296063762111
Cardinia,2016-10,81.25140796271975,0.04083551000849185,892.9151723075855,857.186980036446,850.2379892698042
Cardinia,2016-11,123.10441941039346,-0.011362917381641913,892.7073445282622,859.597004379271,880.9868515439741
Cardinia,2017-01,108.84900772700864,0.0011038142845262132,889.5091162425559,865.6573722186491,877.0180413633101
Cardinia,2017-02,95.18655742436343,-0.013142715040032664,864.4469693891283,853.1601215806531,869.6511849363081
Cardinia,2017-03,107.56104746332106,0.018916635121893233,876.3155805978664,844.9006882987236,852.3645980588667
Cardinia,2017-11,120.79513204600079,0.026250417130364252,915.6228109092938,880.7324959114075,886.2986881528609
Cardinia,2018-01,117.84529566872776,-0.017889835400073814,878.8923623744034,858.7977068850282,876.5930270444624
Cardinia,2018-02,114.34074345429374,0.019810719512008017,876.7655819793702,840.1722254344555,849.8143564389936
Cardinia,2018-09,98.3077998469106,-0.009884390901572112,873.194849033324,864.6063657007962,874.9640328611129
Cardinia,2018-10,119.43814896169005,0.03222154293327207,907.1447284082203,878.3810196965529,831.4711328244916
Cardinia,2018-12,118.08471408505459,0.014036467712789368,899.029094714045,886.4980533725035,883.6969673013365
Cardinia,2019-01,121.42480433475511,-0.02679881206172528,892.874592418799,869.2643897214342,893.8794007505171
Cardinia,2019-03,110.6871795814477,-0.03379946771880879,843.0396805462852,814.698114157235,842.8723844297164
Cardinia,2019-04,118.22398145017365,-0.007837538369590032,823.6851860019683,817.2547540476183,827.6412629453413
Cardinia,2019-10,121.0785619812214,0.02710100844542513,1001.238961743426,974.4687643188432,930.737135325018
Cardinia,2019-12,137.3070977178317,0.024948439706890452,1019.2481760488022,994.1341054416504,890.1255299924604
Cardinia,2020-01,136.08179581406708,0.023188553185489312,1012.547751528841,989.3383701091766,979.942051538086
Cardinia,2020-02,109.15498672122034,-0.010714018153904478,989.7843372551062,979.2363763197843,1011.0539792600384
Cardinia,2020-03,128.1026595751685,-0.026446135608924743,973.333923652274,947.9303958659632,987.544187968008
Cardinia,2020-09,134.50046540862232,-0.02704409859687851,1030.5236555992776,1003.0275517513469,1044.4204827878707
Cardinia,2020-10,135.357146894372,-0.013519647017121992,1040.1494478007312,1011.8750016795744,1032.873318835234
Cardinia,2021-01,137.56234506382853,0.025527366971619087,1036.9483125865015,1010.8127576775046,969.4823846232816
Cardinia,2021-02,138.74476884670335,-0.029650081824819572,1024.471368849698,994.5416114542433,1041.1797725137387
Cardinia,2021-03,133.9613312796976,-0.01196723143223051,1007.9982685229885,996.0072129364854,1013.8347320901548
Cardinia,2021-09,126.78754813056005,-0.015963185383916268,944.0256890817358,929.0756743940302,948.7156111753218
Cardinia,2021-10,132.24833478520887,0.023908261712723894,998.3079840228492,974.7232340773295,916.1889521057128
Cardinia,2021-11,141.01246875786603,-0.025256363271620424,1032.1203928497698,1006.3792178106708,1038.9839482339537
Chivor,2017-12,119.30129901474076,0.03870612512817536,1013.0283386341379,933.4149745002811,953.7691061119888
Chivor,2018-01,113.19946614168555,-0.08629934509903324,985.6410245684754,893.6027823878719,979.8764195369469
Chivor,2018-02,89.301676493878,-0.06396702270159792,855.6431698817137,752.8186688218428,828.6703437409045
Chivor,2018-03,77.29622526505159,-0.10359119021589945,654.7885996056974,590.3533433256775,710.3661834233303
Chivor,2018-12,107.9749840902852,-0.07004204899089697,937.1261014304636,873.7338450473793,947.1857298223516
Chivor,2019-02,87.29362446221745,-0.05407006157097785,720.8213866701246,652.1111862735363,704.3942814941406
Chivor,2019-10,104.43565267483757,-0.0671965614265158,901.0669254395948,837.4229847037633,898.3436673261097
Chivor,2019-12,85.59895785512528,-0.1319438055118227,700.7652248462759,607.5669950457986,697.002909753418
Chivor,2020-01,45.30750036872746,0.181217129894573,708.7416509968958,591.2706972892214,441.5429185424805
Chivor,2020-02,49.52509808249738,0.31426061110058534,793.8299891922591,579.7568014807161,348.8176512939453
Chivor,2020-10,112.21846779713663,-0.09045056801724866,906.5528089036467,828.1536595249208,908.2989818732526
Chivor,2020-12,116.38537000152382,-0.06906913182782007,936.9925884894853,874.4597267838433,957.6221654296876
Chivor,2021-01,109.14666634057782,-0.10286479717276115,931.7908796018038,840.70734445907,951.832501715088
Chivor,2021-09,127.42331336037168,0.07058313879464986,1020.6572374002269,951.0997155099825,948.5563007848164
Chivor,2021-11,126.78703585149576,-0.05064030913758147,1025.5271118604448,939.793070154754,1006.8994316319844
Chivor,2021-12,126.62029506365135,0.03712786635602005,1024.1818119461184,936.2634370710246,961.2256419031002
Bilancino,2015-04,150.85074046392555,-0.01914248225449769,369.61226802476233,362.60426106422216,428.8731048675896
Bilancino,2015-06,151.67786159014457,-0.008007758623404415,369.547468318097,366.6000382961186,424.26669313641713
Bilancino,2015-07,152.1573088512522,-0.01277003560485293,367.20806318372513,362.54861710791965,424.1369443388097
Bilancino,2015-08,153.86823862066677,-0.0063670307966140205,356.45031707972396,354.18799670784824,419.1005286499024
Bilancino,2015-09,148.30974299611623,-0.0014321403906287777,343.47238701662616,342.9808384054389,411.7706416776769
Bilancino,2016-03,146.1778352613579,-0.006146870478350663,369.88801374910423,367.6213336685483,431.333274331701
Bilancino,2016-04,151.62500129123993,-0.014527824552211022,367.4429409899857,362.14338314267997,406.9940557495117
Bilancino,2016-05,155.97054801996,-0.008514167008648432,365.4600481922589,362.36166908259685,425.3809483032227
Bilancino,2016-06,160.7283191094197,0.003542921335326535,365.10062504752125,366.39644197480663,412.2379054504394
Bilancino,2016-07,160.81937750404643,0.0005533153792294521,364.25866456244154,364.46027025418283,424.47451985473634
Bilancino,2016-08,144.44749346169507,-0.006817224747254685,360.5484721454948,358.0988913369776,420.964296224796
Bilancino,2016-09,156.87801971147462,-0.004396613072830402,340.48275495398406,338.98907000596705,409.5142325226189
Bilancino,2017-03,149.64339676898285,-0.012062042334478523,364.53204048840763,360.16145168799335,429.38143742963
Bilancino,2017-04,162.17905508040803,-0.012396635911944315,360.76244724766343,356.31781271599857,428.4197290680291
Bilancino,2017-05,157.68989513032108,-0.006221607008006308,362.84550663362694,360.595032528811,424.8078185854205
Bilancino,2017-06,156.8511571175438,-0.004102186221151244,363.01863308262267,361.5325133020397,420.8486579467773
Bilancino,2017-07,144.14481475146493,-0.010470132250752828,358.10923378239715,354.37934304277223,418.3744878263586
Bilancino,2017-08,141.85029869018823,-0.018336430352060257,351.33703044059706,344.9534681824571,414.564229257238
Bilancino,2017-09,140.2221048080712,-0.010182925915656671,342.024575873614,338.55943752192354,413.02509493429744
Bilancino,2017-10,153.82621563621538,0.0185292915503371,330.26559786469323,336.4422330334362,380.5133492675781
Bilancino,2018-03,158.37635856585945,-0.004353593437631226,367.49312214482245,365.89668414242675,430.1679487823846
Bilancino,2018-04,158.16256270692452,-0.00846195259188709,368.5593090883285,365.45373582548444,418.907043762207
Bilancino,2018-05,154.73249929632937,-0.009397815464936454,369.11370951946566,365.661095915477,414.5042361206055
Bilancino,2018-06,162.9394700365377,-0.006441050563642831,367.5523465758903,365.192531329961,420.978402142334
Bilancino,2018-07,158.4715353675058,-0.009470192833744201,367.5284243812682,364.0642882390496,407.96486929321287
Bilancino,2018-08,158.36781480971052,-0.007344122800243574,361.8210786146982,359.1735539545068,428.1097975771197
Bilancino,2018-09,158.23643830316973,-0.0010200262500447699,347.9523548428817,347.5976152597779,412.8164251129509
Bilancino,2018-10,144.06801504848193,0.013479449750432193,331.3307462014938,335.82713871314064,402.78523897094726
Bilancino,2019-03,141.8538901888526,-0.014553037186685908,363.0464848254872,357.8013149801706,430.7409255033605
Bilancino,2019-04,140.73539885908957,0.017211476843052076,351.93478832723815,358.04453383251,406.8491826139562
Bilancino,2019-06,154.72241669251048,0.00155457416786009,363.22087222449454,363.7859651352981,417.80596091918943
Bilancino,2019-07,155.86676790635892,-0.0046747077844918605,363.2945399529455,361.60020747907106,421.0432024902344
Bilancino,2019-08,158.945806598724,-0.006624611954829551,356.15114972070717,353.7995842608294,422.3984059051873
Bilancino,2019-09,164.4950130273674,0.003580573868750353,345.2470478961875,346.4854462194109,413.7873011871697
Bilancino,2020-03,153.16306724818674,-0.011160811631430512,363.1572499977393,359.12665453502945,430.2973266083123
Bilancino,2020-04,152.8097120467475,-0.017643104640077234,365.58558269779286,359.1920844328316,428.5630869936237
Bilancino,2020-06,160.56027312965463,-0.00404743594672663,362.26850532468455,360.80521004842683,420.07183166503904
Bilancino,2020-07,149.14800608171754,-0.005485467302715902,361.2248692972647,359.24880685579416,422.1532074892291
Bilancino,2020-08,154.79636367239002,-0.00727883662785328,351.81063654267143,349.2591615452326,419.0316244964959
Bilancino,2020-09,156.03547244732835,-0.002585352764233162,340.0135236931172,339.135604144631,407.7701325317383
Bilancino,2020-10,167.8484528521202,0.013497340025420468,334.7608939516658,339.30990628698777,395.5340982971192
Bilancino,2021-03,158.62269139363227,-0.009718943185892448,359.2818734634672,355.80694700675775,431.78660544742365
Bilancino,2021-06,159.66373211443556,0.0013905171585771314,361.13894069563753,361.6414598891157,415.15144573974607
Bilancino,2021-08,160.8125899171283,-0.012287117958373756,358.10043725160847,353.7273363597099,426.532473946964
Bilancino,2021-09,155.45216464141248,-0.005669288663957217,348.3109418819857,346.3418535467395,412.755603326416
Kamburu,2017-06,126.57771834155801,-0.00724814549248011,772.4116189208571,766.8333077539517,865.5177587910971
Kamburu,2017-08,127.99550883352427,-0.042066133710474546,801.8401778583773,768.809469493103,917.541953859456
Kamburu,2017-09,122.34461992120097,-0.0077198251664688244,734.0485044765319,728.4035952487568,857.7073764870796
Kamburu,2017-10,110.03471845617032,-0.0022595646963188276,640.3795955959803,641.8282107258935,576.3423247719918
Kamburu,2017-12,85.04217015675036,0.18810377357836539,557.1535008872625,688.7706062066527,680.5670988109156
Kamburu,2018-01,83.86165479590568,-0.046670936509587146,539.5983087001377,666.5179446758249,585.8774032570992
Kamburu,2018-03,114.96267265758657,0.06966178295285472,626.7452616697237,671.9621132238999,715.7040825113214
Kamburu,2018-05,125.60736435880403,0.003596138189525977,940.8343193949598,944.223780453362,1134.184393066119
Kamburu,2018-09,128.2857397896187,-6.0498940310543814e-05,794.9383711467862,794.8902796724759,927.128879326866
Kamburu,2018-10,125.6429664911967,-0.0036695074960240853,840.5981567207336,837.5192280143738,912.566522798522
Kamburu,2018-12,115.65428981026648,0.060661238392404324,597.5018066169739,673.512955843577,653.9055284017885
Kamburu,2019-02,116.39155842526041,0.03374015941964578,718.0766194618224,742.7180035942076,864.4276685975078
Kamburu,2019-04,120.89404818821936,0.02814584104776506,729.7020682983398,750.5319083299196,812.7751704200895
Kamburu,2019-08,111.49992936265045,-0.0010149355596927867,796.5305688229936,795.722551736311,906.90104767839
Kamburu,2019-09,122.83731301275878,-0.003324671644353544,824.9458886084252,822.2077686015525,960.4565741981412
Kamburu,2020-01,138.97476322479895,-0.0029580219197755803,1030.451318154951,1027.4077242965209,1105.879127599116
Kamburu,2020-02,138.21657635590975,-0.004073932748118375,1038.239579628218,1034.0184655100236,1203.4851850444716
Kamburu,2020-03,135.216072023014,-0.010552691282448734,1033.1146802050005,1022.2698615760257,1204.8260355632704
Kamburu,2020-06,133.64788817414797,-0.013265081078137064,1039.0256311763396,1025.3338837749914,1206.469673965729
Kamburu,2020-08,126.38276312663837,0.002219823057939746,995.354967278483,997.566933364033,1163.1141665840416
Kamburu,2020-09,128.07508461416643,0.0012788587370327967,1001.5388156956856,1002.8204617080403,1055.0690527148436
Kamburu,2020-11,130.6134950753515,-0.03915754692896389,1043.732724553577,1003.6525531646728,1194.6199750668752
Kamburu,2020-12,132.9739657242451,-0.0073942639266871835,1019.2878210117902,1011.778734144377,1166.9074289296825
Kamburu,2021-01,134.35315452223702,-0.010144831298735113,1010.4443542711429,1000.2453876292535,1168.4522739662318
Kamburu,2021-03,123.68990262531702,-0.00410539091456219,950.2975969795228,946.4042511802674,992.2605726042142
Kamburu,2021-06,126.08737580475098,0.030522519241919822,803.411172740499,828.3113811585881,874.2779367268881
Kamburu,2021-10,127.478500078629,-0.06789318150821452,871.7699105034777,814.547173491001,963.576778078206
Kamburu,2021-11,122.20957427618478,-0.0067571660961212865,877.0979893506878,871.191271366021,1066.2191346972893
Kamburu,2021-12,134.1753763238929,-0.024787001506678022,881.8516245868684,860.261845361837,984.8448643260518
Shaharchay,2017-03,63.252393240630155,-0.19743939497000806,727.8763926538483,507.4853277183533,670.83232600708
Shaharchay,2017-05,146.459329454563,0.004699464880507816,770.5474953815757,750.739781909448,758.7941005065918
Shaharchay,2017-06,144.2130727677156,0.02083614986738515,777.8938738893005,761.8532532652595,759.8643295715332
Shaharchay,2017-07,138.11285289353327,-0.019419489822166364,774.0010321811859,730.540182875075,759.2935541687011
Shaharchay,2017-08,143.83205675339903,-0.045000445299054906,731.1036373411833,698.9329250229509,740.6733193725586
Shaharchay,2017-09,133.67868730855594,-0.056516113593239325,698.4841777586967,660.1033496273251,707.856908013916
Shaharchay,2017-10,119.55686618621638,-0.08928092501764943,680.6116015630549,622.4796163511767,688.5954189880371
Shaharchay,2018-03,100.33407921040256,-0.07705259682574662,619.5925835060622,573.6443137745998,660.2731383544922
Shaharchay,2018-04,127.30644354917908,-0.044684859583015095,608.158435371762,581.5811836312898,639.3711973754882
Shaharchay,2018-05,143.31621794918374,-0.017424078667301467,666.2584998060071,654.7501119793585,703.8622104858398
Shaharchay,2018-06,144.8175169862472,-0.01047730140905748,721.6371272821486,708.1747309011364,718.6290424865723
Shaharchay,2018-07,116.91000386856324,-0.023092281559469276,696.6348064141429,680.7322392679723,708.6418844360352
Shaharchay,2018-08,111.17491131936484,-0.03574599180003202,655.0842458583704,632.0811925976889,668.1206518127441
Shaharchay,2018-09,114.00579788886334,-0.061037600419763825,616.4448217953052,579.9438078440247,645.9344266540527
Shaharchay,2018-10,121.70924936408818,-0.043145637016023176,590.2254313663595,565.3013286190569,626.2448856811524
Shaharchay,2019-04,135.3352971488514,-0.06366204783698687,637.1908606734903,597.8902371267301,672.3291095458984
Shaharchay,2019-05,138.26066555582156,-0.03143291116227014,711.6972903281865,689.6745059696142,755.7972578491211
Shaharchay,2019-06,149.18307048974145,-0.0028409369883476395,789.5131752231462,785.6242134356831,788.6858019287109
Shaharchay,2019-07,110.13604048830202,0.0010604187875939116,792.6351850918668,785.3045347982901,788.5431420410156
Shaharchay,2019-08,132.2173865373535,-0.005811241523174016,798.9816783665219,757.2993192807953,780.1248077209473
Shaharchay,2019-09,111.76289290927018,-0.1403802819685918,774.2189005143675,648.8288505984235,760.2915294494629
Shaharchay,2019-10,141.39570571183845,-0.0718451612905974,742.6863828822762,685.869052598162,739.8170105895996
Shaharchay,2020-04,87.69846656395411,-0.12291754761851242,570.9803810444655,504.9388346858379,603.3490539001465
Shaharchay,2020-05,120.584021631548,-0.013143009704182192,634.2141545381551,625.9332092258007,635.3772414550781
Shaharchay,2020-06,129.13181647908942,-0.02737046084855381,671.8960047166045,653.7552937187043,679.8920294189453
Shaharchay,2020-07,121.2003354765845,-0.038220112109797776,648.2107517034615,623.9035352513135,669.1909763183594
Shaharchay,2020-08,111.90384272576983,-0.05083421834272873,615.8247483180384,585.302147429989,639.6563997009278
Shaharchay,2020-09,128.45144380347799,-0.05438318018395537,572.00960520095,541.7326442049527,606.4839676757813
Shaharchay,2020-10,116.08817811164437,-0.06313437213072064,546.3658341355003,512.9377050449181,556.3339303344727
Shaharchay,2021-03,109.22379232648612,-0.08132770243448867,528.2407993345244,486.98072179086057,589.0055012390137
Shaharchay,2021-04,116.00683512782443,-0.06072125040195302,569.8420334825328,536.2700923417545,581.4456631164551
Shaharchay,2021-05,130.73379942991332,-0.0295879302542868,637.9387288996536,619.3399488183043,669.6190236999512
Shaharchay,2021-06,134.22033936387996,-0.03245458581057954,658.5569393726186,637.5268539127701,670.4033094421387
Shaharchay,2021-07,127.24984646009622,-0.040445336790339494,619.4180849327199,594.8653799872533,643.7936884155273
Shaharchay,2021-08,94.3295030060956,-0.0909455685046369,566.0740231133424,516.8637416831758,584.7981552185058
Shaharchay,2021-09,103.89098410533583,-0.13149671704845253,527.5134540593948,462.5143822854463,531.0800812683106
Shaharchay,2021-10,87.34262613390258,-0.12069632858948806,501.234141865338,420.4663887939528,487.634966809082
Garcia,2015-03,135.907929558097,-0.0465128206699062,383.68546679959275,366.2478534397043,388.9226583272298
Garcia,2015-04,110.46223226923632,-0.06602566222387579,394.8860663361253,367.66385567321777,393.8208125874837
Garcia,2015-05,124.58693072619435,-0.03642528009333208,388.3157705990913,372.58710760135415,387.3611621765137
Garcia,2015-06,120.55451893927375,-0.07150238804432994,384.98173022480114,358.4157018677126,388.1424531738281
Garcia,2015-07,109.72538704569432,-0.12964972205732145,369.9865296561789,324.9973006437058,381.53973322347
Garcia,2015-08,111.52053307332008,-0.130211228118524,339.1781546217148,297.76788424817886,344.198240987142
Garcia,2015-09,106.96589788565147,-0.1314744519268578,320.59523717973553,281.09844109887564,340.0093740743001
Garcia,2015-10,140.64733129239187,0.0019272992404742728,335.3550239857606,295.1543255848204,314.3102014058431
Garcia,2016-02,124.23624490041412,0.01688298730282243,393.89428552707517,377.263531539154,382.2488248555501
Garcia,2016-03,142.77378779277825,-0.03463729078990239,388.3039876989733,375.084455593456,396.94424941609697
Garcia,2016-04,126.24350665978774,-0.026750381734613034,377.5282615565287,367.5631163963789,392.7559739400227
Garcia,2016-05,135.51227329895227,-0.025074698061704002,379.1998478322333,369.80974512749435,392.96917093709305
Garcia,2016-06,114.3385551596565,-0.05940728072733491,379.2117796429628,357.3399442997428,390.9814640950521
Garcia,2016-07,103.25824924419004,-0.1392603043392412,361.8837100901011,314.8393828379255,379.6939013203939
Garcia,2016-08,98.37200369573003,-0.17737176582622483,347.8339235063577,291.29991399898626,357.68684396565754
Garcia,2016-09,98.25614251099097,-0.11644073491132075,312.2313327077413,277.91175330568075,312.32282037353514
Garcia,2016-10,129.98364073616622,-0.07433020584448052,281.74047837849184,261.558025029696,296.7039394978841
Garcia,2016-11,125.46098621479959,-0.06365968839718986,274.70603481180984,257.76333898542686,314.0724676717123
Garcia,2017-02,133.2317589665201,-0.026722412377890414,347.65647520148616,338.48928572210616,388.3548784138997
Garcia,2017-03,126.93867105562765,-0.022377229279842665,383.8436804227994,375.3497125481145,395.5247364278157
Garcia,2017-04,116.02810320056909,-0.039616074542224856,384.21992383186966,369.29620012884175,389.4909742065429
Garcia,2017-05,122.91139851153635,-0.04348248439846947,379.984810324336,363.8161998683795,386.15465645751954
Garcia,2017-06,104.81384583083423,-0.07348865111611509,371.8947719635478,345.5447965877478,373.23429604492185
Garcia,2017-07,89.75336496458087,-0.11653628056433978,359.7627197336726,305.29727527720627,351.297512677002
Garcia,2017-08,92.92638235769125,-0.1577489649357874,311.0206895133739,265.63162241090333,316.86637645874026
Garcia,2017-09,93.74464060328143,-0.16839882936190284,286.17377139065144,235.85725927986422,282.6225941975911
Garcia,2017-10,108.97388524283743,-0.12187326793146107,259.12718581050694,229.39507562521263,282.149633199056
Garcia,2018-03,125.09592020803063,-0.022364161069863137,324.8873573874306,317.70216902575487,376.56973681030274
Garcia,2018-04,128.76227176545882,-0.027920274909354573,383.6040841354617,373.04188848363117,395.31169886678055
Garcia,2018-05,129.8543517382358,-0.0243745318898293,388.3545122251008,379.00298531555086,397.8679064819336
Garcia,2018-06,121.79028078662007,-0.06081190603805365,389.7520320383272,366.75674773393513,395.0995049194336
Garcia,2018-07,110.20123247674977,-0.09812498804231667,382.3905898463306,346.65067919242773,385.2319846557617
Garcia,2018-08,110.80150990507866,-0.13898812193803006,361.29500581790234,314.4127751969737,363.7923108825684
Garcia,2018-09,111.4397375474728,-0.07023112284317327,328.7153842690705,306.42136363891376,333.40695043538415
Garcia,2018-10,114.34991801869764,-0.0542837000682304,313.3047649852696,296.75079330350593,335.30091056722006
Garcia,2019-02,107.49080824912589,-0.012585541980139364,380.6716115702205,375.9106753460656,393.892038881429
Garcia,2019-03,131.11455674652223,-0.013301483209418943,375.13411291446863,370.1773122938246,395.4537655598958
Garcia,2019-05,110.08363891230564,-0.05059355781205785,390.69233317625515,371.4175200333766,394.2469108846028
Garcia,2019-06,112.58428844717211,-0.06382184911630578,387.6878653878251,363.71794689338134,392.8272022603352
Garcia,2019-07,99.12335817472959,-0.1506436344571198,374.2809537189196,321.9393243491423,380.9010053792317
Garcia,2019-08,93.84830528075945,-0.14246692680680928,342.57532842387724,296.70074258664675,342.3526217793783
Garcia,2019-09,105.44067944707406,-0.10028014639717403,298.0103661706585,269.5753991175833,301.67369087727866
Garcia,2019-10,97.65790287909363,-0.10378870150105221,279.903136639535,252.3090944679926,295.68580941975915
Garcia,2020-03,102.0547208858523,-0.05808994030091716,309.9621665833121,292.4694762280717,312.32243700764974
Garcia,2020-04,126.83406780672495,-0.04743183822224692,323.77859324366557,308.77970374956647,334.3307299621582
Garcia,2020-05,124.21546108523437,-0.0322136067406647,325.10644309595006,314.8004793280905,343.20525144042966
Garcia,2020-06,85.06082400390689,-0.0810488493508337,322.66841358192875,297.54824004030735,330.1423169677734
Garcia,2020-07,95.9409015613684,-0.1480285702045202,311.66747933822364,268.7840523717937,320.2031394104004
Garcia,2020-08,84.42521151906686,-0.14604089183787694,295.6163102991128,237.53248030789192,285.06117741088866
Garcia,2020-09,91.92553980664569,-0.18324720188542615,275.7106164145347,223.75648584946953,272.2113223449707
Garcia,2020-10,100.95853411494554,-0.10884802916005967,238.30251391774127,213.7255903859371,242.3919832824707
Garcia,2021-02,117.9151851965637,-0.03187478328529947,343.81295163113197,333.0268045705114,384.805654494222
Garcia,2021-03,129.67703909687015,-0.05013432146514331,388.5640446264015,369.56390885190797,399.6422710530599
Garcia,2021-04,124.4632304868537,-0.03305340054951593,383.93741600435146,371.4544180535084,392.827715020752
Garcia,2021-05,108.66321729152776,-0.030320235522979397,380.5224742999189,369.1580991314977,393.6087805969239
Garcia,2021-06,115.3405372120874,-0.046272809994009005,374.37147465676065,357.4429404353779,389.6333909057617
Garcia,2021-07,108.58043956422593,-0.1639982243489514,359.15296359225385,304.8287537525735,368.6909631347656
Garcia,2021-08,102.39347597114423,-0.15169571119496753,325.38679064594714,279.58850258171407,328.9354922729492
Garcia,2021-09,109.76882762948374,-0.11796171415680244,283.8699359985788,252.28375028910878,295.4017335225423
Garcia,2021-10,123.76084753748663,-0.054983403519654486,262.6372832239198,248.58641349558297,274.6952952412923
Manuel_Avila_Camacho,2017-02,113.0811676237296,-0.10913650107802136,780.6697618133728,699.9547703371708,1143.5445663918651
Manuel_Avila_Camacho,2017-03,127.26932077712719,-0.3052239144586481,1024.0768000637813,754.7019389021887,1366.5783661203425
Manuel_Avila_Camacho,2017-04,118.09546918597839,-0.4744216396066623,956.8953289712581,595.4231753047245,1323.265531616618
Manuel_Avila_Camacho,2017-05,101.33964677116204,-0.13220176879255796,677.9962517848463,594.0360399220979,938.1772917754528
Manuel_Avila_Camacho,2017-06,104.4138165716409,-0.08851116420894817,677.0065329663483,619.6592675685345,909.8812706890031
Manuel_Avila_Camacho,2017-07,113.63147684406512,-0.039073461021450595,683.5022999900274,657.3105332417607,945.25096837084
Manuel_Avila_Camacho,2017-10,117.59044454785149,-0.07912407319628173,714.4391348628207,660.0883798431759,945.8175851442584
Manuel_Avila_Camacho,2017-11,106.18816957423407,-0.1345485367897807,742.5334450503436,649.0562447818457,949.0545744923312
Manuel_Avila_Camacho,2017-12,114.96932380201895,-0.12134801881264101,798.411140101487,707.1732314284977,1129.6001241793765
Manuel_Avila_Camacho,2018-01,128.82389107125724,-0.09721720184418525,879.0265350569416,797.5925540525675,1276.6984770227527
Manuel_Avila_Camacho,2018-02,132.05159534664435,-0.04270521590437465,1069.8093614860147,1025.0847067016387,1349.7917408296953
Manuel_Avila_Camacho,2018-03,135.6694784828537,-0.041596075999129734,1043.7846328075163,1001.2578922498968,1404.2333710570094
Manuel_Avila_Camacho,2018-04,115.58169897138644,-0.006142472229018731,1041.3143416206715,1034.9377014124727,1227.2538933377136
Manuel_Avila_Camacho,2018-05,130.55379421893397,0.014903730953651023,991.521132801662,1006.409165035276,1241.7150047392724
Manuel_Avila_Camacho,2018-06,125.42504508614154,-0.03767833510279959,972.5832292680687,936.6196901364344,974.2551449135456
Manuel_Avila_Camacho,2018-07,119.71762259765958,-0.02237610432972098,918.5675071777345,898.2417979644775,1315.0327382119094
Manuel_Avila_Camacho,2018-08,96.51468343282303,-0.014926012451079856,814.7271981167594,802.6568748020792,1022.3811547109332
Manuel_Avila_Camacho,2018-09,110.8859051183756,-0.114610194528103,814.9112112224545,726.667467728202,894.7428009943948
Manuel_Avila_Camacho,2018-10,134.57467443739571,-0.15817763421202968,978.5097172752259,835.3519084913687,1019.450604719813
Manuel_Avila_Camacho,2018-11,130.14277284415553,-0.017749028543286166,968.313898347799,951.2788919409768,1117.8799797414742
Manuel_Avila_Camacho,2018-12,132.9579259251309,0.01796232658760677,911.6196704918004,928.1424300922281,1298.5517329342117
Manuel_Avila_Camacho,2019-01,122.50212240295691,-0.045846679163996484,810.9861897637362,774.6446020350916,1266.695346417691
Manuel_Avila_Camacho,2019-02,119.42299838560265,-0.08980590637954583,838.6641246330439,766.630081038875,1081.7054977102243
Manuel_Avila_Camacho,2019-03,128.20126738513648,-0.03362631274797623,931.7270860082533,900.9174499054766,1280.9399863831284
Manuel_Avila_Camacho,2019-04,116.86497252681897,-0.03455438961509261,865.7566957852749,836.3519587054601,1162.3737022862572
Manuel_Avila_Camacho,2019-05,104.72618425941093,-0.03689197154163243,794.4227462896174,765.6489493859557,1094.385784955217
Manuel_Avila_Camacho,2019-08,112.0644752686046,-0.10963799907394922,786.331982268945,704.6780793426127,1022.6885121263692
Manuel_Avila_Camacho,2019-09,117.32557930631023,-0.2255373186929962,803.2710208421818,641.080381169191,976.4167187192908
Manuel_Avila_Camacho,2019-10,123.25452195559356,-0.06369418337682425,840.1640605351791,788.3191334438654,1060.6580147144514
Manuel_Avila_Camacho,2019-11,116.73527619549601,-0.05239979034014275,745.9686122404324,707.8864746050009,1142.1084028261912
Manuel_Avila_Camacho,2019-12,118.35427164067967,-0.040594698783878225,780.2103922172095,749.1722408337662,1291.47414216311
Manuel_Avila_Camacho,2020-01,123.55181183428817,-0.04498172786823734,881.3273703994107,842.5621420382492,1322.635173001757
Manuel_Avila_Camacho,2020-02,126.9106984665861,-0.0628851359476767,948.1884113003623,890.3975894198254,1379.9052178387094
Manuel_Avila_Camacho,2020-03,115.92114631786694,-0.41038719591761463,1002.1713398622851,664.8337896072284,1270.661107450861
Manuel_Avila_Camacho,2020-04,116.43398450118285,-0.2458337142611451,1023.7939562567476,800.6603754747453,1277.983847084243
Manuel_Avila_Camacho,2020-05,107.84380925348539,-0.12354941490631965,843.9135566711981,745.8322085859345,1185.788746000546
Manuel_Avila_Camacho,2020-06,107.87990330205089,-0.25174752670702566,778.5650169198047,605.2883625018051,1192.9660503319833
Manuel_Avila_Camacho,2020-07,95.52291232243861,-0.03496624074131255,686.6037227771267,663.0106559066393,996.0442579381128
Manuel_Avila_Camacho,2020-08,88.54219759627107,-0.13911997002574877,597.3332556707675,519.7537827997077,784.9930525593837
Manuel_Avila_Camacho,2020-09,105.3492649535534,-0.0658328393596681,635.5051801212791,595.015468382736,775.1908345868279
Manuel_Avila_Camacho,2020-10,110.60255722349892,-0.040728941758309045,657.8251035379327,631.5708660756251,986.1495129041248
Manuel_Avila_Camacho,2020-11,112.7334145715882,-0.0691206882324572,703.3423422853717,656.3689524945037,1011.4710112895416
Manuel_Avila_Camacho,2020-12,115.52470486177,-0.08537396476633519,805.3195627234959,739.4193427383975,1107.1186756514007
Manuel_Avila_Camacho,2021-01,129.77299891843688,-0.18770035731154955,926.40071690123,767.8593077746259,935.7167724419568
Manuel_Avila_Camacho,2021-02,119.12281831690755,-0.2619861995083142,902.7665351582806,694.6983877517605,1277.684905664254
Manuel_Avila_Camacho,2021-03,117.60843534361106,-0.3142033590341111,950.9772635385357,694.5657257839378,1242.3160542981436
Manuel_Avila_Camacho,2021-04,115.04438437146926,-0.4154708519783983,880.2040852586507,580.960601878552,1128.4819721561687
Manuel_Avila_Camacho,2021-05,105.59694671277421,-0.4112799702649574,841.9825145728012,558.0671397194878,1035.0701139359298
Manuel_Avila_Camacho,2021-07,128.21467115884033,-0.07961570551788066,883.429227138974,815.821415882763,1113.1416220530311
Manuel_Avila_Camacho,2021-08,106.81897512366926,-0.042488671061008954,626.6692066846028,600.6005968510768,893.2432636549048
Manuel_Avila_Camacho,2021-09,113.12361744828794,-0.09464259264560668,767.3926562560339,698.0955716182275,928.9096821828086
Manuel_Avila_Camacho,2021-10,119.55087545802546,-0.04581621775426448,705.6488974524717,674.0481743453389,1224.991085013404
Manuel_Avila_Camacho,2021-11,121.73399519278108,-0.06675279139963808,710.8875057834974,664.9829532865679,1190.7267037936342
Manuel_Avila_Camacho,2021-12,118.54429837417368,-0.17712087822740946,795.5350799468035,666.4026494185305,945.1168302261414
Loumbila,2015-04,144.94801817387804,0.035092346782207975,730.7723873649597,689.4865782188416,697.4832241333008
Loumbila,2015-05,127.49477932858464,-0.0559754428771462,572.0520072614854,540.9108436813355,625.0065530090332
Loumbila,2015-09,131.34405529957272,-0.09089821793230277,795.860409324646,726.7086112579345,890.3211590851906
Loumbila,2015-10,135.31006330672338,-0.06260937083048598,765.4815397483826,719.0247131515503,946.7090224393718
Loumbila,2015-11,138.1154720576828,-0.05812212676634218,747.832089503479,705.605533367157,905.1625856424248
Loumbila,2015-12,140.88706607902165,-0.05269890879705144,748.6758161842346,710.2429956253052,898.0091875317862
Loumbila,2016-01,139.38892636217184,-0.0839404619970914,758.8537496040344,697.7553979171753,874.3761191822007
Loumbila,2016-02,142.4536266081489,-0.06760798045832087,744.318813973236,695.6603066223145,859.6452727783203
Loumbila,2016-03,131.72118066241237,-0.1404128016263736,764.5100431263135,664.3587970321655,825.873638894761
Loumbila,2016-04,146.60187815461947,-0.044741633991017576,717.3643236083984,685.97569683609,734.3343878784179
Loumbila,2016-05,135.48290423704648,0.08282897801350549,683.1077405512519,628.8065232367109,620.8973032165527
Loumbila,2016-09,135.68088799936285,-0.05804939157189459,826.5625125889176,779.9471477907691,1015.1420242248536
Loumbila,2016-10,136.68579681467824,-0.0709017203085113,820.579989754323,764.4141125901789,988.4463642671232
Loumbila,2016-11,137.38244148278312,-0.06324481695888068,798.4735587604796,749.5380148303905,913.2915501679544
Loumbila,2016-12,141.30209479493058,-0.05840400301920956,793.8063508361494,748.7727536733532,912.239558010972
Loumbila,2017-01,146.2164067936716,-0.05494298436878836,791.8425386731772,749.5099349357605,920.1288576915548
Loumbila,2017-02,141.9495722475089,-0.0602275267630161,788.5610913358632,742.4699173879575,894.5982107758645
Loumbila,2017-03,150.07000235158262,-0.045851835945540195,766.118337817258,731.7835766091057,858.5092844726563
Loumbila,2017-04,144.2797638008963,-0.040225143056036236,715.1146656529245,686.9199458753227,743.7663819396972
Loumbila,2017-07,141.1739402294895,0.04103957843912243,710.9371942370398,682.351221661338,645.5312702514649
Loumbila,2017-09,145.57669649289303,-0.041366788525623144,707.7411279287502,679.0614334222032,795.1143297302247
Loumbila,2017-10,141.62667014455616,-0.04431171603790751,700.6951641133144,670.3240269606297,800.0915562561036
Loumbila,2017-11,143.4759027249231,-0.03561377734882895,688.5275471633535,664.43798661756,786.2068964416504
Loumbila,2017-12,139.86181657845128,-0.05421589871937538,689.5919985216717,653.2005593972315,770.3130003540039
Loumbila,2018-01,137.5105404769418,-0.029706595365795382,631.803323828434,613.3106354768278,711.8929804138183
Loumbila,2018-02,131.98101864131078,-0.01198723035266333,526.9112981077552,520.6327971023959,589.8142112792968
Loumbila,2018-03,122.61710924414096,-0.037213848373143094,466.04040055330677,449.0159805170515,512.618491607666
Loumbila,2018-07,120.18452401535647,-0.06317687596335941,879.0877399750822,825.2677133178554,1011.8019103561342
Loumbila,2018-09,132.7758394826417,-0.06636016855116861,798.899754895149,747.6054055805581,965.530300518392
Loumbila,2018-10,131.61651479198352,-0.03917240661730681,799.0214674531882,768.3269868699346,936.484380521719
Loumbila,2018-11,132.6214102864501,-0.05678326292614974,798.3656977866974,754.2949692842352,951.979453657059
Loumbila,2018-12,133.9194581326728,-0.055620558138855414,799.6153019306399,756.3544997496963,941.6700042371804
Loumbila,2019-01,133.0488064164513,-0.0468478111945681,799.6329608811119,763.0358473526001,961.3157894056372
Loumbila,2019-02,136.81391162475148,-0.05543108513376774,800.9954366626935,757.8035361179187,952.3250588145296
Loumbila,2019-03,134.907450760423,-0.06152282295340841,805.2420510495629,757.1944531267831,918.714038664814
Loumbila,2019-09,146.20300362910507,-0.04614340762706995,820.431285926135,783.4339466939483,876.0761622857787
Loumbila,2019-10,144.72677807240657,-0.051337352094232694,816.6961071061756,775.8271198342022,876.4469876063928
Loumbila,2019-11,144.09467245370647,-0.04677414103689646,797.4100390217818,760.970721592898,876.3096024716127
Loumbila,2019-12,143.8394762159711,-0.04833427539027753,801.2762571401727,763.4682221656356,887.8018716155168
Loumbila,2020-01,145.6999161751739,-0.04720024493540484,805.4662728466784,768.3313502401883,859.1419070962824
Loumbila,2020-02,138.56886288812493,-0.09884726908149102,818.0278167587037,741.0359004408083,906.4497066413908
Loumbila,2020-03,145.49820584289748,-0.051559079571036906,794.5683900432037,754.6393719202221,818.1663444030762
Loumbila,2020-04,146.69371826178676,-0.04459292889441019,743.3519011248445,710.9318865250832,824.8899370788574
Loumbila,2020-05,102.76435842949166,-0.12976501334777568,642.2812126149896,564.1167424944382,670.4150444213867
Loumbila,2020-06,129.18703831905844,0.043941082112385996,565.4969315663029,502.7470512009684,521.6127609558106
Loumbila,2020-10,120.32919165325907,-0.07936281392905173,1096.0818177642711,1012.4559603027344,1350.811454032964
Loumbila,2020-11,122.89575875013288,-0.07365111679625141,1065.4403306781828,989.7895372912021,1336.8562106994389
Loumbila,2020-12,128.64738678112826,-0.0710653512431455,1029.9354291187594,959.2829111969381,1325.1962461971266
Loumbila,2021-01,137.16520957548408,-0.05513835516806978,980.5783217121611,927.9744189668895,1234.5020561974616
Loumbila,2021-02,145.73180046478797,-0.05002959425429457,909.9211295835072,865.518137691873,1074.9882768961588
Loumbila,2021-03,144.82699923578238,0.044712793795383385,826.2978690849266,790.1655899631238,786.8192475524902
Loumbila,2021-04,137.3197193517572,-0.050898096309905556,715.7446395846181,680.2261785711397,761.6687925048828
Loumbila,2021-05,58.71609780149885,0.08412339023228255,708.2188631397746,547.6812944081181,597.1460129647049
Loumbila,2021-06,115.81963701428913,0.08076395763732748,670.1417062293242,618.1463453634805,557.0666473641189
Loumbila,2021-10,126.65519128111798,-0.08791307116054095,704.2683347169449,644.9974540920736,812.647791723609
Loumbila,2021-11,132.30165743778429,-0.061565958943775395,682.5650150831757,641.8096881068558,800.1822337992352
Loumbila,2021-12,130.52728537613476,-0.0726809921324392,677.7124590109079,630.2030720902993,815.2826721382172
Yedang,2015-05,106.62657330441556,-0.20425233348770958,688.979535917505,561.6951336830139,781.1785622192383
Yedang,2015-08,133.83294665596935,-0.06128726680150191,589.0433151099253,554.0264638179779,619.5850794494629
Yedang,2016-03,118.21584236490602,-0.09155798432627543,820.5024610486386,748.7153907443225,930.7352234741212
Yedang,2016-04,139.64153419269442,-0.058141814990814514,833.8659919013977,786.76601629982,935.786957800293
Yedang,2016-05,107.7194368329405,-0.2781086883093883,805.798311836835,610.1621792358399,846.5115229736329
Yedang,2017-02,123.4894952238332,-0.006858171559966347,694.0450576843261,689.3014623962403,823.0004020080567
Yedang,2017-03,149.6077637195051,-0.07868128840027772,752.3072574058532,695.3835327771831,828.1191328552246
Yedang,2017-05,148.14843368666982,0.03340064249440983,731.987053986999,707.9420113740305,663.7125316772461
Yedang,2017-08,167.41848676687582,-0.040546675894237744,710.9709524777842,682.7200540530756,760.121103540039
Yedang,2017-09,164.93636571949213,0.03850448263005801,714.2258895240038,687.2477145618275,557.5991114135742
Yedang,2017-10,174.74292872002002,-0.04156727340142474,729.3812222353972,699.6843190346941,800.3576326538087
Yedang,2018-03,130.24044330026862,-0.08108055436630321,832.1124371782955,767.3070277174472,990.0886809814452
Yedang,2018-04,123.43046279660545,-0.08052721238635147,842.6245112552929,777.4304811630957,926.4154927978516
Yedang,2018-05,139.4431745420828,-0.08701986031750031,782.8441608194737,717.601059746959,845.2890606384277
Yedang,2018-07,150.97612004473245,-0.09811082965351647,682.7150110222383,618.9142184700012,690.1066831176757
Yedang,2018-09,157.5855748182515,0.011736950858493526,709.5606088902938,683.9324664150173,692.5525177978516
Yedang,2018-10,170.3751159046192,-0.030395287007248053,731.398671661128,700.7782130307326,726.8882221374512
Yedang,2018-11,146.16574975994737,-0.045026840869152984,752.8777877210417,719.7299507526967,822.7853268859864
Yedang,2019-03,139.54808446125145,-0.055464910613052004,785.7733564757657,743.3771272959751,985.618678338623
Yedang,2019-06,124.37562682751752,-0.10847145730401737,663.794453076884,595.5593724246667,715.7025173583984
Yedang,2019-09,133.54941711060917,-0.016603884059955498,654.3074805186224,643.5331305311825,708.4876460632324
Yedang,2019-10,168.2244303218212,-0.041491423362565436,722.0615615073119,692.7152202494773,766.6094893249511
Yedang,2020-03,140.27113797269897,-0.040674463803959005,799.6480433812488,767.7753837432924,978.3338650878908
Yedang,2020-04,139.47937768196212,-0.049976883762753055,799.7942851040107,760.8054442943265,954.105606048584
Yedang,2020-05,161.07578664460374,-0.05983709774263152,733.4321768495927,690.8329410261251,741.9057511474609
Yedang,2020-06,144.7645804956192,-0.07551828991469756,719.8471130110552,667.4874285787929,744.7626346374511
Yedang,2020-07,159.88809765378593,0.04179818137145122,723.1543880549137,693.5508467514887,555.1990196655273
Yedang,2020-08,170.55599214673856,0.006818618796202595,721.3682414973564,696.4769291625882,706.4008813781738
Yedang,2020-09,162.93013274437556,-0.03462848837987301,718.6957239458357,694.23435190859,734.0872000854492
Yedang,2021-03,140.31582443224428,-0.058584775357725244,794.2419907718428,749.0482597818094,977.1069939208984
Yedang,2021-07,136.15394958550115,0.04171050127658324,700.33306738739,671.7226493572234,621.6726057434082
Yedang,2021-09,126.44870001455206,-0.05255118292438571,685.00274114402,649.9345444675981,739.4992246887207
Yedang,2021-10,162.65548172508065,-0.0382897207252539,721.8113398554133,694.6958208252427,794.1547639343262
Pineview,2015-03,161.71388632353904,-0.005477024343057975,873.3982480110168,868.6277006729126,894.7831669677735
Pineview,2016-07,163.66985354467272,-0.025765951929166947,952.4297053405762,928.2029009765624,1027.4434935058357
Pineview,2016-10,159.57546183198258,0.003834012444245638,785.6482468612671,788.6662137809753,800.1652632324219
Pineview,2017-04,177.05292016990506,0.012921444931743815,888.6261178696975,877.2176500996859,873.5530062255859
Pineview,2017-05,169.89956374388865,-0.02690455688701579,996.9555999679147,970.4905627496934,1043.0926054175764
Pineview,2017-06,145.87923398457426,-0.04304070028941889,1035.7638897678303,992.1296466432284,1041.9054546691657
Pineview,2017-07,155.67132267166969,-0.02446423755635725,1011.6458547009337,987.1969909665303,1014.908929917088
Pineview,2017-08,166.98971867311067,-0.02442530472440233,972.2698599494934,948.8095512878417,981.3587036193848
Pineview,2017-09,179.89380949361086,-0.021247002676511664,933.7855391716004,914.1546822555542,955.271622125244
Pineview,2017-10,146.1901557072401,-0.010234796625557992,903.7952013947288,894.5922169892266,926.278546069336
Pineview,2018-07,142.66576615731327,-0.03113411871652593,945.4798127094268,916.4966556598663,994.7411550598144
Pineview,2018-08,147.50233537933786,-0.015842407246798945,795.9502097639781,783.4398015397186,873.0211933715821
Pineview,2018-09,149.97251760543276,-0.015824206128593213,706.6607217228166,695.5663878184611,776.7126977539062
Pineview,2018-10,126.1667632731352,0.00043261827200651026,697.6343119254235,697.9361865694764,720.9552510742187
Pineview,2019-04,181.1929806159996,-0.01934051352763368,936.0889820283649,918.1584917661162,961.7886463172345
Pineview,2019-05,165.71010499820906,0.015205198839686573,1001.1175706935389,986.010522861231,876.008363712254
Pineview,2019-06,166.96168165448645,-0.024325847113697684,1026.9542498454878,1002.2741173563496,1044.6770398986578
Pineview,2019-07,158.1415442710955,-0.019914381498461878,996.7164040342277,977.0637480503509,1030.9648372375489
Pineview,2019-08,163.59711282380755,-0.017655615289109708,964.5858198855863,947.7049235502675,983.3186996032716
Pineview,2019-09,171.45206217242765,-0.01608507204183146,939.2660584639694,924.2787553093873,944.8641639160156
Pineview,2019-10,154.10489190595897,-0.027759826034965067,900.7970084648634,876.1349314137244,920.6011888916016
Pineview,2020-04,167.1573600416343,-0.028848306954518718,967.2461958110548,939.7414212301546,1020.9261579261212
Pineview,2020-05,175.06939552059407,-0.014411357756226179,1008.3710642952439,993.9432798231747,1042.6194899939924
Pineview,2020-06,161.37831860581332,0.017600977311965083,1005.0871615539306,987.5514210163981,966.6473828589824
Pineview,2020-07,169.54687085684816,-0.020743169278349724,968.8278460593241,948.9382854746674,987.9146362243652
Pineview,2020-08,143.6117907144969,-0.010139902559294797,851.232577315947,842.6447752460836,912.6253119506836
Pineview,2020-09,135.07568803909265,-0.018681962196986753,753.4181958199331,728.1979146098415,747.6520084472656
Pineview,2020-10,128.59774211822392,-0.04062949329694306,703.2881981879904,675.2866512557721,721.9003512878418
Pineview,2021-04,145.5798539702318,-0.06147424360801297,847.8723783195071,797.3198243813142,871.8716401733399
Pineview,2021-05,129.56059312337533,-0.03208911842066308,856.8696948740392,829.8099848190911,860.3141418029785
Pineview,2021-06,149.06780501560928,-0.019291945907892093,757.0047220288039,742.540597038922,788.9451996520996
Pineview,2021-07,137.80892972371242,-0.019997120159013185,637.1723866916687,624.5573267260709,712.4395897033692
Pineview,2021-08,93.31985614629826,0.07526575762872943,612.1000868142069,567.7209722936215,521.5825049804688
Baisha,2016-10,195.93302685197318,0.03409812946978708,350.4372491490191,338.68942214683835,320.37622103271485
Baisha,2016-11,203.33462430402778,-0.026229292278244436,358.37616507071857,349.0984181585702,371.2975889709473
Baisha,2017-03,108.43025348590888,0.08235731039447433,469.7628476287467,382.14911962699887,406.6044264778885
Baisha,2018-03,73.97459468778075,0.16062999267959072,547.3715002649159,387.0059024954897,424.7364427246094
Baisha,2018-04,74.80808819849621,0.3302956221425738,623.665872371912,362.49668656600306,403.0929730957032
Baisha,2018-06,194.71862133809344,0.004608267573409763,410.6341774267187,393.3454985432577,400.9719256722244
Baisha,2018-07,177.08912563144833,0.019579857237025766,404.88150163327543,397.0310854475651,367.7550763979445
Baisha,2018-09,161.2233332712509,-0.03179991199841775,375.72797423953267,363.9678344336245,381.3025628601074
Baisha,2018-10,186.3536196664449,-0.020840624679224165,365.0322929776879,357.50351666153205,374.63243637695314
Baisha,2018-11,201.75293608694747,-0.03047319415007254,364.5681224159241,353.6261326584754,387.7519534973145
Baisha,2019-03,149.85426560367873,-0.06137509178852481,374.9659506418596,352.64438166618345,386.0464828125
Baisha,2019-04,166.2606354206499,-0.09073652187915378,384.44246014547434,328.8032814045348,372.0376828369141
Baisha,2019-05,173.0960298889155,-0.09019040510272953,366.5997543735115,331.25088708274166,364.5517668457031
Baisha,2019-06,198.48832684307544,-0.005392273237685992,341.67052947408837,330.5639495554107,336.9786778564453
Baisha,2019-07,177.84565238736252,-0.03330624869020216,340.626851272569,329.46869822858844,341.0554841003418
Baisha,2019-08,190.67757262467313,0.010100680180591922,339.40251791537287,330.86966889358877,333.4207879638672
Baisha,2019-09,212.57126967257983,-0.00859339995331055,322.69638812814947,325.48139646148684,311.62907884521485
Baisha,2019-10,203.11756874839716,-0.011311968873835065,324.65124428122897,320.9994927011284,333.12507762451173
Baisha,2019-11,187.46868190495903,-0.021256214203543233,312.8467498089921,306.2669904104456,334.83021732788086
Baisha,2020-03,157.4025881875126,-0.1148142460118194,361.41941965655906,321.06310122387544,360.7717615966797
Baisha,2020-04,179.59158602582727,-0.11096494908699643,349.70559402176707,312.97605671160613,356.6948544921875
Baisha,2020-05,197.4744509640903,-0.035021662942844096,340.8063491038583,321.72713669698203,336.9787716491699
Baisha,2020-08,208.94092201732505,-0.02448545714492488,323.2833019255286,315.4636865941588,342.16722224731444
Baisha,2020-09,205.91603938699092,-0.019817678427689736,328.62714156728345,322.17862293547137,342.6123716064453
Baisha,2020-10,190.95537598787627,-0.024199108163504193,327.6725258333589,319.8383156914665,350.17312549438475
Baisha,2021-03,165.2004827986433,-0.05767130095970832,379.48941050797725,358.2228904493473,417.5467482910156
Baisha,2021-05,180.81053291034056,-0.003539749554866082,386.0796706253052,367.9932099960327,377.5956796508789
Baisha,2021-07,181.5065486848664,0.017360512291954688,375.6532869285584,369.188035836792,367.81088432006834
Lago_de_Almafuerte,2016-09,160.87791947878026,-0.09240853679261796,760.570615267435,693.4370223651036,818.1111160766602
Lago_de_Almafuerte,2016-10,167.55039192791577,-0.0300778474282416,646.4222186838917,627.2687217507519,679.5709818481446
Lago_de_Almafuerte,2016-11,128.97459602249626,-0.03471578859152473,661.1372314088362,684.492178934011,654.6586649963378
Lago_de_Almafuerte,2016-12,179.2616518635499,-0.01391132157159651,679.9490985794067,670.5555975129432,703.1152378845214
Lago_de_Almafuerte,2017-01,175.77604058487088,0.0009128173170839752,683.7287570379001,683.104922355155,672.8872258911133
Lago_de_Almafuerte,2017-02,186.03200223786536,-9.19169299059136e-05,688.8552903459049,688.9186107194056,669.015931854248
Lago_de_Almafuerte,2017-03,183.58188091842337,-0.0016682447542097196,682.7980762108012,681.6599515012202,685.2669960388183
Lago_de_Almafuerte,2017-08,159.9299388723862,-0.04437192390803146,717.3123847970393,686.1796712863921,739.8768481872559
Lago_de_Almafuerte,2017-10,168.44457969400324,0.004599499768175405,656.7183345116919,605.0619470994477,628.9132176635742
Lago_de_Almafuerte,2017-12,139.5866828820378,0.058296065857621,674.2789851097909,636.0949749710974,624.9639449768066
Lago_de_Almafuerte,2018-01,184.93046486393,-0.01001685639301244,695.0423788118867,688.1149923568255,721.1876065898102
Lago_de_Almafuerte,2018-02,193.5945377910965,-0.0007226702265283533,693.6138069626004,694.1152421739272,660.8092383178711
Lago_de_Almafuerte,2018-03,155.48329229554076,0.0004350807051996114,696.4425416249195,696.7456162632435,770.0301972595215
Lago_de_Almafuerte,2018-04,177.4784362250009,-0.004632250972156687,685.8738746479511,675.4672554558886,682.2289761474609
Lago_de_Almafuerte,2018-08,173.03424776730748,-0.11977083066849209,749.2738795443406,664.6986275531744,780.5126096801757
Lago_de_Almafuerte,2018-09,168.89376281199932,-0.028105104848875836,709.2946617857518,689.6373897117096,771.3978100158691
Lago_de_Almafuerte,2018-11,186.14982273851246,0.008247215095608065,691.4396233005523,697.1656540477752,723.5806014886355
Lago_de_Almafuerte,2019-01,200.68250153012227,0.0043247440132661045,689.3254300476074,692.313041745758,694.6928471462833
Lago_de_Almafuerte,2019-02,194.46613397505288,-0.001042446318009609,690.6755461463928,689.9559291126038,699.2638261759439
Lago_de_Almafuerte,2019-03,191.2190939908109,0.003033923684527578,691.0937486557007,693.1936582199056,702.1501277140298
Lago_de_Almafuerte,2019-04,203.0765674706861,0.001578655463505588,603.9971044435844,604.951360795278,613.9594049931784
Lago_de_Almafuerte,2019-08,185.8962152449832,-0.06461072393827069,756.2429892013362,708.9266140412801,792.5374495745968
Lago_de_Almafuerte,2019-09,163.3875297362677,-0.02851743318366476,724.9494417431436,704.5677426041958,803.3492428343529
Lago_de_Almafuerte,2019-10,163.79335367863402,-0.06207459163170986,693.4315533320848,651.6958372688744,733.6411840757363
Lago_de_Almafuerte,2019-11,176.51761453468174,-0.060654157315084736,684.3607232679682,644.0851864764675,712.2258715662339
Lago_de_Almafuerte,2019-12,177.41821280305717,0.006285009150032807,613.0701666421006,616.9354522029622,639.5446885437012
Lago_de_Almafuerte,2020-01,184.18113376292177,0.04202127894804479,651.1148055400492,679.0584852270852,679.4177197265625
Lago_de_Almafuerte,2020-02,190.85362568200597,0.0012650582469761822,683.2467441890286,685.7978225761412,684.9542114545036
Lago_de_Almafuerte,2020-03,200.00563704351157,-0.004469597481859357,688.5408155744549,685.4701826375389,712.6859666235351
Lago_de_Almafuerte,2020-04,192.89586434340825,-0.007476688593644278,697.0027424322337,691.810903046981,713.3757434764907
Lago_de_Almafuerte,2020-08,197.4317321855748,-0.08073597563042859,755.5459404386937,696.94368569695,791.9198126306152
Lago_de_Almafuerte,2020-09,183.64248210548212,-0.11706033615929762,744.4105261207866,662.1766272722349,792.2993964196777
Lago_de_Almafuerte,2020-10,183.00712146291804,-0.08703855845798963,705.8623757116984,647.0229237969027,732.4192136766382
Lago_de_Almafuerte,2020-11,195.92426385864994,-0.037395921534970275,706.9266655389537,680.9786895136732,732.1914785631128
Lago_de_Almafuerte,2020-12,190.50826105194017,-0.04597081351200916,714.2947708137004,682.2013902726036,746.7788655096795
Lago_de_Almafuerte,2021-01,198.70998300668808,0.008672467940462936,734.0618839495386,727.7232811873328,723.0911111267089
Lago_de_Almafuerte,2021-02,197.29706080974765,0.007114771666970721,716.8483003921107,711.7661888844584,586.293202435949
Lago_de_Almafuerte,2021-03,189.59459837079788,-0.0018268306331809155,657.8623523830775,656.6616463625248,672.4234050413124
Lago_de_Almafuerte,2021-08,178.11203090340913,-0.1251732505585804,717.600559692033,633.1705645641084,725.2176516601562
Lago_de_Almafuerte,2021-09,180.89167055432853,-0.07386771459528271,700.8714693647185,650.9656021725935,716.3311781372071
Lago_de_Almafuerte,2021-10,167.31729121176681,-0.06849063619569676,699.918279860451,653.5852323561543,708.0385098253198
Lago_de_Almafuerte,2021-11,191.68523264747432,-0.035306745048136044,702.8255268105577,676.9506247692179,702.0515820800781
Lago_de_Almafuerte,2021-12,185.96902712009464,-0.03573768438489301,701.0557625144959,676.4440550675607,717.9256805725098
Loch_Doon,2015-05,197.2063070132536,-0.058810730264525185,686.9904137718645,636.6355243638654,681.0693882080078
Loch_Doon,2015-07,169.29419891499452,-0.014167450598194894,674.7091192873901,541.7173965690613,608.8651323059082
Loch_Doon,2015-09,163.9902835501769,-0.10661458889690778,627.0087917995824,533.9931036972935,610.3173317871094
Loch_Doon,2016-05,92.76770687840488,-0.2696339703506358,675.6985722051057,516.0032723086514,679.2708372558594
Loch_Doon,2016-07,148.80161825269172,0.17732048919955154,691.0190771934914,576.7925059196472,577.7635880737305
Loch_Doon,2016-08,190.06677757731032,0.08615001991830852,656.358930955387,590.2814067712078,596.2014283691407
Loch_Doon,2016-09,182.3594220041918,-0.0687457263418181,632.4149235931193,590.3998251078357,640.1426024291992
Loch_Doon,2017-04,154.63097862807132,-0.05856890744984465,696.1479146420568,646.3836483955814,690.7390686584473
Loch_Doon,2017-05,156.673502347063,0.10099982070044802,687.4861103058628,621.4415161798597,593.8381181396485
Loch_Doon,2017-07,175.98643627258446,-0.009202440550557293,690.8799289835088,629.1928612012302,662.3559863830567
Loch_Doon,2018-04,174.3304706119395,-0.0461409719797817,660.9618662165665,631.1573358736936,661.9389585510254
Loch_Doon,2018-05,194.1956319674017,-0.059373374922451025,685.3818837014562,635.558374280394,679.887094708252
Loch_Doon,2018-06,186.72004375557782,0.07223636767208245,678.6178370220305,609.8013617197976,620.4701632568359
Loch_Doon,2018-07,181.3998927452371,-0.11967924726439017,666.7033869915773,587.4350376020703,664.4071115234375
Loch_Doon,2018-09,169.1489113270567,0.11741854459136393,622.9097765553499,553.8994337655032,521.7883069030762
Loch_Doon,2019-03,157.086408900902,0.05952210989020593,726.0851548826658,684.1281071789847,682.4589447875976
Loch_Doon,2019-04,177.54312061431116,-0.056579713342680846,692.0920066562547,654.0208234138508,693.669054296875
Loch_Doon,2019-05,187.96189296615398,-0.0415215256382913,671.9912513724692,620.1075710807378,659.0701025512695
Loch_Doon,2019-06,187.98069535056447,0.08334588126062042,661.7202066582504,608.8043409027546,524.4674346984863
Loch_Doon,2020-04,192.07761019133105,-0.0673820615043796,683.398010065781,638.8664067222498,685.6988205200196
Loch_Doon,2020-05,186.15279720374656,-0.07255555030837192,665.8565223377915,619.2559428026516,673.2531892700196
Loch_Doon,2020-08,181.2521198614278,-0.048615554709797795,668.0512582651058,633.4273706690624,666.5151715332031
Loch_Doon,2021-04,192.0860819245807,-0.05474898421784613,685.8138738289175,649.2756038096718,699.7872579101562
Loch_Doon,2021-06,194.46704721763126,0.06305103692308607,665.9465780270015,625.2542813950604,607.7930543884278
Loch_Doon,2021-07,170.01254758362492,0.1617606931767801,648.0801146750846,551.2859440666164,489.7136634277344
Loch_Doon,2021-08,164.0245237333172,-0.08217721167998551,623.3907635269561,560.8261062058305,616.0824638671875
Recoleta,2017-08,205.8129990053335,-0.015350408443805925,494.1924005473294,486.66427308839576,503.9799180847168
Recoleta,2017-09,189.33899795285402,-0.022485295147907224,496.1902097911461,485.157725626658,503.4388857849121
Recoleta,2017-10,157.98376515768174,-0.032130332268015725,508.3764276182081,486.05299071855154,505.1397271972656
Recoleta,2017-12,109.0806525766085,0.045738904920327575,547.0634306425308,483.9338074209918,502.8978126953125
Recoleta,2018-02,134.9679606405191,0.03562954959254025,552.2234048657851,474.73520882606505,502.9748473754883
Recoleta,2018-03,125.6166224212414,-0.023005781032716017,515.2811299197641,473.6214636242952,499.72772964477537
Recoleta,2018-04,134.0064061622098,-0.013863540274441817,516.1969651948689,469.6229133068509,495.78432547607423
Recoleta,2018-05,148.20593067467155,-0.04041583190540782,500.0835158213349,472.34754628000337,495.9390294921875
Recoleta,2018-09,152.62316543807592,-0.04578710866074755,505.1283373903625,482.52147220804414,507.2270073059082
Recoleta,2018-10,154.23056996260843,-0.04717317029127706,506.1049021041307,480.65041345294685,504.9849741149902
Recoleta,2018-11,153.63247246506592,-0.053546436949700925,501.2951195691951,475.1585566095371,504.0571075622559
Recoleta,2018-12,119.94203743975744,-0.007156596485717016,522.086044408698,469.055830481766,496.635027319336
Recoleta,2019-01,117.53544664930506,-0.02505896384382733,524.5375422970759,447.65115079621364,490.6814342407226
Recoleta,2019-02,107.15197331838851,-0.011661389333898091,501.84189930675154,442.91001306829435,474.21299069213865
Recoleta,2019-03,96.87542485718086,0.06237114251486097,518.9089057432406,437.06723286491524,461.6108039367676
Recoleta,2019-04,106.37319513605267,0.029192985176949793,491.78312360668104,427.493623988819,451.8689033996582
Recoleta,2019-08,152.79468900547351,-0.04824833948534578,457.3832543053613,435.8391838025447,460.5286771240234
Recoleta,2019-09,115.7751907047505,0.05620833282900658,508.235915963744,439.354683407694,459.4463672119141
Recoleta,2019-10,111.04286502572292,0.03391572958350302,508.4587724691649,434.69903004404745,462.2293314147949
Recoleta,2019-11,122.35065708236706,0.02025709881190317,508.2961784751504,426.9322698866301,461.1467374023438
Recoleta,2019-12,104.73106362238468,0.04632926269027654,506.17640134887097,419.9183061568465,450.4774742614746
Recoleta,2020-01,105.97826386977637,0.04557190929974793,507.6696786171517,412.49878991410543,447.3074563720703
Recoleta,2020-02,104.11871017498788,-0.017475519229936426,472.1692033779624,403.7001967632683,440.426122631836
Recoleta,2020-03,142.129162405938,-0.06845078034975882,432.83347262225885,401.34317089132037,431.3027789550781
Recoleta,2020-04,133.56311610009232,-0.08909789320592992,424.45691358276383,388.27451726649554,438.3400914794922
Recoleta,2020-08,164.51430995909607,-0.032128731895570105,407.06553361136787,394.19489991708065,408.2638893310547
Recoleta,2020-09,170.47938088643724,-0.04094909440765866,404.2263577528292,388.0079845374224,417.7729125610352
Recoleta,2020-10,144.72538410306478,-0.08136527926064858,414.93643230537106,379.19614263105535,413.1340453308105
Recoleta,2020-11,102.4347212448072,0.10415321248428054,483.9451850870802,380.9220269435708,407.5675016479492
Recoleta,2020-12,101.55850762435323,0.0557988951547634,454.3007865843842,373.2471116644032,400.4547008178711
Recoleta,2021-01,94.72775273223536,0.05647654746743211,462.5458478466941,364.15504653413853,398.9852433044434
Recoleta,2021-02,98.43217247633268,0.12102729595231738,469.07108504810026,351.63968207143444,382.28523733520507
Recoleta,2021-03,104.72824037922798,0.026590536689229644,399.97870638445914,334.35733003835315,360.8691846374512
Recoleta,2021-04,118.81314074838264,-0.010178628683330693,349.7791925977711,314.32181668734006,333.2686862915039
Recoleta,2021-08,86.75462191912021,0.2986562804729655,440.6201807460302,306.3050115879771,316.4148488952637
Recoleta,2021-10,116.09219193811415,0.0014344444480348661,338.23312227165536,298.16909768645695,317.3422504272461
Recoleta,2021-11,88.22522666455225,0.23755394828873422,428.2690400079582,293.7122236424302,314.94532501831054
Recoleta,2021-12,83.93800739853147,0.31434023147536017,437.7489693082187,292.12692008481554,305.59077655639646
Deer_Creek,2017-03,190.75606111063078,-0.014263809334942677,948.2110327894894,934.7819341451985,975.6087549435842
Deer_Creek,2017-04,190.4998516251209,-0.010570730336496297,942.2254844812306,932.3179302665052,975.1975990292776
Deer_Creek,2017-05,184.59642218479684,0.009153936361397198,925.9620272543425,934.4771386589414,966.0299611095952
Deer_Creek,2017-06,184.69065297550816,-0.0022630318075522113,917.3877987832373,915.3140683587045,948.8644112438724
Deer_Creek,2017-07,190.5653645477035,-0.007114247306721014,907.7895012084007,901.354180567917,924.723888923316
Deer_Creek,2017-08,186.01038932753158,-0.013586848586423785,883.6242493329523,871.6997719245686,896.7586349304199
Deer_Creek,2017-09,174.14359399364156,-0.02426454586339763,851.2433801345851,830.8369240045888,882.1182468322754
Deer_Creek,2017-10,166.4857172380173,-0.039841178904009567,861.9464248348398,828.2805600769752,877.6700186096191
Deer_Creek,2018-03,184.55998431030815,-0.010274096653443695,959.8505443717272,950.0394335588935,976.1556001279104
Deer_Creek,2018-04,180.69774675575977,-0.011252768667995773,954.5661946368158,943.8848918942791,974.1714783261526
Deer_Creek,2018-05,184.77012331874536,-0.010078002735112505,928.7397300445195,919.4268947171344,957.0013624767828
Deer_Creek,2018-06,183.7005131033096,-0.010353451235064034,901.66093045243,892.3737879273629,927.8771061401368
Deer_Creek,2018-07,183.28044992880706,-0.013809076885582604,868.5791864256676,856.667344717189,901.6807578308104
Deer_Creek,2019-05,191.02294687008583,0.006850731674809995,946.087474250118,939.628233348605,931.5604867016364
Deer_Creek,2019-06,184.94281872494327,-0.0030632102368656974,939.4458424628701,936.572525375171,955.635791328101
Deer_Creek,2019-07,180.1891843536938,-0.0033343905609221486,916.6171567348534,913.5658870289521,931.4954293285894
Deer_Creek,2019-08,181.2949882158296,-0.009087810664095794,892.0399259674468,883.9699607139036,904.9015298034668
Deer_Creek,2019-09,181.01521502840023,-0.010304401348749982,863.2680290839583,854.4182430206813,884.580645739746
Deer_Creek,2019-10,163.50950929527787,-0.020046892515364755,849.1040772110259,832.2516626926874,877.0544202819824
Deer_Creek,2020-03,192.63608744934112,-0.008753772821384495,940.5584083683243,932.3609056214207,961.3095430431888
Deer_Creek,2020-04,182.42567748897122,-0.013244575476315197,935.0943980728283,922.7911254033752,965.5533503918216
Deer_Creek,2020-06,171.1735978550299,-0.006493590699906014,943.6506702381835,937.5428413546264,955.6993128674076
Deer_Creek,2020-07,181.53506434704514,-0.014503244581160736,908.00061895121,894.9267001831522,937.4553831848144
Deer_Creek,2020-08,195.08717751658838,-0.02204908727413768,822.7886015649301,804.8454063555557,875.4111349243165
Deer_Creek,2020-09,184.41779672758315,-0.060335599269238885,705.6651881782532,664.3474548750844,760.9670612121582
Deer_Creek,2020-10,135.89980946887434,-0.04474219849210787,714.5548747910028,666.2006841202142,705.5632878295899
Deer_Creek,2021-03,198.7023121951325,-0.040993645138767805,868.3487190369682,833.4716920646534,899.7532287853765
Deer_Creek,2021-04,182.80593600660728,-0.02462381601344968,888.1652654397055,866.5623124600841,916.7966325927734
Deer_Creek,2021-05,197.22273666619958,-0.01301455794228882,866.0272240912659,854.8292887501115,912.1420838745116
Deer_Creek,2021-06,192.7083791007232,-0.027676753785606308,795.5809292406932,773.8637485443231,827.4574164855957
Deer_Creek,2021-07,178.33801570712228,-0.029102115137489323,729.1127809791902,708.19983827986,776.7707691711425
Deer_Creek,2021-08,175.6859847644808,-0.004663522884269168,699.2562235097571,696.00281817095,710.8823593078613
Deer_Creek,2021-09,189.5248916571297,-0.0149976809962662,694.0515695655823,683.7200734268655,734.6382378540039
Deer_Creek,2021-10,183.0759145114457,0.0005792657945098405,698.6963704359572,691.0846576132856,694.6788607788086
Contas,2016-09,81.34286472939128,-0.07948697060168065,6659.352681838173,6110.635755362764,6637.72999919965
Contas,2016-11,106.65736119998496,-0.0315199684710363,5897.853251249381,5714.852344949032,6166.312078856465
Contas,2016-12,80.06817524103505,0.020696583694304112,5478.667753392573,5593.238985963038,5948.696365212307
Contas,2017-01,78.94114350213533,0.0024612772647776143,5492.838334732539,5506.37438399675,5856.578264101227
Contas,2017-02,78.93605682661588,-0.02761321715562046,5556.282114265145,5182.090417078161,5440.524511498066
Contas,2017-03,80.2181285643666,-0.0068299649385275725,5466.049142060768,5234.4672182457625,5367.303036450387
Contas,2017-04,120.53827797120469,0.018752316257771493,4874.957474102778,4967.236739236013,5084.112354000195
Contas,2017-05,77.05933161638828,-0.0042773438878951665,4758.78219448327,4738.470717104349,4887.235375694844
Contas,2017-06,84.74741808354587,0.06906921927844609,4285.540553312493,4592.001168599564,4921.468887018013
Contas,2017-08,84.87393679982756,0.03429227680672495,4161.293904349695,4306.469114629109,4447.572413435944
Contas,2017-10,81.20244960379603,0.08522780841248832,4585.46000672017,4210.841971306701,3983.561358709908
Contas,2017-11,83.7721352221683,0.013228541507680203,4185.293737511296,4130.292997435029,4119.590468916901
Contas,2017-12,105.63876361057643,0.022245458832328632,3924.4002005014995,4012.6785392538272,4415.872349724026
Contas,2018-01,90.26740203403942,0.002595041071641449,3918.0699530581073,3928.250709535154,4148.864399835396
Contas,2018-03,109.58388896536188,0.010006541572427183,3907.983414282881,3947.2851219256413,4216.441535296824
Contas,2018-04,102.50436272325456,-0.0199469392654944,4022.9198849964246,3943.4699719548667,4583.156550602932
Contas,2018-05,118.226367868656,-0.010438071893753044,3954.7338445527857,3913.6687414595754,4124.981643634224
Contas,2018-06,87.5027995347324,-0.023175337420685525,4031.4301274787167,3939.0746917884826,4254.032021835531
Contas,2018-09,77.88880621351583,-0.04299058397792047,4149.047393871187,3818.119398381278,4066.6260396333823
Contas,2019-01,77.81900954468945,0.03649668907429641,4021.4935412777236,4170.9759549722385,4425.2954998962405
Contas,2019-02,118.63555172357792,-0.026645576541965463,4229.6303620734,4118.4176656084755,4553.094814129974
Contas,2019-03,117.29954105543774,0.01458956507472195,4103.569356305874,4163.877513621853,5190.293137956783
Contas,2019-04,102.22376043320382,0.027999916034665506,4545.850736379284,4674.932886784093,5365.280162700267
Contas,2019-05,104.77549193807911,-0.009078025075601862,4643.829296545438,4601.8632702671985,5249.696759331318
Contas,2019-06,88.0563882637692,0.028263659993542203,4408.649212026952,4535.031372502711,5098.736064465524
Contas,2019-07,107.40180826796627,0.03890028443822807,4258.138289210203,4427.045041127869,4592.848844940377
Contas,2019-08,84.05930408264123,0.005502438366785101,4369.362049497872,4393.470461576038,4756.310319018555
Contas,2019-09,89.76893105299669,0.09367251399313842,5004.663894193394,4557.151432674418,4522.797813373784
Contas,2019-11,93.04316064242718,-0.04342499271920594,4694.871806014965,4495.360276467766,4751.827758136322
Contas,2019-12,101.16609375437481,-0.015691661534748408,4497.465441320936,4427.443552515729,4822.785469775582
Contas,2020-01,118.85923683152282,0.00911692069075375,4425.251082289215,4465.780215162685,4591.134376819039
Contas,2020-02,108.06094578282884,0.021364570713811024,4357.328259324916,4451.422267052007,4800.233128060566
Contas,2020-04,126.45466445954487,0.025153311904217268,5769.908338625966,5916.881322442528,6701.278356497396
Contas,2020-05,97.92968401498581,-0.0015208154500656653,6481.263913768173,6471.4145988656555,6540.868338724556
Contas,2020-06,93.54194713996417,0.06427870087438023,6178.224429046737,6588.394036977959,6977.263245894656
Contas,2020-07,110.78710897523102,0.04843682470826209,6157.963346246889,6463.577273115942,6781.8824059982
Contas,2020-09,100.69551022511253,0.03875296102870954,6090.288249347385,6330.937777038114,6858.981190519422
Contas,2020-10,72.6248226163608,-0.021894726799507675,6269.478780794986,6408.261061874549,6147.669925774166
Contas,2021-01,109.47246962778934,0.0010585057857247157,6683.531986309983,6690.610289137919,6743.202835323128
Contas,2021-03,119.34644049917867,0.0009606977811054407,6593.576904963954,6599.9143833794005,7027.222834885709
Contas,2021-04,110.18988717721591,0.012807653418493846,6422.396252135152,6505.181085538112,6866.68915514117
Contas,2021-05,91.2921614284077,0.02270457127752125,6296.5811366905045,6441.177600735084,6653.034531864325
Contas,2021-06,107.79035462453771,0.024344513547220697,6199.494005992894,6352.2697522138615,6438.129667637293
Contas,2021-07,100.50250912837603,-0.01835737677670323,6463.165392716355,6331.777239772416,6456.12160902205
Contas,2021-08,84.59862240278619,0.005600068784330767,6292.335252536322,6257.196224626903,5675.256761247871
Contas,2021-09,86.50601184823839,0.027085935309212963,5886.692746560678,6048.31833435169,6137.311557693517
Contas,2021-10,103.68848742275793,0.009893831244967146,5882.645278458291,5941.136049900942,5981.472968530465
Contas,2021-11,129.26009029421758,-0.014813651529829004,6042.0408540022245,6132.211773077448,5800.519399846575
Rockport,2015-03,202.65238406108912,0.0070113449998847575,373.5554064369202,368.2443596237183,369.5924327819824
Rockport,2016-07,217.07571694004412,-0.029559835929853256,337.66060264663696,327.8254889427185,372.1790418457031
Rockport,2016-10,167.3694444236679,0.03351551369976975,236.49236455078125,226.93709081802368,227.81562221679687
Rockport,2017-03,124.02289197162403,0.03411715500964664,251.13419174640137,259.85000995116735,280.99577521972657
Rockport,2017-04,209.04665766903176,0.0012269864822028118,262.5979772402039,262.9203791594819,273.0286043395996
Rockport,2017-05,204.71331234647369,-0.020115613601992044,319.1598089788417,312.80385486289265,359.78627461547853
Rockport,2017-06,165.08288003001516,0.010136919583713495,413.6644098584037,390.39288898947905,399.8285701049805
Rockport,2017-07,189.51931837433966,-0.04134537997037766,400.51941023666734,381.8918626827127,399.2638787049058
Rockport,2017-08,185.28057015824265,4.4822452273014096e-05,399.54339920731337,382.34169442062375,390.839165423584
Rockport,2017-10,185.96475245671854,-0.027832182638669035,396.0776684861896,383.7218568213955,395.3139396179917
Rockport,2018-03,75.9046404597891,0.0783612884413086,406.5605225282347,375.9181811447144,373.66389482429054
Rockport,2018-05,184.80207523460268,-0.01572076411578609,392.3812742744446,386.2609747589111,395.1291942260742
Rockport,2018-07,172.01053971179584,-0.035677568316917034,340.28584804258156,328.35929669799805,361.5562270019531
Rockport,2018-08,185.9822657077214,-0.04227869466268365,269.9780981352933,258.8017030134517,301.6305673583984
Rockport,2018-09,187.29177966390748,-0.016125703044105655,227.87915970062363,224.23391807486837,245.6552834716797
Rockport,2018-10,186.3814457935824,0.003671379256893162,220.34240654777872,221.15285390806932,243.7490073120117
Rockport,2019-04,164.61562039718987,-0.019998650753027425,327.7375900560052,321.24838440876727,333.4322567932129
Rockport,2019-05,212.781466550223,-0.0009153712347471955,335.95050822708026,336.2581684487861,327.77866539306643
Rockport,2019-06,173.81117714624318,-0.013345995821560964,384.3853478397776,379.2894233256897,402.51369284782857
Rockport,2019-07,172.12244594086278,-0.024436200822143296,399.9609649107365,390.30588561776693,402.2413390941665
Rockport,2019-08,162.95514973919614,-0.03649503100622056,378.61355144823165,365.0451339901382,391.1109927368164
Rockport,2019-09,177.95778742200375,-0.025261023608908417,349.83406077758355,341.1075782889806,357.74302038574217
Rockport,2019-10,63.831778888442045,0.006627689778468632,354.49238635683275,330.8434758277893,341.330863079834
Rockport,2020-03,125.73260040701047,0.019163744727511776,365.1845737743812,358.25290037024615,355.2786036255601
Rockport,2020-04,203.99949449848657,-0.017534274517314683,367.78414970542354,361.39153021767913,374.6310335144043
Rockport,2020-05,185.13711090916524,-0.025363169373143486,379.4867408059045,369.98278897194285,384.8946290344956
Rockport,2020-06,171.0406004892424,-0.009832175448645425,403.109360159108,393.5551188112303,400.2665093029067
Rockport,2020-07,166.96434890364858,-0.0316604179948081,389.6307087312908,377.4880723802606,394.9738765198472
Rockport,2020-08,170.47155218635274,-0.03418934063202544,344.4053343932281,332.82935818228924,357.7428344482422
Rockport,2020-09,184.61730691492582,-0.03235332019952272,289.97428417677656,280.74279323384167,313.07102873535155
Rockport,2020-10,165.68822540805186,-0.05607826503700035,255.9135164407021,241.95730765931378,269.6241833129883
Rockport,2021-04,176.18931260057397,-0.015563794262516972,316.39319180901896,311.50703546312167,326.75746505737305
Rockport,2021-05,152.36119707505145,-0.02596256654618085,313.0511417539145,305.02813029564084,325.46409000854493
Rockport,2021-06,188.86505091715534,-0.02901124152702611,274.7978399769314,266.94014532172565,281.94994291992185
Rockport,2021-07,206.88885324912889,-0.03980388009579203,229.61347323543828,220.65347046596298,251.1702507141113
Rockport,2021-08,163.51195656360485,0.013515320270175626,211.14576734894433,201.88349431591553,205.07219598999023
Rockport,2021-09,203.8806723728906,-0.02282448614406742,200.87861040994653,194.8293794310621,200.1015006103516
Rockport,2021-10,173.8642089935418,0.03997021231518705,218.69693456704496,210.12796423934964,209.22622501831052
Asolamandha,2016-02,103.5876244814387,-0.004578422318501557,739.8655515670777,736.4858773048401,861.2861046936035
Asolamandha,2016-10,211.91425968405215,-0.0012940479356805118,1431.1608337186244,1433.0140232405558,1346.530620125828
Asolamandha,2016-11,179.32343474884556,-0.013019844129281963,1183.2349570023716,1198.7412172099027,1134.2957339172362
Asolamandha,2016-12,173.09677749475262,-0.00765836060305829,1140.254070705568,1162.4468340008264,1146.896885296631
Asolamandha,2017-01,166.99708460793298,-0.009690405417428084,1121.628739843019,1132.5506102690051,1118.5910877563476
Asolamandha,2017-02,168.18223004891982,-0.00027801061546421993,1116.4314978841257,1116.121161216718,1149.3376818603515
Asolamandha,2017-03,167.0830067046589,-0.001378828903498715,1068.2855896218928,1066.8136216029607,1070.2923155944825
Asolamandha,2017-04,154.78494486749642,-0.0003455000906070378,1028.11534355576,1028.4706188704056,1019.8067775878908
Asolamandha,2017-05,152.65883580183316,0.011403446384595617,982.0393322114227,970.904308825041,860.9559853149414
Asolamandha,2017-09,122.36705200087431,-0.038247110534120055,842.5991807237755,875.4503921027258,676.300383203125
Asolamandha,2017-10,122.98957093108356,-0.034134609450785815,1039.5960790833763,1075.6948895876694,983.0941750427246
Asolamandha,2017-11,116.62598209785291,-0.025150277443080783,543.4101498235884,591.1555748161315,559.697612512207
Asolamandha,2017-12,131.90494887819673,0.04330120387150456,555.9643040228628,580.5670478632254,640.6810960510254
Asolamandha,2018-01,128.17846944478669,0.007761516964371135,623.686964965842,628.5465564300878,695.8762734863282
Asolamandha,2018-02,135.48386249022644,-0.0360693105523183,642.9495700702353,620.1720760086059,680.2509461425781
Asolamandha,2018-03,124.18850273860693,-0.060668766487568165,627.130747528686,590.2146481497703,639.5912854309082
Asolamandha,2018-04,127.96665615526842,-0.004913018769407793,568.5199727503042,565.7336736279226,592.966928717041
Asolamandha,2018-05,114.6562047233443,0.08393406752131621,570.6968523898997,524.7511208439232,492.2405605651856
Asolamandha,2018-06,119.5474001788376,0.014264058712308972,541.9236866355122,534.2485249641863,500.3898521728516
Asolamandha,2018-09,219.26800160550576,0.015998188222305504,1449.3598344876143,1426.3571939498747,1251.517011322955
Asolamandha,2018-10,186.50414689917199,0.00886086314191463,1244.623678609419,1255.701124074265,1343.8482953683651
Asolamandha,2018-11,150.6364926485043,0.013656672924074593,995.0829139961149,1008.7656535771837,1023.1641883850098
Asolamandha,2018-12,151.49362093211082,0.0035697190138821566,914.5667266384952,934.6663062059733,926.2135851745604
Asolamandha,2019-01,146.8017153955862,0.02869271728289083,878.6325071338639,904.2080221578249,975.9552427062988
Asolamandha,2019-02,153.26380206951976,0.012585757244492082,848.1243112057035,858.8660525826044,943.0251737976074
Asolamandha,2019-03,146.3931516911687,0.02469994856088034,830.5674659638964,851.3378979797985,904.2140337768554
Asolamandha,2019-04,135.62386447982433,0.010557434951149948,808.1258147112652,816.7027459644745,823.2326106994628
Asolamandha,2019-05,119.17709204729393,-0.01537839886756917,698.3283571188673,663.2198550837658,685.8007812316895
Asolamandha,2019-06,136.8836599868845,-0.0032380843755868503,585.1741909391935,583.282412057308,587.1745000366211
Asolamandha,2019-10,232.98164460231632,0.0007384523277775001,1488.540974828437,1487.4421640402077,1422.101342403014
Asolamandha,2019-11,234.30211643549038,0.0026965673201454748,1462.278265249075,1458.3404451506867,1447.4654003330843
Asolamandha,2019-12,216.3778486515726,0.012557592689810257,1404.8078148915986,1422.5600486155213,1432.0927815647738
Asolamandha,2020-01,203.79294848729938,-0.0022785359454160423,1371.824026161245,1368.7018341709875,1409.9932109104768
Asolamandha,2020-03,210.12726130169838,-0.014833915433096718,1358.7922122235998,1338.7847647253998,1388.689415635723
Asolamandha,2020-04,213.5827560904405,-0.021196408182697524,1345.2989252827851,1317.0835092676148,1396.954343169831
Asolamandha,2020-05,154.33985309477941,0.028527138000172224,1347.4748977620634,1309.5784046180725,1249.896713244629
Asolamandha,2020-08,226.70413681941673,0.008424766140015527,1432.814768205314,1420.794344587566,956.2936899108888
Asolamandha,2020-10,125.86091247132244,-0.015045670487999707,1074.720148416713,1091.0122893894243,943.822315394
Asolamandha,2020-11,157.47066600609435,-0.012271269619875382,1113.5485701274456,1127.2974101987995,1075.0546249904255
Asolamandha,2020-12,186.56303067922863,-0.019712503019296772,1264.0742211123516,1239.4001470796654,1324.246401086402
Asolamandha,2021-01,188.33098775452956,-0.010670985026979177,1309.4240463508606,1295.5254894897462,1380.9532684676108
Asolamandha,2021-02,208.73728493260396,-0.022079164183374293,1319.2441025090654,1290.435500612122,1387.5073891646323
Asolamandha,2021-03,201.13414912578844,-0.03132370052974229,1323.4123805259017,1282.6007302864075,1356.3025892752134
Asolamandha,2021-04,194.29027475319924,-0.014586331794640799,1304.6864488310778,1275.8371980644258,1299.625091644287
Asolamandha,2021-10,124.11346499074524,-0.028615145744183126,1082.109862282416,1113.5218800491332,1001.3163608947754
Asolamandha,2021-11,173.20738852105978,-0.05398740162013248,1203.402072172357,1270.1563553663837,1097.5827992553711
Asolamandha,2021-12,162.42293599612307,-0.0024070609350926226,1232.9016966209401,1229.64947513024,1232.757280584717
Yesa,2015-04,231.59657239278192,-0.03054189695854362,1611.5257779180215,1563.0507513924051,1789.0604460705088
Yesa,2015-05,175.82272331995998,-0.02433677150322522,1603.1117928025908,1564.5681437591356,1761.6548186202467
Yesa,2015-06,222.52674231971028,-0.015440343130818164,1574.2863840176371,1550.16555818291,1663.1368194967592
Yesa,2015-07,180.71033821234133,0.02129327022984613,1376.3510168550736,1405.9722785633091,1554.627513031006
Yesa,2015-08,228.1323632820294,-0.004874150712974298,1222.3054911299496,1216.3622857544724,1369.843924666437
Yesa,2015-09,227.93064403239487,-0.005557872023178853,1000.4211191185377,994.8763294580341,1104.232280007013
Yesa,2016-03,104.10402813316136,0.020282770366253727,1591.7042574231332,1624.3180604288646,1911.137854059604
Yesa,2016-04,179.77047231619702,-0.020562646422900205,1660.8478830705656,1627.0451828121295,1874.255160158644
Yesa,2016-06,217.50708766746092,-0.029455943063238427,1651.5185107136886,1603.580964356795,1793.4487266936655
Yesa,2016-07,190.84139196965776,-0.0037974206410424927,1515.009894623209,1509.2676744910368,1675.6480708251954
Yesa,2016-08,230.90013093880643,-0.013426227176702013,1270.689974727758,1253.7434211646698,1428.763968127441
Yesa,2016-09,219.37509148856793,0.005438491111882826,911.5391771144207,916.5100796798977,1102.3421859906846
Yesa,2017-03,164.77026311325716,-0.003732840938377391,1689.5990264941254,1683.3037789673112,1907.1706297998765
Yesa,2017-04,170.49574904184,-0.0027045045470231455,1684.9997834926182,1680.4488506995694,1874.902557053031
Yesa,2017-05,196.18354265139655,-0.00949751188843969,1684.6965833401846,1647.3969255912991,1673.8723350938744
Yesa,2017-06,229.82099435839504,-0.01683072161611618,1654.6044475481838,1626.9893039862923,1747.0545401309023
Yesa,2017-07,219.55748754697396,-0.01155598467587933,1528.622253948085,1511.0591932845005,1629.109027508904
Yesa,2017-08,206.64392454412555,0.0072498358587333245,1266.510745197273,1257.3619538707449,1254.4336699049047
Yesa,2017-09,192.26994103363418,0.011514803565159423,1015.0630047984614,1026.8188089002288,1081.3879477111816
Yesa,2018-03,187.84380065713822,0.0034910207700943607,1665.2330297702629,1671.0565519683319,1889.4871141348087
Yesa,2018-04,215.34030532830576,-0.019385032294947147,1713.0829054562178,1680.1945389250095,1871.1077747251504
Yesa,2018-05,214.01059175410165,-0.011863615537723929,1699.4401068007637,1679.3977253703204,1825.291751993528
Yesa,2018-06,201.50667068554355,-0.009572334744993208,1733.9306306910107,1717.4120530789978,1862.4324790098185
Yesa,2018-07,190.29291854634812,-0.014752306527142905,1675.989793333454,1651.446557943191,1860.3148856910375
Yesa,2018-08,240.82064083229307,-0.008554309061708704,1481.8030507836472,1469.181311615019,1709.218870465447
Yesa,2018-09,231.68731857107446,-0.0050297906578219975,1196.6287840906537,1190.6251030979904,1376.629377771283
Yesa,2019-03,194.82203236475266,0.008075971485555097,1409.1600816468822,1420.5864958788584,1509.6961481066176
Yesa,2019-06,230.50017230418604,-0.0020951919465278662,1589.9107720603552,1586.5830910975426,1714.3471737795842
Yesa,2019-07,231.27534875741105,-0.015502512002636637,1386.2973355660095,1364.971969938752,1595.3443896243823
Yesa,2019-08,173.13278842863974,0.02914059711613179,1101.245244828621,1133.8083385522352,1334.618666845703
Yesa,2019-09,215.47571947753016,0.06303873423959011,770.7078045176263,820.8562916448017,989.8273136108398
Yesa,2020-04,195.52884347055976,-0.014138045284587522,1729.4674537891926,1705.1881996255672,1875.8501428086945
Yesa,2020-05,202.94996355752968,-0.017799521941516377,1738.182699388636,1707.5175999606345,1875.849286778421
Yesa,2020-06,185.2071638880511,-0.02458044845381721,1731.4017456578993,1689.3619099817959,1817.1394266971363
Yesa,2020-07,210.82076132174694,0.011837638141512952,1551.6061795245666,1570.0826752931519,1752.320805395867
Yesa,2020-08,201.85109138279785,0.009861316763083841,1295.4762387632923,1308.3145375394479,1467.7769990882543
Yesa,2020-09,205.29765652532257,0.007323710948490242,924.5529404122581,931.3489545496753,1028.3587501464845
Yesa,2021-03,161.42315938158978,0.010756636075775747,1679.4195859453728,1697.5819993621094,1897.0614931007055
Yesa,2021-04,219.84315082435091,-0.009051265966754374,1632.875162141237,1618.1622603981778,1744.3416912044272
Yesa,2021-05,235.12485482862584,-0.022634533604154357,1622.329505936319,1586.021294049962,1708.2255238528985
Yesa,2021-06,203.02569850672722,-0.004128642422855738,1569.1637216708546,1562.6985611128234,1660.2912021915213
Yesa,2021-07,203.2272830744117,0.009542005035118185,1413.9315000264996,1427.4878158778881,1501.2600737182618
Yesa,2021-08,192.9577878948159,0.002534542181369781,1085.24856068343,1088.002657650883,1264.3081274047852
Yesa,2021-09,232.30373113997226,0.001408205257851236,806.4337932116966,807.5702174909308,997.3788742980958
Yesa,2021-10,125.82817841019255,-0.05275335063152705,698.3653008824924,739.3042571726974,699.8382661071778
Hassan_Addakhil,2015-03,260.8690192712281,-0.00701677716246406,1250.700810505096,1210.8360569687618,1234.9320501916025
Hassan_Addakhil,2015-04,162.11434988832164,0.009358658672360895,1312.8864982586388,1244.2463132359628,1272.138995345411
Hassan_Addakhil,2015-05,222.75042485998338,0.02025220586712321,1313.9607339757367,1272.2284961721625,1279.900009798536
Hassan_Addakhil,2015-06,252.77470507831475,0.02223543256653828,1346.0645055469681,1285.9710748316907,1301.128451168165
Hassan_Addakhil,2015-07,258.99616630771146,0.011030701262299393,1330.9298820265078,1275.8949492953507,1295.9545200280284
Hassan_Addakhil,2015-08,242.86183989791778,0.0062060710253402,1257.8255455170238,1233.873395032696,1241.932162294874
Hassan_Addakhil,2015-09,241.52392981751046,0.00011414192381675736,1263.198764854141,1235.1187427396676,1249.008565285597
Hassan_Addakhil,2015-10,220.97168472834514,-0.013916135437903527,1267.1931039070696,1249.6808074087235,1273.889778133497
Hassan_Addakhil,2015-11,263.38972773055,-0.020294629403673346,1285.8439985036025,1255.3760562635991,1283.4766865807626
Hassan_Addakhil,2016-02,248.03230779591377,-0.02706855759796963,1201.6586412559477,1169.5677614363187,1224.671376867317
Hassan_Addakhil,2016-03,184.89366545509594,-0.014802132256525501,1158.3431136995368,1141.3234402152207,1194.3118990047678
Hassan_Addakhil,2016-04,214.19707993836593,-0.025357935438444272,1119.9838943038276,1091.9404792755706,1132.408712865134
Hassan_Addakhil,2016-05,161.4123504665881,-0.03371544548293178,1115.8318980968272,1078.8382612931011,1130.202422795554
Hassan_Addakhil,2016-10,203.11096499714895,-0.021889082327961912,1036.18011804639,1013.7455182903308,1069.8014937091425
Hassan_Addakhil,2017-02,200.87435503666745,-0.027533804963745447,938.3074248509579,912.8246795626433,986.9578299253218
Hassan_Addakhil,2017-03,181.63777007641465,-0.02390854677678022,862.0466685651054,841.6808145682674,915.085094781494
Hassan_Addakhil,2017-04,176.8609730693643,-0.03614415541985188,849.5169121641346,819.360119752932,854.6695371398926
Hassan_Addakhil,2017-05,134.2631567376006,-0.02194343429466709,879.634872450962,824.1485976226807,860.8330595520019
Hassan_Addakhil,2017-06,150.62953054427135,0.008649374248713017,851.425858560789,821.5693124124144,832.7551644226074
Hassan_Addakhil,2017-07,143.16766485844892,0.012923630774694259,873.8399981031789,806.1313812556111,833.8972525817871
Hassan_Addakhil,2017-08,108.05235189325538,0.05314075141731724,870.7397083879928,817.0322701712932,821.3427208129883
Hassan_Addakhil,2017-09,121.2613256119026,0.015263381867228587,786.0528139201001,798.1426695137022,807.0366749206543
Hassan_Addakhil,2017-10,191.18354522348181,-0.020094737051835558,808.6355403276381,792.5483965625983,835.8753587341308
Hassan_Addakhil,2017-11,193.70312937804727,-0.023366223906123078,800.9226391071392,782.4250523693536,837.0174208129882
Hassan_Addakhil,2018-02,110.88226231202763,0.0830975724628918,951.339656074723,868.8730848800024,872.1708426391601
Hassan_Addakhil,2018-03,155.66204090746263,-0.03125845052200514,1041.9280068850057,967.9827319588697,1020.09436193424
Hassan_Addakhil,2018-04,162.33240594978798,-0.03980724190766619,1020.9313001888991,981.0891059606724,1023.983930579834
Hassan_Addakhil,2018-05,166.67756796774634,-0.039547469809104834,1016.8006444411809,977.3735118643365,1027.1321490354292
Hassan_Addakhil,2018-06,196.60036916901373,-0.026750651672518853,1022.8060841447565,995.8080720246314,1037.602041269172
Hassan_Addakhil,2018-07,174.0490802430257,0.03399907307490452,1013.4901792097666,979.6116354803083,907.7401771360152
Hassan_Addakhil,2018-08,160.66784806675525,-0.021892046878038633,979.1568801484129,957.9540651386819,1015.6079072331686
Hassan_Addakhil,2018-09,189.6042086163263,-0.019366658661891883,1066.159282043089,1045.7099954761454,1103.0013208431467
Hassan_Addakhil,2018-10,230.8248844559932,-0.016012186901156227,1137.5976763671563,1119.5273088925371,1161.018511516257
Hassan_Addakhil,2019-02,235.7138142461068,-0.020029775343880316,1153.5164749551138,1130.6416526432727,1168.821550060676
Hassan_Addakhil,2019-03,210.29100507912167,-0.011799473395616274,1095.8745692600678,1083.019815243501,1151.6248100887522
Hassan_Addakhil,2019-04,123.31429099992661,-0.06484014194248916,1097.8819223178418,1028.9539014596917,1103.6877367855295
Hassan_Addakhil,2019-05,183.50946201010257,-0.020900642359486833,1048.7951867698166,1027.1021822139855,1082.3058866939768
Hassan_Addakhil,2019-06,192.86026178770828,-0.035114925199176736,1060.3543898388289,1023.7662786762631,1076.3707007259593
Hassan_Addakhil,2019-07,124.11930996712536,-0.04999113415099463,1083.471105262745,992.6793256032288,1063.3312861724494
Hassan_Addakhil,2019-08,98.02480588900656,-0.009321155414716911,1007.6482685573737,954.6867735202444,985.39192164917
Hassan_Addakhil,2019-09,175.8149784308154,-0.02622895244450059,1022.3136805488384,995.8480635945093,1073.1059724754425
Hassan_Addakhil,2019-10,209.7192202470607,-0.025035207040617236,1049.7766668256006,1023.8215422099123,1082.5822127227425
Hassan_Addakhil,2019-11,208.50170766784294,0.028576871727473217,1023.9025085286904,995.0567023532737,941.4243819115492
Hassan_Addakhil,2020-02,206.81270735126782,-0.009787702174766641,875.9062764574222,867.3749856645709,911.9385107289036
Hassan_Addakhil,2020-03,180.7768715332361,0.004112327937020051,861.337759262063,864.8871557317607,909.7319237171848
Hassan_Addakhil,2020-04,190.74404932139385,0.001286727616309928,848.1058845817786,849.1978682371243,882.5955421203613
Hassan_Addakhil,2020-05,172.26584983699982,-0.01530798350260218,845.0614710079193,832.2237941155054,883.8129882507325
Hassan_Addakhil,2020-06,195.94728690199085,0.020801057390845056,814.5855909131918,831.7072899086164,877.6503967651367
Hassan_Addakhil,2020-07,186.50558777819256,-0.018818497023231504,718.5257592951426,705.1306179524321,784.8951749267578
Hassan_Addakhil,2020-08,124.32762662827336,0.0019790395678243086,699.8424948196412,678.8093896805256,688.5640308776856
Hassan_Addakhil,2020-09,185.5950218091128,-0.04441043695782594,711.3337862255673,680.4343490882873,745.2512963500976
Hassan_Addakhil,2020-10,176.3636321659771,-0.03766494364870677,709.2308893816719,683.014565321379,750.3493711059571
Hassan_Addakhil,2020-11,199.1471463368799,-0.019104505102302854,639.1898082669392,627.0943104479229,658.5089506958008
Hassan_Addakhil,2021-02,174.36392311806765,-0.0217962310669741,644.7662937346978,630.8648683007996,662.8471032409668
Hassan_Addakhil,2021-03,176.53626977499638,-0.02371381005717655,669.5642606437895,653.8731245682044,704.3896139160156
Hassan_Addakhil,2021-04,173.03520878197637,-0.05080724517099359,699.9344837661744,665.2610306114196,735.7394550231934
Hassan_Addakhil,2021-05,190.00665081743148,-0.010309690728523488,687.0090432373806,679.9625783246837,715.194860345459
Hassan_Addakhil,2021-06,188.1282501333857,0.0002765428962679256,663.6831156933763,663.8666779246399,717.4778928710938
Hassan_Addakhil,2021-07,178.24133916197056,-0.002187140485642912,619.2653959602461,617.9124556160098,643.3683758850098
Hassan_Addakhil,2021-08,187.93616743851044,0.036483609650518035,591.7091544687607,617.6538092956533,615.6714593383789
Hassan_Addakhil,2021-09,196.7087138095936,-0.03001173967671937,623.5198391363222,605.084939425455,660.9448139160156
Hassan_Addakhil,2021-10,187.0640371130363,-0.023102807024650618,626.1509172603998,611.8508948152644,789.0141886147892
Hassan_Addakhil,2021-11,183.1517979728444,-0.0063015060872164685,625.7779526859283,629.733746904662,343.5485639343262
Hubbard_Creek,2016-10,147.7671445810764,0.007655646900023377,4838.188296152591,4875.369900402761,5471.6557990655865
Hubbard_Creek,2017-02,158.74338065200595,-0.046417169973462,5105.555184502548,4873.985736809043,5743.48464396501
Hubbard_Creek,2017-03,161.9940689933859,-0.01751252061660155,5046.780116300695,4959.167671967117,5785.826369055318
Hubbard_Creek,2017-04,87.54241447187364,-0.004900931354926558,5014.830417194423,4990.313205223083,5765.90957902188
Hubbard_Creek,2017-05,126.84338021091268,-0.005053376911798274,5048.946541170475,5023.4966693463775,5680.960669685967
Hubbard_Creek,2017-09,113.20346954090893,-0.0041930189672644835,4940.374250780272,4919.702536572722,5379.78467413847
Hubbard_Creek,2017-11,128.93847407982173,0.03218833163380669,4743.601640861947,4898.774239668872,5307.1722806997495
Hubbard_Creek,2018-02,134.9170248985139,-0.02522809494868279,4923.736633759122,4801.0739175104845,5462.486720026257
Hubbard_Creek,2018-03,120.88653495753488,-0.07073271404751476,4969.053400481531,4629.721176566964,5428.716100883741
Hubbard_Creek,2018-05,100.52649671022196,-0.06372024124777363,4796.270708060351,4500.184693231003,5214.362671815306
Hubbard_Creek,2018-06,95.08504430581038,-0.038244250906934396,4624.536641951425,4451.013973851046,5173.142719937721
Hubbard_Creek,2018-07,65.4516548922567,-0.07297351288164791,4437.168307023938,4124.9045965628975,4982.244408119591
Hubbard_Creek,2018-08,80.49821713918074,-0.08242799183959715,4402.015436623375,4053.718053935508,4727.615429395609
Hubbard_Creek,2018-10,163.26998196568337,0.014500720286876698,4782.187459470437,4852.03783863054,5300.012579538552
Hubbard_Creek,2019-02,155.99860577136764,-0.01565418976466454,5487.148613701206,5401.920576416286,5847.190385941711
Hubbard_Creek,2019-03,139.53038102901124,0.03826084406612356,5216.856959635388,5420.325936907491,5644.2392894445065
Hubbard_Creek,2019-04,202.00407391827,0.025815533341947854,5389.018729634853,5529.950408751265,5838.720260624447
Hubbard_Creek,2019-05,171.50103834930545,0.0007941009629617649,5547.772602585595,5552.1798438172555,5792.186469923524
Hubbard_Creek,2019-06,175.14038775556492,-0.0006236416413327485,5523.6455436700235,5520.201842226452,5629.131930983357
Hubbard_Creek,2019-07,136.71944243308306,-0.0033806670805913864,5284.887605386563,5302.784285251997,5205.969635590434
Hubbard_Creek,2019-08,118.53110139178247,0.005680167635975265,5061.521255566171,5090.353352843165,5333.651706363595
Hubbard_Creek,2019-09,116.70139144300329,0.0020712993078266274,4846.0802349325295,4856.128320272497,4969.040546985507
Hubbard_Creek,2019-10,90.38915520289012,0.0007041613986096679,4864.407344536354,4867.833878690445,5277.4727933843615
Hubbard_Creek,2020-03,182.03073463470204,0.005269642902333366,5271.318085436947,5299.169368078281,5545.704169679096
Hubbard_Creek,2020-05,123.66929337296008,-0.015946306646391642,5375.981968028751,5290.934807268514,5692.09777881223
Hubbard_Creek,2020-06,114.51809724473006,-0.008820627221158776,5280.041241425233,5233.672766075493,5598.077271333795
Hubbard_Creek,2020-07,126.38267832610678,0.00641620081276012,5074.718753400223,5107.383848834277,5438.583879325164
Hubbard_Creek,2020-08,117.51381657299105,-0.018908488298356244,4982.947333049655,4889.612522620335,5207.2950483381655
Hubbard_Creek,2020-09,156.89018947180742,0.01157426730529506,5314.755056261873,5376.62682140695,5523.58460758018
Hubbard_Creek,2020-10,99.27105248357584,0.029694188730897728,5142.828743891474,5297.830812371985,5481.954171939958
Hubbard_Creek,2021-03,124.4085878491039,-0.03910358298052158,5182.869970572972,4984.112573637056,5543.924969396827
Hubbard_Creek,2021-04,113.19374521059933,-0.018906352607583648,5122.311149976886,5026.3766723726485,5232.85200366917
Hubbard_Creek,2021-05,146.32195575407212,-0.00700014082781393,5342.065316706944,5304.800688172332,5529.918615018954
Hubbard_Creek,2021-06,161.86571320736599,-0.00013064052972121265,5412.558743290978,5411.851689935525,5782.625271395738
Hubbard_Creek,2021-07,162.68626381840045,-0.004038860103225211,5409.830300280451,5388.024816805671,5592.762950354407
Hubbard_Creek,2021-08,157.87834089666546,-0.0022057029718424784,5371.458117784333,5359.62333345843,5672.238310935678
Hubbard_Creek,2021-09,129.12329482725875,-0.0037793687922236044,5326.007555528763,5305.916598268996,5604.199869242443
Hubbard_Creek,2021-10,134.3156416449237,-0.005040145735691101,5291.196986094357,5264.595675721598,5671.953900773205
Hubbard_Creek,2021-11,176.4230580403019,-0.0036362768976711257,5266.46090553751,5247.345371165169,5617.625388242328
Kartalkaya,2015-04,210.1287480719742,-0.03476698034267853,1034.9679265427162,983.6612630852534,1026.6816125112257
Kartalkaya,2015-05,131.3148610456067,0.018695557168493845,990.3561858651909,1009.0456067602299,1035.4494238332472
Kartalkaya,2015-06,142.17432279710306,-0.058968753215589226,930.298733105787,877.0263168612022,995.3008168146112
Kartalkaya,2015-07,105.09765224669238,-0.09486423500461226,767.1689745368204,697.7374234955112,842.7156618774414
Kartalkaya,2015-08,120.78983526749364,-0.12168169489133596,554.020910265123,490.5468235494788,595.134054107666
Kartalkaya,2015-09,153.77089828650315,-0.03458152428288272,395.71129451513184,382.2609026970221,430.3972066040039
Kartalkaya,2015-10,174.21523816038055,-0.012966196425695825,370.01751153380593,365.2507618872949,405.7329931152344
Kartalkaya,2016-02,127.3658119791049,-0.09056790690266049,592.8924339084487,523.406105423497,582.8729719116211
Kartalkaya,2016-03,191.40432137410957,-0.046711780853634935,642.7475704176264,613.4141289881193,701.4899479736329
Kartalkaya,2016-04,197.47677265454436,-0.00907408134311169,644.5936600929778,638.7710222850269,711.6124609375
Kartalkaya,2016-05,108.31089678318176,0.011272822627654926,605.6257060827711,598.8369311382672,584.013313116455
Kartalkaya,2016-06,141.74100468108932,-0.02320234515784666,537.5541195350802,525.225186493123,550.581495098877
Kartalkaya,2016-07,78.96647826257816,0.04873641516970997,536.7206209087371,429.70075236892706,468.67762404174806
Kartalkaya,2016-08,76.54599134651542,0.07061251458960907,492.5840561802965,375.4763421268899,415.14341329345706
Kartalkaya,2016-09,113.38980357119657,-0.12521587606967838,390.40194332116727,331.62877782067466,383.06491140747073
Kartalkaya,2016-10,156.89147288635058,-0.04305197231850042,305.78952299316325,292.9040437404723,324.8932412963867
Kartalkaya,2017-02,177.09727355626703,-0.04830578307714914,578.7854051588076,551.4912626431384,639.7591069396973
Kartalkaya,2017-03,195.92755869841557,-0.026972067319045168,722.1019719740747,702.8857051558017,821.5493686960018
Kartalkaya,2017-04,173.14395218240577,-0.02142990710235125,883.0595425239499,864.3369863893306,964.334476632152
Kartalkaya,2017-05,214.08362891985792,-0.004265640231264627,883.9251085246196,880.1626324100816,931.8968348209636
Kartalkaya,2017-06,197.82519549737134,-0.023998645314255558,858.6074553840355,838.2473245439672,894.9683067382813
Kartalkaya,2017-07,127.6487088024888,-0.10325795746971765,780.8723405336016,673.297902699225,763.511936956787
Kartalkaya,2017-08,86.77074989449166,0.056603126236445186,631.3186066296665,511.03082943561515,552.1494354797363
Kartalkaya,2017-09,112.76639480319287,-0.12541267931449426,450.9446715830055,397.79308105544993,451.7829568969727
Kartalkaya,2017-10,157.8614597535325,-0.034577721753907886,370.5044655026614,357.91222527696056,396.3949343322754
Kartalkaya,2018-02,170.13738025372356,-0.013390203243540968,706.7583962333797,697.3578358286425,760.375695520953
Kartalkaya,2018-03,185.22404318585734,-0.01507782457962542,890.3893647710183,877.0649342655901,935.656836561758
Kartalkaya,2018-04,233.63141762367508,-0.016402805124838403,988.6060177896652,972.5223749737819,1000.52060155204
Kartalkaya,2018-05,251.7403827631626,-0.004499318063339652,973.0275150222272,968.6593889110951,996.0922712394924
Kartalkaya,2018-06,143.50568653676106,-0.026397668848717797,920.1534653024257,896.1813547909544,967.1892697574392
Kartalkaya,2018-07,105.45176417306611,-0.11828925686999689,836.0610029348014,742.7892250894477,873.2264048706055
Kartalkaya,2018-08,119.12531909261425,-0.09434706135264546,635.5512063656739,578.3305566562829,677.8247799743652
Kartalkaya,2018-09,91.39832713884641,0.046334275920518225,496.320074441651,414.0568505073014,442.94473884887697
Kartalkaya,2018-10,158.92309032628776,-0.01754889771696022,374.9343559071969,368.4120681103787,399.9592108642578
Kartalkaya,2019-02,243.37575393078922,-0.008171618150140732,973.9089722244238,965.9829881530341,992.9389221679926
Kartalkaya,2019-03,245.53196926087435,-0.0064719798712561975,1002.1367225527149,995.6718566629422,1008.404146094085
Kartalkaya,2019-05,214.81477951944748,-0.006953673874729702,1023.1612189574051,1016.071169036044,1033.9027156437653
Kartalkaya,2019-06,192.5641225737835,-0.020998615794795623,961.5557400530597,941.5749194825794,1014.181703109873
Kartalkaya,2019-07,154.6657755081315,-0.05894694305017037,813.5235417765825,766.9548409064734,871.7311210815429
Kartalkaya,2019-08,119.88389944834482,-0.0985753372311887,617.7283247994037,559.7405762453513,638.2622615844726
Kartalkaya,2019-09,129.16579559646195,-0.04600489296734959,434.01800873666105,409.1074090990596,431.1837477966309
Kartalkaya,2019-10,153.6485850384722,-0.026017130575209074,392.8279098412699,382.73946013274514,427.8321230651856
Kartalkaya,2020-03,225.3730620966623,-0.016578083992931224,957.664433893128,941.9190670880774,986.6664612502154
Kartalkaya,2020-04,226.3393473461956,-0.012633664615578268,1023.7353822681874,1010.8832087619477,1042.5067037954054
Kartalkaya,2020-05,236.4558739585051,-0.010954889544374222,1024.4182341711105,1013.2570917299736,1033.9031229982145
Kartalkaya,2020-06,133.99783850692424,-0.01899420259517419,926.9964097396276,909.555019153071,1009.7794808912809
Kartalkaya,2020-07,143.5145722748514,-0.05411154647876097,812.4840654253715,769.6876288717158,870.2339169128418
Kartalkaya,2020-08,104.7569876030285,-0.10409956699269032,638.384373683985,575.2708662006758,647.1015346130371
Kartalkaya,2020-09,130.11622655800866,-0.08937397138113021,436.17312227484746,398.8818519320106,458.9115813537597
Kartalkaya,2020-10,165.01240550115097,-0.03487216062788924,372.8056989302239,360.0292250669496,395.1128921264648
Kartalkaya,2021-03,204.69048481162696,-0.014355647836118868,951.6657010034675,938.101517608818,1016.6272371083936
Kartalkaya,2021-04,200.93828527743426,0.01804728520597261,1055.829571114878,1018.678953364771,1027.7717096928377
Kartalkaya,2021-05,192.44866152832896,-0.010165429659263966,973.0684294038059,963.226877282671,998.4698577381808
Kartalkaya,2021-06,152.6077860060953,-0.04900712499955295,867.5593051315482,826.0677134875501,891.619635546875
Kartalkaya,2021-07,142.55884977376414,-0.09034107209810813,704.2552433486359,643.4213387921926,762.4423149169921
Kartalkaya,2021-08,119.061073747259,-0.08919578049056946,451.2888881575917,412.7788197830524,496.8347196594239
Kartalkaya,2021-09,127.22422860324038,-0.1178459224790882,335.9971691187113,295.895060510494,334.44644484863284
Kartalkaya,2021-10,152.9089518645503,-0.057770602704271826,275.72778799875704,260.25020649840997,285.8971482116699
Erfenis,2015-03,175.59302288242935,-0.006907079182601618,1484.251784042874,1500.6566410089226,1487.2863903204227
Erfenis,2015-04,136.47391219320104,0.02231801399315636,1418.8236380235003,1450.8449608724131,1463.499970569446
Erfenis,2015-06,152.6177339395227,0.002434672119419362,1331.7040644303027,1334.950277315763,1424.4254229681278
Erfenis,2015-07,131.68515838534339,0.008154705799475609,1229.4570309860396,1239.523881683289,1416.940628626087
Erfenis,2015-08,53.00725111358918,-0.08274827126700315,1534.594685641383,1136.9542289413453,1376.6923351019168
Erfenis,2015-09,117.65864925511654,0.011065471707177435,1147.2350511854115,1160.0002443756105,1312.843391583252
Erfenis,2015-10,43.27075842117309,0.23762040618323882,1945.6886059131216,1012.42198858475,1246.2892147399905
Erfenis,2016-08,139.91256027559297,-0.007568916180608468,1908.3713104891078,1893.981534201145,2076.5121163664217
Erfenis,2016-09,150.01258224695192,0.006810598965159093,1820.2453458354785,1832.6846182699812,2024.194256433704
Erfenis,2016-10,82.94080606374706,-0.05255652088576712,1843.4980267584792,1749.1122043826097,1921.5886201746323
Erfenis,2016-11,136.06222900835118,-0.0072282060597459105,1879.6708764827727,1866.1332135135694,1944.103397083118
Erfenis,2016-12,73.81345946325933,-0.09873118402734753,1893.705966470337,1707.6684794044495,1889.284054022815
Erfenis,2017-01,121.05477117423987,-0.03578029537259278,1889.9355900447936,1823.5086115178065,1940.2415511785769
Erfenis,2017-02,236.18884070819462,0.025204354597101977,2294.695965320216,2353.2673221108835,2580.832213220813
Erfenis,2017-03,172.93693714412274,0.006562005047260566,2683.300049424299,2700.9657757944005,2828.456727567449
Erfenis,2017-04,133.2559070844923,0.007687987940939417,2611.7620249929764,2631.918602428141,2816.973917466347
Erfenis,2017-08,105.40351035269248,0.05033481798894329,2247.9883940590134,2364.0366131544893,2668.398972872171
Erfenis,2017-09,153.09932184237752,0.015567459417960838,2219.7502426167075,2254.576489196789,2564.120981764993
Erfenis,2017-10,127.02552880719792,-0.013703385851624478,2238.682523108821,2208.214228875036,2425.023487692584
Erfenis,2017-11,83.42633726016004,-0.14003874047989673,2146.375714754731,1865.8971167320726,2204.104323321533
Erfenis,2017-12,87.01502044598736,-0.04286905262273083,2295.438475957116,1858.1467848485356,2109.9964961120604
Erfenis,2018-01,75.11349184715766,-0.11136564985344165,1938.924512074344,1734.5843106337443,1989.812363806152
Erfenis,2018-02,133.6565215697562,-0.01867478049082684,1887.9249183535703,1852.9954996564152,1899.212783734729
Erfenis,2018-04,228.07498123326053,0.010745155584096333,2834.32591909661,2864.94540302697,2983.6141536505006
Erfenis,2018-09,131.49342317219052,0.03949710459973722,2599.223282693856,2703.939456468643,2904.575377903981
Erfenis,2018-10,135.45458559686114,0.02405818116734791,2558.321854307914,2620.616771523145,2826.126918737793
Erfenis,2018-11,121.08549666188324,0.013521355114743824,2420.209507073604,2453.1562596801746,2709.3351360473634
Erfenis,2018-12,81.39314651184624,-0.100186350594105,2407.665502902301,2178.139901653666,2497.2417686035155
Erfenis,2019-01,65.28556734478975,-0.06177486753683655,2230.0845905614315,2096.4902776594836,2323.0343199157714
Erfenis,2019-02,96.56479277479939,0.019962242921220594,2037.356325020005,2078.435175775202,2139.373336480713
Erfenis,2019-03,103.4589834409481,0.005024925877145222,2097.89176566245,2048.1616130784823,2067.6760699468878
Erfenis,2019-04,150.04125464087076,0.03788629398843463,2075.4696373747947,2155.610015479328,3078.0528655573344
Erfenis,2019-08,148.63945568031795,0.03054615832193308,2732.3056149183153,2817.0548469155797,3055.413482953072
Erfenis,2019-09,146.52270951708104,0.02352320251737941,2720.394357856816,2785.1453346807057,3025.6313590518967
Erfenis,2019-10,89.99394437858419,-0.002279968954821243,2686.3731519522007,2680.255281492233,2914.6049477831552
Erfenis,2019-11,108.08453773437654,-0.052612469524993065,2607.2235059020895,2473.597069600672,2745.006618902588
Erfenis,2019-12,257.52917319875115,-0.006878645382489478,2547.957038876509,2530.490687245183,2548.27424829712
Erfenis,2020-01,197.8207923806856,0.025895360322013145,2531.797939855957,2598.2160082233986,2721.8395805384016
Erfenis,2020-02,145.49983229031906,0.012847092829654239,2589.435283310255,2622.916607108485,2717.979806992714
Erfenis,2020-03,178.1772777386277,0.01625865111068157,2608.4759649458,2566.4085705292255,2495.1426351257323
Erfenis,2020-04,119.17075919523909,0.024226497374113656,2615.921338217163,2680.069859144832,2779.566119573759
Erfenis,2020-08,115.29181566210194,0.01873302699322761,2400.602356695917,2445.9967652847345,2694.4873333535825
Erfenis,2020-09,99.12119072735265,-0.05762393755471874,2457.170308592987,2319.580775765162,2647.057470095071
Erfenis,2020-10,110.80756244259155,-0.06913385667801898,2350.0501496560087,2193.070927358556,2471.3248037841795
Erfenis,2020-12,136.81847417528704,0.043180336158270244,2220.325605663914,2318.3000742942104,2846.054618667423
Erfenis,2021-02,226.10408284630927,-0.005396525986352443,2927.3234941508013,2911.568665749566,3081.67561943412
Erfenis,2021-03,198.31275306742276,-0.001203357356631532,2930.8022045419975,2927.2775232992135,3052.565555904924
Erfenis,2021-04,208.82730378347838,-0.00949221862400424,2911.9616070931615,2939.7341864593495,2766.680959024323
Erfenis,2021-05,209.6113958659449,0.005452756936789864,2898.461922966935,2914.3096990927916,3038.351499672684
Erfenis,2021-09,215.96634726417275,-0.0026849910306903507,2753.47713674973,2746.0939916091193,2975.6433715014173
Erfenis,2021-10,139.5633210639569,0.018985415526607895,2706.9326635451907,2758.815858558405,2888.947324152018
Erfenis,2021-11,126.06130446759761,0.008572376001264731,2653.4655942589807,2676.309874023511,2826.338718622233
Erfenis,2021-12,265.7744566749022,-0.042379599303450685,3077.7281473728176,2950.0204750462126,3085.2011841153967
Antero,2017-05,90.40069538329026,-0.1773606951789509,800.7328093867105,645.6212631744864,785.6807454284668
Antero,2017-10,130.5515070175559,-0.04778322185396412,842.2116192428763,802.9143855973552,879.2906098754883
Antero,2018-04,103.75748360709355,-0.3663881641848102,857.4305863977635,594.3997440323533,870.4194846862792
Antero,2018-05,109.2142161715892,-0.29944870531419404,888.048258011735,642.0491228348227,877.0550873168945
Antero,2018-06,95.43900777403668,-0.07507606401529703,819.5789963082515,760.3012415918963,875.0989567993164
Antero,2018-07,93.61032577401312,-0.025360539847454067,819.9462878318349,799.4134694791699,872.9332363037109
Antero,2018-08,90.80239410826266,-0.07581760683865464,804.9577855701733,746.1840077117045,868.9510337280274
Antero,2018-09,85.16148623753881,-0.024863105768442362,782.4437030918267,763.2295738044738,864.9684439086914
Antero,2019-07,95.63445752103459,-0.08834556189772912,845.1916877260697,773.7260645023143,869.5108889099121
Antero,2019-09,104.947621100869,-0.05880877052847915,815.9228598294067,769.3231062565588,866.2264394775391
Antero,2019-10,62.58286446630334,0.020891351296439417,750.4521475281388,766.2950202709336,864.1993049682617
Antero,2020-04,59.50940115466137,-0.09766596014226503,812.6345602862812,737.0203863063388,883.8313335571289
Antero,2020-05,76.65891008373123,-0.15588235915790155,839.6564039979819,690.6785921635833,823.2622925109863
Antero,2020-06,158.79860088837262,-0.05143844969883971,836.8232650207519,794.8667142700194,880.6877938781738
Antero,2020-07,99.8424274893549,-0.10298559396519563,845.6229644894831,762.8702755179453,882.4341123535156
Antero,2020-08,113.55606236938554,-0.02353241147063282,836.8425881023265,817.3795680496712,878.9411938476562
Antero,2020-09,182.7903008459208,-0.12513855269619276,838.4345420421114,739.8133761327833,876.3557893798828
Antero,2020-10,73.97226639203333,-0.1603108786398071,785.4188931842154,669.0817959897557,869.8578282348633
Antero,2021-06,97.07556076751763,-0.1158151115091914,864.9592827595495,770.3672293267198,891.9361626098632
Antero,2021-07,103.16485204802746,-0.14346114014171218,861.3842116819874,746.2640586851089,887.6040749206543
Antero,2021-08,159.69907865010052,-0.03703469370289035,842.33228314728,811.7073576807015,878.8012781005859
Antero,2021-09,138.54144982840774,-0.11160150176396297,831.9134765658532,744.0639155475616,879.709569128418
Antero,2021-10,61.73768635121387,-0.11419178560174043,764.8628507394287,682.3240912454047,889.5604372375489
Karaoun,2015-04,218.161504535446,0.00043157396091725504,925.0136921818444,924.6145664911294,923.1252809632545
Karaoun,2015-05,276.317817825512,0.0027990565337726245,959.6858654546342,957.003406391207,942.8674373597388
Karaoun,2015-06,299.9244178284887,0.0036647594696653935,941.2395670120173,937.7964633225504,899.2687161072973
Karaoun,2015-07,197.73193282703969,0.013516670807372446,863.0638079129749,847.9901200694547,849.731544726443
Karaoun,2015-08,192.51999583157314,-0.01897578359764855,712.0979035734184,698.7126869852891,731.4792495895805
Karaoun,2015-09,189.05248225325897,0.01348558138706837,577.5376085190486,569.801458576688,569.7806352783203
Karaoun,2015-10,200.58524377738257,0.00476133688977555,498.49859094565363,496.13071282119483,485.4177094543457
Karaoun,2016-02,227.00861258821146,0.007918693977506858,692.8407889151944,687.376060046213,663.0124432459453
Karaoun,2016-03,236.79893343305633,0.005141316464542717,770.9862652764405,767.0325532482914,654.2017835326191
Karaoun,2016-04,268.00506005681746,0.007808607575044577,813.0612413016769,806.7370886811293,797.9624631165987
Karaoun,2016-05,187.8050735575584,0.007412701463198125,761.408394186144,754.6802258677237,755.2324950926777
Karaoun,2016-06,240.20013679158308,0.004565577760221421,744.351245222473,740.9605977535247,737.4342300658222
Karaoun,2016-07,155.41595198965462,0.02608614655915047,727.2028607703794,706.5646187389962,707.5207768702129
Karaoun,2016-08,160.22143842883102,-0.0067733746353657795,665.5136076165979,639.0596463167205,654.3648865356446
Karaoun,2016-09,166.34202487984874,-0.038504129188360804,598.0492567859911,575.4595796896607,617.495696673584
Karaoun,2016-10,164.28446730426012,0.019800211739314025,540.0988823874051,529.5099872828866,528.4206941528321
Karaoun,2017-02,186.09310239554264,-0.012500691229293238,647.5300052646323,639.4858163215554,686.8285007038909
Karaoun,2017-03,235.78468452400693,-0.0009018047391231854,746.4763709980695,745.8034985144584,785.9233372498994
Karaoun,2017-04,254.24987277320514,0.004749001825317178,829.4471039212498,825.5173965899291,822.8354347047095
Karaoun,2017-05,246.55170973191622,0.005075687936675587,842.9281329578271,838.6605324680901,827.7723244080787
Karaoun,2017-06,250.19277854658023,0.0108812606686336,821.3761715549922,812.4870136549588,810.2720037110572
Karaoun,2017-07,172.8530441863302,0.03272327582381511,783.976839753226,758.7377543180278,749.9998377440448
Karaoun,2017-08,134.3976581774482,0.02106822265345433,738.2660839459083,712.8417580947146,717.8407666407207
Karaoun,2017-09,135.57384293235825,-0.016807440535268697,627.5946887364737,617.1345784050832,664.01933205418
Karaoun,2017-10,178.65133299816625,-0.008128821034296477,491.512563244736,487.53334068749876,523.7829712158203
Karaoun,2018-02,171.7314161542176,0.023390748426217245,542.0570372624793,554.8856070788387,594.6838198852539
Karaoun,2018-03,168.98383612458395,0.007058681633267526,653.1149763757829,648.5210781942139,627.2919758422852
Karaoun,2018-04,201.9072896275717,0.015370217404392438,656.3879485520148,646.3762610865787,644.0442267150879
Karaoun,2018-05,232.26257580198455,-0.005155324251627372,644.3444801293699,647.674862077533,644.274174583477
Karaoun,2018-06,162.2773250808018,0.012588542571188702,641.3947543523702,633.3711379597349,610.1685778991699
Karaoun,2018-07,171.45257927793511,-0.030198000955638314,610.7237516238933,592.5567985668324,617.4208039245606
Karaoun,2018-08,162.19176171834513,-0.044456487673122165,563.7148539542919,539.2029646828368,578.230669708252
Karaoun,2018-09,127.05173788017525,-0.047877187083540544,516.5942148663329,487.62719567945607,514.0615574768067
Karaoun,2018-10,146.12457623756964,-0.023596708011556458,406.9335369154164,397.4436504351889,408.45711651000977
Karaoun,2019-04,350.07493862770616,0.008070394673831457,1075.682483582255,1067.0362376330118,961.03264119885
Karaoun,2019-05,307.2892848465491,0.006400859686583604,1070.6341684463396,1063.803075116455,1040.5395883914005
Karaoun,2019-06,338.129097338013,0.0074830282222603725,1059.97866262447,1052.076415620028,1034.8563115359318
Karaoun,2019-07,268.0841444586676,-0.006564147163661243,1015.9384286437693,1004.5431109897146,1013.545781409936
Karaoun,2019-08,264.8762634432511,-0.007118923103215637,947.1670309844149,940.4481656432492,965.9768891663794
Karaoun,2019-09,243.59898306087734,-0.010510349655539668,866.5439135562971,857.4839292371016,868.6349633850098
Karaoun,2019-10,248.95507248575984,-0.01004969364732368,780.4608569641402,772.6567445992741,794.0012515304985
Karaoun,2019-11,228.14944789651648,-0.004153980325642192,708.5470280945478,705.6098424093876,723.2989557982442
Karaoun,2020-04,302.1444520575532,0.011429143264261914,1070.5857030504294,1058.4194828448606,1034.7037149539003
Karaoun,2020-05,297.9517969429359,0.004379807156424214,1037.1873720950182,1029.5867369335701,1031.1195399548578
Karaoun,2020-06,205.71950447820686,0.005583286400129409,976.2337865489723,981.6996238413568,997.1611406983618
Karaoun,2020-07,171.8036867530463,0.004225869745767788,903.7010133023906,899.8901483117836,882.4416566590552
Karaoun,2020-08,194.08362920808563,-0.02739617289757363,822.5721862114966,800.3427474925055,831.2129410279517
Karaoun,2020-09,230.18437622050834,-0.013984458594580005,731.9050760485836,721.7410149075899,746.8581559691426
Karaoun,2020-10,192.59976425109582,0.02232892956602304,630.362760739874,616.4434154169937,612.2625842651368
Karaoun,2021-02,202.9852037970222,-0.012319054851090562,672.9992148437259,664.7593584287403,702.6590572168926
Karaoun,2021-03,243.69984550162195,-0.006354964992507449,764.9477237611218,760.1019215157037,804.6670246336934
Karaoun,2021-04,214.87218854359594,0.006396277432608802,835.0890944755315,829.7646793174345,797.9381504576679
Karaoun,2021-05,222.70895425581466,0.003463238038054177,853.1623108317359,856.1221373327544,857.6867944215063
Karaoun,2021-06,226.63308536167014,-0.008258184119347645,836.7888321290518,823.3187955161522,833.4608308226582
Karaoun,2021-07,210.70740299144555,-0.02380761381254063,782.4574582354453,764.0490133067092,783.0545027342793
Karaoun,2021-08,155.8081534325533,-0.015799951193967664,718.7020912616146,706.7720043792555,718.3647928553203
Karaoun,2021-09,175.35681424987993,-0.013637075908337546,622.9799776190147,614.542017691636,629.3110160461425
Karaoun,2021-10,193.3926482175812,-0.021786522939588472,549.70461350351,537.8579784076753,554.0746982055664
Umbuluzi,2015-04,182.66561960477196,-0.022864779567349405,3341.769676534289,3266.2277651602285,3445.9259380737303
Umbuluzi,2015-05,216.176502818151,-0.0263000784873257,3300.6476545574187,3214.971939589757,3389.353830535889
Umbuluzi,2015-06,256.312843291019,-0.025075232240993083,3178.860647433492,3100.1410590659707,3328.751150280761
Umbuluzi,2015-07,226.42283741998548,-0.02206404151156973,3089.8248889750953,3022.397460558103,3231.9332316345217
Umbuluzi,2015-08,110.09787270219856,-0.07822144630410109,2959.8737244786525,2737.1716985290527,3147.1071357299807
Umbuluzi,2015-09,75.94794988474148,-0.14836867391020042,2774.8811689629024,2392.2617332942964,2923.3025805541997
Umbuluzi,2015-11,193.85823633945574,-0.05575297628147144,2636.614089769681,2493.637719703935,2732.81314967041
Umbuluzi,2015-12,149.0592188813382,-0.05886826197196136,2479.5640686418337,2337.809790233725,2544.974780499268
Umbuluzi,2016-01,133.7806954824505,-0.08865056258148718,2363.858556724075,2163.3213505408326,2448.1701760437013
Umbuluzi,2016-02,86.82293462933173,-0.09042103054482771,2242.1124549376887,2048.2739259946857,2398.757675115967
Umbuluzi,2016-03,128.26415974129628,-0.03306413991916764,2144.6384911033165,2074.8873491463805,2252.204515686035
Umbuluzi,2016-04,180.19491280075005,-0.005576223721700323,2016.5685207222077,2005.354977170699,2078.3720631774904
Umbuluzi,2016-08,131.7160900541315,-0.01995103671996623,1528.3672742684564,1498.176928424052,1759.840418609619
Umbuluzi,2016-09,121.06831327270581,-0.0967658882298803,1441.7882354620606,1308.8099446147312,1674.2118711730957
Umbuluzi,2016-10,104.26702171854214,-0.12401505372984058,1341.341161425399,1184.8959045123593,1397.831535345459
Umbuluzi,2016-12,56.069577402707004,0.00024115290921740418,1259.7128550509065,995.614402422777,1119.770443762207
Umbuluzi,2017-01,127.24900583629338,-0.014514721008286421,966.2162006919119,952.2931312777408,1091.9967083374024
Umbuluzi,2017-02,124.7179855547284,-0.01938173055828525,1039.6610227232825,1019.7046125090901,1132.1554320129394
Umbuluzi,2017-03,146.13494952926953,-0.015547693458165382,1227.9984522361856,1209.0535650119436,1372.8763571960449
Umbuluzi,2017-04,141.15983935968453,-0.014542428647664765,1248.1026953952814,1230.083589343507,1358.7917812316894
Umbuluzi,2017-05,149.4502551181198,-0.017999616529758178,1264.0974279313823,1241.5477109150688,1424.4733227600098
Umbuluzi,2017-07,145.6352348286576,-0.03234097883131559,1312.2879902339796,1270.526259697647,1461.415617138672
Umbuluzi,2017-08,144.51389519248497,-0.06857542533961533,1316.0561143044174,1228.8319041075326,1488.615829473877
Umbuluzi,2017-09,112.14238937077724,-0.21106777113528546,1402.9798634772626,1136.019717845649,1411.3566818359377
Umbuluzi,2017-10,91.52446298174007,0.006695523141559759,1399.330236949032,1177.8416616937852,1279.5275779785156
Umbuluzi,2017-11,140.79163495395716,-0.05805459996504696,1256.6862050318546,1185.8071245277374,1323.9486988952638
Umbuluzi,2017-12,145.64637411567406,-0.030137395452941102,1255.8976960556088,1218.6128663615784,1291.1174141174315
Umbuluzi,2018-01,115.37652444586502,-0.021392783954331113,1249.9611703020935,1223.5050154040846,1304.7221178588868
Umbuluzi,2018-03,151.39006987242604,-0.01883662363548068,1293.7264885364084,1269.5851341995947,1356.547664910889
Umbuluzi,2018-04,168.70284921435288,-0.010918202173686345,1321.5616083144591,1307.2110153848357,1441.6165428222655
Umbuluzi,2018-05,166.9558676406452,-0.022327094623457278,1321.4944574051963,1292.316269786703,1479.045716973877
Umbuluzi,2018-08,156.05603582596711,-0.03777856612139602,1302.1546227538151,1253.8787268577576,1557.4235144470215
Umbuluzi,2018-10,159.77339544338273,-0.0674555311954781,1321.8750065803529,1235.6481584148507,1441.5377353637696
Umbuluzi,2018-11,103.41950085888902,0.07340130265928174,1333.6277311337838,1239.2440340813553,1227.058327770996
Umbuluzi,2018-12,78.46034392379254,0.03367118739615163,1555.6077022180127,1227.1082221217573,1358.5632734985352
Umbuluzi,2019-02,109.13435572811876,-0.054803266273718024,1370.534967098367,1262.220378213217,1351.8018360778808
Umbuluzi,2019-03,164.27031551511664,-0.008889272154855868,1291.301817980995,1302.831721577073,1216.4368700561524
Umbuluzi,2019-04,160.19194844403438,-0.009804676639543236,1323.5567269396004,1310.6430916774846,1454.014235107422
Umbuluzi,2019-05,142.45270559383567,-0.019034015312194452,1325.8575843236745,1300.8598491050188,1559.7558617736815
Umbuluzi,2019-08,125.8663608302737,-0.10410283433955275,1389.4528752136982,1252.0813171413536,1598.674112793184
Umbuluzi,2019-09,119.57451093657235,-0.16274552777507853,1455.975613176231,1237.2988696393709,1481.133101397705
Umbuluzi,2019-10,156.157160212978,-0.057772778283275,1333.2081286515872,1258.3676765059918,1367.0146914001464
Umbuluzi,2019-11,139.75209412629872,0.019154379159012372,1322.0871047758114,1297.004336398181,1198.8087477844238
Umbuluzi,2019-12,112.13316983520431,0.019850553278880842,1315.411687919471,1341.7842264645392,1453.6870886535644
Umbuluzi,2020-01,85.47808008518095,-0.01824639096381235,1357.0874857292176,1332.5500772345958,1418.680886529541
Umbuluzi,2020-02,156.9647726537832,-0.0363621629845826,1386.1410254692692,1336.643315216305,1520.0757637329102
Umbuluzi,2020-03,137.828507154797,-0.023796059302980177,1401.2923045561731,1368.3406840308346,1513.8063831237794
Umbuluzi,2020-04,164.14693080258618,-0.021932550168407103,1397.9079588339548,1367.5820502978438,1508.6579322998048
Umbuluzi,2020-05,158.82564962844577,-0.028468885728933482,1398.2367720855013,1358.9918099311271,1499.5624800598146
Umbuluzi,2020-07,157.875875685278,-0.029669569345035715,1391.7893365528107,1351.1021171040695,1496.5054045837403
Umbuluzi,2020-09,122.46084053241573,-0.06379911466093924,1459.613245530054,1267.0965770141602,1404.033785662842
Umbuluzi,2020-10,83.55265927381899,-0.022866969546291777,1512.1511155723542,1267.4703149546028,1400.3351646118165
Umbuluzi,2020-12,75.41445523874198,0.11116578686704996,1531.9020647465984,1182.4037829113588,1273.0898689575197
Umbuluzi,2021-01,98.33846465577255,-0.07818720228267508,1504.5851758925778,1112.8841521988552,1345.586135131836
Umbuluzi,2021-09,152.40976829165112,-0.025920186739874215,3660.618191193877,3566.9534321617184,3995.0255622972913
Umbuluzi,2021-10,294.8858616768753,-0.029879626218246753,3685.656120265961,3577.15909036026,3923.000416325971
Harlan_County,2015-06,513.1933833710888,-0.01218764705159163,3782.760205409164,3736.9370644869086,3988.531008176437
Harlan_County,2015-07,407.25089729725687,-0.02086571699464551,3775.112304662651,3697.15799425998,3987.220590774907
Harlan_County,2015-08,474.93006091386684,-0.015838305008535097,3754.9248925810402,3695.921735265265,3805.098448801437
Harlan_County,2015-09,545.1018757019472,-0.010014030627810854,3620.332132124325,3584.258935770556,3664.54795517961
Harlan_County,2016-04,392.8898838995839,-0.0006816199560431835,4042.272423485176,4039.5180687517827,4379.670602537866
Harlan_County,2016-05,199.18886605575992,0.01703402013079417,4076.456839180618,4007.606455512255,3940.545721921554
Harlan_County,2016-06,338.7034696055439,-0.021538157233609426,4111.167183563231,4023.566978242874,4446.23059439087
Harlan_County,2016-07,498.61585022240126,-0.009129111921529098,4017.0874424454905,3980.581886769413,4324.592503141037
Harlan_County,2016-08,382.3768787782519,-0.008988833600092047,4017.0921927162017,3981.1450230442765,4123.546515124512
Harlan_County,2016-09,484.8498982358292,0.0012672229538869886,3970.8546627617443,3975.8898105905882,4150.054602445236
Harlan_County,2016-10,384.1444515215195,-0.023821271447927603,4000.288510059754,3906.122580528463,4143.998848679366
Harlan_County,2017-03,511.3612314329134,-0.022886230404873843,4109.213129753494,4016.236729172134,4362.658169834152
Harlan_County,2017-06,365.3383867884186,-0.028266647244054643,4258.032069525054,4139.3569545799255,4612.230297574631
Harlan_County,2017-07,342.70819921199717,-0.009513172210913565,4185.242395421871,4145.616247801208,4520.867968259445
Harlan_County,2017-08,551.6788821192172,-0.007813819490486887,4168.935397506361,4136.487026795029,4446.782807053391
Harlan_County,2018-03,283.1402131867746,0.03406199009484431,3967.902342199301,4105.38516956801,4354.569179957203
Harlan_County,2018-04,189.52621973374855,-0.08625750590860148,4324.573972030506,3967.1824247633094,4658.690227845387
Harlan_County,2018-05,232.08046530873423,-0.07248347096555179,4367.391204246686,4062.028102182769,4637.91841774675
Harlan_County,2018-06,377.2958253915364,-0.04359986034655035,4357.838742646894,4171.920047505188,4580.375535843674
Harlan_County,2018-07,356.12084359967366,-0.018248209074773473,4315.141697183559,4237.112203848063,4587.050763608566
Harlan_County,2018-08,453.2831751720603,-0.009164861761882873,4296.298896122175,4257.103793846527,4461.981927994552
Harlan_County,2018-09,521.6308034196654,-0.0008060493144189315,4258.306808251953,4254.8757859409325,4463.080072141281
Harlan_County,2018-10,452.2014158983813,-0.0018817718078336446,4322.641732234281,4314.515155466786,4512.272820481125
Harlan_County,2019-04,416.1530286128268,-0.0308490264132658,5067.045428784951,4913.118466000814,5207.013620831705
Harlan_County,2019-06,365.84105517849264,-0.03456095241310825,5091.833396610027,4918.861046503228,5314.504871186833
Harlan_County,2019-07,277.8461246787509,-0.00723646255180514,5191.746773960955,5154.312502064097,5196.901053874654
Harlan_County,2019-08,261.25794795855086,-0.015090910262069167,5211.499430371558,5133.44360817608,5355.654033008429
Harlan_County,2019-09,235.0330850198496,-0.029492940006667467,5058.867400942105,4911.845242939399,5436.618918089522
Harlan_County,2019-10,310.7449301409157,-0.05929528175753769,5009.0636017387815,4720.684026799793,5456.292546522497
Harlan_County,2020-03,301.59672735966996,-0.01133013921946631,4863.755317772437,4808.959302323016,4916.5128620379255
Harlan_County,2020-04,451.2634775493487,-0.005200255908577006,4826.175114976973,4801.142912659911,5323.57736906312
Harlan_County,2020-05,448.1011445212664,-0.005384280663516872,4812.041962786912,4786.202204974365,5305.174488386971
Harlan_County,2020-06,142.23413075739978,-0.04858124268726652,4783.772816035351,4556.92605081066,5256.697096279726
Harlan_County,2020-07,288.392781458068,-0.018647034086087734,4721.486916738777,4634.260969316256,4981.5253719718885
Harlan_County,2020-08,420.4270219054706,-0.013238331884921496,4722.29031689177,4660.18704923557,4967.285327422616
Harlan_County,2020-09,366.4763987037629,-0.018186600911816495,4709.15293148839,4624.2835286872505,4907.027993752728
Harlan_County,2020-10,383.1497812388354,-0.06399412665239185,4730.8439000777935,4437.581293653362,4924.298805746136
Harlan_County,2021-03,380.30595243157904,-0.060020504434569966,5040.061777903042,4746.4541051472315,5273.955291922392
Harlan_County,2021-04,356.3509982691804,-0.0686524471858343,5117.450268687426,4777.913158367663,5348.266076301172
Harlan_County,2021-05,175.6729986504528,-0.034062554037198406,4909.47288642854,4745.059762883439,4965.426858485442
Harlan_County,2021-06,333.08557040329987,-0.011366315734170851,4858.33319877732,4803.424495677218,5079.859319091317
Harlan_County,2021-07,204.3245765846247,-0.0149789018849125,4799.178232996213,4727.827524804688,4919.904877523145
Harlan_County,2021-08,371.7136852890688,-0.025434651892244454,4810.502209232784,4689.691660087045,4955.784379693124
Harlan_County,2021-09,320.25546189930174,-0.026192701748568144,4803.07351582725,4678.90134509172,4969.223915655038
Harlan_County,2021-10,262.70907282289875,-0.029333803666146303,4768.719099033327,4630.866189080399,4942.349813125286
