GDW_ID,name,COUNTRY,RIVER,YEAR_DAM,area_ha,ap_m,ap_class,perim_km,ELEV_MASL,MAIN_USE,QUALITY,region,lat,lon
3501,Los Reyunos,Argentina,Diamante,1980,551.7,148.30742562421614,Med,37.1975100955507,997,Irrigation,3: Fair,Andes_S_America,-34.59261008845395,-68.67880064936742
3495,Cogoti,Chile,Huatulame,1939,327.09999999999997,169.95578839749115,Med,19.246667660129432,634,,2: Good,Andes_S_America,-31.032075682966553,-71.07970306989813
3504,Valle Grande,Argentina,Atuel,1965,278.0,193.65272577686864,Med,14.353030762757223,843,,2: Good,Andes_S_America,-34.8472094420945,-68.52235162993085
3500,Agua del Toro,Argentina,Diamante,1976,863.4000000000001,216.37453204715774,Med,39.90272362682688,1339,,2: Good,Andes_S_America,-34.59389214614497,-69.09700253283577
3458,Condoroma,Peru,Colca,1985,931.1,233.87615379858786,Med,39.81178931307516,4206,,3: Fair,Andes_S_America,-15.413706954591053,-71.2588600203701
3469,San Jacinto,Bolivia,Tolomosa,1989,461.09999999999997,234.27945814079965,Med,19.682299890976346,1885,,4: Poor,Andes_S_America,-21.597682358629143,-64.73891828035902
3498,La Florida,Argentina,Quinto,1953,610.2,243.47351187082356,Med,25.06267291996344,1020,,2: Good,Andes_S_America,-33.11282468343592,-66.02348305979014
3496,La Vina,Argentina,Los Sauces,1944,975.4,264.5823027956232,High,36.8638547140664,847,Irrigation,3: Fair,Andes_S_America,-31.855713183450245,-65.02045900378283
3494,Anzulon,Argentina,Anzulen,1938,318.0,290.6179813785138,High,10.943168469294159,567,,2: Good,Andes_S_America,-30.85563139960106,-66.28195050771458
3492,Recoleta,Chile,Hurtado,1934,380.90000000000003,293.54332434608307,High,12.976381130107098,383,,2: Good,Andes_S_America,-30.48170337734618,-71.09399295374384
3485,El Cadillal,Argentina,Sali,1966,861.5999999999999,301.72019238996575,High,28.557237813696034,607,,2: Good,Andes_S_America,-26.599053521646297,-65.21757635558315
3488,Escaba,Argentina,Marapa,1948,453.0,310.8775638197288,High,14.572935125432194,641,,2: Good,Andes_S_America,-27.66027060920525,-65.77651272494343
3497,Lago de Almafuerte,Argentina,Tercero,1979,777.7,320.7983809774197,High,24.24190786127739,410,,3: Fair,Andes_S_America,-32.17711363960639,-64.2763799339614
3499,Yeso,Chile,Yeso,1967,759.6,428.7129190060247,High,17.717023762139373,2567,,2: Good,Andes_S_America,-33.64734959659422,-70.07005436603757
5571,Flynn Lake,United States,East Fork of White River,1941,260.0,73.43975786548792,Low,2.866957044593562,371,Recreation,4: Poor,Canada_boreal,46.35328540044039,-91.28369692291096
36183,PILLAGER,United States,CROW WING,1917,291.59999999999997,97.7719336190184,Low,29.82003938053071,362,Hydroelectricity,2: Good,Canada_boreal,46.311705941110716,-94.5316316570605
2152,Long Lake,Canada,Kenogami,1939,453.4,100.84367468765008,Low,44.956118139753194,311,Hydroelectricity,4: Poor,Canada_boreal,49.8621919370144,-86.49797817454369
2139,Glenmore,Canada,Elbow,1933,316.2,110.60918506873048,Low,28.584133252239642,1072,Water supply,3: Fair,Canada_boreal,50.98453266976871,-114.11503533128412
2208,Beaumont,Canada,St. Maurice,1958,599.0,114.82934566252041,Low,52.16747154109289,192,,3: Fair,Canada_boreal,47.653106094551376,-72.9007475124254
2157,Albert Do,Canada,Souris,1983,386.6,117.13205989967078,Low,33.00965707538548,559,Water supply,2: Good,Canada_boreal,49.581253072660445,-103.77482082299524
2204,West Two Rivers,United States,West Two River,1966,401.79999999999995,120.98966130180428,Med,33.20634880124837,424,Water supply,2: Good,Canada_boreal,47.48388452810677,-92.65537730063069
2263,Greenwood Reservoir Dam,United States,Middle Branch of Escanaba River,1973,386.0,124.52607253658732,Med,30.997767324660355,459,Water supply,2: Good,Canada_boreal,46.455346602604145,-87.82621677689711
2155,La Fleche,Canada,Wood,1957,879.9,133.17634737315765,Med,66.06733884701744,712,Irrigation,3: Fair,Canada_boreal,49.760682000522046,-106.59528864360486
2163,Brilliant,Canada,Kootenay,1944,466.2,133.3354098018248,Med,34.964455302985314,450,Hydroelectricity,2: Good,Canada_boreal,49.3885364317062,-117.55332169748215
2128,Peace Canyon,Canada,Peace,1980,861.0,134.2268577651226,Med,64.14227630223864,501,,3: Fair,Canada_boreal,55.9680282328929,-122.10663818449508
2143,Manitou Falls,Canada,English,1956,454.4,137.01632675294985,Med,33.16210407304109,345,Hydroelectricity,4: Poor,Canada_boreal,50.58383080830311,-93.41380496787401
2147,Moosomin,Canada,Pipestone,1954,462.8,137.1029455850429,Med,33.75678872809776,542,Water supply,2: Good,Canada_boreal,50.072161547473044,-101.71955344254629
2169,Seven Mile,Canada,Pend d'Oreille,1975,426.3,138.51573044985764,Med,30.774502703283716,530,,3: Fair,Canada_boreal,49.03870507878524,-117.4390520791056
2268,Brainerd,United States,Mississippi,1950,887.8,140.52363739955135,Med,63.177015242822904,355,Hydroelectricity,2: Good,Canada_boreal,46.428620020877,-94.12282374088224
2137,Berry Creek Reservoir,Canada,Berry Creek,1948,467.2,145.08918235437906,Med,32.20246655682238,729,Irrigation,3: Fair,Canada_boreal,51.289836487892316,-111.60734634902656
2145,Chain Lakes South,Canada,Willow Creek,1965,306.4,145.3801858189391,Med,21.073780240919522,1294,Flood control,3: Fair,Canada_boreal,50.24069548411984,-114.20840572116396
2258,Deer Lake,United States,Carp River,1942,393.6,146.65556315530307,Med,26.83790004509337,421,Other,2: Good,Canada_boreal,46.525623013051,-87.68556121149541
2183,Wind Lake,United States,Trib. Basswood River,1900,348.20000000000005,148.97280211916788,Med,23.373283004493622,406,Other,4: Poor,Canada_boreal,48.013226152908295,-91.53117232741916
2180,Homestead Unit Intake,United States,Big Muddy Creek,1953,364.59999999999997,152.3993925658217,Med,23.924431400592272,584,Other,4: Poor,Canada_boreal,48.390411009132116,-104.56672485987586
2166,Boundary,Canada,Long Creek,1957,572.1,153.52218753423958,Med,37.265924094590886,560,Water supply,3: Fair,Canada_boreal,49.05185323681057,-103.01574708413217
2223,Matabitchuan,Canada,Matabitchuan,1910,458.6,153.92305423613163,Med,29.791489354441996,271,Hydroelectricity,3: Fair,Canada_boreal,47.098074462312496,-79.52388161333455
35839,La Tuque,Canada,St. Maurice,1940,934.3,154.27050177704749,Med,60.559406858195736,147,,3: Fair,Canada_boreal,47.492783498358605,-72.78672985323195
2229,Pipestem Lake,United States,Pipestem Creek,1974,299.8,154.69088562298896,Med,19.38117936021806,435,Flood control,4: Poor,Canada_boreal,46.96926987577371,-98.78717322731546
2264,Tilden Recirculation Basin,United States,Trib. Schweitzer Creek,1973,277.2,156.12847026516803,Med,17.7541862560541,423,Water supply,3: Fair,Canada_boreal,46.42721510167127,-87.65297481943149
2205,Esquagama Lake,United States,Embarrass River,1937,267.5,157.0463035635361,Med,17.0348536939164,411,Other,4: Poor,Canada_boreal,47.47241556076325,-92.35399393043926
2221,Lake Tapps Dike 2-B,United States,Lake Tapps,1911,779.6999999999999,158.2890855917023,Med,49.25979315153038,159,Hydroelectricity,3: Fair,Canada_boreal,47.222503865668735,-122.16698138420841
28135,ROCK ISLAND,United States,COLUMBIA RIVER,1932,767.9,158.9177580822163,Med,48.31821246189469,181,Multipurpose,3: Fair,Canada_boreal,47.3688463425609,-120.17442714673665
2172,Lake Metigoshe,United States,Oak Creek,1961,468.6,161.23317517225453,Med,29.061492351576533,651,Recreation,3: Fair,Canada_boreal,48.98120742949719,-100.35358931258628
2159,Seymour Falls,Canada,Seymour,1961,264.0,171.33614617724157,Med,15.40807868396598,215,Water supply,2: Good,Canada_boreal,49.46370551554062,-122.95790623972583
2175,Diablo,United States,Skagit River,1929,256.4,172.2099127550731,Med,14.888729129582678,370,Hydroelectricity,2: Good,Canada_boreal,48.707661776804976,-121.10850946144133
2200,Balsam Lake,United States,Trib. Prairie River,1938,253.7,172.9412138739773,Med,14.66973708610738,405,Other,3: Fair,Canada_boreal,47.53164912361664,-93.41544320798646
2144,Highfield,Canada,Rush Lake,1942,434.2,176.76513367190603,Med,24.562991428125063,718,Irrigation,3: Fair,Canada_boreal,50.29616137797529,-107.38443918924355
2206,Billy Clapp Lake,United States,Offstream Crab Creek,1947,350.9,177.29359463668388,Med,19.791143075031474,401,Irrigation,2: Good,Canada_boreal,47.475874439625386,-119.25373990103112
7732,WEIGAND RESERVOIR,United States,LONE TREE COULEE,1934,344.6,178.96801759900373,Med,19.254347735654523,770,Other,3: Fair,Canada_boreal,48.25090002459912,-108.39521050430515
2290,Goodrich,United States,West Fork of Chippewa River,1925,604.5,181.44010009767695,Med,33.318690626882315,414,Recreation,2: Good,Canada_boreal,46.021027482381314,-91.03865176475254
2277,Saint Croix,United States,Saint Croix,1936,890.4999999999999,181.61486003126933,Med,49.03062183625346,305,Recreation,2: Good,Canada_boreal,46.25591948626648,-91.87096789887474
7740,PRICKETT,United States,STURGEON RIVER,1931,280.2,182.59541685413345,Med,15.347474247164133,232,Multipurpose,3: Fair,Canada_boreal,46.70598225545547,-88.68214794055737
2257,Wreck Cove,Canada,Wreck Cove,1977,344.9,186.75719529968165,Med,18.467966377182936,364,Hydroelectricity,3: Fair,Canada_boreal,46.55893596673461,-60.50107422506608
2138,Barrier,Canada,Kananaskis,1947,280.90000000000003,188.3535958946055,Med,14.914245082782378,1374,Hydroelectricity,3: Fair,Canada_boreal,51.02255238812991,-115.06519585842408
2219,Mitchinamecus,Canada,De la Loutre,1942,323.8,191.86422465493598,Med,16.875741253172233,376,Hydroelectricity,3: Fair,Canada_boreal,47.259327625095366,-75.0814689412133
34404,DODSON DIVERSION,United States,MILK RIVER,1909,290.09999999999997,194.77499884869434,Med,14.891744098708392,694,Irrigation,2: Good,Canada_boreal,48.41964889051153,-108.32827650086413
2153,Abitibi Canyon,Canada,Abitibi,1933,514.9,197.19770275727294,Med,26.109006525864242,195,Hydroelectricity,3: Fair,Canada_boreal,49.85329986312345,-81.55139067793998
2168,Morrison,Canada,East Poplar,1977,633.4,197.29368403154908,Med,32.10208167402876,749,Water supply,3: Fair,Canada_boreal,49.06202994998494,-105.45527388895356
2174,Lake Sherburne,United States,Swift Current Creek,1920,392.6,198.86409740466848,Med,19.74420794060731,1454,Irrigation,2: Good,Canada_boreal,48.817959169437096,-113.57012099098948
2149,Cheakamus,Canada,Cheakamus,1957,380.2,199.23481913061497,Med,19.083490014045243,375,Hydroelectricity,2: Good,Canada_boreal,49.99781962032883,-123.12695989006126
7737,JIM DAM,United States,JAMES RIVER,1937,286.7,201.9557053621253,Med,14.197520858499978,434,Fisheries,3: Fair,Canada_boreal,47.17856896862823,-98.81763897207239
2173,Roseau River Wildlife Management Area Pool 2,United States,Trib. Roseau River,1950,254.3,206.42278740759116,Med,12.318773483716361,308,Other,5: Unreliable,Canada_boreal,48.954549098290464,-96.27494626487137
2284,Minong Flowage,United States,Totagatic,1937,530.4,208.11389272279007,Med,25.48819488347936,301,Recreation,2: Good,Canada_boreal,46.152659389183654,-91.92848560667488
2197,Gibson,United States,Sun River,1928,392.09999999999997,208.2748156719252,Med,18.82566753366868,1428,Irrigation,2: Good,Canada_boreal,47.606181216659934,-112.797724816923
2187,Gabbro Lake 1,United States,Isabella River,1924,894.9,209.77528906035482,Med,42.65945822744885,439,Flood control,2: Good,Canada_boreal,47.83864952478877,-91.57047604203765
7730,J. CLARK SALYER #320 DAM,United States,SOURIS RIVER,1936,515.0,213.49082417210232,Med,24.121286843986073,432,Fisheries,3: Fair,Canada_boreal,48.579933281231874,-100.65110478788849
7367,Fall Lake,United States,Kawishiwi,1989,811.2,214.95304768023317,Med,37.73903418451379,397,,3: Fair,Canada_boreal,47.9498294002929,-91.74196640700245
2193,Maple Lake,United States,Cyr Creek,1942,540.9,216.28649850197647,Med,25.006295765929067,355,Flood control,4: Poor,Canada_boreal,47.65930597853548,-96.15901067600137
2283,Rest Lake,United States,Manitowish River,1925,250.0,217.2950381972687,Med,11.503823929181333,485,Recreation,4: Poor,Canada_boreal,46.140247764963355,-89.87500152206313
2207,Ely Lake,United States,Trib. St. Louis River,1939,277.2,219.38484861289876,Med,12.633388470150434,417,Recreation,5: Unreliable,Canada_boreal,47.45064790906284,-92.48063615251758
2249,Long Lake,United States,Otter Tail River,1936,460.79999999999995,219.82483063285687,Med,20.95989047331775,407,Other,5: Unreliable,Canada_boreal,46.65206006702114,-95.75200693784241
2232,Jamestown,United States,James River,1952,737.4,220.07130892457872,Med,33.50751369761656,431,Irrigation,2: Good,Canada_boreal,46.99969924071988,-98.72813102924552
2179,Lower Two Medicine Lake,United States,Two Medicine Creek,1967,287.2,220.27965960765872,Med,13.037277893170115,1490,Irrigation,2: Good,Canada_boreal,48.50243951776031,-113.29498857950891
2164,Lake Newton Reservoir,Canada,Frenchman,1939,462.8,221.05949343587005,Med,20.937464518124564,798,Irrigation,3: Fair,Canada_boreal,49.31868454331171,-107.8273231695168
2178,Sooke Lake,Canada,,1969,601.7,221.0836795347583,Med,27.21574971002286,184,Water supply,2: Good,Canada_boreal,48.55461987572182,-123.69589809709166
2135,Medicine Lake,Canada,,1985,422.90000000000003,225.39352530725054,Med,18.761117152789982,1422,Irrigation,4: Poor,Canada_boreal,52.85503896483895,-117.75807092925365
2286,Onamia Lake,United States,Rum River,1938,434.3,230.59960019065275,Med,18.83293713674631,375,Other,4: Poor,Canada_boreal,46.082736012104256,-93.67361331695524
2162,Waterton,Canada,Waterton,1963,809.4,231.9552040278088,Med,34.893629359585944,1177,Irrigation,3: Fair,Canada_boreal,49.302837087363315,-113.68124573726206
2210,Masonry Dam,United States,Cedar River,1914,680.1,235.3720774181132,Med,28.895611510263926,474,Hydroelectricity,3: Fair,Canada_boreal,47.39027338213279,-121.6977208297692
2184,Culmback,United States,Sultan River,1983,573.7,235.8531809073649,Med,24.324488637077543,435,Hydroelectricity,2: Good,Canada_boreal,47.973662936662755,-121.64243071372998
2274,Borden Lake,United States,Offstream Mille Lacs Lake,1936,393.0,238.84120869220604,Med,16.45289940063841,378,Other,4: Poor,Canada_boreal,46.304887342663946,-93.85452949788474
2288,Lake Como,United States,Rock Creek,1910,306.3,240.02423596248582,Med,12.761483390686184,1284,Irrigation,2: Good,Canada_boreal,46.054582951616524,-114.2607861223352
2202,White Water Reservoir,United States,Trib. St. Louis River,1954,433.7,242.48180945257602,Med,17.884397334383582,435,Water supply,2: Good,Canada_boreal,47.50332801741702,-92.17486535319877
2289,Long Lake,United States,Deerskin,1908,335.5,246.9219381948809,Med,13.587401042034491,515,Hydroelectricity,4: Poor,Canada_boreal,46.06429576928067,-89.0226740519493
2194,Pishkun,United States,Trib. Deep Creek,1930,603.5999999999999,251.98700237409423,High,23.953452275669672,1330,Irrigation,2: Good,Canada_boreal,47.68233596657842,-112.47109836031873
2260,Mayfield,United States,Cowlitz River,1963,740.0,253.96212930145683,High,29.139715205224643,131,Hydroelectricity,2: Good,Canada_boreal,46.53504838312616,-122.54959607825144
2259,Kiamika 2,Canada,Kiamika,1953,620.2,255.10238348987926,High,24.312473161005745,228,Hydroelectricity,4: Poor,Canada_boreal,46.52624382341278,-75.41291731936624
2267,Clearwater Lake,United States,Trib. Nokasippi River,1936,322.5,259.04592860315273,High,12.449276739624116,375,Other,4: Poor,Canada_boreal,46.394177483098055,-93.91389038457669
2211,Wabana Lake,United States,Clearwater River,1940,827.3999999999999,260.2486829002547,High,31.792698640805472,401,Flood control,4: Poor,Canada_boreal,47.42196913454676,-93.52267090932658
2233,Blackwater Lake,United States,Trib. Boy River,1938,285.40000000000003,260.46061708460303,High,10.958212568313936,402,Other,4: Poor,Canada_boreal,46.90847830817359,-94.3049039247926
2156,Clowhom,Canada,Clowhom,1957,746.9,263.87151492830014,High,28.30506552342051,51,Hydroelectricity,3: Fair,Canada_boreal,49.745301559968645,-123.48862034250614
2141,Upper Kananaskis,Canada,Kananaskis,1943,592.6999999999999,264.4424748498541,High,22.413322693307386,1667,Hydroelectricity,3: Fair,Canada_boreal,50.652069045347034,-115.13389555134327
2189,Devil Track Lake,United States,Devils Track River,1902,703.9,264.54707385918516,High,26.608512653009903,496,Flood control,4: Poor,Canada_boreal,47.8233849234787,-90.4243176754807
2251,Cheticamp,Canada,Cheticamp,1977,560.4,264.7275721764344,High,21.167875797283948,460,Hydroelectricity,3: Fair,Canada_boreal,46.65278705838244,-60.63428396387545
2192,Tolt Main Dam,United States,South Fork of Tolt River,1962,398.7,265.0687415922832,High,15.042382950619668,535,Water supply,3: Fair,Canada_boreal,47.701211649267684,-121.65757607325861
2256,Little McDonald Lake,United States,Trib. Dead River,1937,669.6,265.7011343066434,High,25.201982965191856,409,Other,4: Poor,Canada_boreal,46.57755905115856,-95.76202309924629
2248,Rimrock,United States,Tieton River,1924,823.9000000000001,267.5046092047634,High,30.79916457944506,883,Irrigation,2: Good,Canada_boreal,46.639441330144315,-121.17448890571353
2214,Wynoochee,United States,Wynoochee River,1973,303.5,267.7233016573524,High,11.337162948801462,235,Water supply,2: Good,Canada_boreal,47.40363841135287,-123.58746846745181
2212,Youngs Lake,United States,Trib. Cedar River,1950,266.29999999999995,271.64195701675544,High,9.802747765723906,150,Water supply,3: Fair,Canada_boreal,47.419840904344184,-122.12423896900432
2150,Junction,Canada,Maple Creek,1938,443.20000000000005,272.3539378051154,High,16.27205688903543,752,Irrigation,3: Fair,Canada_boreal,49.94576553734248,-109.50525894428182
7735,LAKE ILO DAM,United States,SPRING CREEK,1937,280.4,273.51735561564254,High,10.250794622574714,664,Fisheries,3: Fair,Canada_boreal,47.34417573830384,-102.6684333823282
2262,Martinsdale North Dam,United States,Trib. Musselshell River,1939,314.0,274.9297422689119,High,11.421896213415355,1451,Irrigation,2: Good,Canada_boreal,46.4429548024551,-110.27831166437058
2281,Loon Lake Dam,United States,Loon Stream,1930,457.09999999999997,281.31874667408033,High,16.249846499602427,309,Hydroelectricity,2: Good,Canada_boreal,46.14251941957061,-69.63498112871848
2272,Au Train,United States,Au Train,1910,643.0,281.77459785362873,High,22.818212880233506,234,Hydroelectricity,2: Good,Canada_boreal,46.280743570822594,-86.86171434836682
2196,Pablo Reservoir,United States,Offstream Pablo Canal,1914,306.70000000000005,281.8833655580235,High,10.881091918955699,973,Irrigation,2: Good,Canada_boreal,47.63640614380493,-114.15365218099684
2176,Lower Baker Dam,United States,Baker,1927,714.6,289.2507615200248,High,24.705159139810345,130,Hydroelectricity,2: Good,Canada_boreal,48.58533719479557,-121.72374848522384
2266,Bond Falls,United States,Middle Branch of Ontonagon River,1938,800.0,292.3426202847311,High,27.365688661819487,445,Hydroelectricity,2: Good,Canada_boreal,46.39387155849602,-89.10258881901946
2181,Four Horns,United States,Big Plum Coulee,1932,274.2,293.49046132122817,High,9.342674090576475,1250,Irrigation,2: Good,Canada_boreal,48.35035311462267,-112.7101495973074
2239,Long Lake,United States,Shell River,1949,727.3,294.73448232291594,High,24.677884939062785,417,Other,3: Fair,Canada_boreal,46.891213594207976,-94.99872715704807
2250,Silver Lake,United States,Dead,1912,524.8000000000001,297.5092154410387,High,17.63905593571295,449,Hydroelectricity,2: Good,Canada_boreal,46.658741266815085,-87.84055125795001
2191,Clearwater,United States,Clearwater River,1931,355.79999999999995,301.9985237785096,High,11.782921385451,385,Other,4: Poor,Canada_boreal,47.73446202443032,-95.19017167812754
2235,Bumping Lake,United States,Bumping River,1909,480.19999999999993,303.85228734898305,High,15.80523456272696,1040,Irrigation,2: Good,Canada_boreal,46.8504348035274,-121.32735638098286
2190,Newman Lake Flood Control Dam,United States,Thompson Creek,1976,450.5,304.0473682803405,High,14.8154886521737,646,Recreation,2: Good,Canada_boreal,47.77707469153907,-117.10049479976796
2265,Gribben North Tailings Basin Dam,United States,Trib. Goose Lake Outlet,1977,404.7,304.1617677593998,High,13.304597249514819,388,Pollution control,2: Good,Canada_boreal,46.42135799373271,-87.53442734882316
28120,LOWER GRANITE LOCK AND DAM,United States,SNAKE RIVER,1975,684.1,309.7512349642043,High,22.085822017624,222,Multipurpose,3: Fair,Canada_boreal,46.63771841421224,-117.39276036256284
2238,Portage Lake,United States,Brook River,1937,338.09999999999997,310.85680941705095,High,10.877293934750874,399,Other,4: Poor,Canada_boreal,46.85421005880526,-94.4243425638736
2198,Movil Lake,United States,Turtle River,1938,938.3,311.3415228517174,High,30.13832072022484,407,Other,2: Good,Canada_boreal,47.60783318310591,-94.86758880323707
2273,Red Rock Falls,Canada,Mississagi,1961,444.00000000000006,318.57221428959076,High,13.93844950469279,205,Hydroelectricity,3: Fair,Canada_boreal,46.328623131508756,-83.30073900209783
10868,KICKING HORSE,United States,FEEDER CANAL,1930,262.0,322.10461115841326,High,8.135380494347759,927,Other,3: Fair,Canada_boreal,47.462194999807615,-114.07283816655342
2201,Hibtac Western,United States,Rock Lake Creek,1978,944.5,324.66972052507975,High,29.092390674140418,458,Pollution control,3: Fair,Canada_boreal,47.50838984181586,-92.98404328076138
2291,Sourdnahunk Dam,United States,Nesowadnehunk Stream,1930,535.7,328.21285758251605,High,16.321800802255826,416,Hydroelectricity,2: Good,Canada_boreal,46.04060591367638,-69.09556912456797
2228,Potato Lake,United States,Fish Hook River,1939,796.6,330.80715643918495,High,24.08161898900316,434,Other,4: Poor,Canada_boreal,47.00209657841762,-95.0526085516879
2275,East Battle Lake,United States,Trib. Otter Tail River,1937,959.0,332.17851553627304,High,28.871068678699086,404,Other,4: Poor,Canada_boreal,46.29074316208252,-95.55760860011274
2276,Long Lake Upper,United States,Nokaysippi River,1936,490.9,332.78721473395973,High,14.751875462434702,359,Other,4: Poor,Canada_boreal,46.28025219254212,-94.08574957162371
2199,Willow Creek,United States,Willow Creek,1910,548.2,341.2418700146453,High,16.06510475959281,1258,Irrigation,2: Good,Canada_boreal,47.557481584059836,-112.44844651827366
2195,Sturgeon Lake,United States,Sturgeon River,1936,677.8,343.6759818050084,High,19.720721284849628,415,Recreation,4: Poor,Canada_boreal,47.67983020642029,-93.05054358927481
2227,Little Bemidji Lake,United States,Otter Tail River,1938,660.3,345.2690452298332,High,19.122972973327244,455,Other,2: Good,Canada_boreal,47.076117863104884,-95.53667064958458
2285,Ten Mile Lake,United States,Pomme de Terre River,1937,796.3,348.17020142215176,High,22.87123839347385,360,Other,3: Fair,Canada_boreal,46.132669623888496,-95.96981348532985
2253,Prairie Lake,United States,Pelican River,1936,354.8,348.6133662933212,High,10.178063612490986,397,Other,3: Fair,Canada_boreal,46.60033757019321,-96.072022876649
2222,White Earth Lake,United States,White Re River,1937,787.1,350.7830561101079,High,22.439180837803704,439,Other,4: Poor,Canada_boreal,47.127289587059224,-95.75513207386679
2165,Wahleach,Canada,Wahleach,1953,484.70000000000005,355.52855152723873,High,13.633354584278516,632,Hydroelectricity,2: Good,Canada_boreal,49.228072766803216,-121.61443990958358
2224,Warhorse Dam,United States,Offstream Fords Creek,1911,364.0,355.71696867088986,High,10.233527188114007,950,Irrigation,3: Fair,Canada_boreal,47.12002314872709,-108.54976895319456
2182,Twin Lakes,United States,Stranger Creek,1931,703.5999999999999,365.75565465621054,High,19.23650662089875,783,Irrigation,2: Good,Canada_boreal,48.27419982699297,-118.38433362784926
2218,Arrowwood Dam,United States,James,1937,645.5,386.25080725013805,High,16.712185578289294,435,Other,2: Good,Canada_boreal,47.289118299729914,-98.83795264490882
2209,Ninepipe Reservoir,United States,Trib. Dublin Gulch,1923,421.1,401.9464798104811,High,10.476811264036039,914,Irrigation,3: Fair,Canada_boreal,47.44233040466991,-114.11890670400626
2142,Pocaterra,Canada,Kananaskis,1955,850.2,440.6762347416738,High,19.292082531291666,1698,Hydroelectricity,4: Poor,Canada_boreal,50.618271338346986,-115.15476460400862
2213,Deer Lake,United States,Deer River,1938,484.40000000000003,448.77648308892617,High,10.793324580713362,397,Other,5: Unreliable,Canada_boreal,47.397233464718205,-93.6896124365705
7748,WHITETAIL DAM,United States,WHITETAIL CREEK,1921,898.7,450.8307008043458,High,19.934670030581753,2211,Irrigation,3: Fair,Canada_boreal,46.08718065282048,-112.27751378083154
2215,Keechelus Lake,United States,Yakima River,1916,922.0000000000001,455.69587554375676,High,20.233841326759254,758,Irrigation,2: Good,Canada_boreal,47.34970208575924,-121.36873671079496
2278,Harrington Lake Dam,United States,Duck Brook,1930,532.4,462.7401068144849,High,11.506362379126,291,Hydroelectricity,2: Good,Canada_boreal,46.17915795074009,-69.31464188372267
2217,Mud-Goose Lake,United States,Leech Lake River,1960,534.7,479.2863834790784,High,11.156122850431467,386,Other,4: Poor,Canada_boreal,47.25643286524206,-93.96434637187468
2136,Gibraltar,Canada,,1998,745.3000000000001,479.4148906195264,High,15.545747137051663,1020,Other,3: Fair,Canada_boreal,52.559967551443556,-122.262739797699
2247,Lake Helena,United States,Prickly Pear Creek,1972,767.6,493.7659473123511,High,15.544908669847775,1110,Water supply,3: Fair,Canada_boreal,46.6962349295995,-111.93186594499961
2146,Natalie Lake,Canada,Winnipeg,1931,896.7,504.27596720974157,High,17.782009042157362,270,Hydroelectricity,3: Fair,Canada_boreal,50.123864228354854,-95.98330011639261
2241,Pine Mountain Lake,United States,Pine River,1936,619.5,514.2203801245702,High,12.047159549888185,400,Other,5: Unreliable,Canada_boreal,46.82324123905687,-94.53307905702609
2270,Blanche Lake,United States,Trib. Otter Tail River,1938,488.90000000000003,523.3398100532492,High,9.341853474664074,401,Other,4: Poor,Canada_boreal,46.347861376990735,-95.65903314972046
7739,WILD RICE LAKE,United States,BEAVER RIVER,1907,973.4,524.9955782300137,High,18.54159882438032,415,Multipurpose,3: Fair,Canada_boreal,46.89281872820065,-92.18311539163444
2188,Deer Creek,United States,Deer River,1936,743.0,528.4196765812864,High,14.060784327063388,405,Flood control,3: Fair,Canada_boreal,47.83530715487091,-93.38204821484493
2226,Splithand Lake,United States,Splithand Creek,1938,540.8000000000001,533.9137942822529,High,10.12954985964663,381,Other,4: Poor,Canada_boreal,47.06012521935427,-93.48549087758063
2240,Lake Independence Dam,United States,Iron River,1913,808.2,535.6288563031346,High,15.08850587720253,187,Other,2: Good,Canada_boreal,46.80560500718321,-87.69791278185723
2271,Deadmans Basin Dam,United States,Trib. Musselshell River,1941,697.4,544.4965248222896,High,12.807946231946508,1186,Irrigation,2: Good,Canada_boreal,46.34355701131034,-109.42471833807988
2244,White Pine Mine North Tailings Dam 2,United States,Native Creek,1971,766.8000000000001,562.5900997892452,High,13.629579357863623,252,Pollution control,4: Poor,Canada_boreal,46.77563044751795,-89.53145089254782
2245,Melissa Lake,United States,Pelican River,1937,720.3000000000001,646.6766569090541,High,11.138225583804395,403,Other,3: Fair,Canada_boreal,46.742395964773436,-95.89726014444125
2252,Little Pine Lake,United States,Otter Tail River,1933,817.5000000000001,677.681879109618,High,12.063005826473905,403,Other,4: Poor,Canada_boreal,46.634481793600834,-95.5565099578277
4097,Uchkurgan 1,Kyrgyzstan,Naryn,1964,308.70000000000005,109.94806932154592,Low,28.074928326163295,536,,3: Fair,Central_Asia,41.22401510939017,72.18604657358841
4331,Golovnaya,Tajikistan,Vakhsh,1963,267.3,165.5350526600841,Med,16.146286047378666,484,,3: Fair,Central_Asia,37.89997494613183,68.96536991687562
4110,Akhangaran,Uzbekistan,Akhangaran,1978,291.5,207.1670669315031,Med,14.069617495236667,1044,,2: Good,Central_Asia,41.05895576120294,70.23130489115935
7074,Sangtuda I,Tajikistan,Vakhsh,2009,813.5999999999999,236.72445619452836,Med,34.369313606334195,516,Hydroelectricity,2: Good,Central_Asia,38.10119294648701,69.06447361460256
4279,Pachkamar,Uzbekistan,Guzardaria,1968,358.70000000000005,265.2518428724396,High,13.523353198878803,653,,3: Fair,Central_Asia,38.53048611050881,66.41334349262344
4156,Karkidansk,Uzbekistan,Kusavay,1967,672.7,297.75045532020005,High,22.594093321518574,614,,2: Good,Central_Asia,40.44453564509277,72.08973070039943
4161,Papanskaya,Kyrgyzstan,Akbura,1985,407.8,317.7210643545179,High,12.836279088839039,1256,,2: Good,Central_Asia,40.366741212708725,72.9124190695524
4019,Badam,Kazakhstan,Badam,1974,379.09999999999997,374.3270016582765,High,10.126906678760616,665,,2: Good,Central_Asia,42.219625808071804,69.76780240096119
4759,Yutan,China,Laixi,2011,462.0,61.42379514181413,Low,75.20869881549785,335,Irrigation,3: Fair,China,29.56540508133628,105.69544353739153
7117,Laodukou,China,Mashui,2009,453.4,62.43539418555958,Low,72.62544831831242,437,Hydroelectricity,2: Good,China,30.443197088101865,109.73210336221551
6991,Dahuashui,China,Qingshui,2007,373.09999999999997,66.28989644753023,Low,56.28917842503277,801,Hydroelectricity,2: Good,China,26.787065287955528,107.23863309277276
7146,Jinjiaba,China,Ganlong,2011,300.4,67.1499149245179,Low,44.74121032181269,378,Hydroelectricity,3: Fair,China,28.616729213618527,108.69062799369084
7189,Liyutang,China,Taoxi,2009,259.7,67.24021563884325,Low,38.621650939596655,396,Irrigation,2: Good,China,31.38848011305532,108.30039200928752
4689,Baoshi,China,Trib. Qu Jiang,1971,368.7,67.3620967154938,Low,54.73660072364903,482,Irrigation,3: Fair,China,31.074939937418087,107.96884991099732
7139,Baisha,China,Houxi,2006,503.0,68.27562536927145,Low,73.67712563195583,219,Hydroelectricity,2: Good,China,25.43861109414568,117.17075798820917
7176,Suofengying,China,Wujiang,2006,320.6,68.72111907824012,Low,46.65112555991013,775,Hydroelectricity,2: Good,China,26.920946871496184,106.35421911270365
7243,Wanjiakouzi,China,Gexiang,2011,384.2,69.30943270830937,Low,55.42539645919494,1330,Hydroelectricity,3: Fair,China,26.22946001507035,104.5353875777364
7172,Shiyazi,China,Hongjiadu,2010,529.5,71.84603137314954,Low,73.70544551634873,462,Hydroelectricity,2: Good,China,28.592669517518623,107.93188316719711
4865,Qinshan,China,Muyang,2001,511.2,72.99051068246186,Low,70.03310865078447,717,Hydroelectricity,3: Fair,China,27.226724708462307,119.26952847444306
4648,Heiwuwan,China,Trib. Yun Shui,1958,335.3,75.68619255683204,Low,44.298693207021984,112,Flood control,3: Fair,China,31.892797580864023,113.11894434094673
7138,Baishahe,China,Baisha,2011,456.9,77.82683532604193,Low,58.705293408327414,375,Hydroelectricity,2: Good,China,32.062740175835565,109.89119433987572
4990,Baidonghe,China,Baidong He,1958,255.10000000000002,77.87319206087854,Low,32.752090414312164,142,,2: Good,China,23.83627122250014,106.87723950680723
4383,Muyu,China,Wulong He,1960,282.0,79.47449498148652,Low,35.477937192048664,72,Irrigation,3: Fair,China,37.076778518503055,120.72448530596834
7191,Lechangxia,China,Wujiang,2010,497.1,79.70600618822168,Low,62.36988749573594,112,Hydroelectricity,3: Fair,China,25.26771237752872,113.24221041347522
7181,Wanmipo,China,Youshui,2004,939.8999999999999,80.61203394619615,Low,116.59964790895847,223,Hydroelectricity,2: Good,China,28.819356127366778,109.4160737150294
7008,Dongba,China,Xiyang,2006,596.5,81.07927894753657,Low,73.57384756706853,376,Hydroelectricity,2: Good,China,24.11830232883304,105.59426631165454
7190,Linhekou,China,Lan,2004,310.8,81.56058489666096,Low,38.10517411353776,443,Hydroelectricity,2: Good,China,32.28705881968747,108.95039690547301
4731,Shuanghe,China,Trib. Qu Jiang,1959,281.0,82.63350936085271,Low,34.010750197000455,310,Irrigation,3: Fair,China,30.169335610537956,106.40790186715176
4745,Shangyou,China,,1958,280.1,83.06156990411652,Low,33.72453612222211,413,Irrigation,3: Fair,China,29.79903706191834,105.61801607852466
4734,Zhaoyang,China,,1976,329.8,84.38583589175694,Low,39.077574049227344,434,Irrigation,3: Fair,China,30.073388566762755,105.1918640871015
7193,Zhouba,China,Mabian,2007,850.9000000000001,84.84210963615236,Low,100.29805543942624,391,Hydroelectricity,2: Good,China,29.041441722543198,103.72610588310093
4737,Liangcha,China,,1984,337.59999999999997,85.1222358451439,Low,39.66246951712706,415,Irrigation,3: Fair,China,29.961093497754852,106.80225503000536
4994,Dahongjiang,China,Pingzhi He,1961,259.8,85.30316201187163,Low,30.458951057052783,271,,2: Good,China,23.761807643583825,107.50627026733726
4769,Qixi,China,Qu Jiang,1987,354.7,85.80280628395609,Low,41.336901150419514,290,Irrigation,3: Fair,China,29.410361545616475,118.33269093361132
4730,Laoyingyan,China,Jiuqu He,1964,296.5,86.15310091601148,Low,34.41559952017874,400,Irrigation,3: Fair,China,30.186641022452196,104.5076421740445
7217,Shankouyan,China,Yuan,2012,275.4,86.37633864313591,Low,31.885885056627192,193,Hydroelectricity,2: Good,China,27.56667269509728,114.0295498003545
7011,Dongwuyuan,China,Jianhe,2000,934.9,87.01859608902392,Low,107.43706202131916,207,Hydroelectricity,4: Poor,China,33.00664006020561,110.01401362626297
5008,Xianhu,China,Trib. Yu Jiang,1960,957.3000000000001,89.08177697367191,Low,107.46286913402001,167,Irrigation,3: Fair,China,23.39683489769472,108.0701709648187
7218,Shimen,China,Guan,2003,292.9,91.29332569768474,Low,32.08615306610889,257,Hydroelectricity,3: Fair,China,33.40760290102595,111.47756316480967
4698,Jiguang,China,Trib. Pei Jiang,1978,568.4,92.26350774817313,Low,61.60614332169789,477,Irrigation,3: Fair,China,30.850464191354803,104.81503523704664
4738,Longjiang,China,,1980,485.70000000000005,92.90273843745886,Low,52.28424427863716,392,,3: Fair,China,29.92710777400279,105.04303757297441
7201,Yinpan,China,Wu,2011,258.40000000000003,94.21909928565542,Low,27.42229637360374,188,Hydroelectricity,3: Fair,China,29.318141471148977,107.92544526975777
6982,Baixi,China,Baixi,2001,275.7,94.44184022034487,Low,29.197638851846264,88,Irrigation,2: Good,China,29.22013811552614,121.23397996143598
7219,Shiti,China,Youshui,2007,519.1,94.48975862157236,Low,54.93980078154951,262,Hydroelectricity,3: Fair,China,28.824289399676694,109.15342779925699
4951,Lubuge,China,Trib. Nanpan Jiang,1990,407.4,95.51898655618793,Low,42.65440886878006,960,Hydroelectricity,3: Fair,China,24.880446001215812,104.59548985220395
7105,Huanghuazhai,China,Getu,2008,308.9,95.95740028204077,Low,32.187844642398495,729,Hydroelectricity,2: Good,China,25.663507076188306,106.39863776242505
4988,Huashan,China,Gushui He,1994,344.8,95.9696821491788,Low,35.9259064282976,227,Hydroelectricity,4: Poor,China,23.897588946466595,112.59116383714914
7197,Yunpeng,China,Nanpan,2007,859.0999999999999,97.47591068857223,Low,88.1311910970239,841,Hydroelectricity,2: Good,China,24.374799699414307,103.89531246751073
4671,Guanyinyan,China,Huan Shui,1966,255.39999999999998,98.60295890638173,Low,25.899615020985475,102,Irrigation,3: Fair,China,31.33799560426189,114.14818963515056
4991,Shuangdao,China,Taiping He,1992,432.8,98.68496514304074,Low,43.85911763037048,84,Hydroelectricity,2: Good,China,23.840298199692917,111.42828933813209
4723,Paomatan,China,Trib. Pei Jiang,1960,478.0,98.8180966661937,Low,48.3676880268898,299,Irrigation,3: Fair,China,30.296532455008688,105.30286175576434
7013,Eping,China,Huiwan,2006,420.5,99.20820219130533,Low,42.3891737776292,465,Hydroelectricity,2: Good,China,32.1922875862133,109.66771083391643
7215,Siping,China,Fenqing,2005,587.9,99.91670841087192,Low,58.84046541257173,252,Hydroelectricity,2: Good,China,31.961318168362276,111.04288523782343
4656,Sandaohe,China,Man He,1966,380.1,100.17031691705945,Low,37.94511465550182,148,Flood control,3: Fair,China,31.77090500522461,111.7850898610242
4603,Shimen,China,,1975,424.5,100.98065835581953,Low,42.03441807526681,572,Irrigation,3: Fair,China,33.26267380709504,106.94264679219695
4640,Fengjiangkou,China,Jue Shui,1960,869.1,101.16672343292534,Low,85.90476993026029,119,Irrigation,3: Fair,China,32.010701651166734,113.37207843246087
7175,Sinanjiang,China,Sinan,2008,683.0,102.05957767673455,Low,66.91699669025347,842,Hydroelectricity,2: Good,China,23.120810860248696,101.9165392016295
4872,Niuxingshan,China,Trib. Zheng Shui,1960,378.4,102.18661838475289,Low,37.0345029187651,111,Irrigation,3: Fair,China,26.941539278250065,112.2110511621899
7104,Hongkou,China,Huotong,2008,722.7,103.2714726782408,Low,69.98410530309825,74,Hydroelectricity,2: Good,China,26.899046654593388,119.28682198845935
4968,Luodong,China,Long Jiang,1971,842.3,103.46478894245973,Low,81.40938467509169,120,,3: Fair,China,24.508636141934204,108.70434320073363
6984,Bashan,China,Renhe,2009,502.79999999999995,103.74115364604614,Low,48.46483126491124,579,Hydroelectricity,2: Good,China,32.062023562007994,108.50121438817322
7208,Xihe,China,Hanjiang,2006,944.6,103.81616286200058,Low,90.98539147984704,332,Hydroelectricity,2: Good,China,32.919792786015286,108.25261054956067
4983,Fengtou,China,Zhang Jiang,1977,284.3,104.7024624188776,Low,27.15337703894314,62,,3: Fair,China,24.074452848337774,117.28589742617093
4748,Maoba,China,,1979,266.29999999999995,104.75247045867864,Low,25.418411033657772,451,Irrigation,3: Fair,China,29.772490278307004,103.96706879336486
4979,Yangmei,China,Dengfan He,1977,267.8,105.21384001247131,Low,25.45073557546262,63,,2: Good,China,24.261888174628126,117.85927982648012
7214,Sanliping,China,Nanhe,2011,715.0,105.23439456933342,Low,67.94103816089557,313,Hydroelectricity,2: Good,China,31.8937037549885,110.95745610713723
4853,Liujiaping,China,,1986,284.2,105.46685417744378,Low,26.94243084664994,1171,Hydroelectricity,3: Fair,China,27.489034308305918,110.65257848886347
4993,Huanglongdai,China,Fenxi Shui,1979,745.6,106.820934964188,Low,69.79581061533118,161,Hydroelectricity,3: Fair,China,23.787656718693206,113.74144447303878
4909,Zheya,China,Shufu Jiang,1999,337.0,107.38078273481841,Low,31.383611567742097,508,,3: Fair,China,25.80744630099511,118.29949326307354
4705,Huilong,China,Trib. Qu Jiang,1959,257.8,108.01596534306621,Low,23.86413327586314,426,Irrigation,3: Fair,China,30.732001647801287,106.54552230381246
7171,Shimenkan,China,Lixian,2010,438.5,108.02363367637143,Low,40.59403594688624,697,Hydroelectricity,2: Good,China,23.07045175475466,101.48875637585265
4761,Huanghezhen,China,,1960,353.4,108.3727518409253,Low,32.608564278300044,336,,3: Fair,China,29.54622223078175,104.91489639340195
7178,Tengzigou,China,Maija,2006,268.6,109.23149622449827,Low,24.589115395113787,685,Hydroelectricity,2: Good,China,30.09269929580287,108.2304087774388
7010,Dongping,China,Zhongjian,2006,338.6,109.26731877739931,Low,30.99186229146186,399,Hydroelectricity,2: Good,China,30.114691735277113,109.61410149075418
4892,Puding,China,Sancha He,1993,816.3000000000001,110.81662976371518,Low,73.66555340467626,1139,Hydroelectricity,3: Fair,China,26.378640786824402,105.74581572930377
4914,Xihe,China,Qu Jiang,1978,321.20000000000005,110.82848080680104,Low,28.985326760002135,1902,,3: Fair,China,25.589970362634684,103.71039307384082
5004,Huangshandong,China,Mapi He,1961,353.90000000000003,111.49644239796513,Low,31.73738027486442,82,Irrigation,3: Fair,China,23.579016740893156,114.52888753265972
7156,Nansha,China,Honghe,2008,749.0999999999999,111.99101630412387,Low,66.88706557134027,224,Hydroelectricity,2: Good,China,23.281184283520716,102.74861363237852
6979,Bailianya,China,Dongpi,2007,531.4,112.03841688148992,Low,47.43213262534871,147,Flood control,2: Good,China,31.235350739760026,116.14823012398244
7113,Jishixia,China,Yellow,2011,713.4000000000001,112.53142782376496,Low,63.395292728543474,1804,Hydroelectricity,2: Good,China,35.839530180263615,102.59728747600741
4842,Changtangang,China,Tuo Jiang,1972,401.6,112.90222266977865,Low,35.567628528755776,181,,3: Fair,China,27.885810468514393,109.67520236615228
7106,Jiankou,China,Wu,2004,755.9,113.2874178028084,Low,66.72208300772908,212,Hydroelectricity,2: Good,China,29.19069299823226,107.86681941406961
4937,Songhuaba,China,Jinsha,1958,824.6,113.50157196159078,Low,72.64911917724672,1956,Flood control,3: Fair,China,25.165745648498945,102.81108022004928
6985,Buxi,China,Yazhui,2011,518.9,113.54542112908345,Low,45.69686922068527,3229,Hydroelectricity,3: Fair,China,28.212454771520886,101.18038545947793
4751,Changshaba,China,Weiyuan He,1971,313.0,113.57452854423784,Low,27.55989624618317,492,,3: Fair,China,29.71444046217245,104.63241621396398
4612,Bikou,China,Bailong Jiang,1976,717.5,114.90804880958014,Low,62.44260874354309,707,Hydroelectricity,3: Fair,China,32.7803265235902,105.15808035610445
4681,Weidoushan,China,Ju Shui,1961,503.4,115.64915840698414,Low,43.52514114535791,65,Irrigation,3: Fair,China,31.195677051918825,114.74721915344324
7203,Yayangshan,China,Babian,2006,761.8000000000001,115.70938439919371,Low,65.84119625650793,792,Hydroelectricity,2: Good,China,23.141517461196564,101.3482270594054
4959,Changtan,China,Trib. Mei Jiang,1987,838.1,115.841152924634,Low,72.34641258218814,150,,3: Fair,China,24.75363336936128,116.1072621694611
4726,Shufangba,China,Trib. Pei Jiang,1975,704.6,116.0444306540594,Low,60.72234246360669,328,Irrigation,3: Fair,China,30.234674236774328,105.24142227316842
4818,Xiakou,China,Jianshangan,1973,418.29999999999995,116.21733382854838,Low,35.99098424998823,222,,3: Fair,China,28.461818190563513,118.5667351897223
5020,Longtan,China,Long Jiang,1960,279.4,116.48722076017128,Low,23.985033364936605,67,,2: Good,China,23.115123765791452,115.89129554591696
4558,Longbo,China,Lianchan He,1973,364.2,118.3582840260224,Low,30.77133891085584,452,Irrigation,4: Poor,China,34.614950946879915,111.63116714334815
4831,Shitang,China,Ou Jiang,1989,518.6,119.44588548841398,Low,43.42110175870977,103,,3: Fair,China,28.19840131444251,119.61633383748321
4785,Gongchanzhuyi,China,Trib. Lean Jiang,1960,728.8000000000001,121.95707078011482,Med,59.75908259728951,66,Irrigation,3: Fair,China,29.16843173456396,117.40353144516605
4733,Beihe,China,Bei He,1970,361.3,122.13319347377215,Med,29.580049312643137,125,,2: Good,China,30.144715685376838,111.58569398777615
4830,Juntan,China,Fengxi,1973,324.40000000000003,123.99974398426166,Med,26.164912299356885,208,Hydroelectricity,3: Fair,China,28.247476676913696,118.27098108519348
4859,Muguashan,China,Xiyang Jiang,1981,296.5,124.76710840401078,Med,23.762592245830987,465,Flood control,3: Fair,China,27.384847855497902,110.80334787885612
4727,Baihe,China,,1968,256.1,124.87115112980648,Med,20.505532909139593,281,Irrigation,3: Fair,China,30.24088076414751,106.06522571661888
7148,Malutang,China,Panlong,2009,775.3,125.34129865191004,Med,61.85432018651868,509,Hydroelectricity,3: Fair,China,23.01109852947641,104.68162866852911
4680,Xingfu,China,Trib. Qu Jiang,1979,420.9,125.96933343143665,Med,33.40919199523595,370,Irrigation,3: Fair,China,31.183606869949017,106.5437586228906
7153,Miaojiaba,China,Bailong,2011,805.5,126.13902242056066,Med,63.856123469704585,723,Hydroelectricity,2: Good,China,32.95584878395813,104.9498920911302
7152,Maoergai,China,Heishui,2012,888.0000000000001,127.23726671454581,Med,69.79349030510058,2013,Hydroelectricity,2: Good,China,32.10255165007641,103.1874821944095
7180,Tongwan,China,Yuanshi,2007,959.4,128.6716101540886,Med,74.56570167882512,134,Hydroelectricity,2: Good,China,27.448339741878353,110.2354870654346
4632,Beishan,China,,1958,306.2,129.08642553828312,Med,23.718656869129397,49,Irrigation,3: Fair,China,32.08959716174392,119.17618530268086
4627,Huohe,China,Trib. Du He,1983,400.8,129.67428543367728,Med,30.907517300676453,333,Flood control,2: Good,China,32.17419343563945,110.2689685935591
4845,Chetianjiang,China,,1979,751.5,131.053586897141,Med,57.34383818301358,490,Irrigation,3: Fair,China,27.85126426686479,111.61107333259808
5017,Wushantou,Taiwan,Offstream Kuantien,1930,557.9,131.59790508223585,Med,42.39299198461249,59,,2: Good,China,23.20079110713156,120.38814061388223
4322,Fenhe 2,China,Fen He,2000,304.8,132.38598997478408,Med,23.024483364645135,864,,3: Fair,China,37.965094543777056,112.35178846948148
4654,Xianjuemiao,China,Trib. Yun Shui,1960,802.5,132.4647197831281,Med,60.581268328100386,98,Irrigation,3: Fair,China,31.81390562246982,113.55172525187652
6983,Guandi,China,Yalong,2012,877.1000000000001,132.64253541088152,Med,66.12608753825698,1221,Hydroelectricity,2: Good,China,27.905300538558752,101.85962678305233
5000,Jintian,China,Zijing He,1957,265.4,132.6536375910549,Med,20.008910631979088,97,,2: Good,China,23.64098928201629,110.0385840555757
7025,Gaixiaba,China,Changtan,2012,555.8,133.17388890243592,Med,41.731547456993816,280,Hydroelectricity,3: Fair,China,30.716769288154143,109.01263306118771
7212,Qincun,China,Huang,2012,660.2,134.7688306301403,Med,48.989600737567706,58,Water supply,3: Fair,China,29.495349426576347,121.0244931228677
4920,Xiaoxiang,China,Trib. Nanpan Jiang,1958,270.0,134.97788982022328,Med,20.00465878709216,1915,,3: Fair,China,25.450881456684737,103.74915648777284
4939,Wutan,China,Daluoxi,1960,404.0,135.3441220194178,Med,29.8516818831789,73,,2: Good,China,25.09529545445365,118.57971610536941
4766,Qingshan,China,Qingshan He,1973,939.4,135.3999421963441,Med,69.38087021084536,114,Flood control,3: Fair,China,29.392799819170257,114.03777398355611
4668,Gudongkou,China,Xiangxi,1999,300.7,135.8843621539751,Med,22.128359999764697,301,Hydroelectricity,3: Fair,China,31.387138626397192,110.7531337968758
4754,Tingxia,China,Yong Jiang,1985,308.9,136.99747616641872,Med,22.54946336605226,76,,2: Good,China,29.654721888619704,121.20246450387563
4728,Longping,China,Longping He,1963,409.5,137.15836758415406,Med,29.857990060597114,55,Irrigation,3: Fair,China,30.20225591763434,115.90166780706363
4893,Baiyun,China,Wu Shui,2006,761.7,139.2800395525744,Med,54.68557295035459,520,Hydroelectricity,3: Fair,China,26.295745360368812,110.34343750576659
7162,Panshitou,China,Qihe,2004,594.6,139.33545247749606,Med,42.674826528587104,188,Flood control,2: Good,China,35.83582268887945,114.02704261189588
4767,Nanshan,China,Trib. Caoe Jiang,1973,344.9,139.3700697253108,Med,24.745431350792014,117,Irrigation,3: Fair,China,29.40569916620264,120.59091315002107
4670,Zhengjiahe,China,Yuan Shui,1970,901.5,139.58184707703998,Med,64.58488467164867,97,Irrigation,3: Fair,China,31.36361658711064,113.26508631722744
4799,Huangtankou,China,Lan Jiang,1958,746.5,140.5695410914264,Med,53.10543126725371,118,,3: Fair,China,28.786409896857567,118.85955126717924
4817,Taihu,China,Trib. Jiao Jiang,1962,325.2,140.84153069978098,Med,23.09123912411624,26,Irrigation,2: Good,China,28.48968683856624,121.22265971174497
4756,Hulukou,China,Weiyuan He,1979,263.4,141.19536480462875,Med,18.655358300931574,410,Irrigation,3: Fair,China,29.631719780660365,104.62125788510718
4462,Bapanxia,China,Huang He,1975,495.3,141.93110132729183,Med,34.89915733168996,1578,,3: Fair,China,36.10013488811451,103.34144151178931
4690,Xibeikou,China,,1990,657.9,143.36272796790905,Med,45.892234464286666,307,Irrigation,3: Fair,China,31.074028642233344,111.3370622471296
4716,Shipan,China,,1979,700.8,143.8232880700671,Med,48.723549283524726,453,Irrigation,3: Fair,China,30.509562931716353,104.39784912083337
4995,Liuxihe,China,Liuxi He,1958,943.3,144.77335760827532,Med,65.15412681862863,177,Hydroelectricity,4: Poor,China,23.77118290094253,113.79338638192729
4768,Mengquan,China,Dao Shui,1975,544.2,145.34960104399914,Med,37.44262438428113,123,,3: Fair,China,29.421434931897313,111.36081923467239
4998,Longjing,China,Trib. Rong Jiang,1960,739.0,145.79048814778784,Med,50.68887451049012,88,Irrigation,4: Poor,China,23.669833883707838,116.06080139339053
4687,Meidian,China,Trib. She Shui,1969,769.6,146.4212710952467,Med,52.557638436641575,60,Irrigation,3: Fair,China,31.20394686191619,114.3060606375304
4742,Jiaokou,China,Fenghua Jiang,1975,255.50000000000003,146.8140161760164,Med,17.406326038375788,66,,2: Good,China,29.843421398306823,121.2541260585213
4981,Changhu,China,Weng Jiang,1972,819.3,147.43343686050275,Med,55.56858043279195,58,Hydroelectricity,3: Fair,China,24.149846314450752,113.50912213074369
4856,Yudong,China,Juluo He,1997,709.6,147.80375002302372,Med,48.01089713722264,1976,Irrigation,2: Good,China,27.441967010149078,103.52412009304189
7167,Qiaoqi,China,Baoxing,2006,302.9,148.4257262264022,Med,20.405217779393688,2043,Hydroelectricity,2: Good,China,30.708262870878617,102.74427261529625
4800,Qiyi,China,Xin Jiang,1958,445.09999999999997,149.28734596966737,Med,29.813411672042893,146,Irrigation,3: Fair,China,28.830512594375758,118.2491626476228
4732,Meichuan,China,,1959,264.1,150.60061120839606,Med,17.53628303833791,67,Irrigation,3: Fair,China,30.161436349520798,115.62727480489039
7213,Qingshanzhui,China,Longchuan,2009,514.5,153.0511211936644,Med,33.61320786399406,1793,,3: Fair,China,25.127359545120456,101.45838777937453
4783,Sanxikou,China,,1962,753.9,153.8766342773762,Med,48.99479024404581,368,Irrigation,3: Fair,China,29.186311412061876,105.68409579404799
4789,Lishimen,China,Shifengxi,1978,917.3,154.0656655703545,Med,59.5385947267654,175,Irrigation,3: Fair,China,29.059141925099734,120.73667020154288
4989,Fenghuang,China,,1969,347.8,154.6547796065858,Med,22.489088410925838,320,,3: Fair,China,23.907115343023545,116.65293404672012
4691,Mingshan,China,Trib. Ju Shui,1959,773.4,157.55916028071496,Med,49.0860173790207,90,Irrigation,3: Fair,China,31.017751083907932,115.10437293627359
4792,Jinlan,China,Baishaxi,1960,599.3000000000001,158.22229326300717,Med,37.87721113664557,117,Irrigation,3: Fair,China,28.97226792994604,119.48047829722847
4807,Muxi,China,,1960,798.1,159.57995107949412,Med,50.01463198058165,27,Irrigation,3: Fair,China,28.637310914157187,116.79242123763458
4874,Longxiqiao,China,,1960,253.29999999999998,162.10719980704465,Med,15.625282276246597,120,Flood control,3: Fair,China,26.874331043569697,112.98787815216482
4915,Shibikeng,China,Gong Jiang,1973,568.3,163.33040672889499,Med,34.79349165862557,198,Hydroelectricity,3: Fair,China,25.55800762010597,115.83662284668797
4722,Diaoyutai,China,Erlang He,1973,254.6,165.8723854240073,Med,15.349377092763723,82,,2: Good,China,30.357419016979527,115.98682309546817
4941,Chaishitan,China,Nanpan Jiang,1999,401.99999999999994,167.45119966678982,Med,24.00663104881077,1562,Irrigation,3: Fair,China,25.007634465302914,103.31140893329085
4625,Shiti,China,Sha He,1967,264.2,168.45209408102698,Med,15.686448651672883,192,,2: Good,China,32.23689668949601,113.0285725795333
4444,Tunjiang,China,Jiang He,1958,284.90000000000003,169.33595488330624,Med,16.82605841939831,967,,2: Good,China,36.31455751386876,112.68850053460329
4684,Shimen,China,Ge He,1956,693.1,169.53979959928375,Med,40.88318127948206,86,,3: Fair,China,31.149656341463412,112.76489764582844
4694,Shilong,China,,1953,416.3,169.69651851820925,Med,24.532245294513444,63,Irrigation,3: Fair,China,30.955841170271878,112.8829954179735
4630,Tianhekou,China,Jue Shui,1996,733.1999999999999,170.1206122613154,Med,43.10157477610539,181,Irrigation,3: Fair,China,32.16822942819273,113.48420601425521
4683,Bailin,China,Trib. Qu Jiang,1958,322.0,171.91121523251422,Med,18.73236361576454,407,Irrigation,3: Fair,China,31.17700929231637,106.96308759280747
4194,Qiuzhuang,China,Trib. Jiyun He,1960,460.29999999999995,171.9729552117058,Med,26.764068690318528,60,Flood control,3: Fair,China,40.00522136490104,118.14137247903248
4895,Qingshanlong,China,Yongle Jiang,1971,544.4,172.47491251316046,Med,31.56118292435722,235,Irrigation,3: Fair,China,26.265548470330263,113.42022666157466
4763,Shibi,China,Puyang Jiang,1992,367.8,173.947360623343,Med,21.145923056570453,91,,3: Fair,China,29.46731599008859,120.3450806699454
4649,Wuyue,China,Zai He,1970,765.7,174.42937578256993,Med,43.895822345759264,87,Irrigation,3: Fair,China,31.85112320956124,114.6429503622131
4765,Changzhao,China,Xingzhang Jiang,1979,961.9,176.07165451796456,Med,54.63299497768795,129,,3: Fair,China,29.4172311840057,121.01981415977664
4398,Wangyao,China,Xingzi He,1972,973.0,176.68967479801213,Med,55.06816171215516,1174,Hydroelectricity,3: Fair,China,36.913587198937044,109.06404575750628
4676,Mozitan,China,Pi He,1959,429.5,176.927472505443,Med,24.274968600321344,173,Flood control,3: Fair,China,31.21600474606998,116.35463343131538
4653,Maoshan,China,,1959,267.3,177.7445251376943,Med,15.040393785118134,24,Irrigation,3: Fair,China,31.812030506563172,119.26139280281556
4858,Liuduzhai,China,Chenshui He,1984,592.8,177.8666969409781,Med,33.3293346096524,339,Irrigation,3: Fair,China,27.39499210333863,110.90299959709562
4704,Wumu,China,Trib. Qu Jiang,1960,950.2,178.03066216268468,Med,53.37356074886688,406,Irrigation,3: Fair,China,30.7482390692363,107.28634655289358
4901,Shuidong,China,Youxi,1995,660.9,179.80258243835306,Med,36.75461413030934,146,,3: Fair,China,26.1421521569466,118.19115362221959
4798,Shuangxi,China,Changluo Shui,1969,428.0,180.0588923680238,Med,23.76886421681404,163,,3: Fair,China,28.843966423465435,117.71351415352584
5013,Xiangang,China,Trib. Dong Jiang,1963,799.9,183.41596106945866,Med,43.60902362215181,19,,3: Fair,China,23.27149160516788,114.11628998915712
4836,Shenzihu,China,,1976,405.99999999999994,185.53754587087806,Med,21.88216694668467,268,,3: Fair,China,28.183489827673945,110.75455558599116
4275,Koutou,China,Shao He,1964,432.4,185.75289277303395,Med,23.27909960916322,197,Flood control,3: Fair,China,38.62548850843562,114.36746154767451
4641,Jurong,China,,1962,301.1,185.78355786943857,Med,16.206775794927587,24,Irrigation,3: Fair,China,31.981406353231613,119.203148569041
4922,Youluokou,China,Zhang Shui,1969,920.3,186.08222699643366,Med,49.45588318324465,207,Flood control,3: Fair,China,25.348971503766982,114.2760005668492
4457,Daxia,China,Huang He,1997,284.3,186.30653229696517,Med,15.259292604369927,1482,Irrigation,4: Poor,China,36.16982634816606,104.00440185927394
4634,Huayanghe,China,Gun He,1966,681.4,187.04099963306254,Med,36.43000107450289,140,Irrigation,3: Fair,China,32.08566042150485,112.94781335986484
4821,Yanwutan,China,Nanxi He,1982,511.7,188.73514339711963,Med,27.11047072657256,156,,3: Fair,China,28.413109582119223,110.49401666099985
4459,Tianzhuang,China,Yi He,1968,795.3000000000001,189.11792965964912,Med,42.052741071064645,306,Irrigation,3: Fair,China,36.16868901416981,118.07917426637844
4718,Huayuan,China,Trib. Qihei,1970,371.20000000000005,189.12756270666682,Med,19.628321742172126,87,Irrigation,3: Fair,China,30.462999160669938,115.65568541053675
4837,Huangcai,China,,1965,888.1999999999999,190.30541558694645,Med,46.67306251902058,147,Hydroelectricity,3: Fair,China,28.15091676113627,112.05394274312505
4928,Jiulongdian,China,Trib. Jinsha Jiang,1959,312.9,190.38634728026457,Med,16.434072209551076,1903,Irrigation,3: Fair,China,25.237038456296574,101.40092461867079
4780,Hengjin,China,Dongyang Jiang,1964,975.4,192.46323936843726,Med,50.67733601616853,155,Irrigation,3: Fair,China,29.2328964736724,120.47553027816572
7154,Muceng,China,Lingshangang,2009,341.7,192.75371078899738,Med,17.725909139826317,148,Hydroelectricity,3: Fair,China,28.812771152270884,119.20721125078278
4952,Shihmen,Taiwan,Tahan,1964,553.8000000000001,193.5791341507284,Med,28.60864039395864,238,,2: Good,China,24.8097649100685,121.28755541299878
4894,Longtan,China,Lai Shui,1958,503.0,193.88009431120517,Med,25.94302483276499,207,,3: Fair,China,26.308641579992763,113.3227253983579
4703,Niuchehe,China,Trib. Ba Shui,1958,633.1999999999999,196.05604264376498,Med,32.29702426634548,71,Irrigation,3: Fair,China,30.741642770580928,115.0335298814918
4661,Yuntaishan,China,Man He,1966,707.0,196.19450604340295,Med,36.033146232191775,151,Irrigation,3: Fair,China,31.575106690641345,111.87772553995919
4810,Mingyangguan,China,Hengfeng Shui,1974,254.9,197.23713046162436,Med,12.925536263955731,227,Hydroelectricity,3: Fair,China,28.59765173504498,117.74856524031917
4660,Xiangshan,China,Huang He,1972,400.90000000000003,198.87839937558368,Med,20.159205473907594,156,Flood control,3: Fair,China,31.57586585206086,114.9052515643576
4784,Nanjiang,China,Nan Jiang,1995,751.0,200.56722700027078,Med,37.4424690706522,194,Irrigation,3: Fair,China,29.12085632647586,120.43780609731806
4808,Daduan,China,Trib. Xiu Shui,1998,724.2,201.8109569805815,Med,35.883567390901014,202,Hydroelectricity,3: Fair,China,28.630918659181834,114.52590065489949
4532,Xujiaya,China,Wenjin He,1959,911.5,202.58248155647993,Med,44.995208033434544,136,Irrigation,3: Fair,China,35.169934364437836,117.85326222879324
4806,Cangshan,China,Wang Shui,1959,418.29999999999995,203.36009742738102,Med,20.571464226655763,118,,3: Fair,China,28.660343124607785,111.62065615975402
4973,Dongfeng,China,Qu Jiang,1960,289.29999999999995,203.44444870797633,Med,14.220421046323295,1682,Water supply,3: Fair,China,24.359108010936026,102.59560780503507
4128,Youyi,China,Dongyang He,1964,422.70000000000005,205.97595405449314,Med,20.52100944804573,1189,Flood control,3: Fair,China,40.853431279998425,114.02396102254296
4495,Xiaoshiyang,China,Trib. Shu He,1959,819.9,206.98932483436755,Med,39.60854645192566,151,Irrigation,3: Fair,China,35.7495380938961,118.99028477906907
4835,Zhushuqiao,China,Xiaoxi He,1992,883.0,207.53132300277025,Med,42.54551486459394,128,Hydroelectricity,3: Fair,China,28.208831791697122,113.89728147895141
4908,Nanhe,China,,1973,731.7,209.21242235593408,Med,34.97463456066809,150,,3: Fair,China,25.79666074754377,114.47250054096678
4643,Shimenji,China,Man He,1970,814.1999999999999,210.25979417548268,Med,38.723124154209756,177,Irrigation,3: Fair,China,31.913959299442332,111.72585519549136
4256,Tianqiao,China,Huang He,1977,919.3,210.933794065405,Med,43.583532254806684,825,,3: Fair,China,39.1583337280229,111.16962658113482
4839,Gaofang,China,Trib. Xin He,1969,469.9,212.24400535387397,Med,22.14058159036335,111,Irrigation,3: Fair,China,27.926248994284453,116.86068943595703
4910,Haishao,China,Trib. Jinsha Jiang,1963,579.6999999999999,212.827121234982,Med,27.23679827108218,1628,Irrigation,2: Good,China,25.673423563146997,100.65219151258133
4904,Ridong,China,,1973,754.8,213.37454492252613,Med,35.376632862761994,255,,3: Fair,China,26.040482384253032,116.2264470305412
4647,Ershengqiao,China,,1960,575.8,215.17130097468493,Med,26.758534695941375,12,Irrigation,3: Fair,China,31.87127987151343,119.21002659371631
4778,Shantian,China,Trib. Xin Jiang,1960,593.7,217.73580646923588,Med,27.266084222744297,32,Flood control,3: Fair,China,29.276805558735145,117.06518594136821
4782,Bintian,China,,1960,831.9000000000001,218.3582034265536,Med,38.0971880141223,40,Irrigation,3: Fair,China,29.22831695622168,116.90840644100652
4779,Tongjiezi,China,Dadu He,1994,771.6999999999999,220.7960263887886,Med,34.9490368485252,469,Hydroelectricity,3: Fair,China,29.209920571863528,103.6206706015112
4714,Laoshikan,China,Xitiaoxi,1970,562.5,222.85031573553937,Med,25.241157932077723,108,Irrigation,3: Fair,China,30.53001469443442,119.45393899065104
4616,Boshan,China,Zhengtou He,1954,919.6,222.95037823103866,Med,41.247554040611234,107,Flood control,3: Fair,China,32.639194961118314,113.9246352871653
4881,Laoyingpan,China,,1983,742.4000000000001,223.53007697152572,Med,33.21175053961675,146,Irrigation,3: Fair,China,26.60314375244323,115.1624630545273
4832,Wuhu,China,,1958,654.8,226.23452599947387,Med,28.943129808440386,36,,3: Fair,China,28.203962554905694,116.95519785763025
4170,Dafengkou,China,Shi He,1974,401.40000000000003,226.76220055754365,Med,17.69935251749053,100,,2: Good,China,40.2377030415179,119.93051065642918
4174,Haizi,China,Trib. Chaobai He,1968,670.6,229.12060011126175,Med,29.26752630834069,100,Flood control,3: Fair,China,40.17130293298886,117.31858277681287
4472,Shagou,China,Shu He,1959,444.29999999999995,230.94343998005755,Med,19.2364874847014,228,Irrigation,3: Fair,China,36.048657030285305,118.62044268098741
4688,Tiantang,China,Trib. Ba Shui,1969,608.8,231.41239782923344,Med,26.307899421789735,282,Irrigation,3: Fair,China,31.101186131175528,115.6453287385485
4624,Hongshuihe,China,,1968,672.1,232.148004684217,Med,28.95224348488406,110,Flood control,4: Poor,China,32.29303288021888,111.85382377240225
4618,Jinniushan,China,,1959,892.4,232.48317272787824,Med,38.385023145236744,16,Flood control,2: Good,China,32.47978650124374,118.98962854083115
4429,Taihe,China,Xiaoqing He,1979,614.1,232.63860675180834,Med,26.399101615115924,220,Hydroelectricity,3: Fair,China,36.51347498260171,118.11842615719519
4673,Sanhekou,China,Yianjia He,1960,843.6,233.61974069605688,Med,36.10921099518069,140,Irrigation,3: Fair,China,31.348278119203187,115.2517891688936
4717,Datong,China,Trib. Qi He,1962,860.2,234.65888372015152,Med,36.65798748110392,117,Irrigation,3: Fair,China,30.519422793814336,115.78102363755043
4499,Hezhuang,China,Si He,1976,330.1,234.76831504263407,Med,14.062027917511346,140,Irrigation,3: Fair,China,35.62767372375877,117.54877837378962
7014,Fenshui Jiang,China,Fenshui,2005,941.4999999999999,240.7100398194094,Med,39.11436673609401,31,Hydroelectricity,3: Fair,China,29.984687442408482,119.41276557228116
4899,Shanzi,China,Ao Jiang,1996,532.4,244.93574910303272,Med,21.73665995140172,0,Hydroelectricity,4: Poor,China,26.228037894372022,119.58637712977755
4408,Shixiakou,China,Trib. Qingshui He,1959,697.9,245.3412317036113,Med,28.44726367667981,1453,,3: Fair,China,36.792574291234004,105.89449872845765
4757,Junmin,China,Tongjin He,1972,749.6,246.0259500428103,Med,30.467987715607467,70,Irrigation,3: Fair,China,29.596949797737555,116.9350018839343
7033,Hei Quan,China,Baoku,2000,447.40000000000003,247.80967780052063,Med,18.053567592416837,2819,Hydroelectricity,4: Poor,China,37.22856656140626,101.50762948245018
4426,Houwuan,China,Zhangwei He,1960,491.5,248.4885467739248,Med,19.7793299509793,912,Flood control,3: Fair,China,36.56842626636972,112.79717488749915
4867,Fuhuashan,China,,1977,418.0,248.599476749087,Med,16.81465899535804,69,,3: Fair,China,27.15593562004249,114.73536472667149
4829,Xingfu,China,,1958,731.4,252.6660600721006,High,28.946476924895187,55,,3: Fair,China,28.30299295601083,116.60697080913383
4850,Shangyou,China,,1957,517.1999999999999,253.7429859361465,High,20.384054120402933,71,Flood control,3: Fair,China,27.70346204714778,116.36612261244879
4138,Gongshanzui,China,Daling He,1963,304.8,258.93930436808284,High,11.77128072176926,389,,3: Fair,China,40.734697082768584,119.74469175221641
4697,Daoguanhe,China,Sha He,1956,502.50000000000006,259.2254025567139,High,19.383743369995344,75,Flood control,3: Fair,China,30.86493663901023,115.00614414272754
4629,Wushan,China,Chuo Shui,1966,849.9000000000001,262.0572699965222,High,32.43251217095699,181,Irrigation,3: Fair,China,32.16311676823548,113.102042151457
4386,Zhuzhuang,China,Nanli He,1978,555.4,263.54316936069114,High,21.074395756597102,234,Flood control,3: Fair,China,37.030585047847545,114.16468989339523
4863,Liaoyuan,China,,1963,410.9,265.57791147639557,High,15.473434047598396,119,,3: Fair,China,27.225988673013017,116.90941300701417
4773,Guyumiao,China,,1979,550.1,270.498960846018,High,20.335166948271407,350,,3: Fair,China,29.333429296437544,105.22697896280039
4362,Lincheng,China,Di He,1960,429.2,271.2002359248984,High,15.826683418565766,117,Flood control,3: Fair,China,37.446068293869025,114.3771888502963
4749,Nanchuan,China,Jin Shui,1976,405.0,280.45439973415625,High,14.44134567993798,79,Flood control,3: Fair,China,29.713531123601918,114.43108704760762
4447,Sikousi,China,Qingshui He,1959,318.0,280.97347546161143,High,11.318773271182787,1679,,3: Fair,China,36.25690307377222,105.95838433473202
4841,Guanzhuang,China,Trib. Liuyang He,1964,738.9,283.6187013573032,High,26.05158588990759,109,Irrigation,3: Fair,China,27.876380113130104,113.45097485422339
4644,Huacheng,China,Trib. Qu Jiang,1960,674.0,284.9637498966527,High,23.65268128780682,388,Irrigation,3: Fair,China,31.91853510635444,106.8936062716946
7202,Yele,China,Nanya,2006,745.9,292.18972335922604,High,25.527345681647088,2574,Hydroelectricity,2: Good,China,28.901880384677778,102.1918771078036
4564,Zhaikou,China,Hongnongjian He,1981,602.2,293.30787914187346,High,20.530831436096058,631,Irrigation,3: Fair,China,34.36017550007139,110.7610791525746
4566,Baisha,China,Ying He,1953,615.6,294.7923109523556,High,20.88195104774695,214,Irrigation,3: Fair,China,34.34969740872582,113.23916068422419
4439,Xueye,China,Trib. Dawen He,1966,606.6,295.8462234541846,High,20.504922242843467,222,Irrigation,3: Fair,China,36.41940081874424,117.58092504221139
4529,Mahe,China,Beisha He,1960,783.1999999999999,310.9913044286475,High,25.183895220340972,104,Irrigation,3: Fair,China,35.23176107581333,117.20150334263566
4112,Wujintang,China,Niuer He,1971,452.50000000000006,312.2209220823443,High,14.493065280221238,78,,4: Poor,China,41.042672554154485,120.71411380212128
4511,Tangcun,China,Jun He,1958,950.0999999999999,312.39165161237344,High,30.41517113390694,181,Irrigation,3: Fair,China,35.417418891136236,117.53951377503009
4870,Fukuo,China,,1964,508.6,315.5445295347405,High,16.117547366603226,1248,Irrigation,2: Good,China,27.10807749180184,105.98187594684929
5016,Pinglong,China,Trib. Yu Jiang,1977,897.6000000000001,320.8284949455921,High,27.978103150325474,89,Irrigation,3: Fair,China,23.24283621085753,109.42051001911737
4602,Shimantan,China,Gun He,1996,823.5,325.9139292588536,High,25.267182607547884,105,,2: Good,China,33.2723659671738,113.52876860213959
4277,Hengshanling,China,Ci He,1960,700.4,330.00451410722525,High,21.22278014703414,232,Flood control,3: Fair,China,38.57296889475974,114.1615499409738
4516,Xiwei,China,Trib. Baima He,1961,511.4,345.86446149351207,High,14.784780683872786,98,Flood control,3: Fair,China,35.39896940555164,117.03958885568264
4434,Wohushan,China,Yufu He,1968,397.2,348.3763928857746,High,11.402318223556026,124,Irrigation,3: Fair,China,36.48545616612582,116.98383005482188
4786,Tongshanyuan,China,Lan Jiang,1974,806.8,351.7598778414926,High,22.935856183616856,129,,3: Fair,China,29.13341452079079,118.918716699114
4167,Huairou,China,Trib. Chaobai He,1958,637.6,363.59210746744736,High,17.537276729000386,57,Flood control,3: Fair,China,40.31988293169611,116.60335237305938
4608,Zhaowan,China,,1982,371.8,365.9284961783104,High,10.159216096721044,208,Irrigation,3: Fair,China,33.13420317056877,112.14735893999149
4500,Kuaihe,China,Kuai He,1959,784.1,366.8675525831831,High,21.374078967338605,470,,3: Fair,China,35.6475594075403,111.60168443701988
4746,Wangjiachang,China,Cen Shui,1964,891.0999999999999,367.6446780947885,High,24.23754655981048,69,Flood control,3: Fair,China,29.78680224108279,111.51027072089336
4599,Gushitan,China,Shaying He,1972,866.8,375.13478496380674,High,23.105926672812963,145,Irrigation,3: Fair,China,33.47683992231509,113.06520542223308
4715,Duihekou,China,Dongtiaoxi,1965,564.0,381.59481956921326,High,14.779023776958251,45,Irrigation,3: Fair,China,30.528764572545587,119.87842926556517
4482,Guangming,China,Trib. Dawen He,1958,936.5999999999999,400.73991299003217,High,23.37199516532833,167,Irrigation,3: Fair,China,35.854281255101405,117.5893279482134
4819,Yingshiling,China,,1956,898.5,427.7965520307982,High,21.002608210420426,46,Irrigation,3: Fair,China,28.446809621341053,117.03576427098034
4966,Lalang,China,Long Jiang,1974,964.6000000000001,440.99747977509713,High,21.87424331163831,181,,3: Fair,China,24.599693535172072,108.23875174729692
4108,Yunzhou,China,Bai He,1972,739.9,446.56490046128965,High,16.567893871975695,1016,Flood control,3: Fair,China,41.07920042551831,115.74766223712156
4559,Yangmaowan,China,Qishui He,1973,658.8,463.6720727375285,High,14.207558184358428,639,,3: Fair,China,34.55886093413748,108.06098757520942
4509,Nishan,China,Trib. Si He,1958,756.5,504.41121502760984,High,14.998078570370833,111,Flood control,3: Fair,China,35.478961588588476,117.20730623080864
4820,Mahu,China,Trib. Jinsha Jiang,1978,917.9,567.9649412804232,High,16.160459763028165,1117,Irrigation,3: Fair,China,28.407984906283403,103.7825316374395
4562,Wangjiawan,China,Malian He,1975,744.0,576.3433002222254,High,12.909627991148195,595,,3: Fair,China,34.44252466027031,107.24513678541963
5217,Legadadi Main Dam,Ethiopia,Sendafa,1979,314.8,152.2404766432566,Med,20.680376739636017,2451,Water supply,2: Good,East_Africa,9.070082580564222,38.97843161486073
5239,Gitaru,Kenya,Tana,1978,253.5,170.41297352460168,Med,14.878487511926089,923,Hydroelectricity,2: Good,East_Africa,-0.7830065179189303,37.73962684284647
5246,Kidatu,Tanzania,Great Ruaha,1975,554.1999999999999,178.78248382866897,Med,31.00096719604292,458,Hydroelectricity,3: Fair,East_Africa,-7.640909415298241,36.83472611005123
5235,Turkwel,Kenya,Turkwel,1991,852.9999999999999,208.17726581693123,Med,40.9741530017824,1103,Hydroelectricity,3: Fair,East_Africa,1.8677905344799677,35.3132827916533
5240,Kamburu,Kenya,Tana,1974,867.2,245.43269777669832,Med,35.334374005072874,1001,Hydroelectricity,3: Fair,East_Africa,-0.8276094405306417,37.672296962172425
7393,Koteshwar,India,Bhagirathi,2011,282.1,95.77248034279114,Low,29.45928641174627,551,Irrigation,3: Fair,India_N_Central,30.29583006658169,78.4902972729814
4967,Ruthiai,India,Chopan,1991,525.8,133.60870479892264,Med,39.35164445703805,432,Irrigation,3: Fair,India_N_Central,24.54250374378791,77.25793953527818
4897,Kalisil,India,Kalisi Banas,1956,844.8000000000001,142.72338287466275,Med,59.1918746863221,246,Irrigation,3: Fair,India_N_Central,26.27519800421954,76.7997737111765
4885,Kotwal,India,Local Nalla,1919,511.9,147.27335668398968,Med,34.75789778563206,160,Irrigation,3: Fair,India_N_Central,26.475293265734287,78.09445643907188
5022,Machhannala,India,Machhan,1982,254.0,154.45293817140043,Med,16.446643335422337,256,Irrigation,4: Poor,India_N_Central,23.04674384129233,74.16603008570668
4667,Nangal Dam,India,Satluj,1954,306.8,154.58609965349592,Med,19.843394324695538,351,,2: Good,India_N_Central,31.405151940494587,76.38210933304532
4976,Chhapi,India,,2000,281.3,154.84754088253388,Med,18.166149687565365,332,Irrigation,3: Fair,India_N_Central,24.316786621583628,76.46476108739779
5023,Ghunghuta,India,Ghunghuta,1986,478.59999999999997,158.14075396574754,Med,30.26115677759773,577,Irrigation,4: Poor,India_N_Central,23.011055372501005,83.24029789835747
4918,Gudha,India,Mechambal,1958,256.70000000000005,165.0226464751147,Med,15.55615038593768,297,Irrigation,3: Fair,India_N_Central,25.496084204475537,75.45027869530308
5044,Suki,India,Suki,1977,312.7,170.8472366477217,Med,18.30253116692248,369,Irrigation,3: Fair,India_N_Central,21.31850137419083,75.89563772834836
4933,Kotabarrage,India,Chambal,1960,907.7,171.12961203330235,Med,53.04184744930276,260,Irrigation,3: Fair,India_N_Central,25.116820778151766,75.75145983285513
4917,Pahuj,India,Pahuj,1909,287.5,171.68362087170615,Med,16.743647781258545,228,Irrigation,2: Good,India_N_Central,25.495971438210834,78.52904707236348
5041,Bodalkasa,India,Baghdeoghoti,1923,324.8,180.50637403399517,Med,17.991069421667582,307,,2: Good,India_N_Central,21.35377144770797,80.02998920945892
4944,Musa Khand,India,Karmnasa,1967,809.0999999999999,189.45897449787682,Med,42.70546252861797,114,Irrigation,4: Poor,India_N_Central,24.96628934833716,83.3052162964225
4943,Ahraura,India,Garai,1954,331.0,199.20292916843982,Med,16.614709476331992,102,Irrigation,2: Good,India_N_Central,24.985147176648905,83.03719175648557
4946,Sundar,India,Sundar,1977,355.2,201.95682660607986,Med,17.589498851227656,109,Irrigation,2: Good,India_N_Central,24.94225778587305,87.39709037302072
5007,Chhilar,India,Chhilar,1972,394.7,206.39930760531706,Med,19.123933108636525,448,Irrigation,2: Good,India_N_Central,23.385589799253886,76.28941692387137
4930,Saprar,India,Saprar,1952,362.7,218.29419323278918,Med,16.616075755889035,217,Irrigation,3: Fair,India_N_Central,25.20741479206959,79.08857466525751
5050,Hariharjore,India,Hariharjore,1995,672.7,219.33712350865508,Med,30.671727113787448,143,Irrigation,4: Poor,India_N_Central,21.05452117129868,84.02014034379332
4961,Chandan,India,Chandan,1974,405.40000000000003,219.98366937698674,Med,18.42947713582955,149,Irrigation,2: Good,India_N_Central,24.661990883848667,86.92025656600023
5062,Alandi,India,Alandi,1983,336.5,220.41717613881232,Med,15.267720726599286,647,Irrigation,2: Good,India_N_Central,20.12401566618965,73.68272813107542
5043,Aner,India,Aner,1978,633.3000000000001,231.584464069946,Med,27.348237040472867,214,Irrigation,2: Good,India_N_Central,21.323936498640464,75.14352848745607
5059,Asolamandha,India,,1918,721.0,244.9486301649647,Med,29.432999145766072,211,Irrigation,2: Good,India_N_Central,20.23884089670356,79.82196250086041
5032,Kanhargaon,India,Kulbehra,1987,321.6,245.01380021308174,Med,13.123967432316944,695,Irrigation,2: Good,India_N_Central,22.02396852155236,78.80114205023165
4907,Kaketo,India,Parwati,1934,504.3,245.2221080680551,Med,20.56305498363218,325,Irrigation,4: Poor,India_N_Central,25.908580516761425,77.67521713938048
4948,Bhonka,India,Bhonka,1951,405.5,246.4676057420066,Med,16.451040846585528,271,Irrigation,2: Good,India_N_Central,24.890188309223984,83.00948250643222
5030,Chhirpani,India,Phon,1994,344.6,246.62489793218893,Med,13.971160313687028,424,Irrigation,3: Fair,India_N_Central,22.206192021073893,81.18938658242284
4965,Phuwaria,India,Tilaiya,1988,598.9,250.7933267246584,High,23.880884608235583,178,Irrigation,2: Good,India_N_Central,24.579010843339244,85.48837163292488
1849,Pujaritola,India,Baghaiya,1970,823.3000000000001,256.88069950557554,High,32.04890883798129,314,Irrigation,3: Fair,India_N_Central,21.20827417028563,80.41876053453714
5039,Gohira,India,Gohira,1985,935.8000000000001,262.4992827808462,High,35.64998997546196,235,Irrigation,3: Fair,India_N_Central,21.478171716730568,84.54730593935028
5048,Wunna,India,Wunna,1966,429.6,265.25015389814257,High,16.194592529120538,335,Irrigation,2: Good,India_N_Central,21.15384852045823,78.86490849416987
5045,Chorkhamara,India,Savandi,1923,396.20000000000005,278.1439175545053,High,14.242667768120725,302,,2: Good,India_N_Central,21.284226526662724,79.95386375487728
4931,Majhgawan,India,Local Nalla,1914,357.1,278.8296276435591,High,12.807296688555642,218,,4: Poor,India_N_Central,25.181273632967162,79.54257595542177
5053,Upper Jonk,India,Jonk,1993,493.40000000000003,280.9387474390732,High,17.563651763529172,349,Irrigation,3: Fair,India_N_Central,20.72299234091563,82.45659168830238
4960,Rangawan,India,Bannel Nalla,1957,831.7,281.8799210048174,High,29.50683349920797,234,Irrigation,3: Fair,India_N_Central,24.68725437681845,79.84441134180987
5058,Ozarkhed,India,Unanda,1982,539.1,288.43491098625395,High,18.68904372565668,644,Irrigation,4: Poor,India_N_Central,20.293236093160125,73.86434235910433
5014,Pariat,India,Pariat Nalla,1927,254.3,289.64398402788635,High,8.779300995891392,423,Irrigation,2: Good,India_N_Central,23.23413023586317,80.13846620455183
4955,Bhainsora,India,Marahawa Nalla,1926,376.6,295.8623615590969,High,12.728018723190234,284,Irrigation,2: Good,India_N_Central,24.776890496609813,83.20913976452705
5036,Dejla Dewda,India,Kundi River,1990,452.79999999999995,304.73759651759946,High,14.857225436509259,373,Irrigation,3: Fair,India_N_Central,21.58802633968802,75.6306762574879
5027,Matiyari,India,Matiyari,1986,633.9000000000001,310.2910741840762,High,20.42828972946812,489,Irrigation,2: Good,India_N_Central,22.516585478488476,80.5911275301161
5038,Kumhari Reservoir,India,Banjari Nalla,1927,425.3,311.21883612573464,High,13.666433449091913,286,Irrigation,2: Good,India_N_Central,21.48367374048918,81.90850962973205
4950,Badua,India,Badua,1965,869.4000000000001,318.1931814442543,High,27.323970584591144,128,Irrigation,2: Good,India_N_Central,24.86781856241926,86.64342440199101
4945,Orni,India,Dakra,1998,499.8,323.58701548276605,High,15.444954562853349,94,Irrigation,3: Fair,India_N_Central,24.949685645366316,86.82148457038252
5056,Chargaon,India,Chargaon Nalla,1983,527.8,343.3728020377403,High,15.371075095247084,226,Irrigation,3: Fair,India_N_Central,20.401518856006405,79.17647514296782
5034,Saroda,India,Uttari Stream,1964,295.5,348.8533862352725,High,8.471087079820215,416,Irrigation,3: Fair,India_N_Central,21.978312481695976,81.13440948131877
4962,Govind Sagar,India,Shahjad,1953,867.0,356.629339877817,High,24.31132580753006,356,Irrigation,4: Poor,India_N_Central,24.65683334933194,78.41231308769719
4947,Chandra Prabha,India,Chandra Prabha,1966,778.1,373.87444815948857,High,20.810618278454747,238,Irrigation,3: Fair,India_N_Central,24.91616782468399,83.17797061180116
5052,Bor,India,Bor,1965,944.5,392.916294196645,High,24.03728121764667,316,Irrigation,2: Good,India_N_Central,20.978907096397567,78.70986313247091
5001,Nalkari,India,Nalkari,1968,822.6000000000001,426.18752007633003,High,19.30134009334325,405,,3: Fair,India_N_Central,23.604379428643437,85.29826367858507
5057,Dudhawa,India,Mahanadi,1963,872.1,433.73433611519977,High,20.105819017148043,412,Irrigation,3: Fair,India_N_Central,20.30796788600954,81.77599836637751
5049,Mahanadi,India,Mahanadi,1978,578.7,437.29564489780836,High,13.234196649099912,265,Irrigation,3: Fair,India_N_Central,21.123633322519538,81.99457704864415
1747,Aoda,India,Seep,1934,617.1,439.03529164234544,High,14.056301121902791,270,Irrigation,3: Fair,India_N_Central,25.50331145708379,76.79193031060308
5031,Wadhwana,India,Orsang,1910,549.0999999999999,588.7033859021808,High,9.328015775906938,46,,3: Fair,India_N_Central,22.171342377201384,73.48654676376935
3387,Pueblo Viejo,Guatemala,Chixoy,1983,536.5999999999999,123.2783406714065,Med,43.52925678397583,805,Hydroelectricity,2: Good,Mexico_CAmerica,15.258396950721746,-90.49747498661621
6870,Chalillo,Belize,Macal,2006,742.5,130.06011247535247,Med,57.087633374494686,382,Hydroelectricity,2: Good,Mexico_CAmerica,16.854813981087393,-88.96936342610846
3314,Coleto Creek Dam,United States,Coleto Creek,1980,831.7,136.87116949576748,Med,60.76428538699685,29,Flood control,3: Fair,Mexico_CAmerica,28.74746511110524,-97.17924442438054
3359,Trigomil,Mexico,Ayuquila,1993,502.9,151.95081048516155,Med,33.09301796384482,1230,Irrigation,3: Fair,Mexico_CAmerica,19.991530874946505,-104.36035986103997
3373,Trojes,Mexico,Coahuayana,1994,640.7,154.13171364933845,Med,41.565318528084674,300,Irrigation,3: Fair,Mexico_CAmerica,18.977202068555723,-103.38609638313045
3341,Presa Guadalupe Victoria,Mexico,Tunal,1962,358.5,162.77327454965877,Med,22.021509622749665,1931,Irrigation,3: Fair,Mexico_CAmerica,23.937322249856404,-104.76081487976215
3383,Andres Figueroa,Mexico,Ajuchitlan,1983,384.0,165.57513607005527,Med,23.192355276048588,373,Irrigation,3: Fair,Mexico_CAmerica,18.060567569771617,-100.51043125702557
3360,Basilio Vadillo,Mexico,San Migue,1973,386.3,167.33525074522993,Med,23.085447208870406,893,Irrigation,3: Fair,Mexico_CAmerica,19.92920917583886,-104.04230663932819
3363,Guadalupe,Mexico,Cuautitla,1968,356.59999999999997,177.60450693392949,Med,20.076058993357844,2311,Irrigation,2: Good,Mexico_CAmerica,19.628240762967266,-99.26066595388318
3340,G. Franci,Mexico,Poanas,1968,396.3,178.1133224840494,Med,22.24863684235205,1988,Irrigation,3: Fair,Mexico_CAmerica,23.999589158916034,-103.94540954598928
3346,Miguel Aleman,Mexico,Tlaltenango,1949,324.5,182.80326233330248,Med,17.750904403536143,1755,Irrigation,3: Fair,Mexico_CAmerica,21.631842822614303,-103.36289254042183
3374,Zicuiran,Mexico,Zicuiran,1957,267.5,183.1302402483153,Med,14.608494751128703,262,Irrigation,3: Fair,Mexico_CAmerica,18.9416898212952,-101.9170660536335
3385,El Guineo,Mexico,Nexpa,1985,570.9,184.28790502703058,Med,30.979716121534242,94,Irrigation,2: Good,Mexico_CAmerica,16.842819368928662,-99.16501227394656
3336,Eustaquio,Mexico,Mocorito,1972,806.3000000000001,199.8744229616131,Med,40.34149868815546,54,Irrigation,3: Fair,Mexico_CAmerica,25.50041317174645,-108.0533623576418
3332,Lake Casa Blanca Dam,United States,Chacon Creek,1946,262.8,203.03858481125047,Med,12.943485296322049,132,Irrigation,3: Fair,Mexico_CAmerica,27.54577275768293,-99.43511415666026
3367,Ignacio Ramirez,Mexico,La Gavia,1966,682.0,215.8311663931906,Med,31.60061601040297,2552,Irrigation,2: Good,Mexico_CAmerica,19.4502558179588,-99.79604042997676
3361,Taxhimay,Mexico,San Luis,1934,341.0,216.03988424157623,Med,15.785550238167296,2217,Irrigation,3: Fair,Mexico_CAmerica,19.828567662727558,-99.39898240227193
3375,Manuel Avila Camacho,Mexico,Atoyac,1946,719.7,232.4901645823243,Med,30.95828768829597,2060,Irrigation,3: Fair,Mexico_CAmerica,18.912580912677196,-98.1454530115765
3358,Tacotan,Mexico,Amuquila,1958,455.99999999999994,235.61699686517034,Med,19.353605710262514,1335,Irrigation,2: Good,Mexico_CAmerica,20.042533919350685,-104.30932896832877
3365,San Jose Atlangatepec,Mexico,Zahuapan,1959,892.3,258.52114378252526,High,34.51746292531454,2485,Irrigation,3: Fair,Mexico_CAmerica,19.560892843252013,-98.18015538928361
3362,Tepetitlan,Mexico,Tepetitlan,1964,774.3000000000001,268.8878792426253,High,28.796374169740687,2599,Irrigation,2: Good,Mexico_CAmerica,19.63848338054355,-99.97971363543734
3348,Jesus Maria,Mexico,La Laja,1991,301.6,278.7710117865951,High,10.817525457419276,2047,Irrigation,3: Fair,Mexico_CAmerica,21.345383010643587,-101.22452711385476
3364,Cointzio,Mexico,Grande de Morelia,1939,490.00000000000006,282.7953090221606,High,17.328568573170095,2001,Irrigation,3: Fair,Mexico_CAmerica,19.614539816629094,-101.26583804587356
3349,La Purisima,Mexico,Guanajuato,1980,301.2,290.55730488104155,High,10.367967468939973,1817,Irrigation,3: Fair,Mexico_CAmerica,20.877108300276735,-101.28167713344357
3342,Calles,Mexico,Santiago,1931,320.40000000000003,294.76988783166775,High,10.86952039838573,1992,Irrigation,3: Fair,Mexico_CAmerica,22.139385005186753,-102.44688134689095
3350,Ignacio Allende,Mexico,La Laja,1968,892.4,313.82883989318674,High,28.436632025995603,1835,Irrigation,3: Fair,Mexico_CAmerica,20.869666402366384,-100.81194924227226
3339,Presa Pena del Aguila,Mexico,LaSauceda,1955,581.2,316.5249205144681,High,18.361936546703678,1888,Irrigation,3: Fair,Mexico_CAmerica,24.202946645820884,-104.6853082734976
3351,Puente Calderon,Mexico,Calderon,1991,631.6,317.4666399026171,High,19.893535901726487,1613,Water supply,3: Fair,Mexico_CAmerica,20.686910594917325,-102.94429919593706
3337,La Boca,Mexico,San Juan,1961,363.6,317.98889735111527,High,11.434699451758556,450,Irrigation,2: Good,Mexico_CAmerica,25.42376497055196,-100.13789399996395
3308,Victor Braunig Dam,United States,Arroyo Seco,1963,497.49999999999994,349.3632383473538,High,14.23940577104122,154,Recreation,2: Good,Mexico_CAmerica,29.25337657826668,-98.37716610707452
3386,El Portillo,Mexico,Cuxtepeques,1980,538.9,354.0471474498042,High,15.21982920080651,605,Irrigation,4: Poor,Mexico_CAmerica,15.981376356854229,-92.91248692774339
3355,Const. de 1917,Mexico,El Caracol,1969,368.8,408.2020014467672,High,9.033654392588986,1921,Irrigation,3: Fair,Mexico_CAmerica,20.407526062662935,-100.07958359234952
3306,Cedar Creek Dam,United States,Cedar Creek,1977,908.2,456.8085092007013,High,19.882468341434034,117,Flood control,2: Good,Mexico_CAmerica,29.929910632439373,-96.73439936669851
3352,La Vega,Mexico,Teuchitlan,1956,854.3,480.6730732725816,High,17.773089696678337,1256,Irrigation,3: Fair,Mexico_CAmerica,20.65262297269115,-103.85518741110798
3368,El Bosque,Mexico,Zitacuaro,1954,678.5999999999999,482.8353987834046,High,14.053949010986768,1684,Hydroelectricity,3: Fair,Mexico_CAmerica,19.388772125170142,-100.40913581310274
3309,William Harris Reservoir Dam,United States,Offstream Oyster Creek,1947,533.6999999999999,503.8142993803376,High,10.593371757742675,12,Flood control,4: Poor,Mexico_CAmerica,29.241291178918914,-95.53730700339212
3310,Brazoria Reservoir Dam,United States,Offstream Brazos River,1954,709.1999999999999,521.7588472231213,High,13.593236991341538,8,Flood control,3: Fair,Mexico_CAmerica,29.070146957295652,-95.5268718795666
3334,Monte Alto Reservoir,United States,OS,1939,729.4,557.5608510148626,High,13.081828004068267,15,Irrigation,3: Fair,Mexico_CAmerica,26.412696292681666,-97.94595060995356
3307,Lake George,United States,Dry Creek,1957,884.6999999999999,586.6542305154692,High,15.079851735472756,19,Water supply,2: Good,Mexico_CAmerica,29.490919110991396,-95.64798899669877
7050,Garzan,Turkey,Urus,2012,316.0,84.02870263608688,Low,37.60822736755385,705,Hydroelectricity,2: Good,Middle_East_arid,38.26829026847825,41.6051820503051
7052,Kigi,Turkey,Peri,2003,494.7,128.4964443290821,Med,38.50280802371199,1243,Hydroelectricity,2: Good,Middle_East_arid,39.39156003374061,40.31991976732982
6945,Tangab,Iran,Firuzabad,2009,270.8,131.3914136514802,Med,20.613172467461503,1415,Irrigation,2: Good,Middle_East_arid,28.958297999893905,52.54815080901472
6934,Sabalan,Iran,Qarahsu,2006,363.9,138.8391013089076,Med,26.20949550969639,1065,Irrigation,2: Good,Middle_East_arid,38.53930184994528,47.98824799047588
6944,Talvar,Iran,Talvar,2012,465.4,142.63041925965652,Med,32.62764009488365,1584,Irrigation,2: Good,Middle_East_arid,35.76272927061327,47.900572903831176
7038,Alkmuru,Turkey,Botan,2011,882.3000000000001,150.6359470834808,Med,58.57191481009261,552,Hydroelectricity,2: Good,Middle_East_arid,37.954271732955476,42.15616522300189
4375,Voshmgir,Iran,Gorganrood,1970,388.5,150.94447835285618,Med,25.741077279449165,7,,3: Fair,Middle_East_arid,37.221045581344015,54.760997541296646
7046,Dort Eylul,Turkey,Mismil Deresi,2006,400.4,156.74774679479407,Med,25.542846618036037,1352,Water supply,2: Good,Middle_East_arid,39.84413289186414,37.0750280156216
4409,Kayacik,Turkey,Aynifar,1997,258.1,157.3369898185447,Med,16.406238278252047,570,Irrigation,3: Fair,Middle_East_arid,36.823182906802494,37.550103160993146
6932,Ramhormoz,Iran,Zard,2012,353.90000000000003,158.6216091926943,Med,22.31226032010908,423,Irrigation,2: Good,Middle_East_arid,31.462650467532868,49.72687361215182
4390,Hancagiz,Turkey,Nizip,1989,272.8,159.05011305860558,Med,17.149336010825614,418,Irrigation,3: Fair,Middle_East_arid,36.95420552121506,37.872366634812245
4510,Gheshlagh,Iran,Gheshlagh,1983,500.8,159.1885636366675,Med,31.45657795714618,1525,,3: Fair,Middle_East_arid,35.446409766547596,46.99608216245265
4706,Maroon,Iran,Maroon,1999,888.5,163.53134886153978,Med,54.331257126471904,427,Irrigation,2: Good,Middle_East_arid,30.758156148363348,50.384407638299734
4317,Surgu,Turkey,Surgu,1969,271.4,178.5499328803013,Med,15.201634807257093,1302,,3: Fair,Middle_East_arid,38.02515743873239,37.901506500217025
4412,Mahabad,Iran,Mahabad,1970,421.6,182.93822075373566,Med,23.044061636242215,1330,,3: Fair,Middle_East_arid,36.75908257697066,45.67424700921144
6926,Mamlou,Iran,Jajrood,2010,545.2,183.75898580804562,Med,29.668054433325803,1228,Irrigation,2: Good,Middle_East_arid,35.608592271726316,51.78178606936631
7068,Recai Kutan Boztepe,Turkey,Kurucay,2002,411.7,184.7759491154392,Med,22.283120185029624,837,Hydroelectricity,2: Good,Middle_East_arid,38.697033890532346,38.14876585281949
4477,Amir Kabir,Iran,Karaj,1963,350.0,188.65625873692375,Med,18.55003630170939,1718,,3: Fair,Middle_East_arid,35.976961619107975,51.104358510709496
6919,Alborz,Iran,Babul Rud,2010,449.0,192.59219107093026,Med,23.31563595736955,244,Irrigation,2: Good,Middle_East_arid,36.21342521618268,52.80668104513382
6920,Galabar,Iran,Sajas,2011,541.6999999999999,194.12451676016488,Med,27.903482558870888,1655,Irrigation,2: Good,Middle_East_arid,36.31809845926497,48.366185805449916
4637,Masjed Solayman,Iran,Karoon,2001,613.0,197.30028386004332,Med,31.069090991062943,275,Hydroelectricity,2: Good,Middle_East_arid,32.011160297192234,49.45831920669405
6930,Narmashir,Iran,Nesa,2010,420.4,201.84424558845305,Med,20.827387853263723,1387,Irrigation,2: Good,Middle_East_arid,28.652204357116748,58.38806934982147
4218,Arpachay,Azerbaijan,Arpachay,1977,276.90000000000003,210.85406830616242,Med,13.132284073972624,938,,2: Good,Middle_East_arid,39.67347674372087,45.1032521182223
4480,Lar,Iran,Lar,1980,459.3,220.67836871428815,Med,20.813943449852488,2465,,3: Fair,Middle_East_arid,35.899272832602534,51.96091967791105
4294,Zernek,Turkey,Engil,1988,333.40000000000003,224.81455433172468,Med,14.831784467916252,1912,Irrigation,3: Fair,Middle_East_arid,38.344169477508274,43.68971587182115
6939,Shahrchay,Iran,Shahrchay,2004,743.4,228.14316707380073,Med,32.58563669959639,1509,Water supply,2: Good,Middle_East_arid,37.43785375058579,44.886214984434204
6935,Sahand,Iran,Qaransu,2006,769.7,229.2572411778851,Med,33.57226792226642,1563,Irrigation,2: Good,Middle_East_arid,37.422556597743245,46.84533431216348
4356,Kozan,Turkey,Kilgen,1972,376.3,231.50428682212103,Med,16.25450962947277,256,,2: Good,Middle_East_arid,37.518138482101556,35.845995079025876
4577,15th Khordad,Iran,Ghomrood,1994,337.7,234.05095081874788,Med,14.42702623700837,1418,,3: Fair,Middle_East_arid,34.05648902763748,50.62171330054996
4228,Tolorskaya,Armenia,Sisian,1977,291.0,260.05306604619585,High,11.188853431514712,1626,Hydroelectricity,3: Fair,Middle_East_arid,39.48108185924278,46.02443773647351
4220,Spandarian,Armenia,Vorotan,1989,684.1,261.31208838383515,High,26.181220219020314,2033,Hydroelectricity,3: Fair,Middle_East_arid,39.65821182710157,45.820126878937614
4797,Jiroft,Iran,Halilrood,1991,569.0,264.56189185816186,High,21.507702445171837,1161,,3: Fair,Middle_East_arid,28.875773098590276,57.454710347938104
4359,Kartalkaya,Turkey,Aksu,1971,574.3000000000001,295.02096634233885,High,19.4681025188971,704,,2: Good,Middle_East_arid,37.48549276241959,37.26760125747772
4261,Sarimehmet,Turkey,Karasu,1991,964.0,297.0998580118466,High,32.448639181401916,2001,Irrigation,3: Fair,Middle_East_arid,38.80402115300842,43.807248151857806
6918,Ay-Doghmush,Iran,Ay Doghmush,2004,636.4,300.0385249447869,High,21.210900691099543,1291,Irrigation,3: Fair,Middle_East_arid,37.26471952615392,47.55468839863537
4249,Kockopru,Turkey,Zilan,1992,706.4,369.2445165046219,High,19.131934504163137,1759,,3: Fair,Middle_East_arid,39.145023354606835,43.334719303523
4596,Karaoun,Lebanon,Litani,1965,550.5,386.5514366367529,High,14.240554114900046,838,,2: Good,Middle_East_arid,33.56817055623408,35.69434279895992
7236,Yazici,Turkey,Altincayir,2008,717.5,390.9256346003461,High,18.35354961744913,1721,Irrigation,3: Fair,Middle_East_arid,39.79404565181223,43.179593586473196
6942,Sibooyeh,Iran,Sivand,2009,664.2,436.13104956662323,High,15.229422822031925,1786,Irrigation,2: Good,Middle_East_arid,30.1496450155817,53.08141583024137
7088,Binh Dien,Vietnam,Huu Trach,2008,891.3000000000001,72.86944280787031,Low,122.32140761329836,31,Hydroelectricity,2: Good,SE_Asia_tropical,16.28150483815023,107.49914688869744
6964,Bengoh,Malaysia,Bengoh,2012,813.8,75.14291754131214,Low,108.29912949293666,57,Water supply,2: Good,SE_Asia_tropical,1.2472312385852973,110.21410861050398
7155,Nalan,China,Tentiaojiang,2005,636.4,77.48228164546012,Low,82.13194753857121,353,Hydroelectricity,4: Poor,SE_Asia_tropical,22.75095487022228,102.94159614910387
7028,Gelantan,China,Lixian,2009,795.5,80.2457607468213,Low,99.13141912302649,396,Hydroelectricity,2: Good,SE_Asia_tropical,22.785333784563914,101.96177759199833
6960,Nam Ngum 5,Laos,Nam Ting,2012,441.2,83.93536868397298,Low,52.56038754174456,1060,Hydroelectricity,3: Fair,SE_Asia_tropical,19.341116409918328,102.60155937913724
7087,Bac Ha,Vietnam,Chay,2008,635.7,88.23696814005763,Low,72.04555166702914,135,Hydroelectricity,2: Good,SE_Asia_tropical,22.610686236482426,104.19361888261722
7115,Jupudu,China,Lixian,2007,484.0,89.30935315063924,Low,54.19526910680946,462,Hydroelectricity,2: Good,SE_Asia_tropical,22.93343328127948,101.7326576376467
6560,Gezhen,China,Changua,2009,697.0,95.09356498635081,Low,73.29442205374762,31,Hydroelectricity,2: Good,SE_Asia_tropical,19.121366746407233,108.99254634407946
5245,Bening,Indonesia,Bening,1984,317.4,100.83519176312245,Low,31.47537548330241,110,,3: Fair,SE_Asia_tropical,-7.540516618750465,111.79044388274262
7092,Dak R'Tih,Vietnam,Dak R'Tih,2011,956.1,102.00292673426111,Low,93.73291782992507,592,Hydroelectricity,2: Good,SE_Asia_tropical,11.999271442726196,107.63979096088916
5121,Tha Tung Na,Thailand,Quae Yai,1982,320.7,110.85998168474397,Low,28.92565318379488,59,Hydroelectricity,3: Fair,SE_Asia_tropical,14.257246281335428,99.22470578660585
5025,Wusijiang,China,Wusi Jiang,1958,560.5,112.04342019427352,Low,50.0282091262879,90,Irrigation,3: Fair,SE_Asia_tropical,22.71538864523233,109.65291235992598
5033,Donghu,China,Nalong He,1961,357.3,116.00635423669293,Low,30.797933527582636,23,,3: Fair,SE_Asia_tropical,21.99785341336229,112.21693723881651
7100,Dong Nai IV,Vietnam,Dong Nai,2010,682.1,118.60116163647626,Low,57.510536815101574,399,Hydroelectricity,2: Good,SE_Asia_tropical,11.867622148393837,107.77529741705281
7093,Dakrinh,Vietnam,Dakrinh,2008,588.5,135.1506780550657,Med,43.5465471119166,346,Hydroelectricity,2: Good,SE_Asia_tropical,14.958704181019975,108.29863134811025
5233,Chenderoh,Malaysia,Perak,1930,851.4,139.2133920555349,Med,61.15770759495834,61,Hydroelectricity,3: Fair,SE_Asia_tropical,4.9711450094761656,100.95655771904845
5101,Gyobyu,Myanmar,Gyobyu Chaung,1940,323.9,140.9708266950854,Med,22.979312658428203,64,Water supply,3: Fair,SE_Asia_tropical,17.380371175632476,96.04756936326628
5248,Selorejo,Indonesia,Konto,1970,276.4,144.14946379182544,Med,19.174501188573235,617,,2: Good,SE_Asia_tropical,-7.865652542734695,112.36498048073503
6992,Dalong Reservoir,China,Ningyuan,2007,898.7,147.63927678589656,Med,60.868483111529954,18,Flood control,2: Good,SE_Asia_tropical,18.479181434487312,109.27694751984922
5080,Tuoxin,China,Ganen He,1978,291.29999999999995,153.9725216002225,Med,18.920486646038498,53,,2: Good,SE_Asia_tropical,18.858781902497395,108.81380292233187
7084,A Vuong,Vietnam,Vu Gia,2008,830.0000000000001,154.80013888476148,Med,53.62046903199649,315,Hydroelectricity,2: Good,SE_Asia_tropical,15.81739011370002,107.63061948155608
7090,Buon Kuop,Vietnam,Srepok,2009,679.1999999999999,159.825829084813,Med,42.4960447349084,389,Hydroelectricity,2: Good,SE_Asia_tropical,12.513590973068368,107.95312751425993
5237,Seletar,Singapore,Seletar,1968,250.70000000000002,163.72559856210898,Med,15.312745494607901,30,,2: Good,SE_Asia_tropical,1.4018585666622037,103.79670403779352
5120,Caliraya,Philippines,Caliraya,1949,798.0,171.6402557436226,Med,46.490996935454845,289,Hydroelectricity,3: Fair,SE_Asia_tropical,14.296658985114098,121.5296955949039
7130,Quang Tri,Vietnam,Rao Quan,2008,832.4,178.41828575823962,Med,46.654673790514934,435,Hydroelectricity,2: Good,SE_Asia_tropical,16.70539708925046,106.69011019750793
5109,Ambuklao,Philippines,Agno,1955,499.7,180.47647508227715,Med,27.685587438853116,761,,3: Fair,SE_Asia_tropical,16.48077361981492,120.75606079197019
5103,Alaingni,Myanmar,Alaingni Creek,2003,286.6,187.80815754342606,Med,15.262550604652441,32,Irrigation,3: Fair,SE_Asia_tropical,17.311049255892357,96.4068539790534
5244,Pacal,Indonesia,Pacal,1933,355.6,190.40937453534977,Med,18.673315298993916,124,Irrigation,3: Fair,SE_Asia_tropical,-7.371078840610074,111.86684594547047
5107,Chulabhorn,Thailand,Nam Phrom,1972,693.7,191.86211671726053,Med,36.15586919953175,758,Hydroelectricity,3: Fair,SE_Asia_tropical,16.56032141054866,101.62327144527322
5084,Nam Leuk,Laos,Nam Leuk,2000,920.5,197.82108983910862,Med,46.530676150304096,400,,3: Fair,SE_Asia_tropical,18.468190897034006,102.93350880555278
5066,Ngalaik,Myanmar,Ngalaik,1987,608.5,199.78598595567453,Med,30.456525184649415,163,Irrigation,2: Good,SE_Asia_tropical,19.86626652293652,95.98971948609916
5082,Xiaomei,China,Duzuong,1975,268.5,201.1357638625923,Med,13.346857630135927,136,,2: Good,SE_Asia_tropical,18.693517573914573,109.95062478994049
5079,Mae Kuang,Thailand,Ping,1991,583.6,203.7877232890167,Med,28.63547111625123,364,,3: Fair,SE_Asia_tropical,18.94377374358967,99.12474734816716
5074,Shilu,China,Shilu,1973,856.1,207.47020542792058,Med,41.264366589638016,124,,2: Good,SE_Asia_tropical,19.244013913429246,109.11738476504767
5029,Lingdong,China,Yin Jiang,1963,468.6,209.34346729099417,Med,22.38497001401811,91,,3: Fair,SE_Asia_tropical,22.477380490033497,109.40181953493108
5231,Bersia,Malaysia,Perak,1983,823.3000000000001,216.18436974641682,Med,38.085037702774514,143,Hydroelectricity,3: Fair,SE_Asia_tropical,5.400652699678865,101.23877566715062
7018,Khun Dan Prakan Chon,Thailand,Nakhon Nayok,2004,434.70000000000005,220.01614223245844,Med,19.75826898487698,32,Irrigation,2: Good,SE_Asia_tropical,14.304957616838442,101.33368406671305
5243,Gondang,Indonesia,Jurug,1986,470.7,228.95019420177326,Med,20.557341353461613,39,Irrigation,3: Fair,SE_Asia_tropical,-7.212868758019398,112.27031710450643
6917,Wonorejo,Indonesia,Gondang,2001,311.3,234.84860814493427,Med,13.256853223884104,129,Flood control,2: Good,SE_Asia_tropical,-8.017575590302464,111.79476243079999
5119,Lamphraphloeng,Thailand,Mun,1967,965.8,242.21904542987707,Med,39.87140747335024,264,Irrigation,3: Fair,SE_Asia_tropical,14.547853570645062,101.7978410663002
5026,Kabo Dam,Myanmar,Offstream Mu River,1997,764.7,280.4521761621857,High,27.26510168500624,114,Irrigation,4: Poor,SE_Asia_tropical,22.63538068782697,95.68317774614276
7126,Krong H'nang,Vietnam,Krong H'nang,2010,895.4000000000001,285.3767786124274,High,31.376623926619267,222,Hydroelectricity,2: Good,SE_Asia_tropical,12.922017586533899,108.72064126034458
5061,Sunchaung,Myanmar,Sun Creek,2002,472.6,286.14196998109685,High,16.51660454673845,178,Irrigation,3: Fair,SE_Asia_tropical,20.177105661618494,95.5975561390807
5165,Danhim,Vietnam,Da Nhim,1964,793.2,289.44989588793385,High,27.402866064790548,1040,,3: Fair,SE_Asia_tropical,11.875471514605604,108.61366017486624
5083,Changmao,China,Wanglou,1960,733.1,307.0543636654882,High,23.876172334250693,154,,2: Good,SE_Asia_tropical,18.65161048299903,109.09716476880305
5067,Fushan,China,Huachang,1974,523.6,327.9472884147118,High,15.966811149975243,75,,2: Good,SE_Asia_tropical,19.817111298469754,109.94541673907113
5138,Huai Sam Nak Mai Teng,Thailand,Mae Klong,1992,560.5,329.8642898592401,High,16.991549854056927,71,Irrigation,2: Good,SE_Asia_tropical,13.506088523628575,99.59684514134396
5116,Lam Chang Han,Thailand,Mun,1992,475.90000000000003,341.83658155358984,High,13.921599193536853,171,,2: Good,SE_Asia_tropical,15.072693860201097,102.49844126305322
5178,Da Mi 1,Vietnam,La Nga,2001,759.8,455.9003817471998,High,16.66554670422605,278,,3: Fair,SE_Asia_tropical,11.255608352641046,107.84204227200051
5143,Bang Phra,Thailand,,1975,955.4,598.2312810039804,High,15.970797716030116,23,,2: Good,SE_Asia_tropical,13.208485437399656,100.97564138845286
3491,Itauba,Brazil,Jacui,1978,841.9000000000001,106.24134095409576,Low,79.24657443843353,195,,3: Fair,South_Cone,-29.199859325026647,-53.24836655240828
3502,Ingeniero C. Roggero,Argentina,Reconquista,1973,336.7,218.65131012556822,Med,15.39689407944917,17,,3: Fair,South_Cone,-34.68655058301443,-58.86822856830779
3448,Isamu Ikeda,Brazil,Balsas,1995,518.6,82.71059982208445,Low,62.69562873397643,272,,4: Poor,Tropical_S_America,-10.736952203917737,-47.78627150335514
6901,Amani,Colombia,La Miel,2002,751.7,87.44531317871699,Low,85.96756292246413,344,Hydroelectricity,2: Good,Tropical_S_America,5.519357380693929,-74.91000508227864
3406,Playas,Colombia,Playas,1985,439.79999999999995,100.20739334950578,Low,43.890299698158344,976,,3: Fair,Tropical_S_America,6.314657526054949,-74.96643132581275
3392,Taguaza,Venezuela,Taguaza,1998,297.0,125.97530587012099,Med,23.575608252701983,148,,2: Good,Tropical_S_America,10.160386631074823,-66.44719453082882
5721,Yacambu,Venezuela,Yacambu,2005,850.0,154.4977902659969,Med,5.585512720260413,662,Water supply,3: Fair,Tropical_S_America,9.685799081952101,-69.5117442577257
3394,Turimiquire,Venezuela,,1982,949.6,161.81017670323757,Med,58.6843606026395,328,,3: Fair,Tropical_S_America,10.1641496075447,-64.28148107183537
3412,Laguna Chingaza,Colombia,Chuza Chuza,1978,454.3,177.10501293687776,Med,25.651451973751737,2991,,4: Poor,Tropical_S_America,4.592696262622427,-73.70906350946875
3411,Guavio,Colombia,Guavio,1989,890.1,185.54756632728686,Med,47.97334467129458,1618,,2: Good,Tropical_S_America,4.710519926953969,-73.51820818992537
3410,Chivor,Colombia,Bata Chivor,1976,846.3,190.23479980536607,Med,44.48801556761861,1255,Hydroelectricity,3: Fair,Tropical_S_America,4.947537078479064,-73.32491905876414
7210,Rancherio Reservoir,Colombia,Rancherio,2011,581.9,196.8515385931652,Med,29.562646900790007,353,Irrigation,2: Good,Tropical_S_America,10.926060209106364,-73.03493475786041
3395,El Guamo,Venezuela,Guarapiche,1979,409.6,202.40833960293907,Med,20.237336455447345,428,,3: Fair,Tropical_S_America,10.095495801160345,-63.66326722429628
3389,Clavellinos,Venezuela,Cariaco,1967,760.5,252.65697522245313,High,30.10089439263927,301,,4: Poor,Tropical_S_America,10.331806812780409,-63.620415904509194
3400,Agua Viva,Venezuela,Motatan,1994,619.3,260.79470141751955,High,23.747548617497337,128,Irrigation,3: Fair,Tropical_S_America,9.569628187616573,-70.59319677793653
3391,Pueblo Viejo,Venezuela,Pueblo Viejo,1960,731.9,355.89121929781703,High,20.564649510374323,65,,2: Good,Tropical_S_America,10.195928071267804,-71.03389982457881
3409,Neusa,Colombia,Neusa,1952,880.1,381.6549064468037,High,23.05980523060435,2966,,4: Poor,Tropical_S_America,5.1612238905351555,-73.95195051625119
3393,Cumaripa,Venezuela,Yaracuy,1971,607.4,454.85739873272865,High,13.35354248708266,205,,3: Fair,Tropical_S_America,10.158392534434372,-68.80899564283736
3399,Dos Cerritos,Venezuela,Tocuyo,1973,861.0,458.51693525343194,High,18.777811118731776,669,,3: Fair,Tropical_S_America,9.7276698450315,-69.82344894640173
5180,Zaria,Nigeria,Galma,1975,504.2,139.47269420966182,Med,36.14694364714292,617,Water supply,2: Good,West_Africa_trop,11.148692299960594,7.803640944665512
5214,Solo Mougou,Cote d'Ivoire,Solomougou,1974,258.70000000000005,154.73820427521798,Med,16.717822289851057,321,Irrigation,3: Fair,West_Africa_trop,9.30730853187874,-5.738224258483473
5225,Asejire,Nigeria,Oshun,1969,441.9,160.0851792248796,Med,27.60240346925299,156,Water supply,3: Fair,West_Africa_trop,7.390631078207834,4.135224387289502
5223,Ero,Nigeria,Ero,1987,355.4,160.49264932912914,Med,22.144838766252153,503,Irrigation,2: Good,West_Africa_trop,7.971565209522807,5.195258543839233
5220,Doma,Nigeria,Ohana,1988,681.4,160.7856406239192,Med,42.38233244306098,126,Irrigation,2: Good,West_Africa_trop,8.328657136089307,8.318822854933327
5224,Nabyon,Cote d'Ivoire,Nabyon,1982,290.7,163.00283990698583,Med,17.83459047951857,289,Irrigation,2: Good,West_Africa_trop,7.717531756034797,-5.21854022877676
5215,Suleja,Nigeria,Iku,1995,483.5,170.2555156458821,Med,28.400441075370633,462,Irrigation,3: Fair,West_Africa_trop,9.237124896192524,7.243857315020918
5213,Nafoun,Cote d'Ivoire,Merindia,1976,776.8,194.27888663168793,Med,39.983410485055366,369,Irrigation,2: Good,West_Africa_trop,9.330367319049792,-6.282939504161247
5136,Gouinre,Burkina Faso,,1967,283.9,212.16467366942146,Med,13.378834845377238,324,Irrigation,4: Poor,West_Africa_trop,13.631864620201448,-2.4530635699542858
5153,Loumbila,Burkina Faso,Massili,1947,817.0999999999999,212.44568691638125,Med,38.45949006011808,276,Water supply,3: Fair,West_Africa_trop,12.518431580831592,-1.4252639995238332
5212,Gbemou,Cote d'Ivoire,Saoula,1979,411.00000000000006,216.8130277033582,Med,18.955164106789876,379,,2: Good,West_Africa_trop,9.451787718840679,-6.574815593150555
5128,Sitenga,Burkina Faso,,1978,323.09999999999997,219.22143566214208,Med,14.738216511258688,273,Water supply,3: Fair,West_Africa_trop,13.953121591040542,0.2933785090565112
5149,Korsimoro,Burkina Faso,,1984,349.5,245.63840077945918,Med,14.226286456501994,281,Irrigation,3: Fair,West_Africa_trop,12.835526548342708,-1.0286145663301878
5152,Bilanga-Yanga,Burkina Faso,,1966,700.3,246.8317835524367,Med,28.37201465549406,270,Irrigation,4: Poor,West_Africa_trop,12.507546090051367,-0.010340660565069318
5187,Kangimi,Nigeria,Kangimi,1977,774.2,250.6587914678844,High,30.885473485659926,604,Irrigation,2: Good,West_Africa_trop,10.667341246213011,7.588217195729062
5208,Ankwil,Nigeria,Tenti,1964,383.2,252.96139161998354,High,15.14999539366649,1226,Hydroelectricity,2: Good,West_Africa_trop,9.77525585090375,8.964524659861489
5148,Zegnedegen,Burkina Faso,,1952,322.2,261.00998623499055,High,12.344828610775329,281,Water supply,4: Poor,West_Africa_trop,12.95836752693112,-0.47621814105055793
5209,Tagwai,Nigeria,Tagwai,1978,345.40000000000003,263.7835970569425,High,13.092517692847297,250,Water supply,2: Good,West_Africa_trop,9.576474541367697,6.662412037815493
5140,Dakiri,Burkina Faso,Gouaya,1960,483.7,266.81711198391235,High,18.12923504155192,265,Water supply,3: Fair,West_Africa_trop,13.297594874193772,-0.30233921654779855
5186,Douna,Burkina Faso,Leraba,1987,398.09999999999997,272.41734787366045,High,14.615288358186842,320,Irrigation,3: Fair,West_Africa_trop,10.687039660333632,-5.101319679458419
5155,Mogtedo,Burkina Faso,,1962,295.90000000000003,276.18999830057913,High,10.7130785832421,276,Irrigation,4: Poor,West_Africa_trop,12.315937332867687,-0.8169719144539708
5168,Kafin Chiri,Nigeria,Jatau,1977,418.49999999999994,285.32758313762736,High,14.668655541190734,470,Irrigation,2: Good,West_Africa_trop,11.595878998989006,8.84775585030847
5164,Pada,Nigeria,,1980,258.70000000000005,285.4704704576645,High,9.062533770693603,585,Irrigation,2: Good,West_Africa_trop,11.935491573250417,7.886875810389558
5162,Guzu Guzu,Nigeria,Guzu Guzu,1979,450.6,287.356362192215,High,15.681272002802752,522,Irrigation,2: Good,West_Africa_trop,11.970998034325401,8.133900556030625
5144,Lac Dem,Burkina Faso,,1950,474.5,309.99451155100746,High,15.30632685357084,293,Irrigation,4: Poor,West_Africa_trop,13.19747347453911,-1.1475237826308298
5170,Ruwan Kanya,Nigeria,Kanya,1976,451.49999999999994,331.5567848141522,High,13.617196775962357,504,Irrigation,2: Good,West_Africa_trop,11.498931683160462,8.458830519427597
5156,Tomas,Nigeria,Tomas,1976,559.0,344.03091625015594,High,16.24759472058532,430,Irrigation,2: Good,West_Africa_trop,12.294380052521282,8.517597420679417
5206,Balanga,Nigeria,Balanga,1987,641.5,415.7707993188675,High,15.428216560160964,317,Irrigation,2: Good,West_Africa_trop,9.912273540872315,11.604832302979236
