name,date,wind_ms,dual,vv,rel_div
Sau,2015-02-05,1.6541606298503952,436.2787419303894,598.2923085289484,0.37135333681788496
Sau,2015-02-17,1.2476807858301415,448.7002352389196,588.0936536997659,0.31066045326814556
Sau,2015-03-01,1.6237704369755064,434.4873190318298,616.8057865355157,0.41961746526906013
Sau,2015-03-13,1.018711254411426,438.4213085294956,587.6409192446722,0.34035665651305264
Sau,2015-03-25,2.1226952280151004,307.86998977737426,603.5515540531264,0.9604104787529446
Sau,2015-04-06,0.9578468903759964,340.1555660140991,622.0547983095926,0.8287362032576854
Sau,2015-04-18,1.4821611713531189,330.7236078613281,622.6932645697443,0.8828207293591168
Sau,2015-04-30,1.211719014368165,303.95494324645995,628.1218079537936,1.066496439389982
Sau,2015-05-12,0.9244967577853256,339.63928371858185,630.4539918226898,0.856245793831879
Sau,2015-05-24,1.5517311689497613,386.3394279792786,613.5791140913124,0.5881866298259929
Sau,2015-06-05,1.7526482776921757,173.15300042190552,631.2550369169766,2.6456488503165247
Sau,2015-06-17,2.11586048701343,228.4482301017761,617.0805024644861,1.7011831178975223
Sau,2015-06-29,1.2885285883108184,324.4439928825378,611.0352116343662,0.8833303283121234
Sau,2015-07-11,0.5713450668586068,406.5317394711214,589.1829369105054,0.4492913583500383
Sau,2015-11-20,0.7406469062765841,403.80590762301273,596.712965414845,0.47772222780833484
Sau,2015-12-14,1.6462171537830983,409.480881268888,587.4292213947256,0.43457057036317825
Sau,2015-12-26,1.9473415375843304,392.5131955758966,594.8452494398172,0.5154783486120978
Sau,2016-01-07,2.630132675251999,352.7293170956541,580.0024409323302,0.6443272867365417
Sau,2016-01-19,0.8037077262382694,389.0762719505011,536.3107600463869,0.37842063037608525
Sau,2016-01-31,0.7873828507040559,405.5736631776787,571.4632004448627,0.4090244321276576
Sau,2016-02-12,1.9228516893621628,363.41547318019497,604.2297996549273,0.6626419188137529
Sau,2016-02-24,0.3506315271629003,406.0688909354655,582.4896851706474,0.43446025581708386
Sau,2016-03-07,0.79711919826406,417.7933110871169,581.0945950949787,0.3908662002820116
Sau,2016-03-19,0.973740232096505,417.0296215449972,586.0530380925139,0.405303143506508
Sau,2016-03-31,1.3929411325966738,401.5527766844147,563.7375872609427,0.40389413295974064
Sau,2016-04-12,2.0457487950064253,389.66620622072406,585.5019631403549,0.5025731094800169
Sau,2016-04-24,1.5406996302665752,370.8044241883072,558.6386996072719,0.5065588843232786
Sau,2016-05-06,1.3029523666067804,374.4403762733968,537.3013944317031,0.43494513006095714
Sau,2016-05-18,1.6476044818614763,383.8549741278674,557.7965555886813,0.45314400798378474
Sau,2016-05-30,0.0793456491208988,392.43922000272863,553.2239116781976,0.4097059709637356
Sau,2016-06-11,0.4138213245723691,393.6419799687105,538.6459893974245,0.36836520698386893
Sau,2016-07-05,1.6350897425198208,397.4782962276623,545.99619331204,0.3736503313361078
Sau,2016-07-17,0.7130223054157044,388.7853798319768,551.179867367877,0.4176970018936489
Sau,2016-07-29,1.111348640265077,379.8145478559187,543.6813551169812,0.4314389961788003
Sau,2016-08-10,0.5904318029997534,362.4774629917758,551.8350545186481,0.5223982477806314
Sau,2016-08-22,1.024351670920355,363.9857884081492,546.7266881501114,0.5020550405035288
Sau,2016-09-03,1.5882732430665716,367.6426103084369,551.1630985932775,0.4991817682147196
Sau,2016-09-15,1.0729934008450563,365.9389135595793,540.913614368014,0.47815275808306923
Sau,2016-09-27,1.5418381761145676,354.6094628944577,524.6583890778636,0.4795386022566959
Sau,2016-10-03,0.8591828270750389,354.6094628944577,524.6583890778636,0.4795386022566959
Sau,2016-10-09,1.00028228071194,345.1139263981718,492.40147027646833,0.42677948530064513
Sau,2016-10-15,1.8581372178066913,347.158103115028,526.9673874450984,0.5179463844186639
Sau,2016-10-21,1.0367301214974214,342.83775179087024,513.6648994095178,0.49827402824310757
Sau,2016-10-27,1.4461103154092934,335.457179056561,522.1825485413406,0.5566295227603283
Sau,2016-11-02,1.2291387153751847,327.7646809538928,507.3303056745792,0.5478492197453886
Sau,2016-11-08,1.6510707309503685,322.5410416426715,541.0396266765671,0.6774287821515758
Sau,2016-11-14,1.4664207823029696,340.1576954223005,539.5563412217564,0.5861947222799283
Sau,2016-11-20,3.6482295260412405,323.895719935204,514.8493912800839,0.5895529319840365
Sau,2016-11-26,1.4048965554117057,285.56705747806024,545.8618412430079,0.9115014387993469
Sau,2016-12-02,0.8123873706776062,311.2719271162744,524.8216737350883,0.6860552719842392
Sau,2016-12-08,1.245171008302731,324.4125924373642,545.2337226390285,0.6806798976038493
Sau,2016-12-14,1.9034128529469956,319.8948276192609,532.7314825619746,0.6653332175662185
Sau,2016-12-20,2.5420259289483216,343.63984680448044,545.9907525783973,0.5888458735376161
Sau,2016-12-26,0.7282232221442647,335.002109714882,539.0283537758144,0.6090297289010439
Sau,2017-01-01,1.75400104336012,354.30329830251355,540.5881562368296,0.525777938920741
Sau,2017-01-07,0.5421489245271267,354.9586384189142,559.5449017317051,0.5763664865970745
Sau,2017-01-13,1.0162968014879756,373.36540688906496,576.7761821065927,0.5448034859800645
Sau,2017-01-19,2.487122894142204,355.62644729655244,543.3799455398591,0.5279514492541141
Sau,2017-01-25,0.6794831904961872,374.6671640879403,564.4554976831776,0.5065518192853723
Sau,2017-01-31,1.689130383088643,367.9712833823679,561.3708198741331,0.5255832322404327
Sau,2017-02-06,3.6635421136499935,367.4777324712716,560.5105941282835,0.5252913159087882
Sau,2017-02-12,2.8988806992937857,347.3611830097992,580.7336106723144,0.6718437150645346
Sau,2017-02-18,1.0418847751079665,355.25478871129053,550.3453914772782,0.549156855770168
Sau,2017-02-24,1.2887424350197498,389.3916511765603,585.8331369801662,0.5044830447957761
Sau,2017-03-02,1.5588392602590033,409.24144571958055,549.2885091302521,0.34221133972494633
Sau,2017-03-08,1.6069502907276216,421.6907293329126,598.8043020617769,0.4200082202638091
Sau,2017-03-14,2.2456359060870246,415.36022032034185,588.3017653593927,0.41636520922892334
Sau,2017-03-20,1.1260832164723824,418.4410069331868,568.6307380779791,0.3589268944875982
Sau,2017-03-26,2.1487154778970785,421.9473420502936,575.3836649266353,0.36363855767114417
Sau,2017-04-01,1.1469421562646163,430.2567396329513,602.3243661645331,0.3999184921039735
Sau,2017-04-07,1.555775281466512,442.0573724513335,565.0799737402584,0.27829555382535465
Sau,2017-04-13,1.0711782633418334,453.8904192285424,596.9224353114411,0.3151245543494924
Sau,2017-04-19,2.119005779077824,448.3502110092881,589.5108700302815,0.3148446360786235
Sau,2017-04-25,3.62603935524358,442.49809982274667,580.5344154447998,0.31194781554394685
Sau,2017-05-01,1.760577018579947,444.1655320794588,599.8377260367212,0.3504823826118355
Sau,2017-05-07,1.8169463437696334,447.7899498671528,575.3783762945618,0.2849291871451359
Sau,2017-05-13,1.981085186291356,447.6660860716397,587.9008208295517,0.31325744594257754
Sau,2017-05-19,1.0502639271556418,429.8586328611456,609.9311233414835,0.4189109551709422
Sau,2017-05-25,1.4204390410127434,426.220737787673,592.1246901219869,0.38924420523377007
Sau,2017-05-31,1.34327041669953,426.9855538648658,584.1302229761969,0.368032753541505
Sau,2017-06-06,2.2202856560422024,436.4286716893753,575.3360204563786,0.3182819044159169
Sau,2017-06-12,1.0647233809280021,421.1238213174527,598.4236323915044,0.4210158677782301
Sau,2017-06-18,1.4610624944830182,427.0528756993133,572.5321477660355,0.3406586873545694
Sau,2017-06-24,1.6415840480664128,422.2878560940491,571.459007814804,0.3532451846958451
Sau,2017-06-30,1.7578190080589005,427.12636762516087,569.1423276027306,0.33249167165020493
Sau,2017-07-06,1.1200645683189137,435.9682047464468,577.3093873318331,0.32420066657748225
Sau,2017-07-12,2.024084236137417,429.3631584320308,572.48239148851,0.3333290950698447
Sau,2017-07-18,3.02965664494542,415.7877329905282,581.0550804342473,0.3974800946027044
Sau,2017-07-24,1.377755409898296,411.584031516966,578.3157563583076,0.40509765217766647
Sau,2017-07-30,1.4847030598264075,394.1705818779381,582.5608459775051,0.4779409544010704
Sau,2017-08-05,1.6328175028475753,397.7899970674762,566.5211313184433,0.4241713856428261
Sau,2017-08-11,1.9734705386163107,388.54541419067385,553.7992092362409,0.42531397620477596
Sau,2017-08-17,1.544688621899784,388.2702271936992,557.1982154901604,0.4350783976340962
Sau,2017-08-23,1.7311655762386287,374.8210788219617,549.3701045692716,0.4656862583500003
Sau,2017-08-29,2.3129482981267,365.9239146384086,529.1617913477941,0.44609786400730506
Sau,2017-09-04,1.0173091018136375,359.16921157649324,540.5487004307678,0.5049973188351798
Sau,2017-09-10,1.714864193092433,370.101060084414,517.8229347913436,0.3991392909634918
Sau,2017-09-16,1.3109855955368923,336.67756708243576,548.887483732189,0.6303060773805387
Sau,2017-09-22,0.9962733763164014,346.09397353147017,548.4508190275516,0.5846875732370451
Sau,2017-09-28,1.31428208454488,354.7727773895444,530.6205886500342,0.49566320323221125
Sau,2017-10-04,0.8871979910129364,354.6772562469931,519.1280434661418,0.4636631876520073
Sau,2017-10-10,0.8837093775365124,341.7911874801396,530.993392300912,0.5535608048167312
Sau,2017-10-16,1.2535897925563604,346.7717781187828,503.79635946621465,0.4528182258639423
Sau,2017-10-22,1.886453637740191,332.5819029059496,528.6035412036105,0.5893935797014593
Sau,2017-10-28,2.017198258109799,339.2445590537756,533.9041087256338,0.5738030116527281
Sau,2017-11-03,1.7199642613300938,347.1198263334357,541.0036384622224,0.5585500954432553
Sau,2017-11-09,1.176361141729168,347.4182219432068,532.2306749077235,0.531959584419059
Sau,2017-11-15,1.3650619272846645,351.7283005908083,537.6402644128927,0.5285669748774912
Sau,2017-11-21,1.107468782539698,347.1993177023704,583.3936768241944,0.6802846292581046
Sau,2017-11-27,1.0706354451143025,339.6817446212679,564.3810548143815,0.6614995175664936
Sau,2017-12-03,1.4262187239143715,343.2665258492892,566.2050943545324,0.6494620119269192
Sau,2017-12-09,1.2034031746305436,356.0639891918048,575.3241201161973,0.6157885593038201
Sau,2017-12-15,1.7648600967141665,348.5356891269938,508.7755897549109,0.45975177184661703
Sau,2017-12-21,1.3153174087829398,330.5363215315426,523.3622910979627,0.5833730123000083
Sau,2017-12-27,3.370332555602687,332.33328798368865,521.2285653408395,0.5683910826483987
Sau,2018-01-02,1.2589251690755217,321.15778728255333,541.7862706674584,0.6869784639249524
Sau,2018-01-08,0.7653316700741761,333.91045796605727,522.9351431743937,0.5660939353614113
Sau,2018-01-14,0.9015050743872678,302.861740254382,496.3865967749412,0.6389874678723442
Sau,2018-01-20,1.5439272323342035,300.3608034811312,498.2956433835379,0.6589902464248836
Sau,2018-01-26,1.2369619697004524,313.56582438425403,506.4934519308772,0.6152699450760399
Sau,2018-02-01,1.4864919488028616,268.65902516764623,487.7166512417273,0.8153741566559569
Sau,2018-02-07,1.4442260969258156,303.19408137487375,543.8373651141777,0.7936938697750138
Sau,2018-02-13,2.920426636867952,304.6665593968829,503.29844567102185,0.6519648453291036
Sau,2018-02-19,0.6265433006827806,307.14342956721885,569.0353722574482,0.8526698521900625
Sau,2018-02-25,1.1660371088469041,304.1762580524549,500.92865414692005,0.6468367957256395
Sau,2018-03-03,3.9172653157346224,282.64307021070294,536.4156201097946,0.8978551984660759
Sau,2018-03-09,2.407557767030299,198.7228005024749,567.99329138741,1.8582190365233713
Sau,2018-03-15,3.85352854173803,293.6467362235693,509.31076328598334,0.7344335913143515
Sau,2018-03-21,3.6961823989578457,299.0555859031318,524.5745063053088,0.7541036885203862
Sau,2018-03-27,1.462192801228558,336.73528530775786,559.9299032858935,0.6628192165075537
Sau,2018-04-02,2.369035802632533,332.3868718003666,521.1756612393427,0.5679790793673818
Sau,2018-04-08,1.9219147882996817,322.98849457597026,531.1470625532024,0.6444767274156606
Sau,2018-04-14,1.8829928362811463,331.92349180715223,520.6559827223657,0.5686023905318132
Sau,2018-04-20,0.7632584878655565,324.63686677703856,538.2354035046329,0.6579614288672099
Sau,2018-04-26,1.1712707965337346,428.00953482603785,585.193372835957,0.36724377664578356
Sau,2018-05-02,2.202994127682808,429.5439757269736,554.3808374185301,0.2906264986728743
Sau,2018-05-08,1.0047784071681352,456.84482015111575,601.0703064575258,0.31569907317478824
Sau,2018-05-14,1.780826184356665,406.6949696572637,594.025655890856,0.4606171706314994
Sau,2018-05-20,1.518978593539135,446.946462027929,594.6696772716539,0.33051657814553614
Sau,2018-05-26,1.0768122153637874,431.8191289892668,609.5196193271115,0.41151602235356644
Sau,2018-06-01,1.341611404527129,436.5904186630249,569.3128822088802,0.3039976551759716
Sau,2018-06-07,0.9105660569545342,444.0057640466608,591.1337002341986,0.33136492383931326
Sau,2018-06-13,1.5661248845851001,444.73586896540615,556.8379864360764,0.25206448432291884
Sau,2018-06-19,0.7980139966145964,444.469944571566,598.985046214148,0.3476390328068694
Sau,2018-06-25,1.410865670353998,454.7865348699952,571.5510692054091,0.2567458035422973
Sau,2018-07-01,0.2561940583502551,442.9327177814528,567.3126484854156,0.2808099869590871
Sau,2018-07-07,1.7422295024852834,451.2572200689309,563.9399882370744,0.2497085102614666
Sau,2018-07-13,0.6500285681687531,443.7685857213547,577.430626064908,0.3011976166052469
Sau,2018-07-19,1.3803468945019843,450.8259812273273,579.8204670661299,0.28612921883434583
Sau,2018-07-25,1.6302240240393793,442.2666238096199,578.8140825277383,0.30874466072505896
Sau,2018-07-31,1.0900986073627605,440.6560485832304,595.0376503557214,0.35034490566701404
Sau,2018-08-06,1.2339056038224157,440.6789306722723,580.0433891741106,0.3162494251523044
Sau,2018-08-12,2.0573499359455223,449.64090119628906,586.2062138804179,0.30372084105514174
Sau,2018-08-18,1.692206348844524,435.0233169202588,607.504469578702,0.3964871443662399
Sau,2018-08-24,1.11805786698307,439.08671848217233,591.3163987453808,0.3466961624105449
Sau,2018-08-30,1.2521881450295145,445.48694876198863,605.1312534209399,0.358359105923538
Sau,2018-09-05,1.01453791484049,440.7651603657561,584.0195093511965,0.32501286822798087
Sau,2018-09-11,1.1677660250321908,447.6810655079292,592.6257046486322,0.32376763349652055
Sau,2018-09-17,0.9649419901800248,453.3007739370159,582.9404914621211,0.2859905055955588
Sau,2018-09-23,1.0904593599951256,446.4149663314132,584.3452161870919,0.3089731757632894
Sau,2018-09-29,0.30981486151559606,452.215185554268,581.389805814619,0.28564856817451884
Sau,2018-10-05,1.192266339467863,451.6592047449298,588.8942868859027,0.3038465300811817
Sau,2018-10-11,2.4729423722921577,461.3226391393295,593.4022446365926,0.286306359782556
Sau,2018-10-17,1.5305140929093044,429.7064303770028,623.5763538881581,0.45116830888721776
Sau,2018-10-23,1.252291521546188,402.0487388174618,556.9975693938879,0.38539812618782027
Sau,2018-10-29,0.7815516252346639,447.0149443616201,590.7149477683155,0.32146577025945444
Sau,2018-11-04,1.396576253193945,458.50605174570114,609.1031929221928,0.32845180691315395
Sau,2018-11-10,2.280734029642876,455.3336416004104,623.7167355191759,0.3698015664446213
Sau,2018-11-16,1.1107572961749463,450.8692273732742,624.8675442324352,0.385917481822524
Sau,2018-11-22,2.237438065318924,425.63184839299817,594.3596050076085,0.3964171319689853
Sau,2018-11-28,0.7626614067028251,456.5736515366408,619.6665892694216,0.357210577491444
Sau,2018-12-04,1.063944263337542,456.8733511499351,623.148727640393,0.36394194599432916
Sau,2018-12-16,0.968205910677905,463.1677993803016,617.7583955777876,0.33376801324341104
Sau,2018-12-22,0.7908068572326635,463.1677995069496,617.7583955777876,0.3337680128787071
Sau,2018-12-28,0.5121705113161001,456.3621910428007,628.795658303884,0.3778434555830926
Sau,2019-01-03,0.646583688494025,470.3609926222945,616.464381450698,0.31061969661614003
Sau,2019-01-09,2.0815878659858926,469.65089022513,615.9246424726123,0.31145209195146006
Sau,2019-01-15,0.9710722818740768,470.2261850249048,611.5655202840919,0.3005773386518263
Sau,2019-01-21,1.957683383816188,461.3179319496183,620.5943459812661,0.34526386901656964
Sau,2019-01-27,0.8824773004937077,466.9505466644496,607.833877384201,0.3017093174558163
Sau,2019-02-02,0.9630685616248276,461.8086896350216,592.690122925936,0.28341050358829983
Sau,2019-02-08,1.6061629571933485,460.3638028322106,571.8839124403979,0.2422434364346261
Sau,2019-02-14,1.865677288493139,451.0788352257732,561.4809244079081,0.2447512065754019
Sau,2019-02-20,0.555114033592241,466.4446218780786,600.1849876470084,0.2867229237855538
Sau,2019-02-26,0.7249236005670049,443.5379063902581,538.662918491597,0.21446873137747266
Sau,2019-03-04,3.0522898210383076,451.99743242345176,589.5559565855323,0.30433474682486567
Sau,2019-03-10,1.534829112768271,417.86901162927353,602.151654769769,0.441005764993141
Sau,2019-03-16,1.1379736593239755,459.0996683659512,580.4764913573443,0.2643801147219365
Sau,2019-03-22,2.284841159747897,461.93235888274535,585.9063852589089,0.2683813419696639
Sau,2019-03-28,0.525374210540096,465.11602883799225,572.061984221751,0.22993392777914742
Sau,2019-04-03,1.3036891714239485,460.2475853777386,582.562528922209,0.2657590119545831
Sau,2019-04-09,0.9146746655293438,441.3464514087124,558.6952643955067,0.2658881987432645
Sau,2019-04-15,0.151181754594947,458.3134673479027,582.1990116821082,0.27030744929030165
Sau,2019-04-21,4.680311940079978,471.3314868702278,562.404827477405,0.19322566631805033
Sau,2019-04-27,0.4591492357421217,427.1307018978642,634.3361663608389,0.48511020992474063
Sau,2019-05-03,0.6350294226636328,463.05550448183845,579.0029245382692,0.2503963756702915
Sau,2019-05-09,0.7583163562102042,432.2738672928933,577.2786834202009,0.3354466395005495
Sau,2019-05-15,2.0194764934293374,448.7850554443928,563.9661921561537,0.25665100768051885
Sau,2019-05-21,1.136342772926786,459.6080816434791,571.6560525931295,0.24379025396808993
Sau,2019-05-27,1.89531184027132,459.14417080263627,595.980197054243,0.29802409559594717
Sau,2019-06-02,2.040514709577433,458.7391203266697,615.1812704881617,0.3410263987298248
Sau,2019-06-08,2.111721930961831,454.1036120780795,609.1353303886715,0.34140164091875913
Sau,2019-06-14,2.3120697748381938,455.9744131023213,585.5977530460344,0.2842776616823573
Sau,2019-06-20,1.1656360034654818,431.8878818724479,585.2100630383692,0.3550045917037396
Sau,2019-06-26,0.8158066370687341,432.1785060461097,552.2362931776369,0.2777967563216067
Sau,2019-07-02,0.7079597781580231,436.7420347843035,545.9432819015863,0.25003603596620755
Sau,2019-07-08,1.7082294464750238,422.3122177980341,570.4618556181068,0.35080594777137974
Sau,2019-07-14,1.2693317385158034,426.6694653645743,554.7678383332108,0.300228592311336
Sau,2019-07-20,1.654483493490612,424.8307028895658,534.2756340948066,0.2576201071646435
Sau,2019-07-26,1.868300161257664,418.9398073483396,566.7718915818398,0.35287189624971804
Sau,2019-08-01,1.1822739080178957,401.1680873843204,542.2906440679425,0.35177911982920557
Sau,2019-08-07,0.8440828403438017,398.8138975347541,519.5653753727005,0.30277650449085375
Sau,2019-08-13,0.4731362773797085,383.1918124672415,508.1380411736492,0.32606706260742235
Sau,2019-08-19,2.0153905136606536,381.0887383469405,537.2446218396146,0.40976252452391004
Sau,2019-08-25,1.6389714032326934,361.71854746356735,511.2125727482815,0.4132882494773684
Sau,2019-08-31,1.5831496415280724,356.4155117164402,503.600015420972,0.41295762632696514
Sau,2019-09-06,0.5807362790732677,360.1116877978037,518.4700112976793,0.4397478028782864
Sau,2019-09-12,2.199390509312652,350.64146627654725,506.6046165704525,0.444793800203022
Sau,2019-09-18,1.0842895622561637,334.1461239128382,529.3326979894243,0.5841353830203351
Sau,2019-09-24,2.306022546963437,349.64227902070286,493.8400450261524,0.4124151301419453
Sau,2019-09-30,1.2596166775076376,340.14154467486514,539.2504480337825,0.5853707272048811
Sau,2019-10-06,1.2263690291418525,350.5292446820188,503.8999151372543,0.43754029879693795
Sau,2019-10-12,2.105143547965543,350.3305026152787,493.8722626779923,0.4097324069447255
Sau,2019-10-18,1.963595919717895,340.5013310928405,523.3721081005352,0.5370633248944144
Sau,2019-10-24,1.2480247859269356,341.68677569863115,528.1318803921301,0.5456608740923125
Sau,2019-10-30,1.4406388938584616,342.607538048359,504.0743281286024,0.4712879086082817
Sau,2019-11-05,1.9497702521384528,341.4149958874422,538.8583011071299,0.5783088253240666
Sau,2019-11-11,2.028626331163723,332.62472696664247,504.94183167858665,0.5180526002482826
Sau,2019-11-17,1.8252903368977813,345.7836676400039,537.8281839802522,0.5553892051957361
Sau,2019-11-23,2.1075194119326808,354.1742464014389,552.330099827534,0.5594869063446678
Sau,2019-11-29,0.6008205100979049,310.47504904230755,527.9727525924684,0.7005319887090928
Sau,2019-12-05,2.9623034661722554,336.66764894292794,488.642198110923,0.45140823493188637
Sau,2019-12-11,1.625872303259093,286.9538881125327,532.4325164776852,0.8554636773866778
Sau,2019-12-17,1.6605614131331123,351.4880245166584,550.8962535795175,0.5673258124144379
Sau,2019-12-23,1.6319490663599967,358.65109592551727,515.2922192620791,0.4367507171066675
Sau,2019-12-29,1.4821299765096687,389.04521464304906,567.1618243349593,0.4578301004301855
Sau,2020-01-04,1.3943983186691096,423.5022312061863,557.7435008222903,0.3169788957988921
Sau,2020-01-10,1.188012475674516,427.9192572319868,597.5818114276875,0.3964826338809098
Sau,2020-01-16,1.1267878301137668,386.92487535383935,570.9904331674315,0.47571394226144254
Sau,2020-01-22,3.2232741732989774,427.6991691986712,584.4539645638472,0.3665071308388761
Sau,2020-01-28,1.7344682623002352,177.69193711626838,360.48385358534,1.0287012423611894
Sau,2020-02-03,1.4771229029551984,449.324541857593,608.242899729752,0.3536827906509633
Sau,2020-02-09,2.5908148003491696,450.975207642571,618.468338670514,0.37140208195367774
Sau,2020-02-15,1.12209712039329,472.58095444311385,586.5332281027851,0.2411275202445511
Sau,2020-02-21,1.0589471973120033,454.1690778277168,602.5850952344858,0.3267858263636978
Sau,2020-02-27,1.8522854227745393,464.4895512011868,607.4308078147741,0.3077383683743498
Sau,2020-03-04,1.3271828076711203,459.82691042479865,579.374624405078,0.25998416201835245
Sau,2020-03-10,1.0415497748836766,469.4965991355088,561.7614716904015,0.19651872393704545
Sau,2020-03-16,1.8451525802656739,459.7131450737148,581.5305719444156,0.26498573768467587
Sau,2020-03-22,1.560210565913732,458.9737498465474,572.2944674955272,0.24690021528871167
Sau,2020-03-28,0.9731208329514455,461.8453874353236,574.8614137269683,0.2447053264280384
Sau,2020-04-03,1.9852589482784977,463.1290780033125,588.6499595136428,0.2710278569669783
Sau,2020-04-09,1.148407898531477,452.6710481730501,624.6384256876958,0.37989480044879037
Sau,2020-04-15,1.783940737366098,462.7798408210814,577.760174989298,0.2484557969599846
Sau,2020-04-21,3.4239333997204406,454.32652553103577,592.8149836320408,0.3048214231804625
Sau,2020-04-27,2.6400554697496403,418.4783391621668,589.5703569067175,0.4088431866917966
Sau,2020-05-03,1.5466464823606578,442.244470016294,597.077501083509,0.350107331045904
Sau,2020-05-09,1.2024557411964543,457.7887360684292,590.0138441985816,0.28883434150373616
Sau,2020-05-15,1.1599199044543398,458.8373046141441,565.91890630699,0.23337597143042985
Sau,2020-05-21,1.628457807998613,436.4141368867941,567.74999028031,0.30094316909716534
Sau,2020-05-27,2.492736678622613,453.5145776115208,601.2589385490089,0.32577643196299966
Sau,2020-06-02,0.814441633602184,457.2954787948249,571.2582909953577,0.24921045032169367
Sau,2020-06-08,0.8595997062928024,435.068078005769,597.8532656476341,0.3741602656486017
Sau,2020-06-14,1.1595152160062496,431.9713955713788,572.8090235789817,0.32603461583680476
Sau,2020-06-20,1.4255101161247048,455.42142263545617,597.731941902861,0.31248095103624013
Sau,2020-06-26,2.3430818696401348,457.5846600331893,569.0608238013922,0.24361866448957736
Sau,2020-07-02,0.5933369455041059,445.5538110680464,604.9619321951924,0.35777523874170314
Sau,2020-07-08,1.6847425746676974,450.1048959679188,563.0139071222284,0.250850439899141
Sau,2020-07-14,1.588801560137638,446.8984622645868,584.6230548509367,0.30817871220333243
Sau,2020-07-20,1.6834393166816295,445.6563090220014,587.021319356908,0.3172063481949441
Sau,2020-07-26,1.447862605870084,449.8085297038149,588.7517162781841,0.3088940680290323
Sau,2020-08-01,0.9127445486955251,453.088207046084,559.8878673619917,0.23571494171563148
Sau,2020-08-07,1.0778267192978404,447.2307727881248,590.5300916533737,0.32041471111634984
Sau,2020-08-13,1.3121587606159617,451.17401612377984,595.2333787764906,0.3192988902383686
Sau,2020-08-19,2.5983757860630883,451.9835738645905,586.9012236007454,0.29850122335767637
Sau,2020-08-25,2.009696392920459,456.579289750429,577.3061435572993,0.26441596567566794
Sau,2020-08-31,1.8974936562799432,446.69237721268,593.0531844185656,0.32765458886754184
Sau,2020-09-06,0.6848716147807978,447.9505061324115,593.3906994467704,0.32467915835185535
Sau,2020-09-12,1.5022045826221135,450.4826800301914,565.790531496606,0.25596511603661815
Sau,2020-09-18,1.2485907783359362,449.6643851279523,592.0163298325424,0.3165737590360503
Sau,2020-09-24,2.5428291328147257,449.2976205536546,584.1288566710738,0.30009336784662044
Sau,2020-09-30,1.1458805703350379,455.4323496617545,571.961520796844,0.25586494069126764
Sau,2020-10-06,1.238650684642579,456.4163655456961,608.1601013337621,0.3324677799549094
Sau,2020-10-12,1.5127522545254954,467.7792004443359,606.3043876320785,0.2961337037990568
Sau,2020-10-18,1.3068006707571134,464.860406690952,607.5469927962004,0.30694501844315836
Sau,2020-10-24,1.3578135528640185,467.93893586110727,619.524370780484,0.32394276967020763
Sau,2020-10-30,1.7206113020770122,463.13403419513776,610.8604824895165,0.31897126401238607
Sau,2020-11-05,1.3956879605999792,461.600611905356,616.8327194011019,0.33629094826151107
Sau,2020-11-11,2.1989221062206745,457.703224490892,605.2308031189057,0.322321475432274
Sau,2020-11-17,1.1927295252037013,452.0052837820852,608.9576697357809,0.3472357328224585
Sau,2020-11-23,0.7399985034667286,455.3260651896397,608.3182255684351,0.33600571562946957
Sau,2020-11-29,1.5483446372550411,469.7436427027892,616.2562573047384,0.311899089807691
Sau,2020-12-05,0.9669468193302568,440.1363316160554,595.9071420504193,0.3539149105515054
Sau,2020-12-11,2.1052377562423077,471.9970406207575,619.1235498959443,0.31171066047721413
Sau,2020-12-17,0.9092056136031812,458.3338103784179,621.4875084043497,0.35597133427975963
Sau,2020-12-23,1.9891186937267282,466.8082915726485,599.8670358560901,0.28503937630408155
Sau,2020-12-29,1.5822309329145643,452.3693765444467,620.2556511208389,0.3711265246530163
Sau,2021-01-04,1.0084387507209436,469.037299086881,615.6139133912869,0.3125052412457611
Sau,2021-01-10,2.664123590060566,489.09455056129,610.968807974378,0.24918342940689858
Sau,2021-01-16,1.9711509956035356,459.45913502910537,629.3285070420301,0.36971595308941674
Sau,2021-01-22,2.79259462078884,473.6773162753595,622.6294640107759,0.3144591109126009
Sau,2021-01-28,1.8360704580219316,445.4991208091915,633.6958513498857,0.42244018394213495
Sau,2021-02-03,2.1193375250179343,444.74709113031423,627.5129240610404,0.41094329018820813
Sau,2021-02-09,3.5573904779974983,453.043264325735,628.0086945232617,0.38620026821925735
Sau,2021-02-15,2.4287993517955284,456.7777088946832,609.6864180143589,0.33475519085571454
Sau,2021-02-21,2.4778366647168566,451.535526024846,587.9112720198269,0.30202661393131847
Sau,2021-02-27,1.348851476108877,464.29124138447474,583.4199335967152,0.2565818210505315
Sau,2021-03-05,0.9372100729125751,465.81902218086384,610.0210184524776,0.30956656857096826
Sau,2021-03-11,2.393609279351621,462.63922510475896,587.4907561557696,0.26986801869802457
Sau,2021-03-17,1.2589360463569113,469.3487712771127,624.4403609199106,0.33043996092881817
Sau,2021-03-23,1.8003096305097577,461.259627770631,593.3933739135176,0.28646284692531615
Sau,2021-03-29,1.2451390138505996,470.920345295084,610.0289815042564,0.2953973800431267
Sau,2021-04-04,1.9778767267510537,465.4363204520371,598.425103348688,0.28572927606399673
Sau,2021-04-10,1.698850210944741,465.1596779259864,574.9450521203794,0.23601653239570228
Sau,2021-04-16,0.9685353626245995,460.0543834492731,597.7056534486542,0.29920651764544903
Sau,2021-04-22,2.256695940390754,466.21634837453496,591.433821401909,0.26858232977875013
Sau,2021-04-28,1.5835499159984499,453.5742226474298,575.510382007216,0.2688339708726548
Sau,2021-05-04,2.117749331810235,449.8459165960962,571.3049825082009,0.2700014859113622
Sau,2021-05-10,2.07482185107194,456.02104325472953,628.5191606806828,0.37826788911931264
Sau,2021-05-16,1.8409529648791885,457.5907896385611,570.7904998950166,0.24738196838679602
Sau,2021-05-22,1.8869460560228464,458.0797599620505,563.099751775372,0.22926136667121444
Sau,2021-05-28,1.6189030811953806,455.8207194306288,577.8458188629,0.26770415259906194
Sau,2021-06-09,0.8290087264548915,450.0397626815586,599.5431822356252,0.33220046749480875
Sau,2021-06-15,0.9356572453668809,450.0397626815586,599.5431822356252,0.33220046749480875
Sau,2021-06-21,2.990223853550659,449.6688026189168,589.2340069316821,0.310373331438435
Sau,2021-06-27,2.873065765626672,446.5905910298336,605.9622867701722,0.356863084313597
Sau,2021-07-03,0.6938359817847873,450.5613327085277,607.149858477577,0.3475409770024538
Sau,2021-07-09,1.6707466000065005,455.9540011383445,580.6676397898028,0.27352241309451303
Sau,2021-07-15,1.9301800104200715,455.29425101021246,573.926979134683,0.2605627632267415
Sau,2021-07-21,1.482829176318329,435.0144950672942,580.5478817452255,0.3345483617860092
Sau,2021-07-27,1.5942622563683537,449.3088135764865,570.863304881173,0.27053662788654403
Sau,2021-08-02,0.9612466796201254,451.5871591936687,583.2447762628773,0.2915442000261695
Sau,2021-08-08,1.4965310337358262,450.2177512257565,587.4511033557817,0.304815507066071
Sau,2021-08-14,1.4259263862023213,444.9573749099372,564.2302819356435,0.2680546806305841
Sau,2021-08-20,1.9074485670246613,441.2362593078493,590.1408501249667,0.33747133803259605
Sau,2021-08-26,1.6184951703250425,452.5498594772967,597.321150550295,0.3199013059913702
Sau,2021-09-01,1.5601477741374794,429.7856050498902,593.2353166237358,0.38030522579943576
Sau,2021-09-07,1.6801837416846024,425.65118576255946,573.5323452138475,0.347423346622087
Sau,2021-09-13,2.836567376770197,446.2448613200348,557.7922774752539,0.24996907712337843
Sau,2021-09-19,1.3504136483791067,437.2598851776422,602.4687778599789,0.3778276907684283
Sau,2021-09-25,1.4678499511136502,442.3174768567732,576.9380589951639,0.30435284423993536
Sau,2021-10-01,1.1092788123116826,447.9222323552149,562.4514774523446,0.25569002122293605
Sau,2021-10-07,1.6623554133980525,449.66713682423904,566.8169042532649,0.2605255261845298
Sau,2021-10-13,1.0887714554110461,443.9328148453746,597.4482764816705,0.34580787115222966
Sau,2021-10-19,2.4739865891386925,454.2353525152317,592.6906223511702,0.3048095421663503
Sau,2021-10-25,0.8618727345391065,442.1320506706687,571.3564946684055,0.29227567601515575
Sau,2021-10-31,1.51291575470588,448.5816458156241,593.6185447824757,0.3233233020560647
Sau,2021-11-06,2.1231562002127387,425.9696759829412,605.6094518452875,0.42171963402751766
Sau,2021-11-12,2.1376179824628188,454.8451340375713,604.4236808664632,0.32885598995225557
Sau,2021-11-18,1.7825636895531796,408.8508477584629,580.6233691750023,0.42013492783074163
Sau,2021-11-24,1.8771220029293474,428.6925671105389,598.743192991031,0.39667267157595565
Sau,2021-11-30,1.4105225021426988,402.0839320273396,579.972993046926,0.4424177313494112
Sau,2021-12-06,1.3423638280078531,427.0752513849564,586.4767853071658,0.3732399229533632
Sau,2021-12-12,1.5094945432826248,426.682198543019,576.0287723838088,0.3500182907811945
Sau,2021-12-18,0.9257360737795955,429.93923864408,567.8928675094966,0.3208677330789522
Sau,2021-12-30,1.5974601139198854,429.71053583165184,585.2045174612489,0.3618575032810345
Susqueda,2015-02-05,1.6541606298503952,446.5451164905863,598.2923085289484,0.3398249951336354
Susqueda,2015-02-17,1.2476807858301415,460.97059352109113,588.0936536997659,0.2757726023424929
Susqueda,2015-03-01,1.6237704369755064,445.5043447988292,616.8057865355157,0.3845112707352808
Susqueda,2015-03-13,1.018711254411426,447.4538045616748,587.6409192446722,0.3132996373118886
Susqueda,2015-03-25,2.1226952280151004,330.92295238342285,603.5515540531264,0.823843132385158
Susqueda,2015-04-06,0.9578468903759964,394.8893696166992,622.0547983095926,0.5752634691417303
Susqueda,2015-04-18,1.4821611713531189,365.65520862161975,622.6932645697443,0.7029519883418581
Susqueda,2015-04-30,1.211719014368165,356.35508629379274,628.1218079537936,0.7626289959446404
Susqueda,2015-05-12,0.9244967577853256,372.8790407853848,630.4539918226898,0.6907734757490847
Susqueda,2015-05-24,1.5517311689497613,405.5066966567993,613.5791140913124,0.5131170931330271
Susqueda,2015-06-05,1.7526482776921757,376.69605309524536,631.2550369169766,0.675767589625813
Susqueda,2015-06-17,2.11586048701343,247.806684941864,617.0805024644861,1.4901689097259607
Susqueda,2015-06-29,1.2885285883108184,378.5385067848206,611.0352116343662,0.6141956516505939
Susqueda,2015-07-11,0.5713450668586068,417.3578699417563,589.1829369105054,0.41169720123578335
Susqueda,2015-11-20,0.7406469062765841,419.37656351916434,596.712965414845,0.4228572059620516
Susqueda,2015-12-14,1.6462171537830983,421.57831258164646,587.4292213947256,0.3934047456033664
Susqueda,2015-12-26,1.9473415375843304,406.6407704635949,594.8452494398172,0.4628273715930104
Susqueda,2016-01-07,2.630132675251999,366.7110848697976,580.0024409323302,0.5816332389795704
Susqueda,2016-01-19,0.8037077262382694,403.0915111909455,536.3107600463869,0.33049380886697743
Susqueda,2016-01-31,0.7873828507040559,415.8864254096745,571.4632004448627,0.3740847633628224
Susqueda,2016-02-12,1.9228516893621628,381.2081663549386,604.2297996549273,0.5850389707872516
Susqueda,2016-02-24,0.3506315271629003,418.1296331204732,582.4896851706474,0.3930839601670089
Susqueda,2016-03-07,0.79711919826406,427.600973332705,581.0945950949787,0.35896462200717294
Susqueda,2016-03-19,0.973740232096505,430.09750186144953,586.0530380925139,0.36260507339869064
Susqueda,2016-03-31,1.3929411325966738,410.6255712192759,563.7375872609427,0.37287501503384046
Susqueda,2016-04-12,2.0457487950064253,401.93291035165225,585.5019631403549,0.4567156559240136
Susqueda,2016-04-24,1.5406996302665752,380.6214339748548,558.6386996072719,0.4677016314435342
Susqueda,2016-05-06,1.3029523666067804,385.99167787303554,537.3013944317031,0.3920025358900042
Susqueda,2016-05-18,1.6476044818614763,392.70128667995374,557.7965555886813,0.4204092894742103
Susqueda,2016-05-30,0.0793456491208988,402.3504750170539,553.2239116781976,0.3749801380369909
Susqueda,2016-06-11,0.4138213245723691,403.88353477366127,538.6459893974245,0.3336666217385785
Susqueda,2016-07-05,1.6350897425198208,408.370935596813,545.99619331204,0.3370104131286786
Susqueda,2016-07-17,0.7130223054157044,398.4660643360752,551.179867367877,0.38325422589312297
Susqueda,2016-07-29,1.111348640265077,388.410517383354,543.6813551169812,0.3997596120199232
Susqueda,2016-08-10,0.5904318029997534,373.5264233604371,551.8350545186481,0.47736550885491386
Susqueda,2016-08-22,1.024351670920355,373.1763053098341,546.7266881501114,0.46506270728036975
Susqueda,2016-09-03,1.5882732430665716,377.7074393104464,551.1630985932775,0.45923283798565573
Susqueda,2016-09-15,1.0729934008450563,375.64294787136896,540.913614368014,0.4399674409786565
Susqueda,2016-09-27,1.5418381761145676,363.1722755397363,524.6583890778636,0.4446542988396657
Susqueda,2016-10-03,0.8591828270750389,363.1722754214807,524.6583890778636,0.4446542993100717
Susqueda,2016-10-09,1.00028228071194,354.42411326510853,492.40147027646833,0.3893001402761584
Susqueda,2016-10-15,1.8581372178066913,356.6931470486031,526.9673874450984,0.47736897051541527
Susqueda,2016-10-21,1.0367301214974214,353.2125377445236,513.6648994095178,0.4542657593345353
Susqueda,2016-10-27,1.4461103154092934,346.2792058578222,522.1825485413406,0.5079812466583454
Susqueda,2016-11-02,1.2291387153751847,342.8626307292355,507.3303056745792,0.47968970720296045
Susqueda,2016-11-08,1.6510707309503685,336.95775875575947,541.0396266765671,0.6056600942337533
Susqueda,2016-11-14,1.4664207823029696,352.97854831362264,539.5563412217564,0.5285811100972594
Susqueda,2016-11-20,3.6482295260412405,335.94564208815336,514.8493912800839,0.5325377881966556
Susqueda,2016-11-26,1.4048965554117057,322.2290909803173,545.8618412430079,0.6940178789641024
Susqueda,2016-12-02,0.8123873706776062,321.61307370478613,524.8216737350883,0.6318418517302896
Susqueda,2016-12-08,1.245171008302731,338.1643648197848,545.2337226390285,0.6123334666844495
Susqueda,2016-12-14,1.9034128529469956,336.06247238861386,532.7314825619746,0.5852156260575798
Susqueda,2016-12-20,2.5420259289483216,355.2833622619329,545.9907525783973,0.5367754603038947
Susqueda,2016-12-26,0.7282232221442647,346.8574940196677,539.0283537758144,0.5540340429987946
Susqueda,2017-01-01,1.75400104336012,365.4945941238822,540.5881562368296,0.47905923898179587
Susqueda,2017-01-07,0.5421489245271267,367.97653602702417,559.5449017317051,0.5205994049865509
Susqueda,2017-01-13,1.0162968014879756,384.4206720892752,576.7761821065927,0.5003776435119656
Susqueda,2017-01-19,2.487122894142204,367.3637257932356,543.3799455398591,0.47913336943259144
Susqueda,2017-01-25,0.6794831904961872,387.3868260925472,564.4554976831776,0.4570849075500787
Susqueda,2017-01-31,1.689130383088643,378.03319462269206,561.3708198741331,0.4849775836072462
Susqueda,2017-02-06,3.6635421136499935,378.4406978399688,560.5105941282835,0.48110548714109663
Susqueda,2017-02-12,2.8988806992937857,368.771275069619,580.7336106723144,0.5747799515097259
Susqueda,2017-02-18,1.0418847751079665,366.6465907095306,550.3453914772782,0.5010241617472991
Susqueda,2017-02-24,1.2887424350197498,401.8560881186093,585.8331369801662,0.4578182446429811
Susqueda,2017-03-02,1.5588392602590033,418.6574206447706,549.2885091302521,0.3120238219695181
Susqueda,2017-03-08,1.6069502907276216,433.2400141633008,598.8043020617769,0.3821537311557515
Susqueda,2017-03-14,2.2456359060870246,425.0924551061922,588.3017653593927,0.38393838397444446
Susqueda,2017-03-20,1.1260832164723824,429.5107002310898,568.6307380779791,0.32390354366500884
Susqueda,2017-03-26,2.1487154778970785,431.7961503855358,575.3836649266353,0.332535420737066
Susqueda,2017-04-01,1.1469421562646163,440.53860968776326,602.3243661645331,0.3672453513017561
Susqueda,2017-04-07,1.555775281466512,449.7786589026777,565.0799737402584,0.2563512353362444
Susqueda,2017-04-13,1.0711782633418334,462.67458323643393,596.9224353114411,0.29015609877667387
Susqueda,2017-04-19,2.119005779077824,457.9262727196098,589.5108700302815,0.28734887065814074
Susqueda,2017-04-25,3.62603935524358,451.0302525117851,580.5344154447998,0.28712965973303733
Susqueda,2017-05-01,1.760577018579947,453.873563594459,599.8377260367212,0.3215965285272327
Susqueda,2017-05-07,1.8169463437696334,457.7708694236007,575.3783762945618,0.2569134794860273
Susqueda,2017-05-13,1.981085186291356,457.25134067181153,587.9008208295517,0.2857279324009959
Susqueda,2017-05-19,1.0502639271556418,441.14697250721343,609.9311233414835,0.38260299028009354
Susqueda,2017-05-25,1.4204390410127434,435.93882323076434,592.1246901219869,0.35827473619743544
Susqueda,2017-05-31,1.34327041669953,437.0614704480639,584.1302229761969,0.33649443493008435
Susqueda,2017-06-06,2.2202856560422024,446.7737550247701,575.3360204563786,0.287756977632853
Susqueda,2017-06-12,1.0647233809280021,430.951600171404,598.4236323915044,0.3886098396049374
Susqueda,2017-06-18,1.4610624944830182,436.8705997202495,572.5321477660355,0.31053027631673297
Susqueda,2017-06-24,1.6415840480664128,431.481465039972,571.459007814804,0.32441148488699173
Susqueda,2017-06-30,1.7578190080589005,437.3221873017584,569.1423276027306,0.3014256859783207
Susqueda,2017-07-06,1.1200645683189137,445.01477857724353,577.3093873318331,0.2972813828285627
Susqueda,2017-07-12,2.024084236137417,438.87453392712456,572.48239148851,0.30443292383779796
Susqueda,2017-07-18,3.02965664494542,426.1396339137327,581.0550804342473,0.363532124664742
Susqueda,2017-07-24,1.377755409898296,422.0087486699453,578.3157563583076,0.3703880741359004
Susqueda,2017-07-30,1.4847030598264075,404.3336357097671,582.5608459775051,0.4407924410119331
Susqueda,2017-08-05,1.6328175028475753,407.7318856957499,566.5211313184433,0.3894452486877176
Susqueda,2017-08-11,1.9734705386163107,398.1666190179204,553.7992092362409,0.39087302346487235
Susqueda,2017-08-17,1.544688621899784,398.3294296221355,557.1982154901604,0.39883768070747744
Susqueda,2017-08-23,1.7311655762386287,385.76481039086434,549.3701045692716,0.42410632015045435
Susqueda,2017-08-29,2.3129482981267,374.77629508085954,529.1617913477941,0.4119403982944685
Susqueda,2017-09-04,1.0173091018136375,368.82194854348575,540.5487004307678,0.46560881901266427
Susqueda,2017-09-10,1.714864193092433,379.9967158850068,517.8229347913436,0.3627037107027139
Susqueda,2017-09-16,1.3109855955368923,357.0955873265016,548.887483732189,0.5370883965315629
Susqueda,2017-09-22,0.9962733763164014,357.2549708421894,548.4508190275516,0.5351803719753401
Susqueda,2017-09-28,1.31428208454488,363.67261184287577,530.6205886500342,0.45906117582285255
Susqueda,2017-10-04,0.8871979910129364,363.495540536104,519.1280434661418,0.42815519194679
Susqueda,2017-10-10,0.8837093775365124,359.72123085597923,530.993392300912,0.4761246953297138
Susqueda,2017-10-16,1.2535897925563604,356.0865591853722,503.79635946621465,0.41481430980928263
Susqueda,2017-10-22,1.886453637740191,342.53844288906623,528.6035412036105,0.543194792226001
Susqueda,2017-10-28,2.017198258109799,349.1902952856595,533.9041087256338,0.528977511499473
Susqueda,2017-11-03,1.7199642613300938,357.0611614952716,541.0036384622224,0.5151567764935606
Susqueda,2017-11-09,1.176361141729168,357.2545061495523,532.2306749077235,0.4897801588118344
Susqueda,2017-11-15,1.3650619272846645,364.4394260682348,537.6402644128927,0.4752527469742781
Susqueda,2017-11-21,1.107468782539698,360.8865878130415,583.3936768241944,0.6165568256762798
Susqueda,2017-11-27,1.0706354451143025,352.43503438998954,564.3810548143815,0.6013761395521807
Susqueda,2017-12-03,1.4262187239143715,354.6860357221027,566.2050943545324,0.5963557550321924
Susqueda,2017-12-09,1.2034031746305436,370.70004991429937,575.3241201161973,0.5519936408133856
Susqueda,2017-12-15,1.7648600967141665,360.3047956658217,508.7755897549109,0.41206999150462065
Susqueda,2017-12-21,1.3153174087829398,342.4342985951263,523.3622910979627,0.5283582668123873
Susqueda,2017-12-27,3.370332555602687,345.4031427039023,521.2285653408395,0.5090440731388017
Susqueda,2018-01-02,1.2589251690755217,337.7559388215218,541.7862706674584,0.6040762230793848
Susqueda,2018-01-08,0.7653316700741761,347.8113198484473,522.9351431743937,0.5035023684745327
Susqueda,2018-01-14,0.9015050743872678,313.5443992189146,496.3865967749412,0.5831461126765892
Susqueda,2018-01-20,1.5439272323342035,309.8358391174915,498.2956433835379,0.6082569556925316
Susqueda,2018-01-26,1.2369619697004524,325.0832887091244,506.4934519308772,0.5580421065078913
Susqueda,2018-02-01,1.4864919488028616,283.556093588203,487.7166512417273,0.7200006004808994
Susqueda,2018-02-07,1.4442260969258156,318.73566310835,543.8373651141777,0.7062331833551594
Susqueda,2018-02-13,2.920426636867952,315.18375355276066,503.29844567102185,0.596841334611403
Susqueda,2018-02-19,0.6265433006827806,321.0802934124008,569.0353722574482,0.7722525609087127
Susqueda,2018-02-25,1.1660371088469041,317.6695105867603,500.92865414692005,0.5768861582644991
Susqueda,2018-03-03,3.9172653157346224,308.66478320020786,536.4156201097946,0.7378581856611149
Susqueda,2018-03-09,2.407557767030299,259.9182599242177,567.99329138741,1.185276600239688
Susqueda,2018-03-15,3.85352854173803,307.28513963910274,509.31076328598334,0.6574532822646539
Susqueda,2018-03-21,3.6961823989578457,310.66615861892404,524.5745063053088,0.688547309553512
Susqueda,2018-03-27,1.462192801228558,349.3265446744403,559.9299032858935,0.6028839257197814
Susqueda,2018-04-02,2.369035802632533,347.1003385718372,521.1756612393427,0.5015129728301266
Susqueda,2018-04-08,1.9219147882996817,335.980131568065,531.1470625532024,0.5808883104910602
Susqueda,2018-04-14,1.8829928362811463,342.2863055166057,520.6559827223657,0.5211125140883166
Susqueda,2018-04-20,0.7632584878655565,334.8893829559326,538.2354035046329,0.6072035451044986
Susqueda,2018-04-26,1.1712707965337346,438.45471849909165,585.193372835957,0.33467231197597286
Susqueda,2018-05-02,2.202994127682808,439.6096507754965,554.3808374185301,0.2610752208022973
Susqueda,2018-05-08,1.0047784071681352,466.45831699522415,601.0703064575258,0.2885831049801603
Susqueda,2018-05-14,1.780826184356665,436.7702871039686,594.025655890856,0.36004136139749454
Susqueda,2018-05-20,1.518978593539135,455.60857562080827,594.6696772716539,0.3052205535450297
Susqueda,2018-05-26,1.0768122153637874,440.6678448170053,609.5196193271115,0.38317244268236716
Susqueda,2018-06-01,1.341611404527129,444.798453542277,569.3128822088802,0.27993449094752393
Susqueda,2018-06-07,0.9105660569545342,452.66881234345976,591.1337002341986,0.305885636728336
Susqueda,2018-06-13,1.5661248845851001,454.35501345087977,556.8379864360764,0.22555704229348422
Susqueda,2018-06-19,0.7980139966145964,451.9283031401122,598.985046214148,0.32539839185164643
Susqueda,2018-06-25,1.410865670353998,463.34868581112426,571.5510692054091,0.2335225861380594
Susqueda,2018-07-01,0.2561940583502551,451.1029233170034,567.3126484854156,0.2576124408902316
Susqueda,2018-07-07,1.7422295024852834,458.73232808838486,563.9399882370744,0.22934433373620663
Susqueda,2018-07-13,0.6500285681687531,451.5027547977372,577.430626064908,0.2789083121399415
Susqueda,2018-07-19,1.3803468945019843,459.72990849331126,579.8204670661299,0.26121980831396335
Susqueda,2018-07-25,1.6302240240393793,451.9702006205181,578.8140825277383,0.28064655973573904
Susqueda,2018-07-31,1.0900986073627605,448.7967558158305,595.0376503557214,0.3258510509374153
Susqueda,2018-08-06,1.2339056038224157,448.97481646228863,580.0433891741106,0.29192856237367837
Susqueda,2018-08-12,2.0573499359455223,457.2888162579435,586.2062138804179,0.2819167953360919
Susqueda,2018-08-18,1.692206348844524,444.6221680879301,607.504469578702,0.3663386875000792
Susqueda,2018-08-24,1.11805786698307,447.7304439366209,591.3163987453808,0.3206973230283295
Susqueda,2018-08-30,1.2521881450295145,453.83710307181553,605.1312534209399,0.33336664042028186
Susqueda,2018-09-05,1.01453791484049,448.741720017742,584.0195093511965,0.3014602460589266
Susqueda,2018-09-11,1.1677660250321908,457.6985268973406,592.6257046486322,0.29479487003364346
Susqueda,2018-09-17,0.9649419901800248,462.5142507522044,582.9404914621211,0.2603730382665247
Susqueda,2018-09-23,1.0904593599951256,454.06560888822366,584.3452161870919,0.28691802406673533
Susqueda,2018-09-29,0.30981486151559606,459.18223568351294,581.389805814619,0.26614176384501176
Susqueda,2018-10-05,1.192266339467863,459.6436406254877,588.8942868859027,0.2811975078879138
Susqueda,2018-10-11,2.4729423722921577,468.2208884660489,593.4022446365926,0.26735534286104523
Susqueda,2018-10-17,1.5305140929093044,439.5036149979475,623.5763538881581,0.4188196242505769
Susqueda,2018-10-23,1.252291521546188,443.5874838927655,556.9975693938879,0.2556656569880557
Susqueda,2018-10-29,0.7815516252346639,456.7392034111889,590.7149477683155,0.293330949821078
Susqueda,2018-11-04,1.396576253193945,466.60907194168976,609.1031929221928,0.30538223439922724
Susqueda,2018-11-10,2.280734029642876,464.5172930169767,623.7167355191759,0.3427201632650111
Susqueda,2018-11-16,1.1107572961749463,462.3347773459191,624.8675442324352,0.3515477849612619
Susqueda,2018-11-22,2.237438065318924,434.6904217233576,594.3596050076085,0.3673170037914163
Susqueda,2018-11-28,0.7626614067028251,467.8234713089468,619.6665892694216,0.32457353526026667
Susqueda,2018-12-04,1.063944263337542,465.57567530004457,623.148727640393,0.33844777702099443
Susqueda,2018-12-16,0.968205910677905,472.8026540692496,617.7583955777876,0.30658825677257484
Susqueda,2018-12-22,0.7908068572326635,472.8026540692496,617.7583955777876,0.30658825677257484
Susqueda,2018-12-28,0.5121705113161001,467.0792194727161,628.795658303884,0.3462291450553698
Susqueda,2019-01-03,0.646583688494025,479.8616496662783,616.464381450698,0.28467107525558805
Susqueda,2019-01-09,2.0815878659858926,480.0844412009295,615.9246424726123,0.2829506428741556
Susqueda,2019-01-15,0.9710722818740768,481.1575000547103,611.5655202840919,0.27102979838109875
Susqueda,2019-01-21,1.957683383816188,471.4461912088072,620.5943459812661,0.31636304959859146
Susqueda,2019-01-27,0.8824773004937077,476.2995658794597,607.833877384201,0.2761587893994208
Susqueda,2019-02-02,0.9630685616248276,470.4169349473929,592.690122925936,0.25992514064617367
Susqueda,2019-02-08,1.6061629571933485,472.3679360283406,571.8839124403979,0.2106747067736763
Susqueda,2019-02-14,1.865677288493139,462.5485631536954,561.4809244079081,0.2138853498531775
Susqueda,2019-02-20,0.555114033592241,477.2936589566519,600.1849876470084,0.25747530138781405
Susqueda,2019-02-26,0.7249236005670049,452.5919562733668,538.662918491597,0.19017342448358293
Susqueda,2019-03-04,3.0522898210383076,462.0014584241051,589.5559565855323,0.276091115808417
Susqueda,2019-03-10,1.534829112768271,431.64984533430805,602.151654769769,0.3950002792272732
Susqueda,2019-03-16,1.1379736593239755,469.5489584181212,580.4764913573443,0.2362427409336197
Susqueda,2019-03-22,2.284841159747897,473.53405542295855,585.9063852589089,0.23730569860615391
Susqueda,2019-03-28,0.525374210540096,473.9938597277562,572.061984221751,0.20689745759643666
Susqueda,2019-04-03,1.3036891714239485,470.2591953370964,582.562528922209,0.2388115632797145
Susqueda,2019-04-09,0.9146746655293438,449.8033399385579,558.6952643955067,0.2420878521529502
Susqueda,2019-04-15,0.151181754594947,466.0758849997276,582.1990116821082,0.2491506864433643
Susqueda,2019-04-21,4.680311940079978,484.01294262697405,562.404827477405,0.16196237320630308
Susqueda,2019-04-27,0.4591492357421217,438.899901715396,634.3361663608389,0.4452866448171893
Susqueda,2019-05-03,0.6350294226636328,474.72913528197336,579.0029245382692,0.21964901984446497
Susqueda,2019-05-09,0.7583163562102042,440.90966494800335,577.2786834202009,0.30929015468118526
Susqueda,2019-05-15,2.0194764934293374,457.35655121791456,563.9661921561537,0.23309962578286844
Susqueda,2019-05-21,1.136342772926786,468.107821046669,571.6560525931295,0.22120594207319821
Susqueda,2019-05-27,1.89531184027132,468.0130018265098,595.980197054243,0.273426581587086
Susqueda,2019-06-02,2.040514709577433,469.02218896767096,615.1812704881617,0.3116250892994857
Susqueda,2019-06-08,2.111721930961831,465.1958529848673,609.1353303886715,0.30941694015592713
Susqueda,2019-06-14,2.3120697748381938,465.7665760626698,585.5977530460344,0.25727732117738117
Susqueda,2019-06-20,1.1656360034654818,442.9929027188438,585.2100630383692,0.3210371079235708
Susqueda,2019-06-26,0.8158066370687341,440.1873872709326,552.2362931776369,0.25454819730611417
Susqueda,2019-07-02,0.7079597781580231,445.2842624827037,545.9432819015863,0.22605564108116777
Susqueda,2019-07-08,1.7082294464750238,431.1013805984855,570.4618556181068,0.3232661301760418
Susqueda,2019-07-14,1.2693317385158034,436.2667498077901,554.7678383332108,0.27162530396283857
Susqueda,2019-07-20,1.654483493490612,432.6816947238518,534.2756340948066,0.23480064123303057
Susqueda,2019-07-26,1.868300161257664,427.797346534729,566.7718915818398,0.32486069905024223
Susqueda,2019-08-01,1.1822739080178957,410.277551250748,542.2906440679425,0.32176533279665714
Susqueda,2019-08-07,0.8440828403438017,408.3222256943766,519.5653753727005,0.27243961430007446
Susqueda,2019-08-13,0.4731362773797085,391.2377891808035,508.1380411736492,0.29879591191233923
Susqueda,2019-08-19,2.0153905136606536,390.4935572613465,537.2446218396146,0.37580918263409846
Susqueda,2019-08-25,1.6389714032326934,370.89209455390176,511.2125727482815,0.37833235125475817
Susqueda,2019-08-31,1.5831496415280724,367.0165348760417,503.600015420972,0.3721453056360548
Susqueda,2019-09-06,0.5807362790732677,369.9857940409223,518.4700112976793,0.40132410392041673
Susqueda,2019-09-12,2.199390509312652,360.0844309949299,506.6046165704525,0.4069050838179272
Susqueda,2019-09-18,1.0842895622561637,350.1109911793847,529.3326979894243,0.5118996870287132
Susqueda,2019-09-24,2.306022546963437,359.27425576063564,493.8400450261524,0.3745489333228775
Susqueda,2019-09-30,1.2596166775076376,351.05734624952134,539.2504480337825,0.5360750993955813
Susqueda,2019-10-06,1.2263690291418525,360.388672902829,503.8999151372543,0.3982124107244625
Susqueda,2019-10-12,2.105143547965543,358.9935461976384,493.8722626779923,0.3757134854064994
Susqueda,2019-10-18,1.963595919717895,350.8721692405611,523.3721081005352,0.4916318647709748
Susqueda,2019-10-24,1.2480247859269356,353.03686545854754,528.1318803921301,0.49596807604259024
Susqueda,2019-10-30,1.4406388938584616,353.24012241423367,504.0743281286024,0.42700190647508096
Susqueda,2019-11-05,1.9497702521384528,352.0371291541155,538.8583011071299,0.5306859887248639
Susqueda,2019-11-11,2.028626331163723,346.7189338714629,504.94183167858665,0.4563434019607962
Susqueda,2019-11-17,1.8252903368977813,357.7768473141748,537.8281839802522,0.5032503864286356
Susqueda,2019-11-23,2.1075194119326808,365.7721459906604,552.330099827534,0.5100387109346406
Susqueda,2019-11-29,0.6008205100979049,321.52933854078105,527.9727525924684,0.642067112720114
Susqueda,2019-12-05,2.9623034661722554,348.5459017106749,488.642198110923,0.40194503998655784
Susqueda,2019-12-11,1.625872303259093,298.86303378590304,532.4325164776852,0.781526841018099
Susqueda,2019-12-17,1.6605614131331123,363.7963555986531,550.8962535795175,0.5142984395018967
Susqueda,2019-12-23,1.6319490663599967,368.3424383220627,515.2922192620791,0.39894881949912564
Susqueda,2019-12-29,1.4821299765096687,399.9899482109549,567.1618243349593,0.41794019292664303
Susqueda,2020-01-04,1.3943983186691096,432.7334820899185,557.7435008222903,0.28888455344066905
Susqueda,2020-01-10,1.188012475674516,439.1109593803316,597.5818114276875,0.36089022298825824
Susqueda,2020-01-16,1.1267878301137668,396.4736804251009,570.9904331674315,0.44017235281598766
Susqueda,2020-01-22,3.2232741732989774,437.8864597663789,584.4539645638472,0.33471577284135473
Susqueda,2020-01-28,1.7344682623002352,184.46798927614995,360.48385358534,0.9541810749923283
Susqueda,2020-02-03,1.4771229029551984,459.3102054695936,608.242899729752,0.3242529612593548
Susqueda,2020-02-09,2.5908148003491696,461.726272359646,618.468338670514,0.33946967217143553
Susqueda,2020-02-15,1.12209712039329,482.2336389514967,586.5332281027851,0.21628435000524485
Susqueda,2020-02-21,1.0589471973120033,463.9073224606024,602.5850952344858,0.29893421823636057
Susqueda,2020-02-27,1.8522854227745393,477.3461485048241,607.4308078147741,0.27251641124037546
Susqueda,2020-03-04,1.3271828076711203,468.8874932287149,579.374624405078,0.2356367631295924
Susqueda,2020-03-10,1.0415497748836766,478.3800668086093,561.7614716904015,0.17429949671199735
Susqueda,2020-03-16,1.8451525802656739,471.3532421465525,581.5305719444156,0.23374683771371388
Susqueda,2020-03-22,1.560210565913732,467.408223741844,572.2944674955272,0.22439965414817636
Susqueda,2020-03-28,0.9731208329514455,472.1865037651,574.8614137269683,0.21744566848726854
Susqueda,2020-04-03,1.9852589482784977,474.338902989424,588.6499595136428,0.24099026203374146
Susqueda,2020-04-09,1.148407898531477,463.3894946735156,624.6384256876958,0.34797709673541305
Susqueda,2020-04-15,1.783940737366098,472.8111242857181,577.760174989298,0.22196823491014042
Susqueda,2020-04-21,3.4239333997204406,463.8356220982989,592.8149836320408,0.27807127221118816
Susqueda,2020-04-27,2.6400554697496403,426.9869988873321,589.5703569067175,0.38076887222106226
Susqueda,2020-05-03,1.5466464823606578,451.2941130078424,597.077501083509,0.32303410098578716
Susqueda,2020-05-09,1.2024557411964543,465.5512980883668,590.0138441985816,0.2673444293277224
Susqueda,2020-05-15,1.1599199044543398,466.0310508222124,565.91890630699,0.21433733934369137
Susqueda,2020-05-21,1.628457807998613,443.293687758071,567.74999028031,0.28075360863284277
Susqueda,2020-05-27,2.492736678622613,462.42120901316025,601.2589385490089,0.3002408341782987
Susqueda,2020-06-02,0.814441633602184,467.2124297316756,571.2582909953577,0.2226949769368006
Susqueda,2020-06-08,0.8595997062928024,443.3950652712025,597.8532656476341,0.3483534492698002
Susqueda,2020-06-14,1.1595152160062496,439.5050786607511,572.8090235789817,0.3033046747137282
Susqueda,2020-06-20,1.4255101161247048,463.6108395487467,597.731941902861,0.28929673534954525
Susqueda,2020-06-26,2.3430818696401348,466.8931774608447,569.0608238013922,0.21882445765469688
Susqueda,2020-07-02,0.5933369455041059,454.3049341874424,604.9619321951924,0.3316208710724461
Susqueda,2020-07-08,1.6847425746676974,457.0680924371996,563.0139071222284,0.2317943790827743
Susqueda,2020-07-14,1.588801560137638,456.0870739072822,584.6230548509367,0.28182333658897885
Susqueda,2020-07-20,1.6834393166816295,455.2438703905651,587.021319356908,0.2894656195003519
Susqueda,2020-07-26,1.447862605870084,458.8946305432996,588.7517162781841,0.2829780021203181
Susqueda,2020-08-01,0.9127445486955251,460.9223794992363,559.8878673619917,0.21471183059124893
Susqueda,2020-08-07,1.0778267192978404,455.998333108332,590.5300916533737,0.29502686474312356
Susqueda,2020-08-13,1.3121587606159617,459.5845653403188,595.2333787764906,0.2951552851556815
Susqueda,2020-08-19,2.5983757860630883,459.6009456075869,586.9012236007454,0.2769800175777905
Susqueda,2020-08-25,2.009696392920459,465.1160747366751,577.3061435572993,0.24120875393124272
Susqueda,2020-08-31,1.8974936562799432,454.76969056982006,593.0531844185656,0.30407368106585614
Susqueda,2020-09-06,0.6848716147807978,457.2310435901595,593.3906994467704,0.29779180080926015
Susqueda,2020-09-12,1.5022045826221135,460.2672237214451,565.790531496606,0.22926531009956064
Susqueda,2020-09-18,1.2485907783359362,458.5469945267142,592.0163298325424,0.29107013435686696
Susqueda,2020-09-24,2.5428291328147257,457.1509449084203,584.1288566710738,0.27775926786740124
Susqueda,2020-09-30,1.1458805703350379,466.1404301474447,571.961520796844,0.22701547389040472
Susqueda,2020-10-06,1.238650684642579,466.9422720396273,608.1601013337621,0.3024310235980311
Susqueda,2020-10-12,1.5127522545254954,476.3036741362507,606.3043876320785,0.27293661702605293
Susqueda,2020-10-18,1.3068006707571134,473.8911575969381,607.5469927962004,0.282039099182647
Susqueda,2020-10-24,1.3578135528640185,480.0945933913914,619.524370780484,0.2904214696611343
Susqueda,2020-10-30,1.7206113020770122,473.5089839796477,610.8604824895165,0.2900715786963239
Susqueda,2020-11-05,1.3956879605999792,471.71708970687854,616.8327194011019,0.307632758830928
Susqueda,2020-11-11,2.1989221062206745,469.4271872687246,605.2308031189057,0.28929644369413143
Susqueda,2020-11-17,1.1927295252037013,463.44648682762886,608.9576697357809,0.3139762346764158
Susqueda,2020-11-23,0.7399985034667286,464.74676091344486,608.3182255684351,0.3089240780781454
Susqueda,2020-11-29,1.5483446372550411,480.778975777498,616.2562573047384,0.2817870338613529
Susqueda,2020-12-05,0.9669468193302568,448.4636785108948,595.9071420504193,0.3287745933608369
Susqueda,2020-12-11,2.1052377562423077,481.6240536140501,619.1235498959443,0.2854913396665182
Susqueda,2020-12-17,0.9092056136031812,467.5320373134688,621.4875084043497,0.3292939495131486
Susqueda,2020-12-23,1.9891186937267282,476.6780944851294,599.8670358560901,0.25843214277345755
Susqueda,2020-12-29,1.5822309329145643,462.1013260411789,620.2556511208389,0.34225031647186094
Susqueda,2021-01-04,1.0084387507209436,480.4709292611094,615.6139133912869,0.28127192697798953
Susqueda,2021-01-10,2.664123590060566,500.9121356717037,610.968807974378,0.21971252933429652
Susqueda,2021-01-16,1.9711509956035356,471.0208940357881,629.3285070420301,0.3360946722550567
Susqueda,2021-01-22,2.79259462078884,483.78448249707975,622.6294640107759,0.28699759197947045
Susqueda,2021-01-28,1.8360704580219316,458.3189098812208,633.6958513498857,0.38265264139792116
Susqueda,2021-02-03,2.1193375250179343,454.8635190922248,627.5129240610404,0.3795630946912901
Susqueda,2021-02-09,3.5573904779974983,464.5547896912309,628.0086945232617,0.3518506502552077
Susqueda,2021-02-15,2.4287993517955284,467.2580846817763,609.6864180143589,0.30481726908927137
Susqueda,2021-02-21,2.4778366647168566,460.0566854081845,587.9112720198269,0.2779105068285307
Susqueda,2021-02-27,1.348851476108877,474.2126040590382,583.4199335967152,0.23029191675403243
Susqueda,2021-03-05,0.9372100729125751,475.48283844567686,610.0210184524776,0.28295065379561857
Susqueda,2021-03-11,2.393609279351621,472.3128011055859,587.4907561557696,0.24385948206480146
Susqueda,2021-03-17,1.2589360463569113,482.71795973818905,624.4403609199106,0.29359255922151173
Susqueda,2021-03-23,1.8003096305097577,472.67293285048527,593.3933739135176,0.2553995218956579
Susqueda,2021-03-29,1.2451390138505996,482.04902536488527,610.0289815042564,0.2654915774230581
Susqueda,2021-04-04,1.9778767267510537,474.89857371806113,598.425103348688,0.2601113931834262
Susqueda,2021-04-10,1.698850210944741,474.58422038935936,574.9450521203794,0.2114710675561058
Susqueda,2021-04-16,0.9685353626245995,469.93553742139926,597.7056534486542,0.2718886014204141
Susqueda,2021-04-22,2.256695940390754,478.35793604646864,591.433821401909,0.23638342093786424
Susqueda,2021-04-28,1.5835499159984499,462.9253015319404,575.510382007216,0.24320355811769676
Susqueda,2021-05-04,2.117749331810235,459.3652227972831,571.3049825082009,0.24368357497606333
Susqueda,2021-05-10,2.07482185107194,467.43290467017664,628.5191606806828,0.34461899109171523
Susqueda,2021-05-16,1.8409529648791885,467.5109693467203,570.7904998950166,0.2209135984394435
Susqueda,2021-05-22,1.8869460560228464,466.88032072024765,563.099751775372,0.206090140845278
Susqueda,2021-05-28,1.6189030811953806,463.8902567323691,577.8458188629,0.24565198444397382
Susqueda,2021-06-09,0.8290087264548915,459.2001250466949,599.5431822356252,0.3056250413143053
Susqueda,2021-06-15,0.9356572453668809,459.2001250466949,599.5431822356252,0.3056250413143053
Susqueda,2021-06-21,2.990223853550659,458.5026895414673,589.2340069316821,0.2851266096627582
Susqueda,2021-06-27,2.873065765626672,455.5451786192501,605.9622867701722,0.3301914172526946
Susqueda,2021-07-03,0.6938359817847873,458.6050007815402,607.149858477577,0.32390588293387856
Susqueda,2021-07-09,1.6707466000065005,464.7539823269653,580.6676397898028,0.24940863740956515
Susqueda,2021-07-15,1.9301800104200715,463.5940328592726,573.926979134683,0.23799475069797293
Susqueda,2021-07-21,1.482829176318329,444.1211355891508,580.5478817452255,0.3071836380295146
Susqueda,2021-07-27,1.5942622563683537,456.8122857508101,570.863304881173,0.24966714488186395
Susqueda,2021-08-02,0.9612466796201254,461.3592976557145,583.2447762628773,0.2641877582753709
Susqueda,2021-08-08,1.4965310337358262,459.3193242588896,587.4511033557817,0.2789601315024844
Susqueda,2021-08-14,1.4259263862023213,455.2195380181465,564.2302819356435,0.23946850873775857
Susqueda,2021-08-20,1.9074485670246613,450.2119265396208,590.1408501249667,0.3108067897286847
Susqueda,2021-08-26,1.6184951703250425,460.8499959492343,597.321150550295,0.29612923033657546
Susqueda,2021-09-01,1.5601477741374794,439.3975702126177,593.2353166237358,0.35011059878341694
Susqueda,2021-09-07,1.6801837416846024,435.0367166349433,573.5323452138475,0.3183538843575851
Susqueda,2021-09-13,2.836567376770197,454.3056177892647,557.7922774752539,0.22779084306633582
Susqueda,2021-09-19,1.3504136483791067,446.8045141221169,602.4687778599789,0.3483945636576919
Susqueda,2021-09-25,1.4678499511136502,451.9393430269218,576.9380589951639,0.2765829483466679
Susqueda,2021-10-01,1.1092788123116826,455.4185660860248,562.4514774523446,0.23502096606685605
Susqueda,2021-10-07,1.6623554133980525,459.04931584226114,566.8169042532649,0.23476255097618942
Susqueda,2021-10-13,1.0887714554110461,453.8881776042653,597.4482764816705,0.31628957518821293
Susqueda,2021-10-19,2.4739865891386925,463.0500494546986,592.6906223511702,0.2799709730063525
Susqueda,2021-10-25,0.8618727345391065,451.7891537768225,571.3564946684055,0.26465296896137436
Susqueda,2021-10-31,1.51291575470588,457.86038095104135,593.6185447824757,0.2965055931448913
Susqueda,2021-11-06,2.1231562002127387,437.7978394721176,605.6094518452875,0.3833084525394454
Susqueda,2021-11-12,2.1376179824628188,464.96314141707467,604.4236808664632,0.2999389134896859
Susqueda,2021-11-18,1.7825636895531796,420.1306426592987,580.6233691750023,0.3820067146253213
Susqueda,2021-11-24,1.8771220029293474,441.7705693252234,598.743192991031,0.355326123027103
Susqueda,2021-11-30,1.4105225021426988,412.1809358824487,579.972993046926,0.4070834979430745
Susqueda,2021-12-06,1.3423638280078531,437.7301213777339,586.4767853071658,0.33981363553702704
Susqueda,2021-12-12,1.5094945432826248,436.5298728431373,576.0287723838088,0.31956323775073936
Susqueda,2021-12-18,0.9257360737795955,439.8832665971792,567.8928675094966,0.29100811654547765
Susqueda,2021-12-30,1.5974601139198854,440.8809413020056,585.2045174612489,0.3273527218777663
El_Atazar,2014-10-23,2.370371020672096,79.70437661514282,214.68368005676268,1.6934992678429093
El_Atazar,2014-11-04,3.400688973569,41.823667230987546,220.9062522743225,4.281847979859857
El_Atazar,2014-11-16,3.044763829019706,76.71868567504883,226.52590452957156,1.9526822903229744
El_Atazar,2014-11-28,5.573680326251024,8.923275762939452,213.083938357544,22.879564413164697
El_Atazar,2014-12-10,1.845303374915941,125.59350302734374,252.39192795028688,1.009593823458663
El_Atazar,2014-12-22,1.969426720941393,166.16333344802857,249.9702112068176,0.504364446835087
El_Atazar,2015-01-03,0.3788231681106637,112.34567931671144,234.43893872299196,1.0867641741885763
El_Atazar,2015-01-15,2.5563472874097526,174.87946935195922,221.31369504623413,0.2655213094272504
El_Atazar,2015-02-08,1.914309671034622,160.70491866607665,262.0087980545044,0.6303719900379879
El_Atazar,2015-03-04,2.8332925826089403,132.47025572814945,265.24519248809816,1.0022999957999967
El_Atazar,2015-03-16,0.2735128877717847,234.62710882644652,248.25000913085935,0.058061919496649836
El_Atazar,2015-03-28,2.3846487356225907,153.3203173225403,258.2747600112915,0.6845436046675949
El_Atazar,2015-04-21,1.5863747395696923,63.08588171386719,260.37962165985107,3.127383411090787
El_Atazar,2015-05-03,1.957563357387896,169.62983652648927,256.9925506652832,0.515019739025401
El_Atazar,2015-05-27,1.417554291738797,120.39305442810058,260.44747919387817,1.163309839019151
El_Atazar,2015-06-08,1.4120857849017023,76.79589329986572,247.05063612365723,2.2169771781805574
El_Atazar,2015-06-20,0.6769047285783738,8.878224743652344,249.8872565956116,27.146083683483372
El_Atazar,2015-07-02,1.281237104712333,143.9234572731018,240.3070566513061,0.6696865209075107
El_Atazar,2015-07-14,1.3016156902618357,174.28293634490967,230.9385198196411,0.32507820135993587
El_Atazar,2015-07-26,0.2181097938584809,184.9862954643249,230.6444543861389,0.24681914304629818
El_Atazar,2015-08-07,1.3780857573075476,173.1593860496521,227.97429637908937,0.316557546084851
El_Atazar,2015-08-19,1.1847392155300869,200.9699939239502,225.51509368667604,0.122133156714002
El_Atazar,2015-08-31,1.4399383926050484,175.7995643989563,232.9676610168457,0.3251890686609051
El_Atazar,2015-09-12,1.1121465307092742,213.7624263687134,227.26488371276852,0.06316571894054517
El_Atazar,2015-09-24,1.235643435263239,183.34279833374023,222.91269835739132,0.21582467587094264
El_Atazar,2015-10-06,3.013826322619731,188.2514421531677,211.4919899604797,0.12345481947704144
El_Atazar,2015-10-18,1.6427264244431177,169.37920814437865,212.45016489562988,0.2542871537959818
El_Atazar,2015-10-30,1.4602065736468048,171.00910431289674,207.4023033218384,0.2128143946204918
El_Atazar,2015-11-11,0.4070677222791342,148.83256474456786,204.40964948730468,0.3734201909247505
El_Atazar,2015-11-23,2.946868778673037,125.20927171707152,182.8518201942444,0.46036964904184224
El_Atazar,2015-12-05,0.6383419310214352,141.76423890533448,151.456756980896,0.06837068466917003
El_Atazar,2015-12-17,1.761816941700453,121.91126088027954,141.37957214202882,0.15969247730829175
El_Atazar,2015-12-29,1.2154194112193883,131.927878490448,142.66936164093016,0.08141935785968002
El_Atazar,2016-01-10,4.648246803587935,108.7999028869629,153.9305539123535,0.4148041480540554
El_Atazar,2016-02-15,4.197744916501113,44.14236560058594,251.78072787628173,4.703834048099579
El_Atazar,2016-02-27,5.3499063929341535,52.31821520385742,251.8175923714791,3.813191569901119
El_Atazar,2016-03-10,4.1914683392372005,29.061928874206544,255.314411203344,7.785184641682346
El_Atazar,2016-03-22,1.3066458297025096,200.59113167648317,244.2743943901062,0.21777265200375934
El_Atazar,2016-04-03,2.499983167969493,237.5236894897461,251.9310826950073,0.06065665802098097
El_Atazar,2016-04-15,2.4212463696462394,241.18919716262815,247.87244384765623,0.027709560642227796
El_Atazar,2016-04-27,0.1832705213124245,242.6677933441162,249.61508964920043,0.02862883536931733
El_Atazar,2016-05-09,3.021170986416369,177.39098530654908,260.0401459693909,0.46591522404600166
El_Atazar,2016-05-21,1.6893974328434178,234.98282524261475,265.29758827590945,0.12900842009195929
El_Atazar,2016-06-02,0.1305008682618544,234.9204459373474,260.40217537384035,0.10846961121165606
El_Atazar,2016-06-14,3.378747417979175,214.9314767730713,259.821229927063,0.2088561146461908
El_Atazar,2016-07-08,0.6320618383999206,236.9737848213196,264.3773225715637,0.11563953274792231
El_Atazar,2016-08-01,1.472970871299779,232.82362979812623,247.97848539657596,0.06509157000769213
El_Atazar,2016-08-13,1.7842430351984626,228.44198215942384,241.20485464248657,0.05586920741282939
El_Atazar,2016-08-25,1.6589405149757288,231.7981973991394,239.1152008659363,0.0315662656090355
El_Atazar,2016-09-06,1.0546069569518723,223.06405456466675,243.06053560409543,0.08964456903849412
El_Atazar,2016-09-18,1.8583433833941616,228.472427734375,236.80750787353517,0.03648177691205103
El_Atazar,2016-09-30,1.788018634813587,221.3134450828552,238.16479290466307,0.0761424495267293
El_Atazar,2016-10-12,2.297525908012532,198.9562636123657,237.49334127578732,0.1936962273201156
El_Atazar,2016-10-18,0.9769731992632056,198.9562636123657,237.49334127578732,0.1936962273201156
El_Atazar,2016-10-24,1.7074468686137219,211.19757088775637,239.4169625404358,0.13361608059250354
El_Atazar,2016-10-30,0.9445959634739625,192.7768504814148,237.25200811691283,0.2307079793265207
El_Atazar,2016-11-05,2.2538404520103854,217.12799356994628,239.0775977684021,0.10109062326587975
El_Atazar,2016-11-11,1.835676089654384,220.28674726715087,238.17934051208496,0.08122410207108374
El_Atazar,2016-11-17,1.1883391047881364,224.4670522315979,238.8814624786377,0.06421615156315891
El_Atazar,2016-11-23,2.4474342727045357,199.8697820388794,236.62619473876956,0.18390180008671925
El_Atazar,2016-11-29,1.590178789638679,222.0070061729431,230.01825574951167,0.03608557096764689
El_Atazar,2016-12-05,1.5681006058848794,207.3211231399536,232.49247826156616,0.12141239995415443
El_Atazar,2016-12-11,1.4130738849668303,224.3300980354309,236.21834136352535,0.0529944195282116
El_Atazar,2016-12-17,3.445890251933828,204.1172073944092,239.56804689559937,0.1736788385150186
El_Atazar,2016-12-23,0.9450405776634322,213.9586870796204,230.3952526298523,0.07682121148983947
El_Atazar,2016-12-29,0.9317012574992575,208.66359247131348,228.4947775856018,0.09503902851195602
El_Atazar,2017-01-04,1.9499453534601663,210.9795051452637,219.2767199836731,0.039327112994679815
El_Atazar,2017-01-10,3.2969454758303485,190.500450566864,204.14559623184203,0.07162789182059548
El_Atazar,2017-01-16,3.8349403514597933,162.54532439804078,211.47041203842164,0.30099350948153497
El_Atazar,2017-01-22,2.206798189785605,25.93383258666992,131.62479855292528,4.075408662142012
El_Atazar,2017-01-28,2.5265911201030433,193.16369959335327,198.67811581726076,0.0285478909107477
El_Atazar,2017-02-03,4.292707789798685,83.74847448043823,211.431401877594,1.5246000382607523
El_Atazar,2017-02-09,1.0839185961287268,191.13300077056888,203.7525513153076,0.06602496949172536
El_Atazar,2017-02-15,1.9522302608020299,212.23918435897824,211.5752522521973,-0.0031282258683108326
El_Atazar,2017-02-21,1.8375631912194363,236.3769405532837,253.6810664855957,0.07320564303695826
El_Atazar,2017-02-27,2.3064384251822636,239.583194556427,251.04853646240235,0.04785536784916279
El_Atazar,2017-03-05,2.2341842648639725,242.11735210571288,252.84365103225707,0.0443020660570453
El_Atazar,2017-03-11,1.490253801480485,243.55825135498048,252.08198119125367,0.034996678572182936
El_Atazar,2017-03-17,1.4136715341948844,242.73569662475583,248.87587138519288,0.025295722243643137
El_Atazar,2017-03-23,1.7162234032756167,235.3824047355652,250.25691365203855,0.0631929516277301
El_Atazar,2017-03-29,1.2056232090230552,230.72737731933597,246.6360695426941,0.0689501714455838
El_Atazar,2017-04-04,2.399086346278435,226.42028884048463,237.7875582115173,0.05020428791626987
El_Atazar,2017-04-10,0.430561948722149,230.832865335083,242.2004248626709,0.04924584508833461
El_Atazar,2017-04-16,1.0820812363784948,225.51551676559447,243.09064900741575,0.07793313956347066
El_Atazar,2017-04-22,1.8067851327466846,241.70255799560547,246.13038603134157,0.01831932633421531
El_Atazar,2017-04-28,2.4104178331497104,224.1888820930481,245.76115976638795,0.0962236729669155
El_Atazar,2017-05-04,1.3716850889424383,232.9599522064209,235.98475299224853,0.012984209333746019
El_Atazar,2017-05-10,3.421981337554829,224.98736228942872,238.783628755188,0.06132018405554471
El_Atazar,2017-05-16,1.5097875870942439,233.24635034713745,240.41230852508545,0.030722702272867285
El_Atazar,2017-05-22,1.1036164110433522,223.689597354126,245.0140020568848,0.09533033701607439
El_Atazar,2017-05-28,2.7148812892536607,220.05379052963255,249.3439081390381,0.13310435388960645
El_Atazar,2017-06-03,1.299019909587813,235.72837182617187,243.25640242004397,0.031935191065686985
El_Atazar,2017-06-09,1.286827335456487,214.282136945343,248.4082914077759,0.15925804618579775
El_Atazar,2017-06-15,1.0797469707056107,227.8614149810791,247.14901010665892,0.08464616585998735
El_Atazar,2017-06-21,0.7754874473461861,212.46510302581788,236.63377211151123,0.11375359407966623
El_Atazar,2017-06-27,3.292072008857455,220.7324039680481,237.4407091957092,0.07569484555643083
El_Atazar,2017-07-03,0.43123561704048463,223.68948839645387,231.05918625793456,0.03294610718774177
El_Atazar,2017-07-09,1.935258791538617,224.43612307434083,227.3854844314575,0.013141206133469691
El_Atazar,2017-07-15,1.8833543038069036,203.586592881012,222.12808516159055,0.09107423046966208
El_Atazar,2017-07-21,2.0203067008913416,189.5346812286377,208.7847879173279,0.10156508858380685
El_Atazar,2017-07-27,2.603881566194353,190.6359669113159,207.72853326034547,0.08966076352727842
El_Atazar,2017-08-02,1.3525800236913172,183.7492172035217,202.20697508010863,0.10045081093402974
El_Atazar,2017-08-08,2.4960885035224667,191.7518670021057,201.1356235923767,0.04893697640069363
El_Atazar,2017-08-14,2.1987407115962774,158.84321271209717,194.3170473968506,0.22332609671556847
El_Atazar,2017-08-20,2.031537932624128,165.71342828674315,198.11878476257328,0.1955505767447967
El_Atazar,2017-09-01,2.611699242713547,185.3253441551209,199.4080095626831,0.07598888037555594
El_Atazar,2017-09-07,2.2731852327710453,185.3253441551209,199.4080095626831,0.07598888037555594
El_Atazar,2017-09-13,1.0309470148013984,178.13740895614623,199.4459074760437,0.1196183252286058
El_Atazar,2017-09-19,1.715053741721316,181.56804045028687,196.06682498397828,0.07985317513883264
El_Atazar,2017-09-25,2.115488348724219,178.06952132034303,194.7093250656128,0.09344554655894842
El_Atazar,2017-10-01,1.4391086928698935,183.7566504196167,191.0809318275452,0.039858592280623044
El_Atazar,2017-10-07,0.711919401123578,179.29079049606324,192.2195946357727,0.07211081006413064
El_Atazar,2017-10-13,0.9865698249603916,163.94132530593873,189.6917754142761,0.15707113542167125
El_Atazar,2017-10-19,1.8556856657680882,170.72267670898438,199.15924681320192,0.16656586372934395
El_Atazar,2017-10-25,1.7079116176442202,177.85623388824462,199.37757247924804,0.1210041285622088
El_Atazar,2017-10-31,1.7950187513386808,166.95997461547853,205.29991203079223,0.22963550098527194
El_Atazar,2017-11-06,3.6340995299095917,177.76673191299437,199.6648453414917,0.12318454185913193
El_Atazar,2017-11-12,2.1453031829624774,83.5623217453003,207.93982922973632,1.4884400634958572
El_Atazar,2017-11-18,1.1110232593831184,189.4291958465576,194.95802891922,0.029186805381050594
El_Atazar,2017-11-24,2.2946258628494425,160.0781109870911,200.7060706977844,0.253800844226414
El_Atazar,2017-11-30,1.7380040865116637,176.06164814147948,184.14758673553467,0.04592674599727421
El_Atazar,2017-12-06,0.6919930744833025,167.8117590789795,191.12665681991575,0.13893482714738278
El_Atazar,2017-12-12,2.1627283062242624,173.65608864212035,190.0026245376587,0.09413166001467509
El_Atazar,2017-12-18,2.1381201748486105,178.42991543197633,186.5459793395996,0.0454860043394315
El_Atazar,2017-12-24,1.5176436108037406,184.85085452575683,192.0466012428284,0.03892731107753096
El_Atazar,2017-12-30,1.8575033749667202,179.59352644195556,202.25245954437256,0.12616787225758017
El_Atazar,2018-01-05,2.1416699138558783,160.7866079322815,204.36377085113529,0.2710248289907775
El_Atazar,2018-01-11,3.443549282418299,187.4832944374085,206.1895524307251,0.09977559893775871
El_Atazar,2018-01-23,1.0324453195067058,15.1011178276062,190.11641409988405,11.589559016110329
El_Atazar,2018-01-29,1.3092263919916087,161.6624512878418,180.0454919746399,0.11371249501881477
El_Atazar,2018-02-04,3.0094818336793656,161.88241282577513,183.37954838180545,0.1327947562726685
El_Atazar,2018-02-10,2.782550709861995,166.37030596847535,193.8038010269165,0.16489417927523298
El_Atazar,2018-02-16,0.8921887305318121,149.64818642807006,193.6911740585327,0.2943101996871333
El_Atazar,2018-02-22,2.449960768695772,169.14597539520264,180.2791546859741,0.06581994791634414
El_Atazar,2018-02-28,2.5290194085835243,170.842447290802,172.32832414169312,0.00869735170886372
El_Atazar,2018-03-06,2.930721353644306,161.39068258056642,174.65105483398438,0.08216318340929231
El_Atazar,2018-03-12,3.4208092414889255,179.471059564209,198.156138205719,0.10411193139930766
El_Atazar,2018-03-18,3.0159742001485843,95.26113801879885,233.63878934555052,1.4526138801684714
El_Atazar,2018-03-24,5.921386472705793,226.2235441505432,244.72752437362672,0.08179511240779526
El_Atazar,2018-03-30,3.379763817647482,30.65846717376709,242.09536270404595,6.896525332851435
El_Atazar,2018-04-05,1.8543469037995384,117.63007794189453,245.1826868461609,1.0843536885801712
El_Atazar,2018-04-11,4.729262060094551,239.5838066062927,249.6535934928894,0.04203033180428732
El_Atazar,2018-04-17,0.1651926105342988,157.35729974594116,258.531701990509,0.6429597000451676
El_Atazar,2018-04-23,1.4420817126693763,240.11752573165893,256.6981954696655,0.06905230964497006
El_Atazar,2018-04-29,3.1521467948107986,250.075422026062,253.39451697006223,0.013272375658149734
El_Atazar,2018-05-05,0.9831238418936186,202.75169420166011,259.459561340332,0.27969121225822824
El_Atazar,2018-05-11,1.5375842401453088,247.94080187911987,252.52703057785035,0.018497272994085226
El_Atazar,2018-05-17,1.553502786774036,241.0087756980896,250.3547709159851,0.03877865107120906
El_Atazar,2018-05-23,0.5179355209701004,244.9763626319885,245.1121964767456,0.000554477351601229
El_Atazar,2018-05-29,1.1678771560544,223.6814101097107,242.76614438552855,0.0853210567049681
El_Atazar,2018-06-04,2.0828123570755057,210.4964873779297,239.78655388717647,0.13914753103057148
El_Atazar,2018-06-10,1.6657376635700547,190.0163271522522,228.82660862045287,0.20424708786789475
El_Atazar,2018-06-16,1.9671958467628268,223.2441181480408,227.96621539993285,0.021152168715865866
El_Atazar,2018-06-22,1.3745622071050458,219.98588125305176,247.40533661193848,0.12464188702794919
El_Atazar,2018-06-28,1.0631184606743114,240.22419373168944,246.5519492340088,0.02634104169119172
El_Atazar,2018-07-04,2.770211900926109,217.70138357162477,239.7794533042908,0.10141446678221148
El_Atazar,2018-07-10,1.966962733622681,219.99335979385376,225.0397763526917,0.022938949446322885
El_Atazar,2018-07-16,2.5635007996975627,205.91029528503415,215.3468168144226,0.04582831332608119
El_Atazar,2018-07-22,1.0949392319228508,201.49000088119507,201.0281442321777,-0.002292206298066815
El_Atazar,2018-07-28,1.7651560579375731,205.66152237319943,215.27929731521607,0.04676506733507467
El_Atazar,2018-08-03,2.492478697483418,206.2876466537476,211.09283020095825,0.02329360785852637
El_Atazar,2018-08-09,3.269197274286732,197.06340668563843,215.332060736084,0.09270444654185996
El_Atazar,2018-08-15,1.4430941504212615,206.23429380111693,209.4626595436096,0.015653874450220904
El_Atazar,2018-08-21,1.5043636213178324,202.8767976425171,206.51983173599243,0.017956878932477105
El_Atazar,2018-08-27,1.745407714804286,216.7347515846253,214.63782008743289,-0.009675105085183546
El_Atazar,2018-09-02,1.4444788186298512,214.07980798187256,215.23327955474852,0.005388044691135137
El_Atazar,2018-09-08,1.4679977459968805,212.33666844329835,213.800630544281,0.0068945326858304125
El_Atazar,2018-09-14,1.7910317953550585,211.5824991371155,221.8712448348999,0.04862758375453734
El_Atazar,2018-09-20,0.7386058670126925,218.6284045288086,218.57566726226807,-0.00024121873209564208
El_Atazar,2018-09-26,2.04739147026176,220.43849734420775,222.3393887359619,0.008623227860177144
El_Atazar,2018-10-02,2.143064882417389,221.99985116119385,216.5906480812073,-0.024365795975506928
El_Atazar,2018-10-08,1.5753622462446328,192.2122494102478,223.6373327445984,0.16349157470853246
El_Atazar,2018-10-14,3.775916477074875,221.80411166992187,223.37302871704105,0.0070734353628844
El_Atazar,2018-10-20,2.648904249353911,195.47229260177613,228.44244942092897,0.1686692082049753
El_Atazar,2018-10-26,1.1557845801185354,214.703379549408,227.90549508972168,0.06149002203887333
El_Atazar,2018-11-01,1.5047889260578056,222.17342504348755,227.8759483795166,0.02566699115752857
El_Atazar,2018-11-07,2.7225543717588545,228.8186313545227,227.04591157913208,-0.007747270250227261
El_Atazar,2018-11-13,1.7762201281359022,172.98842942504882,228.1168376289368,0.31868263320913964
El_Atazar,2018-11-19,1.4306052361719281,228.7204559455872,228.0637539871216,-0.0028711990615383326
El_Atazar,2018-11-25,2.000018653283403,215.35339779434204,231.37588430862428,0.07440089953715694
El_Atazar,2018-12-01,1.7831942055646168,222.15742211685185,228.99932717666627,0.03079755335032503
El_Atazar,2018-12-07,2.137520605693238,226.8047077774048,225.6205263053894,-0.005221150317468653
El_Atazar,2018-12-13,4.618969233307828,236.83700053558348,228.99949813613893,-0.033092390047673385
El_Atazar,2018-12-19,2.156092761956236,210.7888767539978,226.1559896873474,0.07290286456283857
El_Atazar,2018-12-25,1.0759073275750621,222.5577896759033,219.74398808135987,-0.0126430155450456
El_Atazar,2018-12-31,0.8115877029660856,224.14226149139404,230.83293932418823,0.0298501397651468
El_Atazar,2019-01-06,2.2652266892277346,223.1016562927246,227.37107513427733,0.019136652378550483
El_Atazar,2019-01-12,2.089824962632341,223.84823426055908,227.038927809906,0.014253824962643906
El_Atazar,2019-01-18,1.7870882341621424,221.3889324104309,209.92363312911988,-0.05178804178004529
El_Atazar,2019-01-24,5.258276654686494,208.9361672012329,209.20012174682617,0.0012633262547553196
El_Atazar,2019-02-05,1.5958194916377193,217.6011682907105,218.60446315231323,0.00461070530771397
El_Atazar,2019-02-11,1.987414465901249,221.5169995223999,212.39635651168825,-0.041173557922760576
El_Atazar,2019-02-17,2.342260853359514,232.68107334136965,230.5916494163513,-0.008979776029969326
El_Atazar,2019-02-23,2.1531915378459185,243.46023843536375,241.0391132484436,-0.009944643127271563
El_Atazar,2019-03-01,1.879561920300926,234.06247426071167,244.0643538154602,0.04273166634822418
El_Atazar,2019-03-07,2.087700890455783,243.9505111808777,241.3408661880493,-0.010697436050435162
El_Atazar,2019-03-13,3.2512042933249283,240.32063017501832,239.4605194587708,-0.0035790132358638543
El_Atazar,2019-03-19,3.064178894773811,235.9247290863037,236.97326757125853,0.004444377191893548
El_Atazar,2019-03-25,2.6889892162408913,216.39690378494265,242.5935775108337,0.12105844985622145
El_Atazar,2019-03-31,2.3323315085290464,242.6455722076416,235.3514092903137,-0.030060976802354283
El_Atazar,2019-04-06,3.52905665503933,240.24664591522216,233.7445460197449,-0.027064269183477895
El_Atazar,2019-04-12,2.30214123637445,239.1904357093811,239.7184362510681,0.0022074483878132454
El_Atazar,2019-04-24,3.6901263702038927,210.5408936561585,247.01292849655152,0.17323017019181441
El_Atazar,2019-04-30,0.9645909890956406,210.5408936561585,247.01292849655152,0.17323017019181441
El_Atazar,2019-05-06,1.3539432743212236,235.8038314933777,234.55936900634765,-0.005277532935528166
El_Atazar,2019-05-12,1.7430553739346295,239.44788071136475,241.81664641036988,0.00989261501069828
El_Atazar,2019-05-18,4.2074055741472485,248.36318658065795,244.2520972732544,-0.016552732166159562
El_Atazar,2019-05-24,2.611638190319715,231.97203578109745,245.56495894699097,0.05859724910428691
El_Atazar,2019-05-30,2.0433922293923157,240.4053639312744,248.1822477592468,0.03234904455041862
El_Atazar,2019-06-05,3.8020529622201202,235.64562261734008,246.0852541908264,0.04430225122593941
El_Atazar,2019-06-11,3.4877814218573535,212.517469745636,238.1579037712097,0.12065094721983548
El_Atazar,2019-06-17,1.9489118902630254,165.12841042480468,235.3897983131409,0.4254954535538963
El_Atazar,2019-06-23,1.7827751844992548,237.6897671508789,245.5497009742737,0.03306803619528776
El_Atazar,2019-07-05,2.8962122132370345,234.7701945465088,233.17061196212768,-0.006813397192394632
El_Atazar,2019-07-11,1.1380590652587257,234.7701945465088,233.17061196212768,-0.006813397192394632
El_Atazar,2019-07-17,1.7463276925513855,227.5364010322571,232.0396774398804,0.01979145484939304
El_Atazar,2019-07-23,2.904591087735114,222.66251839065552,223.61295557785036,0.004268510003678839
El_Atazar,2019-07-29,3.0254528315872964,231.0590968444824,229.9577990089417,-0.00476630373173303
El_Atazar,2019-08-04,1.9912632173949532,229.13561116027836,227.49111199035644,-0.007176968964337899
El_Atazar,2019-08-10,1.7354297324222507,231.7377173347473,221.69590156860352,-0.043332677483994865
El_Atazar,2019-08-16,1.9213725885337525,227.04662032470705,230.2372983345032,0.014052964123548997
El_Atazar,2019-08-22,1.6058898084983153,226.36014774551396,232.56822003707885,0.02742564163080655
El_Atazar,2019-08-28,0.881647406727205,231.51213675460812,233.29222403411865,0.00768895879267588
El_Atazar,2019-09-03,1.8891189056383573,231.6325890586853,237.35776889572145,0.0247166422492719
El_Atazar,2019-09-09,2.1583256818479635,223.93864195861815,227.1369942565918,0.014282270670216366
El_Atazar,2019-09-15,1.948052870295231,233.56351433486935,225.66551662368772,-0.033815203259264015
El_Atazar,2019-09-21,2.2780136275265948,219.04188109970093,235.29826412200927,0.07421586657625968
El_Atazar,2019-09-27,1.7187611375982044,220.84456430892945,235.42625090637208,0.06602692098432165
El_Atazar,2019-10-03,1.9073365445860406,226.18654564819337,234.89871558151245,0.03851763113651257
El_Atazar,2019-10-09,1.8812175923086867,231.9115694999695,232.86966639022828,0.004131302687160302
El_Atazar,2019-10-15,2.2920044503459125,226.8122237991333,223.99883626937867,-0.012404038383073187
El_Atazar,2019-10-21,0.22822814005697564,120.40660725860596,223.5329206161499,0.8564838400940251
El_Atazar,2019-10-27,1.2225991006289647,221.5246886100769,225.5152057319641,0.01801387081017962
El_Atazar,2019-11-02,2.8504752592659743,225.424470476532,225.46218879241945,0.0001673213019319151
El_Atazar,2019-11-08,4.540460855122104,210.8062757446289,231.29315787124636,0.09718345459238281
El_Atazar,2019-11-14,4.74767119118307,191.13319225769044,211.75484868927,0.10789155032673207
El_Atazar,2019-11-20,2.192896014760243,174.65914748535155,222.01508152618408,0.2711334317305322
El_Atazar,2019-11-26,2.9471245107939725,224.8812949508667,218.0472194137573,-0.030389701991900036
El_Atazar,2019-12-02,3.0073876273271227,217.00618816604612,219.38223393859863,0.010949207451791386
El_Atazar,2019-12-08,1.5707900265599504,198.4414165031433,210.6380226875305,0.06146199921020022
El_Atazar,2019-12-14,2.39513046679315,208.70091449279784,216.7423833366394,0.038531066638517596
El_Atazar,2019-12-20,3.627558843823283,214.0030955383301,218.0687621444702,0.018998167273762287
El_Atazar,2020-01-01,0.2811238666093717,243.4601623939514,245.7230426216125,0.009294663264043396
El_Atazar,2020-01-07,0.8362153917710211,223.4188205467224,231.12016009368892,0.034470415375574784
El_Atazar,2020-01-13,1.7187136707742507,231.28568409805297,230.04116296539303,-0.00538088268417136
El_Atazar,2020-01-19,4.772344141045616,229.4829008598328,227.80832729873657,-0.007297160506608058
El_Atazar,2020-01-25,1.3321286240667474,112.26046823654175,232.8997238258362,1.0746370248082158
El_Atazar,2020-01-31,1.6404206042057161,195.3119951477051,216.41746328277588,0.10806027617049194
El_Atazar,2020-02-06,1.93141000065104,216.1079148391724,225.45423822631835,0.043248408528218395
El_Atazar,2020-02-12,1.3103724621040276,211.56878142089843,225.5153474395752,0.06591977287486118
El_Atazar,2020-02-18,1.397065170234707,244.02584991531373,247.40518955459595,0.013848285501126135
El_Atazar,2020-02-24,1.0034596411448855,242.0803186294556,249.7514782783508,0.03168848955720839
El_Atazar,2020-03-01,3.2709663398593403,236.24957656097413,247.73753850326537,0.04862638109036477
El_Atazar,2020-03-07,2.390389208402313,21.81882652053833,205.97983325653075,8.44046340267839
El_Atazar,2020-03-13,1.3320687486512337,165.2896079109192,222.99544421310424,0.34911956675028777
El_Atazar,2020-03-19,1.9724326233925327,208.2712334663391,215.85940227966307,0.03643407054844357
El_Atazar,2020-03-25,1.8888171569783834,216.6798199951172,220.028780039978,0.015455800382962483
El_Atazar,2020-03-31,2.6048244566756686,234.0387226165772,242.31351952209477,0.03535652909486297
El_Atazar,2020-04-06,1.1971024351745743,234.35551828689572,254.9859749023437,0.08803059883656077
El_Atazar,2020-04-12,1.9237233419598347,216.28297455749512,243.9050482536316,0.1277126586253493
El_Atazar,2020-04-18,1.0151971671134645,236.7539690101624,242.87156593170167,0.02583946933230371
El_Atazar,2020-04-24,1.3197969097354874,230.2224695854187,248.03130903167724,0.07735491448045202
El_Atazar,2020-04-30,2.9625982032316402,222.9656289932251,249.53273051834103,0.1191533495322868
El_Atazar,2020-05-06,0.7497036542868889,221.9394429290772,251.78808901138305,0.13449004687212932
El_Atazar,2020-05-12,1.5555239977611497,232.71932184524536,253.3191538581848,0.0885179273023062
El_Atazar,2020-05-18,2.2179187154036444,225.53750030975343,244.50871614151,0.08411557193682423
El_Atazar,2020-05-24,1.5420533678457267,224.11179809799197,240.43523095092772,0.07283611568632543
El_Atazar,2020-05-30,0.9835880342743117,232.7336124504089,245.3912162223816,0.05438665966081615
El_Atazar,2020-06-05,1.8710218203622164,232.60570189361573,250.6112722480774,0.07740812115902762
El_Atazar,2020-06-11,3.6155414245019366,239.63565160217289,250.7468977745056,0.04636725002329318
El_Atazar,2020-06-17,1.9666194018067418,220.25421625976563,238.66709660110476,0.08359831041610193
El_Atazar,2020-06-23,1.6710746750201522,239.4101388816833,251.20738563156127,0.04927630385657211
El_Atazar,2020-06-29,1.8258366681158829,234.88376424102785,251.5009594657898,0.07074646167416701
El_Atazar,2020-07-05,1.7068183882290175,227.748810900116,250.7396270629883,0.10094812821198605
El_Atazar,2020-07-11,2.3349666560661047,227.90565910415648,249.6908658241272,0.0955887045789176
El_Atazar,2020-07-17,2.8457589161268153,215.3324968269348,245.210555770874,0.13875313472983386
El_Atazar,2020-07-23,2.1133912986623518,220.2812841949463,242.63083396530152,0.10145914053495413
El_Atazar,2020-07-29,1.2701896303643412,220.08493284835816,242.20064069137567,0.10048715083215423
El_Atazar,2020-08-04,1.97263491646929,232.0019404586792,240.82753815536495,0.0380410512051628
El_Atazar,2020-08-10,2.6194054391215613,223.58350114212035,236.79948016357423,0.05910981335359432
El_Atazar,2020-08-16,2.418451949310442,220.18285755767823,235.0574364654541,0.06755557209479567
El_Atazar,2020-08-22,1.9161549906731605,223.410694417572,227.2274752258301,0.017084145493609367
El_Atazar,2020-08-28,2.954905721980355,211.54569469909669,230.74258259887696,0.09074582173409862
El_Atazar,2020-09-03,0.6916587526335931,212.5096838447571,216.8619154571533,0.020480156638770376
El_Atazar,2020-09-09,1.4210492351161657,205.8426020187378,216.54646907730103,0.05200025142311818
El_Atazar,2020-09-15,1.7315639207299656,186.0734575050354,211.59848936157223,0.13717717829715764
El_Atazar,2020-09-27,2.4856868244302404,167.13064250183106,207.47175833740235,0.2413747427263634
El_Atazar,2020-10-03,4.496762251948274,167.13064250183106,207.47175833740235,0.2413747427263634
El_Atazar,2020-10-09,0.9565641388535528,25.048870500183103,205.39104427761004,7.1996130035527415
El_Atazar,2020-10-15,2.172218800628536,182.56391658020016,192.06014740524293,0.05201592408251763
El_Atazar,2020-10-21,2.8146081418249747,45.76958859939575,200.01248842315675,3.3699865903054524
El_Atazar,2020-10-27,2.0898904139027494,148.78743355941774,205.5483423851013,0.38148993814733895
El_Atazar,2020-11-02,1.1564931932629485,139.67701273651124,210.6406637763977,0.5080553317227176
El_Atazar,2020-11-08,1.8491473049044704,195.20685954055787,199.21222689437863,0.02051857892313753
El_Atazar,2020-11-14,1.5158437125865918,201.0598540885925,214.253126676178,0.0656186320605415
El_Atazar,2020-11-20,2.277765976641615,214.19832666397096,216.21223133621217,0.009402056045939959
El_Atazar,2020-11-26,3.034791252544963,207.2289397720337,221.69833997802732,0.06982326031253633
El_Atazar,2020-12-02,2.896416021328582,204.8385378677368,226.90282034835812,0.1077154851342872
El_Atazar,2020-12-14,1.6891973111120309,244.6520787055969,251.7653023361206,0.029074854659556962
El_Atazar,2020-12-20,1.2818897994746548,244.6520787055969,251.7653023361206,0.029074854659556962
El_Atazar,2020-12-26,2.663970365648283,233.43489723129272,242.75077954177857,0.039907839063391855
El_Atazar,2021-01-01,2.44964583550618,181.8763143096924,223.93850525283813,0.23126810713529067
El_Atazar,2021-01-07,2.174222056655446,220.11326489715577,231.25472716827392,0.05061695067002802
El_Atazar,2021-01-13,1.9548979710802277,225.3115566902161,230.55401839141845,0.023267611205626218
El_Atazar,2021-01-19,1.866538429297285,201.70756945266723,215.6173401893616,0.0689600830273177
El_Atazar,2021-01-25,2.679090295513717,184.51754155807492,206.9812155204773,0.12174275558149124
El_Atazar,2021-01-31,4.819747574825885,120.75347629470824,238.57254446029663,0.975699183003575
El_Atazar,2021-02-06,2.1743727514713345,12.316211736297609,240.38068816276703,18.51742088472962
El_Atazar,2021-02-12,2.715857741172299,226.9781838058472,244.09377241516117,0.0754063158067839
El_Atazar,2021-02-18,2.182401914959252,170.500762361145,256.7736279922485,0.5059969494351306
El_Atazar,2021-03-02,1.737553438930685,251.76487318267823,259.2779374221802,0.029841590467032844
El_Atazar,2021-03-08,1.3636781416582153,251.76487318267823,259.2779374221802,0.029841590467032844
El_Atazar,2021-03-14,1.849491706862096,217.9870170944214,251.2677382522583,0.15267295090065539
El_Atazar,2021-03-20,4.080437670590816,211.13179961853027,245.2862252609253,0.16176826846597595
El_Atazar,2021-03-26,1.4981617808706154,223.7812088607788,255.05428150177,0.13974843017514993
El_Atazar,2021-04-01,2.103498393717127,244.42598219223024,251.5239885284424,0.029039491925330167
El_Atazar,2021-04-07,1.7140119429558545,242.2310556159973,256.8343522598267,0.06028664081363551
El_Atazar,2021-04-13,1.0349430214377284,252.36867326202392,253.19835722122195,0.003287586959482128
El_Atazar,2021-04-19,1.688245780310558,235.17809325408936,245.63267267303468,0.044453882903328315
El_Atazar,2021-04-25,2.2798807988007153,225.86127535552976,236.9267482849121,0.048992342365746865
El_Atazar,2021-05-01,1.9672754720506616,210.865708190918,230.07856551818847,0.09111418585840006
El_Atazar,2021-05-07,1.183104358172618,202.5153164970398,218.27323637008664,0.0778110028693912
El_Atazar,2021-05-13,3.03389230939792,194.8378499900818,219.30738982696533,0.1255892519760876
El_Atazar,2021-05-19,2.185288233507443,188.7427221069336,221.16274736557008,0.17176834633267968
El_Atazar,2021-05-25,1.1877627140080929,154.86693100967406,217.6631579032898,0.40548506052394784
El_Atazar,2021-05-31,1.7554818320621894,200.7292918533325,214.3592479034424,0.06790217772535621
El_Atazar,2021-06-06,1.2805689518638834,183.77215571975708,212.54826683883667,0.15658580597466382
El_Atazar,2021-06-12,2.438001955917948,201.04484032821657,216.63696953582763,0.0775554805691908
El_Atazar,2021-06-18,2.4371546555913426,200.0797216003418,216.02586365203857,0.07969894162262532
El_Atazar,2021-06-24,1.0833688410422768,199.49085881958007,223.3350626853943,0.119525295579478
El_Atazar,2021-06-30,1.614670780438596,204.72550332717896,219.45736114273072,0.07195907483987604
El_Atazar,2021-07-06,2.247279245164369,218.35643121643065,221.53968427124025,0.014578242724870415
El_Atazar,2021-07-12,4.080871792802575,209.85530084152225,223.78020508422853,0.06635478916599792
El_Atazar,2021-07-18,2.6752194244383443,152.02554917526246,216.93940540618897,0.42699307177697254
El_Atazar,2021-07-24,2.6937600104500032,203.11184416046143,214.49468102645875,0.05604221119180379
El_Atazar,2021-07-30,2.1023761524794327,201.92772042541503,205.5634695991516,0.018005200900980248
El_Atazar,2021-08-05,3.0274765834048574,177.55571032791138,197.32638133773804,0.11134911388270202
El_Atazar,2021-08-17,2.3152892909764016,179.55488267822267,191.44289927444456,0.06620826133436987
El_Atazar,2021-08-23,1.3698325371125093,179.55488267822267,191.44289927444456,0.06620826133436987
El_Atazar,2021-08-29,1.5380924920782766,166.56666165771483,185.30315237579345,0.11248643955283832
El_Atazar,2021-09-04,1.1704244732335898,157.5826531311035,178.46861424026488,0.1325397224514614
El_Atazar,2021-09-10,1.2058245138970718,143.26556956253052,169.3418420539856,0.18201353312648985
El_Atazar,2021-09-16,0.8252008952076799,153.53088022079467,158.5697682800293,0.03282002976852701
El_Atazar,2021-09-22,2.071529515016212,86.17878410720826,124.20167226409912,0.4412093829217823
El_Atazar,2021-09-28,1.0529017362700486,141.41716973876953,144.33619481887817,0.02064123532878475
El_Atazar,2021-10-04,1.8090951545973502,131.26512124938964,151.74349686813355,0.15600774542261836
El_Atazar,2021-10-10,1.1606034831775736,131.5137979347229,145.80729615478515,0.1086843999985222
El_Atazar,2021-10-16,0.6618260386832844,120.75718973617552,137.600069631958,0.1394772429913283
El_Atazar,2021-10-22,2.3800645691261613,120.30487039260863,139.52407412872316,0.15975416185058558
El_Atazar,2021-10-28,1.7476509343251565,122.41680423507692,137.60802080307008,0.1240942096382574
El_Atazar,2021-11-03,2.58490878430067,128.3906257926941,137.06475511169432,0.06756045673463662
El_Atazar,2021-11-09,2.2834775406645273,41.64106188964844,153.70443026428222,2.6911746072088434
El_Atazar,2021-11-15,3.187736371149989,136.92147881240845,140.46672952804565,0.025892582715195653
El_Atazar,2021-11-21,1.2717233746576961,67.46834203567505,154.7990466217041,1.2943952963873253
El_Atazar,2021-11-27,3.0914403623178375,132.65260559692382,147.52683146972657,0.11212916479001814
El_Atazar,2021-12-03,2.4606371908643188,57.39746652603149,158.79650938415529,1.7666118209614057
El_Atazar,2021-12-09,3.7697602337726495,5.385186158752441,171.96790872084676,30.933512352465396
El_Atazar,2021-12-21,1.0411497291698852,139.4185832221985,152.60334347076417,0.09456960430843324
Rappbode,2014-10-17,2.2064368529545133,242.85357115745543,286.31997965431214,0.1789819613921799
Rappbode,2014-11-10,2.2232787472011397,255.0328467330933,282.3670013332367,0.10717895733936658
Rappbode,2014-11-22,2.125207009926584,249.43631270599369,283.8442507720947,0.13794277863086066
Rappbode,2014-12-04,2.245983670485681,263.3708581691742,266.5966834022522,0.012248223875269939
Rappbode,2014-12-16,3.101167394503226,246.56972233810424,288.2987097156525,0.16923808398635468
Rappbode,2014-12-28,5.3243583646994646,291.78049516487124,303.6553964134007,0.04069806393953617
Rappbode,2015-01-09,8.13214777795226,252.0812652873993,322.7631957577514,0.28039342943541334
Rappbode,2015-01-21,0.5581898352252563,342.7255346057892,321.8896696498871,-0.06079460924867483
Rappbode,2015-02-14,1.8305428469190976,342.1211937474913,350.2632135523045,0.023798641983058606
Rappbode,2015-02-26,1.762740582458153,336.2926653773977,324.6773965182629,-0.03453916797768931
Rappbode,2015-03-10,2.924603246038052,290.1927567405701,335.88672665100097,0.15746075272058194
Rappbode,2015-03-22,4.362125797420416,311.604859500885,334.0292586950235,0.0719642152887374
Rappbode,2015-04-03,4.286961552352141,266.2821473999023,329.2979378425598,0.23665045162798845
Rappbode,2015-04-15,3.2297929569810586,248.81947642593383,356.7278089904307,0.4336812138442786
Rappbode,2015-04-27,0.8639824412414799,213.02784955673215,328.5594031879425,0.5423307509868224
Rappbode,2015-05-09,2.564506966310264,268.9391061332703,333.8343279615545,0.2413008013647743
Rappbode,2015-05-21,2.7815382407693185,278.73313095054624,347.03547375721206,0.245045655583671
Rappbode,2015-06-14,3.615835726352014,230.3109323787689,341.59654703935064,0.48319727383831534
Rappbode,2015-06-26,2.401415255779864,243.5499927734375,327.2222687008442,0.34355277524168465
Rappbode,2015-07-08,5.185845343689604,243.63645330696107,338.3716009495126,0.38883814945045736
Rappbode,2015-07-20,3.3039843183661084,260.7528100540161,324.6058016513824,0.24487939970479666
Rappbode,2015-08-01,2.577152743118857,283.83230328598023,309.0211360500336,0.08874547566445919
Rappbode,2015-08-25,6.481275430083545,262.5393458740234,310.6268700547656,0.18316311416352987
Rappbode,2015-09-06,7.503628778587527,264.47484457321167,311.8397828777642,0.1790905232631341
Rappbode,2015-09-18,3.135907408663121,260.566176688385,300.1487049617768,0.15190969440645838
Rappbode,2015-09-30,2.177843904833031,274.11633176002505,294.31710297207104,0.0736941541656509
Rappbode,2015-10-12,2.8167258452503208,286.6098121242568,281.4687637023925,-0.017937447374046803
Rappbode,2015-10-24,1.818225042110153,264.1335899719238,290.0984653354645,0.09830205755466626
Rappbode,2015-11-05,2.20137261609973,246.5267409187317,274.9850284397125,0.11543691939837945
Rappbode,2015-11-17,5.70762098080724,219.05031219482424,288.6152505630493,0.3175751619397544
Rappbode,2015-11-29,8.154666501213034,233.65409427642825,307.80454153213503,0.31735137141650893
Rappbode,2015-12-23,7.509849369574971,267.1389850952148,326.3575053592233,0.22167681831576008
Rappbode,2016-01-04,3.7714188260635337,323.1113371231813,318.52701554260256,-0.014188055490083328
Rappbode,2016-01-16,1.467024142892158,307.0422762456378,319.4388763916016,0.04037424519366942
Rappbode,2016-01-28,6.483267185380833,265.70354349441527,329.3465955690511,0.23952654615603014
Rappbode,2016-02-09,8.534301371467668,246.81687689590453,308.6241242637664,0.25041742746760876
Rappbode,2016-02-21,6.171546049275315,259.6122301940918,337.53422462151474,0.3001476254380109
Rappbode,2016-03-04,1.885495186024689,327.4269887074654,324.29091077613833,-0.00957794573900854
Rappbode,2016-03-16,3.8538584108092335,297.675755657959,351.8149928539276,0.18187318304207725
Rappbode,2016-03-28,2.8024688823075588,296.88833100624083,323.57556556104475,0.08988980625932022
Rappbode,2016-04-09,0.536286676488821,339.64536896777435,323.3482086837769,-0.047982872057189006
Rappbode,2016-04-21,0.7775379153637999,310.0285907974244,317.7707155570984,0.024972292844864765
Rappbode,2016-05-03,1.3806472840687964,311.9641954376221,320.52496206436155,0.02744150371080387
Rappbode,2016-05-15,5.555545819905571,301.08116866111754,329.2107457569122,0.0934285502506999
Rappbode,2016-05-27,0.3777651344358619,296.4897169708252,317.2050391986847,0.06986860266016537
Rappbode,2016-06-08,2.0427098437887183,283.4730274307251,316.1687162113189,0.11533968179242007
Rappbode,2016-07-14,4.051635038333788,284.35345239334106,318.99111454967726,0.12181199793706934
Rappbode,2016-07-26,2.078674861821077,265.1376749454498,307.25263722457885,0.15884186314824508
Rappbode,2016-08-07,2.7551114023932017,277.18795667304994,307.2090791069435,0.10830601298202935
Rappbode,2016-08-19,1.0911962151619412,280.63096279373167,300.1921668987274,0.06970436872061599
Rappbode,2016-08-31,1.78810419134433,277.67781549491883,298.92645878868103,0.07652265362247142
Rappbode,2016-09-12,1.339804291330958,266.8705387058258,292.18909180797806,0.09487204254517259
Rappbode,2016-09-24,1.5773232374504036,258.7477573028564,285.82340006523134,0.10464107223423656
Rappbode,2016-09-30,3.0594467725809915,258.7477573028564,285.82340006523134,0.10464107223423656
Rappbode,2016-10-06,5.561673059661346,264.8788014404297,283.18649342460634,0.06911724111034222
Rappbode,2016-10-12,3.521792560815792,243.37443414611815,282.3919653102875,0.16031893941967565
Rappbode,2016-10-18,2.0266564487893386,246.39583224945068,280.5867198486328,0.1387640662873199
Rappbode,2016-10-24,1.25086259830624,242.8906477077484,268.9105044296265,0.1071258073023288
Rappbode,2016-10-30,3.6720643297018247,255.7950070941925,267.5274214458466,0.045866471300332334
Rappbode,2016-11-11,3.192610320994022,244.8260640426636,273.11063384780886,0.11552924283509439
Rappbode,2016-11-17,5.66845046107022,244.8260640426636,273.11063384780886,0.11552924283509439
Rappbode,2016-11-23,2.133405714198092,238.15710524711608,275.5052381946564,0.15682140958501833
Rappbode,2016-12-05,1.5488650736835452,262.7871701023102,251.85523740730287,-0.0415999483184481
Rappbode,2016-12-11,6.926467682485869,262.7871701023102,251.85523740730287,-0.0415999483184481
Rappbode,2016-12-17,2.2508300071934344,228.994047662735,275.7351307701111,0.20411483872374217
Rappbode,2016-12-29,0.7707673175700621,253.76666253814696,254.38652631874083,0.0024426525312429277
Rappbode,2017-01-04,7.499722491355304,253.76666253814696,254.38652631874083,0.0024426525312429277
Rappbode,2017-01-10,3.546060291099761,245.83181901130675,289.6884253246307,0.178400853435929
Rappbode,2017-01-16,2.505526735145028,265.12634527893067,273.9172465373993,0.033157403686985616
Rappbode,2017-01-28,0.2250959165560667,262.45754789390566,261.3089345226288,-0.004376377743729995
Rappbode,2017-02-03,2.580083024478573,262.45754789390566,261.3089345226288,-0.004376377743729995
Rappbode,2017-02-09,2.95897247580916,245.5333960056305,279.5184158508301,0.13841302404508857
Rappbode,2017-02-15,1.6288100322242354,265.48617965164186,254.9191843219757,-0.03980243093456562
Rappbode,2017-02-21,5.739046154710564,255.3853956970215,257.9155060775757,0.009907028448705063
Rappbode,2017-02-27,3.322243118171928,94.41276783561706,254.3620991004944,1.6941493712308764
Rappbode,2017-03-05,5.5925643127821525,249.37954019813537,281.03889843215944,0.12695250864954793
Rappbode,2017-03-11,1.4430231851363196,272.5283914531708,311.9183508643969,0.14453525080888535
Rappbode,2017-03-17,3.8109000593757054,303.4017247444153,310.48632214775085,0.02335055085564732
Rappbode,2017-03-23,2.5625156785199668,292.5065670341492,314.91576995658875,0.0766109395411397
Rappbode,2017-03-29,4.687823153441658,287.455494329834,335.7448424259186,0.16798895498124014
Rappbode,2017-04-04,0.8121690999527427,293.2954176738739,317.1995946052552,0.0815020470519633
Rappbode,2017-04-10,3.212309715524125,315.0099030818939,310.3937149219513,-0.014654104886164615
Rappbode,2017-04-16,5.597629892655458,295.56604944915773,313.6690855892181,0.06124869948290329
Rappbode,2017-04-22,4.37103538194087,309.1901187587738,329.1182957904816,0.06445282634421944
Rappbode,2017-04-28,1.0927009273020871,291.47096527748107,320.64854747009275,0.10010459245858178
Rappbode,2017-05-04,3.552476326927676,327.26470618671647,334.24381264534,0.02132557017817152
Rappbode,2017-05-10,2.220202868716049,285.82485771636965,315.0777098220825,0.1023453745046245
Rappbode,2017-05-16,1.6730751106855457,293.9405068244934,313.7870226436615,0.06751881880307865
Rappbode,2017-05-22,1.8131787418807577,285.58864145050046,314.2516347190857,0.10036461227241505
Rappbode,2017-05-28,2.539367332561123,290.43424086532593,316.4912313896179,0.0897173502912646
Rappbode,2017-06-03,2.8300708415825238,284.8135657104492,318.7003893467354,0.11897896629943756
Rappbode,2017-06-09,2.177093295410228,277.7640377468109,313.83579892196656,0.12986476387571808
Rappbode,2017-06-15,1.9717997139790249,287.8532311878204,316.906900958252,0.10093223428669598
Rappbode,2017-06-21,1.501934693864878,280.84178521232604,314.4439638618469,0.11964807382247784
Rappbode,2017-06-27,1.3914215968309287,283.876592628479,308.58094199523924,0.08702496087478356
Rappbode,2017-07-03,2.2919916657434816,285.73739559021,310.82659182357787,0.08780508474063904
Rappbode,2017-07-09,1.5177521480605771,282.0205068824768,307.30886047325134,0.08966849209058639
Rappbode,2017-07-15,3.685294531368046,266.3240979812622,312.01151375846865,0.1715481855510533
Rappbode,2017-07-21,2.146853430820003,275.7112780834198,309.4241512752533,0.12227600345617064
Rappbode,2017-07-27,2.679956519759558,276.6604273349762,304.926123526001,0.10216747101601607
Rappbode,2017-08-02,1.2007428824387036,278.4909946109772,314.8719701137543,0.13063609311172691
Rappbode,2017-08-08,2.74467142468686,284.56463724975583,317.7444785812378,0.11659861060796803
Rappbode,2017-08-14,1.3084593648828466,284.32221136245727,311.81971029014585,0.09671245449281643
Rappbode,2017-08-20,2.935416980858704,292.3081187179565,317.1799782901764,0.08508781651808427
Rappbode,2017-08-26,1.1154295738399065,284.7318922859192,316.4415042423248,0.11136656207294054
Rappbode,2017-09-01,1.1675300290946014,286.06584531784057,312.471108058548,0.09230484230429258
Rappbode,2017-09-07,5.175129438359311,290.22967895164487,310.24981593055725,0.06898032293329977
Rappbode,2017-09-13,6.555551853732903,274.5381202056885,317.4838049468994,0.15642885843698248
Rappbode,2017-09-19,1.6238300452658798,258.8681783363342,337.6361568158677,0.3042783357373276
Rappbode,2017-09-25,1.1059016388004106,285.83622796401977,310.2065977165222,0.0852599053873958
Rappbode,2017-10-01,2.9224201582855054,270.7229584903717,299.5659720046997,0.10654070003949738
Rappbode,2017-10-07,5.2298751141121,272.1368637210846,301.01138827438353,0.10610295186944134
Rappbode,2017-10-13,2.922212912168045,279.923864617157,311.198434948349,0.11172527349165197
Rappbode,2017-10-19,1.737437061151686,284.7075403038025,310.7336566871643,0.09141351281244657
Rappbode,2017-10-25,4.420195025233372,287.2891250431061,310.1072896903992,0.07942578628365905
Rappbode,2017-10-31,3.750957453805231,263.9907670528412,314.3070406776428,0.19059861140798975
Rappbode,2017-11-06,3.2922416588516508,284.1683409957886,306.4036361488342,0.07824691193652412
Rappbode,2017-11-12,3.419775422545353,283.22482817230224,312.7438017528534,0.10422452639848741
Rappbode,2017-11-18,3.870290844373418,278.12500266952514,317.607752286911,0.1419604466999331
Rappbode,2017-11-24,3.805881791231867,295.664585635376,312.99262521743776,0.05860708527138692
Rappbode,2017-11-30,1.9449999807700236,271.9215435733795,311.1746059123993,0.14435436715747801
Rappbode,2017-12-06,6.542838993366138,301.03810519218445,315.0836165584564,0.046656921911281735
Rappbode,2017-12-12,7.0901571134800685,285.05035406188966,350.43049500083924,0.22936347914430008
Rappbode,2017-12-18,2.633536957139168,287.8607771255493,331.4601194807853,0.15145982301097002
Rappbode,2017-12-24,7.036282387979646,302.73783232421874,324.22235844230653,0.07096743064170062
Rappbode,2017-12-30,4.423114738469176,254.6568646686554,321.16732789331775,0.26117679298063246
Rappbode,2018-01-05,7.5572116720411,296.8191320991516,322.3863181045532,0.0861372574759128
Rappbode,2018-01-11,0.7544051571315863,265.74396607933045,329.5304993279775,0.2400300341329495
Rappbode,2018-01-17,4.629588743075091,300.29923936653137,319.94236401634214,0.06541183617796409
Rappbode,2018-01-23,3.604433586178818,320.6195424190521,347.3966098932917,0.08351664178736119
Rappbode,2018-01-29,7.408700110123147,289.5968323802948,314.9768286518097,0.08763906726088146
Rappbode,2018-02-04,2.564585218379351,251.6708834941864,329.6304865852775,0.3097680669639003
Rappbode,2018-02-10,1.6249473926694016,314.83006687355044,320.5929553356171,0.018304758879275924
Rappbode,2018-02-16,3.0821772972206247,333.3194896793365,316.5540810890198,-0.05029831470834651
Rappbode,2018-02-22,2.807678877687424,339.2204429904938,315.91391272392275,-0.06870614890159839
Rappbode,2018-02-28,4.221505678604935,347.6104534208051,311.77022319145203,-0.10310458122490956
Rappbode,2018-03-06,1.4927064092302782,348.55932856903075,330.85619326438905,-0.050789446311248765
Rappbode,2018-03-12,1.511031293674996,326.21477909905826,313.72414842681883,-0.03828959162039232
Rappbode,2018-03-18,7.31932060511892,136.56272928390504,229.42914297180172,0.6800275168405095
Rappbode,2018-03-24,1.0109495221617029,290.5860427272662,281.8144833144184,-0.030185756103504543
Rappbode,2018-03-30,1.6210001117749997,301.53302671813964,270.6372004192352,-0.10246249518725034
Rappbode,2018-04-05,5.354242354722248,340.5174668361664,317.17454960136416,-0.06855130649152064
Rappbode,2018-04-11,2.384812819514565,289.6597304168701,338.9959603309632,0.17032478019326264
Rappbode,2018-04-17,1.063538988284857,317.1690604675293,334.8512572689056,0.05575006835569506
Rappbode,2018-04-23,3.7979992084051184,317.15037259521483,316.9203217510224,-0.0007253683554268995
Rappbode,2018-04-29,0.7080727521708863,274.7809802509308,317.63380008010864,0.15595264195522027
Rappbode,2018-05-05,1.8077585570799903,305.68467122840883,315.08367883872984,0.030747395911448993
Rappbode,2018-05-11,3.2935882990244534,322.1756869525909,334.4537449344635,0.0381098216876909
Rappbode,2018-05-17,4.927010823149938,302.63793160362246,317.52763898849486,0.049199739457557706
Rappbode,2018-05-23,2.495433449253608,313.8239429161072,346.6949949924469,0.1047436080590157
Rappbode,2018-05-29,3.00006416680297,299.722024300766,313.4825769298553,0.04591104928372176
Rappbode,2018-06-04,0.8684824044145929,286.308703081131,316.05093183403017,0.10388167887607364
Rappbode,2018-06-10,1.9731040350664792,293.08331010818483,313.4448718364716,0.06947363096442015
Rappbode,2018-06-16,1.4563563514648958,290.0247588535309,314.3878918750763,0.08400363168252598
Rappbode,2018-06-22,7.724542476143575,291.7307934864044,309.9953060058594,0.0626074207017373
Rappbode,2018-06-28,2.045143428663751,292.07844097862244,326.1695196510315,0.11671891481680514
Rappbode,2018-07-04,0.3443968396874799,294.87604985580447,307.8113000366211,0.0438667371837829
Rappbode,2018-07-10,2.888159301839301,289.63984050369265,309.3438830986023,0.06802946224747158
Rappbode,2018-07-16,1.490269551042973,294.16872318496706,303.5800551387787,0.031992972780773725
Rappbode,2018-07-22,0.9473694431575096,287.12068644866946,302.58101539230347,0.05384609912597837
Rappbode,2018-07-28,2.5012928545357185,282.573100989151,298.75322892303467,0.05725997229476169
Rappbode,2018-08-03,1.688453285686728,278.7636706237793,295.92387563667296,0.06155825461221283
Rappbode,2018-08-09,1.5097005429142842,281.3566493282318,291.69862500686645,0.036757530711739636
Rappbode,2018-08-15,2.525239176677624,278.1056504383087,294.2859467861176,0.05818039411392013
Rappbode,2018-08-21,1.297933022854637,282.2189577014923,292.56731998405456,0.03666784955498246
Rappbode,2018-08-27,4.804454491847915,267.1168203689575,287.8399921615601,0.07758093168366742
Rappbode,2018-09-02,2.510384107076213,274.57509527778626,289.62061939048766,0.054795661993597485
Rappbode,2018-09-08,2.899113736147469,264.87105290260314,287.7219070602417,0.08627161748037873
Rappbode,2018-09-14,1.073828630412471,273.9982778526306,278.1925452033997,0.015307641287530028
Rappbode,2018-09-20,1.49943247309882,266.3615516895294,282.510733940506,0.06062880377645515
Rappbode,2018-09-26,2.1804594683041443,267.6573361831665,269.8534078445435,0.008204787855596689
Rappbode,2018-10-02,3.889114769564861,263.2395141941071,272.93698974609373,0.036838981342428516
Rappbode,2018-10-08,1.8388414423004908,261.93050480155944,281.6665213978218,0.07534829366749209
Rappbode,2018-10-14,2.021267109544779,263.65607353901135,259.91436618766784,-0.014191622067032993
Rappbode,2018-10-20,1.3286395309026238,257.58164130249025,257.56289420509336,-7.278118619828756e-05
Rappbode,2018-10-26,2.92023536657009,254.00820754013063,259.8219621185303,0.022888057967501468
Rappbode,2018-11-01,2.1298157932000628,249.54708002204896,257.0289671970368,0.02998186624474545
Rappbode,2018-11-07,2.147961628999249,250.63957691459652,255.52249968185424,0.019481850501692884
Rappbode,2018-11-13,2.1527554811450065,245.9178712348938,251.7309056541443,0.023638112960477173
Rappbode,2018-11-19,4.816688696192391,230.6004083408356,254.68370049476624,0.10443733524675586
Rappbode,2018-11-25,1.148520455249958,235.85502409477235,261.28511221122744,0.10782084551328727
Rappbode,2018-12-01,2.848392342438196,232.14524526557923,249.907553068161,0.07651376956810511
Rappbode,2018-12-07,5.799449773460669,239.96823946037293,250.98681976623536,0.045916827704534535
Rappbode,2018-12-13,2.126683657409685,219.7934862644196,262.64809779753296,0.19497671319320936
Rappbode,2018-12-19,3.101631514528121,247.47500316505432,249.5034446754456,0.008196551103944825
Rappbode,2018-12-25,4.535728483456234,242.63640773620605,259.45575986709594,0.0693191606643627
Rappbode,2018-12-31,1.5055005877873755,248.6978896522522,261.7321539737701,0.052410031865342196
Rappbode,2019-01-06,2.183860456829488,246.29619794921877,267.65710656814576,0.08672853579059787
Rappbode,2019-01-12,4.432575915420782,251.8248729385376,269.17069702224734,0.06888050366630505
Rappbode,2019-01-18,4.719397492249834,283.1688081897736,303.90179420814513,0.07321776063865322
Rappbode,2019-01-24,2.152467535759526,303.7048424152374,307.0612405010223,0.011051513235985602
Rappbode,2019-01-30,3.300358338686663,314.9543827184924,301.9488874099732,-0.04129326665107421
Rappbode,2019-02-05,4.235699743187557,323.9057701535483,306.2801699108124,-0.05441582665964998
Rappbode,2019-02-11,6.441232328010614,296.7376626663208,312.1738219169617,0.05201954855322412
Rappbode,2019-02-17,1.826175199722071,165.94353409309386,347.4087217873831,1.0935357541107193
Rappbode,2019-02-23,1.946894345344647,335.2566261867523,319.92371835289003,-0.04573483903438558
Rappbode,2019-03-01,3.247678408218871,353.12341811532417,320.8227443264008,-0.09147134438524972
Rappbode,2019-03-07,4.009200095977112,269.28642270736697,314.2704164905548,0.16704887432097476
Rappbode,2019-03-13,6.525349045124079,313.16036979637147,314.3142948654175,0.003684773618693629
Rappbode,2019-03-19,3.4995451132597357,291.2908366638184,351.94282647671866,0.2082179807217873
Rappbode,2019-03-25,6.059470368063931,309.4137426158905,320.9407053035736,0.037254203999570946
Rappbode,2019-03-31,2.0577865495126764,326.35805982284546,356.4254720671934,0.09213013541221944
Rappbode,2019-04-06,0.5462687908207414,330.4407712272644,318.14879695968625,-0.037198721640569615
Rappbode,2019-04-12,2.575824324354814,303.78027434158327,314.0293724819184,0.03373852420980644
Rappbode,2019-04-24,2.919607382155899,318.2052818141937,337.7491728534699,0.061419128330774286
Rappbode,2019-04-30,2.9756430462380683,318.2052818141937,337.7491728534699,0.061419128330774286
Rappbode,2019-05-06,3.001916356025656,298.2325595119476,319.19689215545657,0.07029525105446809
Rappbode,2019-05-12,4.125643520104121,327.7729184661865,316.9388895618439,-0.03305345955681901
Rappbode,2019-05-18,1.9566757776382224,295.3410943897248,324.6503125049591,0.09923853697297746
Rappbode,2019-05-24,2.342025360501564,304.74760470085147,333.5978471786499,0.09466930021031207
Rappbode,2019-05-30,2.873853123225231,298.01506893882754,317.00719374084474,0.0637287398574991
Rappbode,2019-06-05,2.1957447262785643,304.5677731452942,317.9316735492706,0.04387824839761082
Rappbode,2019-06-11,2.592957234820846,311.7025448841095,315.859187481308,0.013335286045688077
Rappbode,2019-06-17,1.3370527854174947,297.0480348625183,318.0304385128021,0.07063639946312054
Rappbode,2019-06-23,2.2936747952219734,286.76115055732726,314.41935155410766,0.09645030696461505
Rappbode,2019-06-29,1.1363154338837305,298.22685591087344,313.29687816963195,0.05053207637095655
Rappbode,2019-07-05,3.5607975834005243,298.419156003952,314.0658823581696,0.052432044121223695
Rappbode,2019-07-11,0.7111369942299776,297.2525207740784,316.6589336494446,0.06528594887885136
Rappbode,2019-07-17,1.8130946325632915,290.1548604679108,309.3816042312622,0.06626373148582068
Rappbode,2019-07-23,1.872374207482744,300.18054563598633,308.50050811424256,0.027716527933643723
Rappbode,2019-07-29,4.07672516034678,296.2723505119324,308.4320744350433,0.041042385163853376
Rappbode,2019-08-04,2.055477180527078,287.3560244140625,303.1207692504883,0.054861368814421496
Rappbode,2019-08-10,4.392999827330207,283.65797394294736,306.3720927570343,0.0800757281678091
Rappbode,2019-08-16,3.5974276349004377,281.16429984283445,310.050926732254,0.1027393125854408
Rappbode,2019-08-22,1.483895425343159,278.84938706474304,313.0412031387329,0.12261750486132941
Rappbode,2019-08-28,1.567456361929856,294.4352416957855,300.16749904022214,0.019468652296586373
Rappbode,2019-09-03,2.0679594968614534,267.7193016349793,297.0283985584259,0.10947696615243681
Rappbode,2019-09-09,2.491683182140075,286.6798951889038,289.13049864349364,0.008548222235727578
Rappbode,2019-09-15,2.863349620816763,261.79987738685605,292.3747917049408,0.11678735155748309
Rappbode,2019-09-21,1.4175521871013532,287.56061554031373,296.17231776657104,0.02994743285716056
Rappbode,2019-09-27,3.795769106320543,289.1367317199707,291.1158419353485,0.0068448937760510606
Rappbode,2019-10-03,5.829863322306671,257.7058122268677,287.31755619239806,0.11490522355569568
Rappbode,2019-10-09,4.959804491530528,268.6685512699127,284.3771756637573,0.05846841515166115
Rappbode,2019-10-15,1.7584572822303908,266.2053810409546,286.3683506504059,0.07574215641549825
Rappbode,2019-10-21,1.8546835188866515,265.4920036396027,281.3814311218261,0.059848987029352645
Rappbode,2019-10-27,6.361276094836946,266.5906095268249,277.51600095596314,0.04098190648399005
Rappbode,2019-11-02,4.286197109062452,260.9331695201874,290.66432248663364,0.11394163885379878
Rappbode,2019-11-08,1.380232325191795,253.3933755531311,282.7458101604462,0.11583741896662371
Rappbode,2019-11-14,1.4921299371943093,262.3462432144165,266.4602066429138,0.015681426873473247
Rappbode,2019-11-20,1.4393928032533505,265.68358382148745,267.0182150226593,0.0050233860217295595
Rappbode,2019-11-26,2.3375793239037623,259.51093731651304,260.49139394836425,0.003778093678785475
Rappbode,2019-12-02,3.408269744452579,249.4356019844055,283.93753728179934,0.13832001134926544
Rappbode,2019-12-08,7.336594473399702,268.7868986373901,260.5415296298981,-0.030676231056244698
Rappbode,2019-12-14,5.508163394656477,248.65461631889343,286.55537773132323,0.1524233170230912
Rappbode,2019-12-20,3.0545751612343586,251.96695747184756,278.7134728466034,0.10615088439818239
Rappbode,2019-12-26,2.966381530085338,271.2191756988525,269.8164435127258,-0.005171950628167251
Rappbode,2020-01-01,1.7413503632710885,252.53828563804623,270.2246616592407,0.07003443448786105
Rappbode,2020-01-07,3.6103006015465247,289.80971113077953,266.6523195678711,-0.07990550583192312
Rappbode,2020-01-13,3.530631408854457,274.4079624069214,288.65252645988465,0.0519101702735575
Rappbode,2020-01-19,3.1262472913381902,260.8078545696259,288.2987101978302,0.10540654794913507
Rappbode,2020-01-25,2.188124032569069,278.0130308856964,282.4052651180268,0.01579866317178578
Rappbode,2020-01-31,7.626693754097385,304.1196889442848,281.0962461414337,-0.07570520304941199
Rappbode,2020-02-06,4.203551398314936,255.37267789115907,305.198621244812,0.1951107055191274
Rappbode,2020-02-12,8.497201058542036,299.0638813922882,296.3893271812439,-0.00894308666962026
Rappbode,2020-02-18,6.964283214521241,289.200644978714,306.80692935088064,0.06087913245650778
Rappbode,2020-02-24,5.412463171026828,282.08993312835696,322.6091208557129,0.1436392546093406
Rappbode,2020-03-01,5.770922597448118,293.48709649124146,322.70255299682617,0.09954596592104889
Rappbode,2020-03-07,5.490477333288667,292.0718606189728,321.8273657833099,0.10187734313493205
Rappbode,2020-03-13,6.583729369102131,283.5783302947998,326.4618916469574,0.15122298416658664
Rappbode,2020-03-19,2.275288124872909,309.9040384754181,330.3279811191559,0.06590408677542242
Rappbode,2020-03-25,1.6877188791833262,325.086091998291,314.1159556224823,-0.03374532668677306
Rappbode,2020-03-31,1.771906175182224,365.1608425689099,311.67173917655947,-0.14648093978547674
Rappbode,2020-04-06,2.321862953268383,340.0077163555145,317.9500697364807,-0.06487395890736243
Rappbode,2020-04-12,2.2853319544277637,331.3905399410248,307.9107793708801,-0.07085223547516849
Rappbode,2020-04-18,2.082012731986276,325.2354417980194,312.3169197689056,-0.03972052356193256
Rappbode,2020-04-24,2.4076109419871394,327.17686571083067,308.2283040019989,-0.05791534700249599
Rappbode,2020-04-30,4.304046797842139,303.7799810558319,307.11753814468386,0.010986757841157874
Rappbode,2020-05-06,2.4436875501692823,291.6320167995453,315.7227442935944,0.08260659360528311
Rappbode,2020-05-12,3.458962129097181,333.7763711846281,307.5394214920044,-0.07860637228304797
Rappbode,2020-05-18,2.8647538966827093,327.79111612930296,328.4795484901428,0.002100216653120874
Rappbode,2020-05-24,4.53043259188767,305.2871643836976,307.2104023288727,0.006299766808269449
Rappbode,2020-05-30,2.512144032002675,302.1911035140991,319.8168968887329,0.05832664552221493
Rappbode,2020-06-05,3.43304402490866,302.6873277805328,308.58121537094115,0.019471867664977906
Rappbode,2020-06-11,1.7394588564914322,295.73198895530703,318.44532945251467,0.07680379987786924
Rappbode,2020-06-17,1.283378548129166,289.72690643577573,308.7051197170257,0.0655037998186644
Rappbode,2020-06-23,1.104545537283071,279.4563055362701,304.12627199859617,0.08827843914627354
Rappbode,2020-06-29,2.229001882743845,298.5180970375061,303.7294472003937,0.017457401124437777
Rappbode,2020-07-05,5.7475402230739325,297.5315201126099,305.5905809158325,0.02708641020679901
Rappbode,2020-07-11,2.2644504016364326,287.1703769416809,315.48903748116584,0.09861274982842658
Rappbode,2020-07-17,1.7555536143085215,299.4730080181122,298.5055532859802,-0.0032305239745461243
Rappbode,2020-07-23,1.3427602245795105,282.4433585838318,303.36902000389097,0.07408799245618737
Rappbode,2020-07-29,3.106862904581868,295.0121509040832,289.7573615715027,-0.017812111523125007
Rappbode,2020-08-04,2.376894415986129,290.5758465255737,303.5055807811737,0.04449693396819222
Rappbode,2020-08-10,1.398700669929562,290.6066538505554,289.81889340744016,-0.002710744687629735
Rappbode,2020-08-16,1.821706648827319,286.5118713283539,284.7995857383728,-0.005976316381036604
Rappbode,2020-08-22,2.385684304008086,281.93946577453613,289.91151844100955,0.028275759991857892
Rappbode,2020-08-28,3.1948735071689,260.7203026359558,294.16803526382444,0.12828971234576902
Rappbode,2020-09-03,1.8289598491561296,280.2021277492523,287.4302746852875,0.025796188608901264
Rappbode,2020-09-09,1.828176241632592,289.5643368572235,284.2165023880005,-0.018468553576954788
Rappbode,2020-09-15,1.574872015580144,285.2399608398438,284.5577998126984,-0.0023915338690162495
Rappbode,2020-09-21,1.8348088961668896,284.89856382331845,279.1041569671631,-0.020338490929525402
Rappbode,2020-09-27,1.6374757700505211,283.8932303651309,272.81269613876344,-0.039030639131888215
Rappbode,2020-10-03,4.131937235692456,262.66232581634523,284.23401097831726,0.08212706216975728
Rappbode,2020-10-09,1.9144852116461728,271.78955103225707,274.92243809776306,0.011526885612810678
Rappbode,2020-10-15,4.380921067229717,257.61893372573854,271.97500641326906,0.05572599994848984
Rappbode,2020-10-21,2.292286692117381,242.38141358528136,272.303524011612,0.12345051538286626
Rappbode,2020-10-27,4.350558047082079,255.55231583633423,277.2797795352936,0.08502158795882123
Rappbode,2020-11-02,6.724427160169915,262.3465484218597,276.7085932003021,0.05474455396816532
Rappbode,2020-11-08,1.4409698570074836,243.1262327270508,285.9656655033112,0.17620242906636369
Rappbode,2020-11-14,2.5270267508596715,272.3914309169769,272.1990661418915,-0.0007062071462301413
Rappbode,2020-11-20,3.942345524276973,265.6349209018707,270.7778059280395,0.019360726401137097
Rappbode,2020-11-26,3.231087037191388,270.82773051490784,272.10571289558413,0.004718801794212668
Rappbode,2020-12-02,1.3286204783900506,262.8119072090149,276.62234004859926,0.05254873337455318
Rappbode,2020-12-08,1.4236636264837474,189.66198652458192,267.28531346206665,0.4092719282333576
Rappbode,2020-12-14,4.404161067995799,269.8159709026337,263.3702241767883,-0.023889418792675515
Rappbode,2020-12-20,2.396394925774493,261.32932218818667,284.6382988845825,0.08919388188521286
Rappbode,2020-12-26,3.3580535501108035,259.0888928688049,272.09915690574644,0.050215444949735996
Rappbode,2021-01-01,1.0054444590630724,280.09710343437195,268.89805531005857,-0.03998273451241657
Rappbode,2021-01-07,4.246306741371647,259.1256371772766,265.9948239612579,0.026509097512732317
Rappbode,2021-01-13,5.963759939022944,269.53758070373533,287.4112279529572,0.06631226414719447
Rappbode,2021-01-19,5.544375410776382,268.0794620689392,294.9489402633667,0.10022952891302701
Rappbode,2021-01-25,1.9505689884357893,282.3428569004059,297.74999678992026,0.054568902711603307
Rappbode,2021-01-31,2.074880204951889,280.2880539470673,269.3010835018158,-0.03919885378820452
Rappbode,2021-02-06,3.527353158748415,290.0915058773041,285.5182085674286,-0.015765016269762143
Rappbode,2021-02-12,1.9983410173456708,286.35722448921206,297.6042178894043,0.03927609446646233
Rappbode,2021-02-18,2.2624569532460685,308.3400436468237,282.14238475608823,-0.08496353110964258
Rappbode,2021-02-24,2.6847472582422056,239.55663334007264,326.37840685850404,0.3624269230532219
Rappbode,2021-03-02,1.339346783025742,294.14441669387816,293.4590306629181,-0.002330100427074708
Rappbode,2021-03-08,2.075745602445923,342.9923751979873,292.9057280040741,-0.1460284566530129
Rappbode,2021-03-14,6.921499462016325,310.7351147937775,295.2527426986395,-0.04982498391085607
Rappbode,2021-03-20,1.2574447930692858,290.34210188293457,351.57333539662983,0.2108934016685723
Rappbode,2021-03-26,1.9348939292992176,371.73338845430266,316.3055105617523,-0.14910653606614113
Rappbode,2021-04-01,2.4624273699082724,322.71531122398375,310.7778828536987,-0.036990585680639565
Rappbode,2021-04-07,5.2877486553729085,324.03678548851013,326.7725504398346,0.008442760432893784
Rappbode,2021-04-13,3.2247765630266088,321.2706469096554,323.6948947901737,0.007545811930960557
Rappbode,2021-04-19,1.2703360766733287,337.0900201150378,317.8428063870404,-0.057098141681646224
Rappbode,2021-04-25,3.260101219138128,293.6227350708008,338.0832374774933,0.15142050357909725
Rappbode,2021-05-01,1.4082668700808212,326.0660184398651,311.9631543014526,-0.04325156054559366
Rappbode,2021-05-07,4.336627701478347,325.4393647575378,306.5095926448822,-0.058166817424680176
Rappbode,2021-05-13,3.01219180123518,293.778408234024,314.773001480484,0.07146404452479603
Rappbode,2021-05-19,2.6088731765535087,286.519939617157,314.14648281097413,0.09642101429565868
Rappbode,2021-05-25,5.295168197222691,308.96007742195127,310.04567413368227,0.003513711935825239
Rappbode,2021-05-31,1.1894094051285615,319.4331955184937,337.6743920906067,0.05710488711889983
Rappbode,2021-06-06,2.895184975630961,323.6420406014745,304.2322319595337,-0.059973075827443566
Rappbode,2021-06-12,3.2736250501926407,273.60148455734253,310.2874092578888,0.13408525454421452
Rappbode,2021-06-18,1.5498405153015649,298.3135998092652,327.44274392089847,0.09764604808583233
Rappbode,2021-06-24,1.8314311517959925,296.88039175605775,299.9070232765198,0.010194784177423834
Rappbode,2021-06-30,2.842208502446467,299.5045620109558,299.31812770462034,-0.0006224756814510126
Rappbode,2021-07-06,2.8448994301267305,284.09345982627866,312.63906103553774,0.10047961409148429
Rappbode,2021-07-12,1.1803949458585976,291.9037578281403,302.6181539958954,0.03670523547717833
Rappbode,2021-07-18,3.2089215166767717,293.3748319641113,296.3025186012268,0.009979338096301377
Rappbode,2021-07-24,0.8796442418591746,295.0868394557953,299.62809406433104,0.015389553180042832
Rappbode,2021-07-30,2.499637143945237,298.6478792579651,298.29448148269654,-0.0011833259159469555
Rappbode,2021-08-05,0.8024876974750809,301.09243483123777,295.5956235157013,-0.01825622526390426
Rappbode,2021-08-11,2.293547600856064,293.5048197891236,295.9802021205902,0.008433872851713728
Rappbode,2021-08-17,7.256007973399664,291.9344990280151,295.3655472511292,0.01175280151725005
Rappbode,2021-08-23,3.60941009925018,284.22874525909424,312.9668212249756,0.1011089710144715
Rappbode,2021-08-29,1.9219678356192664,270.29973135528564,297.10877880363466,0.09918266405196993
Rappbode,2021-09-04,1.8869029809986515,263.6986493583679,293.35543524589536,0.11246468633680307
Rappbode,2021-09-10,2.020014266126706,290.64426838378904,292.486704139328,0.006339143605977092
Rappbode,2021-09-16,3.588213594590051,286.0402398033142,290.4271551929474,0.015336707145294365
Rappbode,2021-09-22,3.4774901098534348,279.9233201183319,287.4301518699646,0.026817457539655348
Rappbode,2021-09-28,2.67755927248684,291.0782655673981,286.1586274578095,-0.01690142718144476
Rappbode,2021-10-04,1.4847991222537322,287.0582924747467,282.7337509815216,-0.015065028973533352
Rappbode,2021-10-10,1.497071524446391,287.45477133598325,280.00406436157226,-0.025919580112665607
Rappbode,2021-10-16,2.2906077918335965,310.024322947298,283.51574581832887,-0.08550483032092747
Rappbode,2021-10-22,6.704982185807374,291.49984012298586,280.8044487689972,-0.03669089955409995
Rappbode,2021-10-28,2.088506687520008,277.1685022846222,298.17777273745367,0.07579963191942063
Rappbode,2021-11-03,2.1651363585327843,279.6129185497284,279.11011579322815,-0.0017982100366040524
Rappbode,2021-11-09,1.520000800342258,270.3803070804596,275.0156958972931,0.017143958696126813
Rappbode,2021-11-15,3.2092206377057844,269.8170625087738,279.8796573692322,0.03729413835765544
Rappbode,2021-11-21,3.56250131943197,257.79802886543274,280.5678312904358,0.08832419132610428
Rappbode,2021-11-27,3.590057446228452,270.39335053596494,272.25936905212404,0.006901125757938722
Rappbode,2021-12-03,4.49647539271997,268.90480730285645,269.04701928520205,0.0005288562289830414
Rappbode,2021-12-09,0.6303993428383811,291.8897578533113,280.23379940071106,-0.039932742204877025
Rappbode,2021-12-15,2.8142586325312795,270.789898910904,269.57463367881775,-0.004487852896189887
Rappbode,2021-12-21,1.6075480761119172,262.7935513599396,284.9606927215576,0.08435192281889904
Rappbode,2021-12-27,2.454179263344044,305.39896857565185,266.3488051589966,-0.1278660618887518
Castillon,2014-10-10,1.7614655998910198,265.5836352690633,351.9315375083384,0.32512508593308437
Castillon,2014-11-03,1.3775558269876604,269.7361150491183,369.615896481036,0.3702870170489768
Castillon,2014-11-15,1.394267418880586,174.9356191947937,368.45647537813954,1.1062404390489347
Castillon,2014-11-27,1.2453908816992652,277.35319181351,428.1212629393692,0.5435959476076063
Castillon,2014-12-09,1.9924422725061053,296.2529939032999,433.37285378234526,0.46284717015822874
Castillon,2014-12-21,1.252415740938746,259.9362403762817,418.1245144778262,0.6085656770004535
Castillon,2015-01-02,1.2461883189375131,273.708408303833,414.9940110642407,0.5161902173044391
Castillon,2015-01-14,1.490928628743495,287.1479647010803,419.69991547742654,0.4616154981782031
Castillon,2015-02-07,2.703485621045109,272.13248364653043,370.53951872392827,0.36161443778691826
Castillon,2015-02-19,0.7936353105351492,242.87788205490116,357.930086235504,0.47370391740568596
Castillon,2015-03-03,2.07382100057199,234.631184803772,314.49034107071503,0.34036036741548775
Castillon,2015-03-15,1.897537197332325,141.64964377822875,335.4775797277233,1.3683616194118908
Castillon,2015-03-27,2.8447477051808034,104.06334335861206,361.6688827026156,2.4754686043121894
Castillon,2015-04-08,1.3034776967680608,227.14405495758055,373.1004296895763,0.6425718461319768
Castillon,2015-04-20,1.4530351622750015,224.44049103240968,388.81141519381066,0.7323586016289078
Castillon,2015-05-02,2.404523056274673,252.6446516375044,420.7174261743134,0.6652536416166075
Castillon,2015-05-14,1.2332759904513808,243.9973198661804,448.3134417867234,0.8373703532178123
Castillon,2015-05-26,1.3870621849107478,257.7531879974365,453.10737340423566,0.7579118106145095
Castillon,2015-06-07,1.5265922325513206,213.52748388290405,455.8457410569702,1.1348340399447157
Castillon,2015-06-19,1.1368671056214317,217.73617414016724,456.8573843618952,1.0982153570301743
Castillon,2015-07-01,1.3192120501812483,255.28624151916503,446.88243842376096,0.7505151698126759
Castillon,2015-07-13,1.479933861321207,288.53246662601543,447.95907842496086,0.5525430592377253
Castillon,2015-07-25,1.5467861151633628,296.98056265415266,450.265441198814,0.5161444815604601
Castillon,2015-08-06,1.212069436538318,311.0642396043246,448.018803311537,0.44027742912981366
Castillon,2015-08-18,1.2630571476193668,313.5156190267974,456.7450085535594,0.45684929500918925
Castillon,2015-08-30,1.6012736668447705,315.2709832650607,449.24416059067977,0.4249461080691418
Castillon,2015-09-11,0.5277239797317737,317.08409682544783,430.46613388099234,0.3575771796526282
Castillon,2015-09-23,3.769677788230455,282.9156476638794,447.5209694602483,0.581817665991843
Castillon,2015-10-05,1.4029930126526966,295.8985954123942,437.5399105731856,0.47868194495274896
Castillon,2015-10-17,0.922225308996608,293.97768159775075,417.7853076087952,0.4211463446413945
Castillon,2015-10-29,1.6964318534351142,269.08046489653043,407.96814479732734,0.5161566818096714
Castillon,2015-11-10,1.0877304832668735,264.76959330596924,409.579299675676,0.5469272530942171
Castillon,2015-11-22,1.7731459994276184,276.3160596465556,429.3292027957032,0.5537613099465573
Castillon,2015-12-04,0.9844801530427172,289.99983969787894,413.28243572656976,0.42511263508671693
Castillon,2015-12-16,1.3030079175434492,276.37352238464354,366.8948880954578,0.32753269897118054
Castillon,2015-12-28,0.7114375650387272,328.559533485263,368.7159028876989,0.12221946195402994
Castillon,2016-01-09,1.356614977401505,291.9951765913421,359.57940623552213,0.23145666456938302
Castillon,2016-01-21,0.636047134426558,304.05635602878647,373.2749780984736,0.22765063350010634
Castillon,2016-02-02,0.9255984807835944,299.0766621855193,376.9150968896334,0.2602624829878246
Castillon,2016-02-14,0.7853016671493939,296.72618745283535,385.6593576467956,0.29971459869242656
Castillon,2016-02-26,1.3656791711546143,296.40867341093474,403.698009665602,0.36196422668753553
Castillon,2016-03-09,1.8797570095230651,323.68105327144247,395.9303656369137,0.22321143494575243
Castillon,2016-03-21,0.7559835821777081,264.72512965164185,344.8590153244766,0.3027060021777489
Castillon,2016-04-02,2.405929556724017,206.1321020801529,390.4610894952421,0.894227466537038
Castillon,2016-04-14,2.366389653123688,292.73088233322443,363.6850551374727,0.2423870424558725
Castillon,2016-04-26,1.6793522851819327,304.86531065511065,349.0651064626507,0.1449813877235203
Castillon,2016-05-08,1.9135224753533544,304.2048446020537,422.0710984965695,0.3874568600270086
Castillon,2016-05-20,1.4443680206007374,392.6144128912383,441.07894370174336,0.12344052897500388
Castillon,2016-06-01,1.3506778567667994,400.1651007207474,447.2816252413729,0.1177427127847051
Castillon,2016-06-13,2.1756750289815336,401.5479085290377,444.63253654316327,0.10729635766739375
Castillon,2016-07-07,1.0482554650996976,401.0527388185897,450.1211395897987,0.12234899807878971
Castillon,2016-07-19,0.6347265975501731,393.72952403864537,444.85976773582007,0.12986134027418317
Castillon,2016-07-31,0.3679317720158382,324.8488730537803,448.9679281965786,0.3820824556847078
Castillon,2016-08-12,0.7891685840267841,396.1776925399272,448.9520828941554,0.13320888921303806
Castillon,2016-08-24,0.6330824077036992,325.8595634362643,446.2703863631453,0.36951753588914527
Castillon,2016-09-05,2.185656774852231,313.3691817290751,427.63698230517207,0.3646427512290848
Castillon,2016-09-17,2.081083649636533,299.033847828049,440.2569441154205,0.4722645858089546
Castillon,2016-09-29,1.1228593781753622,312.6181100861972,422.402771847591,0.35117818904069004
Castillon,2016-10-05,0.9347722333670163,312.6181100861972,422.402771847591,0.35117818904069004
Castillon,2016-10-11,0.9464633085749887,318.92846397108485,351.71692135990213,0.10280818770628762
Castillon,2016-10-17,0.7974191376224646,357.1922980054907,401.9923532429474,0.12542279183401653
Castillon,2016-10-23,1.7526026155172696,320.3556865126067,407.353441195197,0.2715661321003793
Castillon,2016-10-29,0.5595744841844319,297.65271143573835,416.8604079353362,0.40049256035530567
Castillon,2016-11-04,0.9683496313753786,323.10656077400057,413.02802010611737,0.2783027961942657
Castillon,2016-11-16,0.8078266984844011,317.6574337517173,424.9731042965877,0.33783459520342557
Castillon,2016-11-22,2.689074613929174,317.6574337517173,424.9731042965877,0.33783459520342557
Castillon,2016-11-28,0.7792903950215461,301.9716716299468,420.0980354441565,0.39118359406563286
Castillon,2016-12-04,1.878665324522331,325.7385967788188,355.2026517886173,0.09045306666500129
Castillon,2016-12-10,0.8686258207488071,387.06110812411737,426.9428090819984,0.10303722105061594
Castillon,2016-12-16,1.2834891853109986,327.27015496497955,421.65199624947945,0.2883912261862054
Castillon,2016-12-22,1.9218934461401211,399.81244750080185,428.22111312415024,0.07105498040626013
Castillon,2016-12-28,1.1718595700740735,382.50176751603664,425.9613445280157,0.11361928415182282
Castillon,2017-01-03,1.5670385243402687,390.3590941707776,421.7703002358381,0.08046746325146054
Castillon,2017-01-09,0.7749288086169236,368.9364162290625,417.792754041751,0.1324248181083727
Castillon,2017-01-15,2.1823870179826734,308.8486287596818,336.9452632899594,0.09097218479846292
Castillon,2017-01-21,2.5020214789610606,293.4203662180224,402.8515023235095,0.372950035868252
Castillon,2017-01-27,2.521127855342267,282.1678899945218,323.24114102338905,0.14556316464522134
Castillon,2017-02-02,2.21476318227944,258.42615862716974,364.1757581954146,0.4092062511396507
Castillon,2017-02-08,0.6191656633733251,261.73280125198363,298.1584008036056,0.13917093836684682
Castillon,2017-02-14,2.083158368655028,273.099519800418,311.2914635786109,0.13984625020982702
Castillon,2017-02-20,1.3302720263118184,272.81107607254324,316.7294194372678,0.16098445853806242
Castillon,2017-02-26,1.1725186709985755,295.9238522268706,355.5787738132672,0.20158875716669852
Castillon,2017-03-04,4.044548200135298,292.8528213462321,355.28296570360664,0.21317924843744313
Castillon,2017-03-10,1.7025881075071776,250.07021694873885,366.1536633015861,0.4642034056244405
Castillon,2017-03-16,1.310035730571244,276.01228276367186,354.9463439610769,0.2859802484405746
Castillon,2017-03-28,1.115734743725206,304.8926188911827,385.6454044310536,0.26485647908941956
Castillon,2017-04-03,1.9205372900243596,304.8926188911827,385.6454044310536,0.26485647908941956
Castillon,2017-04-09,1.224116750116411,287.5155565419575,392.01585964161296,0.36345964843264267
Castillon,2017-04-15,2.76083341385223,300.7619884268218,382.00507192726576,0.2701241733551418
Castillon,2017-04-21,1.7123423424830264,309.5253455948265,396.5472543080917,0.28114630983137073
Castillon,2017-04-27,2.0505135941269077,380.4629347722072,422.0857936961455,0.10940056210431905
Castillon,2017-05-03,1.4195447869973359,306.71946671390606,414.7871999469832,0.35233411948344906
Castillon,2017-05-09,1.817221825017024,308.8934257757598,410.5747727166658,0.32917938180633616
Castillon,2017-05-15,1.6833304620209852,372.5178625589378,419.6422297529213,0.12650230211854002
Castillon,2017-05-21,1.7828117990011245,383.0483233925255,433.77814384428393,0.13243712960929338
Castillon,2017-05-27,1.7296737469720767,320.76889858690447,439.2022560524375,0.3692170842848919
Castillon,2017-06-02,1.1428204390629275,387.6122990379722,438.683199957742,0.13175768944000055
Castillon,2017-06-14,1.414054279532969,390.1156593288407,448.9466793391358,0.15080404644999035
Castillon,2017-06-26,1.0014168108073287,322.3632668639628,441.7714717813199,0.3704150478402595
Castillon,2017-07-20,2.047810551926077,316.241334438704,450.6999437977899,0.4251772134649514
Castillon,2017-08-01,2.504497762474043,392.6385871776566,440.99544616997207,0.12315870261227163
Castillon,2017-08-13,1.6361893378792174,309.2932573469573,455.8084269539058,0.4737095495185382
Castillon,2017-08-25,1.465481775683065,398.8967592403397,448.4723403204256,0.12428173438785965
Castillon,2017-09-06,1.181825633104768,321.22990164255776,448.2240823573212,0.39533735827642136
Castillon,2017-09-18,2.0160028000179855,396.97872504562673,446.0258054813996,0.12355090422071263
Castillon,2017-09-30,1.0657802690583318,327.37911826225127,436.4653371529253,0.3332106808452246
Castillon,2017-10-12,1.6734330800607868,321.27478074192123,441.08853965460975,0.37293234979727347
Castillon,2017-10-24,1.3667017789427485,380.7652325333031,440.9500534935836,0.15806280568175696
Castillon,2017-11-05,2.0114501019111364,311.6587246713107,418.5490706152135,0.34297241656441396
Castillon,2017-11-17,0.5768889956402343,315.3674884262474,424.67092293199113,0.346590687109796
Castillon,2017-11-29,1.4446553532406912,317.82807389902746,425.8786887806342,0.3399656095702041
Castillon,2017-12-11,2.619587520774302,175.05667819522932,467.1993600884464,1.668846255424825
Castillon,2017-12-23,1.1980827385301516,309.845377487796,410.3576802975642,0.32439503737223613
Castillon,2018-01-04,4.805866711380786,171.49871285171508,445.6592284545624,1.5986155875111314
Castillon,2018-01-16,3.4870275798965653,256.5826915512085,402.8049550566729,0.5698835826433036
Castillon,2018-01-28,0.6927718780046745,305.02836466373515,391.2466589787532,0.28265664542399377
Castillon,2018-02-09,1.2206801758639187,292.7385039688499,367.0108781372728,0.2537157673536727
Castillon,2018-02-21,0.9662964186471745,251.81465087356568,269.89970873618034,0.07181892634076735
Castillon,2018-03-05,1.3546259697006793,196.99294989089967,236.4580082595257,0.20033741507238165
Castillon,2018-03-17,1.6585645423805662,248.3856347640991,265.0467586062144,0.0670776466519046
Castillon,2018-03-29,1.6095058743438777,275.3181402479583,292.3582995656152,0.06189261376787637
Castillon,2018-04-10,3.0023009543475236,213.725827053833,335.47721351065223,0.5696615525373667
Castillon,2018-04-22,1.6502702024058635,298.46669699939804,365.6281841979173,0.2250217122168732
Castillon,2018-05-04,0.8990660003067483,309.2412698401896,368.85603633318135,0.19277752456455635
Castillon,2018-05-16,0.9475868706856273,303.69833555588065,377.9961747070732,0.24464355069710841
Castillon,2018-05-28,2.47346421190813,294.839821803897,417.7294908997689,0.41680146305883986
Castillon,2018-06-09,2.061882540168948,375.0549016510399,416.1977927329868,0.10969831590210008
Castillon,2018-06-21,1.6987416158933883,326.26934965409816,430.1004504608933,0.3182373732527251
Castillon,2018-07-03,2.1964219004412238,413.8208903508743,440.84535797748345,0.0653047447742316
Castillon,2018-07-15,1.8891704247963288,411.6709449737938,442.2676892982483,0.07432330286608456
Castillon,2018-07-27,2.201026301209704,411.76392865372,443.5743967197672,0.07725413969614323
Castillon,2018-08-02,1.1806081665400554,411.76392865372,443.5743967197672,0.07725413969614323
Castillon,2018-08-08,1.384231924531878,411.2614843384178,451.06467022112673,0.09678315961617205
Castillon,2018-08-14,1.4300727618026863,414.9144900235195,430.2778046128666,0.037027664636335646
Castillon,2018-08-20,1.063601464360162,406.6040830719293,449.7970861589828,0.10622865063411698
Castillon,2018-08-26,1.7335057469900406,410.6899249380523,442.901856935341,0.07843370397300961
Castillon,2018-09-01,1.5343996793667598,418.0745212410362,452.7408213390542,0.08291894946171932
Castillon,2018-09-07,1.3383514005242767,419.58275740112606,447.2076516292197,0.06583896440168516
Castillon,2018-09-13,0.9860793376140271,392.5918904548346,445.1492129974006,0.13387266477072687
Castillon,2018-09-19,0.8329048088699618,406.4497659857207,426.7577670526512,0.04996435664732048
Castillon,2018-09-25,1.3531789246994068,407.6854781133704,437.9031441347099,0.07412004509254687
Castillon,2018-10-01,2.162002373238605,405.9523109816009,419.9783549990635,0.03455096482527072
Castillon,2018-10-07,1.009651526011997,327.8678187237698,439.8635981791447,0.3415882043297816
Castillon,2018-10-13,1.202888687469172,380.5016919854706,423.49935215343714,0.11300254656846156
Castillon,2018-10-19,1.5032614808201565,386.5609199064666,417.1714151985079,0.0791867302557327
Castillon,2018-10-25,1.2209049839754418,390.8562736614392,409.90523140395226,0.048736476874395265
Castillon,2018-10-31,3.280047202950331,383.84207538990097,412.81208352099554,0.0754737690016585
Castillon,2018-11-06,2.463601148929125,301.76681568588555,434.97805291980177,0.4414376608347094
Castillon,2018-11-12,1.7861695242584905,310.1742544463273,441.1760523382115,0.42234903772309307
Castillon,2018-11-18,1.5123247580754162,382.8759377026517,430.1121757433783,0.12337217722313781
Castillon,2018-11-24,0.782698294083135,402.87163861526784,431.7905743541313,0.07178200937217205
Castillon,2018-11-30,1.367311356580152,320.1820020185881,342.3810806078922,0.06933268718838032
Castillon,2018-12-06,1.6057475627891367,394.46138766622505,428.2170068250708,0.08557395023770543
Castillon,2018-12-12,0.9672077829017394,401.48962054662064,432.6573410797328,0.07763020247118195
Castillon,2018-12-18,1.4629565797525141,420.98243701467777,438.2063096099493,0.04091351819190265
Castillon,2018-12-24,2.098263660499461,395.5009935271738,408.1085923962343,0.03187754032328179
Castillon,2018-12-30,1.1065090195108396,377.4921702198941,420.4212190424032,0.11372169334665243
Castillon,2019-01-11,1.403328888022597,415.4975455846928,428.8293461225532,0.03208635208446243
Castillon,2019-01-23,0.9723266779645128,418.7230767392925,422.6611197679019,0.00940488654046962
Castillon,2019-02-04,1.5728817629132967,335.66073566718904,432.9713457657157,0.2899076351754501
Castillon,2019-02-16,0.9818005327203533,327.9424296066673,389.8998666834453,0.18892778574303257
Castillon,2019-03-12,1.3173343969906925,326.7156055921966,335.8710428526336,0.028022650598039475
Castillon,2019-03-24,1.6442720062681868,331.17447037336166,352.4274092906039,0.06417444826976543
Castillon,2019-04-05,2.2116240285823094,285.45805125022736,365.9549884331646,0.28199217654006575
Castillon,2019-04-17,1.7549971778106013,287.5157762086816,329.56883442993467,0.1462634808280245
Castillon,2019-04-29,1.574658380031428,312.50841943220547,331.47929949344706,0.06070518066588304
Castillon,2019-05-11,3.7810892499500324,310.88470165638046,358.6504389623335,0.15364454105158357
Castillon,2019-05-23,2.0966171327071317,389.3251203210778,409.2017935225692,0.05105417596763088
Castillon,2019-06-04,1.518552683208921,404.82232586422487,431.4519396992673,0.06578099115011228
Castillon,2019-06-16,2.0352812039837187,408.5642054235869,438.0487676241588,0.07216628820922585
Castillon,2019-06-28,1.9874664543452374,406.3006756722872,446.3794882410416,0.09864323386230613
Castillon,2019-07-10,1.8643418674648626,409.869109880404,443.5116811784961,0.0820812559109631
Castillon,2019-07-22,1.9756777273926474,409.7128658414983,446.1350564926087,0.08889686824040509
Castillon,2019-08-03,1.6410608204766586,415.04020123586616,446.4934434340533,0.07578360386422504
Castillon,2019-08-15,2.262659907069187,419.6794589285757,440.3882784938559,0.04934437253171503
Castillon,2019-08-27,1.2840079396019493,418.6188860903183,442.0811635151284,0.056046867937410864
Castillon,2019-09-08,3.447643097566333,404.04788759952623,428.4700278356933,0.060443677558272964
Castillon,2019-09-20,1.1539305974488636,380.24336387826656,404.00604513220094,0.06249334902670887
Castillon,2019-10-02,2.144448496617504,312.7717528204854,342.8755043680887,0.09624830655625496
Castillon,2019-10-14,1.913689536324313,372.1586333022682,381.21930323316985,0.024346257536749304
Castillon,2019-10-26,1.332590815568603,393.9676360528893,424.6487407369366,0.07787722106170267
Castillon,2019-11-07,0.8821987728563361,413.3410504349144,439.5715699179016,0.06345974941368072
Castillon,2019-11-19,1.9019970423732668,301.202803488961,428.21990651618495,0.4216996042398359
Castillon,2019-12-01,2.7243978799187567,310.51781800514067,444.2741073294454,0.4307523805995906
Castillon,2019-12-13,2.76223069580398,329.299484310943,409.8032329144257,0.24446970748203944
Castillon,2019-12-25,3.2464772598819946,286.1502927376182,443.7937988419743,0.5509115667720293
Castillon,2020-01-06,0.8826323684642122,427.2011962650014,438.6110152586815,0.026708303004381994
Castillon,2020-01-18,1.8296963020349595,407.504307007174,432.4994865063389,0.06133721550757702
Castillon,2020-01-30,1.3164691760252356,393.1821397390657,417.8687292057681,0.06278665018478609
Castillon,2020-02-11,5.002784743578942,290.5121491418307,436.7182847583962,0.503270297123396
Castillon,2020-02-23,2.1520153825228276,322.7426159328625,373.4601463170729,0.15714543998974315
Castillon,2020-03-06,3.2551487862390878,270.9445594108551,355.3297972493638,0.311448356896322
Castillon,2020-03-18,1.1675959479917668,255.14964449768067,278.1568868807505,0.09017156354799066
Castillon,2020-03-30,1.0021685049939129,266.3259564467396,275.2427208953468,0.03348064367278589
Castillon,2020-04-11,1.5043012188092435,264.7977416129557,303.5191876627335,0.14623027301484842
Castillon,2020-04-23,1.623264289859588,287.30387343606384,319.6471116733596,0.11257501630757982
Castillon,2020-05-05,1.8164840935542284,315.3256496964877,332.61562356592214,0.054832120019658
Castillon,2020-05-17,1.0072699453028033,321.66859818028763,421.568819415358,0.31056877108992365
Castillon,2020-05-29,1.0016366991791137,411.9008130514556,435.88630327326746,0.05823122815447207
Castillon,2020-06-10,1.8706637255745282,408.8093297476405,438.5881569121655,0.07284282671070054
Castillon,2020-06-22,1.5031213461549233,414.3683113875026,450.23989117061234,0.08656931236607977
Castillon,2020-07-04,1.9993770363925079,411.2436970119102,444.9770828520682,0.08202772731901829
Castillon,2020-07-16,1.5980933034902705,339.6904709462723,446.8754460121033,0.3155371852711879
Castillon,2020-07-28,2.5035892795877044,408.86283428806377,444.3485822272445,0.08679132697637
Castillon,2020-08-09,1.0642021046607404,413.0708471158046,443.6685581836057,0.07407376066707266
Castillon,2020-08-21,1.5611418798004704,410.5020009229802,447.3625733448821,0.08979389220764801
Castillon,2020-09-02,1.4707652137187157,417.8055752493855,447.4260191059216,0.07089528146879286
Castillon,2020-09-14,1.1259202335294365,390.69429888226375,414.3717803738732,0.060603601228244944
Castillon,2020-09-26,3.9217672941055017,282.4962249295193,453.927532767848,0.6068445972370056
Castillon,2020-10-08,1.357452394140596,397.31900952749214,437.6697696439822,0.10155758760316252
Castillon,2020-10-20,1.7313787712948256,335.39128268835924,429.1749371188803,0.2796246034744542
Castillon,2020-11-01,1.2510077866845957,317.8072372771797,413.4880641759625,0.3010656010181843
Castillon,2020-11-13,0.9538451806654008,324.7255434798356,404.22948465512746,0.2448342693442248
Castillon,2020-11-25,1.5091390377964147,393.5499236584682,409.5972854172441,0.04077592395292194
Castillon,2020-12-07,1.4793920797352769,328.01230374626306,420.75932554713216,0.2827547038376171
Castillon,2020-12-19,1.8764812986327435,317.1919202772552,337.2806569083329,0.0633330653993907
Castillon,2020-12-31,1.0968282284317201,396.5677082556302,442.2646566961309,0.11523113831306746
Castillon,2021-01-12,1.590175544181184,328.6436643391568,438.6763757886905,0.3348085582930364
Castillon,2021-01-24,2.385772361659277,322.2440650498484,419.7531836795971,0.3025939938247268
Castillon,2021-02-05,1.6817836974381302,391.8160244362835,407.1981869524398,0.039258635575936576
Castillon,2021-02-17,1.559009477561023,369.3201571484644,389.2899598784233,0.05407179203037974
Castillon,2021-03-01,1.3186506585503746,317.2343491674026,383.7279768802478,0.20960412353631006
Castillon,2021-03-13,3.8055022454484764,310.89572120117487,376.6189910733451,0.21139972469946583
Castillon,2021-03-25,1.535699700717423,308.82644087995936,329.5232045735468,0.06701746014562358
Castillon,2021-04-06,3.8990863807779803,303.82733228654445,391.9353742595418,0.28999379782560586
Castillon,2021-04-18,0.7689989585811876,310.07517157283405,371.8716224755411,0.19929506315919768
Castillon,2021-04-30,1.2259219912151056,299.03804067062674,326.15453479847326,0.09067907904638055
Castillon,2021-05-12,3.1674246856912767,325.2781919714385,357.2040474962571,0.0981493881631692
Castillon,2021-05-24,1.782782291342868,316.8407878950111,434.9766652916821,0.37285564835742263
Castillon,2021-06-05,1.330104573483816,398.5878320784505,419.1444931656033,0.05157372963434272
Castillon,2021-06-17,1.8582690087551637,412.89540270609535,441.87290190015017,0.07018121055390243
Castillon,2021-06-29,2.3638857263644257,413.1215574501008,437.8872083530113,0.05994761216473643
Castillon,2021-07-11,2.060584052677525,414.1966482047107,444.60198295671336,0.07340796909823197
Castillon,2021-07-23,1.855581751740225,411.9266132994768,443.12286517314817,0.07573254765889872
Castillon,2021-08-04,1.9298295837954829,321.0883943556243,438.1763908519701,0.36465969668982784
Castillon,2021-08-28,1.8783146513425892,417.3076122866073,447.3366586935186,0.0719590190132628
Castillon,2021-09-09,1.4540460644453927,396.897693787019,417.8243810018053,0.05272564578320741
Castillon,2021-09-21,1.649614607883216,318.23781301825426,392.19473535427016,0.23239514385354862
Castillon,2021-10-03,1.7329765386636136,343.77461983327225,360.91219192117126,0.04985118475648545
Castillon,2021-10-15,1.1000889803396972,320.83819128516103,389.2373461939793,0.2131889431081635
Castillon,2021-10-27,1.2132915732823775,361.4492468398001,384.1201620492434,0.06272226435013546
Castillon,2021-11-08,1.3612925763668555,366.27655174618286,398.8513584296911,0.08893500424259068
Castillon,2021-11-20,0.9398642828547008,358.7934515498681,385.48564358598895,0.07439431216154997
Castillon,2021-12-02,2.442786029756504,294.8765368980797,367.2552794452561,0.2454543969776518
Castillon,2021-12-14,0.9719903953779394,297.3260244453819,321.25567498694625,0.08048286585811516
Saint_Cassien,2014-10-10,3.235162314254349,267.09459247817995,267.6298609169006,0.002004040717388885
Saint_Cassien,2014-11-03,1.2337657814525491,266.5581982788086,263.2773809150696,-0.012308071501546568
Saint_Cassien,2015-01-02,1.3176829046838436,277.13873819503783,268.6943745414734,-0.030469806236981825
Saint_Cassien,2015-02-07,2.117040546564668,247.80239024887084,248.3015767967224,0.0020144541275418128
Saint_Cassien,2015-10-17,1.1163743844213512,246.9980342399597,249.3438076766968,0.009497134031674766
Saint_Cassien,2015-11-10,0.9722257037560308,264.47368928604124,269.0713919235229,0.01738434794740224
Saint_Cassien,2016-01-09,2.903721237305732,247.51953180541992,241.9575714477539,-0.022470793787855006
Saint_Cassien,2016-01-21,0.647857607615667,253.36324698791503,244.80329180374144,-0.03378530740325523
Saint_Cassien,2016-06-01,3.829810171913577,298.9148330680847,294.66395623321534,-0.01422103008819614
Saint_Cassien,2016-07-19,1.1372805002755262,293.2881744766235,293.4689563316345,0.0006163966731137352
Saint_Cassien,2016-09-17,5.417266985040287,275.0171666915893,276.56606270065305,0.005631997550177374
Saint_Cassien,2016-10-17,1.5231768464123607,263.1110141441345,254.04422229003907,-0.03445994795614513
Saint_Cassien,2016-11-04,1.3875436513513382,255.60811028060917,248.3373453765869,-0.028444969512275407
Saint_Cassien,2016-12-10,1.4762246746317746,279.7604612449646,271.3451830024719,-0.030080298713562863
Saint_Cassien,2016-12-16,4.394755098215758,282.3309201850891,274.9657221748352,-0.026087110846468576
Saint_Cassien,2017-01-09,1.6325977615134353,275.6395421951294,263.77039598236087,-0.043060390095867325
Saint_Cassien,2017-01-15,1.7567188948676957,273.9227941673279,257.63642442321776,-0.05945605875413735
Saint_Cassien,2017-01-21,5.385892791416086,282.0633461524964,265.36346955566404,-0.05920612098178705
Saint_Cassien,2017-02-08,1.7353242954969306,254.17501763763428,245.14475376205445,-0.03552773974212473
Saint_Cassien,2017-02-14,5.508654054909769,268.1224478507996,262.7996498664856,-0.01985211617669522
Saint_Cassien,2017-03-16,1.228988275115614,287.61116124420164,285.16255749664305,-0.008513590838985419
Saint_Cassien,2017-04-27,3.5571942068324205,300.50023019638064,298.03801902770994,-0.008193708094871075
Saint_Cassien,2017-05-09,1.6350717243473678,299.856022543335,297.57482224273684,-0.007607652103330532
Saint_Cassien,2017-05-15,1.7869227597146833,299.7763040458679,300.78271468734744,0.003357205449185688
Saint_Cassien,2017-06-02,0.7565879596362305,297.32876730651856,299.54407647247314,0.007450705782770087
Saint_Cassien,2017-06-08,2.224478388795055,297.9660688034058,297.7773765090942,-0.0006332677243061389
Saint_Cassien,2017-07-02,2.167683167712541,293.4042673828125,296.1917176773071,0.009500374072125298
Saint_Cassien,2017-08-01,2.491303000130247,296.9233921966553,293.54848016204835,-0.011366271985643061
Saint_Cassien,2017-08-25,1.0393861274467728,284.3881929519653,280.6873633773804,-0.013013302472828116
Saint_Cassien,2017-09-06,2.1599315754533595,280.5281493400574,273.38768758010866,-0.025453637279348476
Saint_Cassien,2017-09-12,7.842229714114072,278.4637908226013,267.53575352630617,-0.039244015403270084
Saint_Cassien,2017-09-18,3.703551858059259,273.1126118377685,278.0580226158651,0.01810758845891105
Saint_Cassien,2017-09-30,1.2364658244668334,275.3208921257019,267.34013333358763,-0.028987116562409425
Saint_Cassien,2017-10-06,1.7104216163413168,252.7837803703308,242.131459513855,-0.04214004886258936
Saint_Cassien,2017-10-12,2.2816508455837234,255.60793325576785,221.9067060005188,-0.13184734458741051
Saint_Cassien,2017-10-18,1.3120105037488974,255.18836681365968,244.68037314834595,-0.04117740082167125
Saint_Cassien,2017-11-05,5.606870209973957,255.02140193862917,239.1330863273621,-0.062301891098107104
Saint_Cassien,2017-11-29,2.7848263755309928,251.38583080825805,235.0992146080017,-0.06478732770216794
Saint_Cassien,2017-12-05,0.8234508396521527,254.1593754295349,233.4848848274231,-0.08134459162551633
Saint_Cassien,2018-02-03,2.0587928203052823,282.98989479522703,278.4492160095215,-0.01604537430211496
Saint_Cassien,2018-02-21,0.9919160387782384,260.5183689605713,245.3904115776062,-0.05806867839424672
Saint_Cassien,2018-02-27,3.1471187287565687,243.9496081878662,241.7625256439209,-0.008965304597911183
Saint_Cassien,2018-03-05,3.9412315313491604,256.6221835533142,254.8910600494385,-0.00674580614935827
Saint_Cassien,2018-03-11,3.5941273301964456,262.32937388076783,260.7211563041687,-0.006130528018300006
Saint_Cassien,2018-03-23,2.438094402730006,286.1041872695923,285.53180212783815,-0.002000617842110694
Saint_Cassien,2018-04-04,3.0294463181801787,296.52525785980225,297.5024141494751,0.003295356006856083
Saint_Cassien,2018-04-28,2.1655092533104323,300.89200125350953,298.16898562774657,-0.009049810611179243
Saint_Cassien,2018-05-10,1.2410578277365159,291.4053427001953,293.1721597518921,0.006063090797599085
Saint_Cassien,2018-05-16,1.428724731146306,297.973185811615,295.518320967865,-0.008238542797277086
Saint_Cassien,2018-05-28,3.7711081890338347,283.97588876953125,296.8291597206116,0.045261838977856926
Saint_Cassien,2018-06-21,2.46992138144737,293.70812229385376,295.467566104126,0.0059904499628100185
Saint_Cassien,2018-06-27,1.9785831690387155,293.70812229385376,295.467566104126,0.0059904499628100185
Saint_Cassien,2018-07-15,2.522297402436407,293.87450722198486,293.7801432273865,-0.0003211030296244847
Saint_Cassien,2018-08-08,2.258979193444791,290.84075230484007,286.9373372329712,-0.013421142123087312
Saint_Cassien,2018-08-20,1.4958655752157521,283.4246752525329,286.603192364502,0.011214680264296008
Saint_Cassien,2018-08-26,3.5626704558011264,289.4427919433594,279.8690577354431,-0.03307642986593965
Saint_Cassien,2018-09-07,1.622295712486922,282.4825282409668,269.1361215888977,-0.04724683942464642
Saint_Cassien,2018-09-13,2.4525806870231097,267.38429666671755,268.1803265426636,0.0029771003229043334
Saint_Cassien,2018-09-25,4.911336441613143,262.95882636184695,257.4404648513794,-0.02098564853979831
Saint_Cassien,2018-10-01,3.1314398945268733,258.85264373168945,240.6898959411621,-0.07016636001351308
Saint_Cassien,2018-10-25,1.9525573554175373,263.335480052948,250.81472294158937,-0.04754679129770565
Saint_Cassien,2018-12-12,1.2058451907957395,288.7903935180664,282.98263026885985,-0.02011065249939917
Saint_Cassien,2018-12-18,1.5766388844038888,296.1918229057312,291.5717325363159,-0.015598304923109764
Saint_Cassien,2018-12-30,1.5933017973044499,274.40847200775147,267.12315201034545,-0.026549180293530532
Saint_Cassien,2019-01-11,2.009378284866755,289.5147553504944,274.7705156486511,-0.050927420552342915
Saint_Cassien,2019-01-17,2.591110530029095,278.88947121276857,254.64511180648805,-0.08693178448384009
Saint_Cassien,2019-01-23,2.3829886770204336,264.95761259307864,254.2903993309021,-0.040260074650352584
Saint_Cassien,2019-01-29,2.39806579682562,265.8983010551453,244.17387208557128,-0.0817020224776409
Saint_Cassien,2019-02-16,1.3867244780296635,260.0262234672546,246.20167267303464,-0.053165986914242624
Saint_Cassien,2019-03-06,2.4328051579817855,272.35141010665893,253.91333995361327,-0.06769955825022127
Saint_Cassien,2019-03-12,1.6504838793763352,272.35141010665893,253.91333995361327,-0.06769955825022127
Saint_Cassien,2019-03-24,1.530740768883314,280.3047003959656,271.45387978668214,-0.03157571241859507
Saint_Cassien,2019-03-30,1.7685968870174857,289.2035366157532,270.5124514060974,-0.06462951811854736
Saint_Cassien,2019-04-11,0.7615841307329803,293.2586447036743,281.2300387008667,-0.04101705514925907
Saint_Cassien,2019-04-17,1.2463493235097656,291.6518502883912,292.92626473846434,0.004369642945220425
Saint_Cassien,2019-04-23,4.751776080558809,291.5568876113892,285.3143753158569,-0.021410958069537342
Saint_Cassien,2019-05-05,3.1744538230327692,299.2549988494873,295.17059932632446,-0.013648559051196132
Saint_Cassien,2019-05-17,4.253049103742978,299.5372987701416,294.4247246788025,-0.017068238621135476
Saint_Cassien,2019-05-23,1.9828511592484706,298.5454413360596,297.07567056121826,-0.004923105736479377
Saint_Cassien,2019-05-29,3.579559447288209,298.8856392074585,296.6551276031494,-0.007462759369180863
Saint_Cassien,2019-06-04,1.948669907896239,299.7764247024536,298.5163322982788,-0.0042034406322161225
Saint_Cassien,2019-06-22,1.9119193361811793,298.2991869842529,296.0831705802917,-0.007428838229043427
Saint_Cassien,2019-06-28,2.369974256191467,294.58401458587645,294.97490202331545,0.0013269132678109207
Saint_Cassien,2019-07-28,4.251451515635109,294.8957827758789,291.1663961502075,-0.012646456285560832
Saint_Cassien,2019-08-09,1.4854126384659065,293.5272283500672,289.87005337524414,-0.012459406220609452
Saint_Cassien,2019-08-21,2.294418496404873,295.648880632782,286.98776893463133,-0.02929526294709161
Saint_Cassien,2019-09-20,3.332941551518734,282.37467375183104,278.695751222992,-0.013028514490900573
Saint_Cassien,2019-09-26,3.152178228136845,282.37467375183104,278.695751222992,-0.013028514490900573
Saint_Cassien,2019-10-08,1.3115199072355548,276.03793373413083,282.05529226608274,0.021799027584910133
Saint_Cassien,2019-10-20,3.914937109606377,275.3347939201355,263.3351061500549,-0.04358216990752448
Saint_Cassien,2019-11-01,1.2627470929661224,273.5394556617737,270.44665746536253,-0.011306588985229701
Saint_Cassien,2019-11-07,2.228853933108737,280.883269896698,280.535125907135,-0.001239461466291707
Saint_Cassien,2019-11-19,2.2510113284168285,273.7633163642884,260.1204594177246,-0.04983449619089833
Saint_Cassien,2019-12-13,5.312071561935743,298.29923727264406,298.30607164001464,2.2911112455597926e-05
Saint_Cassien,2019-12-19,4.303293977888966,289.63104976959227,297.02424099960325,0.02552623841916268
Saint_Cassien,2019-12-31,1.1277734312168821,294.8739389472961,296.6693845375061,0.006088858162982415
Saint_Cassien,2020-01-06,1.9484687980516664,294.55466788406375,289.1524294334412,-0.01834035932762346
Saint_Cassien,2020-01-12,1.6389855155775248,303.2449458343506,294.2655436203003,-0.02961105316807261
Saint_Cassien,2020-01-30,2.4666737236692757,287.327875276947,280.2670345664978,-0.024574158367486876
Saint_Cassien,2020-02-05,3.07445597577979,289.8986356300354,273.31531928634644,-0.057203844052761854
Saint_Cassien,2020-03-12,1.3957441761159597,291.7816846656799,298.8560792831421,0.024245506106964698
Saint_Cassien,2020-03-30,1.0596399624922779,295.56919070510867,299.77639650650025,0.014234250164419666
Saint_Cassien,2020-04-05,1.2218181471714353,301.57239511795046,294.9246624015808,-0.02204357170612254
Saint_Cassien,2020-04-11,1.833297183074738,296.57557816619874,289.5944653678894,-0.02353906832610859
Saint_Cassien,2020-04-17,1.5777482187363359,298.9802149887085,291.9775589134216,-0.02342180426738726
Saint_Cassien,2020-05-05,2.0791883305767134,291.4126724243164,301.27516230773927,0.03384372340905764
Saint_Cassien,2020-07-10,1.750827108206496,289.4718844741821,295.5328538864136,0.020938024510536054
Saint_Cassien,2020-09-14,0.8969640646608692,298.32821705703736,296.7566495010376,-0.005267914552311005
Saint_Cassien,2020-10-02,3.7406420887036704,288.3781563949585,303.0099151915816,0.05073809673914296
Saint_Cassien,2020-10-20,2.7238395169735137,302.41228534317014,299.3855251190185,-0.010008721109715997
Saint_Cassien,2020-11-13,1.1436469502462794,290.993199041748,293.33839223937986,0.008059271506532255
Saint_Cassien,2020-11-25,2.3148587673063434,285.25678929901125,278.96369760894777,-0.02206114604854136
Saint_Cassien,2020-12-19,4.089574006146665,249.6119814781189,244.07199207458493,-0.022194404974985617
Saint_Cassien,2021-01-06,3.1788305592167982,302.52779164505006,293.22955776519774,-0.030735139503354304
Saint_Cassien,2021-02-17,2.524187750613579,289.70324643173217,301.1585571311951,0.03954153376103896
Saint_Cassien,2021-03-07,2.070973866806521,304.2008895637512,294.9029867134094,-0.03056500874693615
Saint_Cassien,2021-03-13,7.041478863052941,293.14969826660155,285.19139309692383,-0.02714758096881999
Saint_Cassien,2021-03-25,1.7126537947281344,273.6993695251465,269.8536663757324,-0.014050829404854543
Saint_Cassien,2021-04-24,1.3816656504690503,293.37497261734006,282.88906427078246,-0.03574234111726623
Saint_Cassien,2021-04-30,1.6152824013142508,293.52698457107545,287.0164281997681,-0.022180435576719098
Saint_Cassien,2021-07-05,3.1040973305971167,296.77855653533936,292.00630278472903,-0.016080183845904206
Saint_Cassien,2021-07-11,3.5602259290744227,295.279346975708,292.9622997138977,-0.007846966899452308
Saint_Cassien,2021-08-22,2.9729977430045054,292.0208324806213,288.0377422416687,-0.013639746880787855
Saint_Cassien,2021-08-28,1.8480290795652574,292.0208324806213,288.0377422416687,-0.013639746880787855
Saint_Cassien,2021-09-03,2.3741551719699214,294.1716691184998,287.6467106697082,-0.022180784670202666
Saint_Cassien,2021-09-09,3.3072215280204733,292.6001398506165,286.0320059928894,-0.022447473405447897
Saint_Cassien,2021-09-15,2.0723990813925597,286.29260247802733,280.22392183074953,-0.02119747626990665
Saint_Cassien,2021-09-21,2.426310426653579,277.5150528045654,270.07046269989013,-0.026825896575484117
Saint_Cassien,2021-09-27,1.2752702154475672,263.1906511299133,256.426846736145,-0.025699257799357042
Saint_Cassien,2021-10-15,1.644500681502484,256.5136539329529,242.12448286972045,-0.05609514675968649
Saint_Cassien,2021-11-02,6.115379097578596,260.06894346923826,241.5813478408813,-0.0710872870160436
Saint_Cassien,2021-11-14,3.5623451645456283,268.1080535758972,261.0980986602783,-0.026146006515371172
Saint_Cassien,2021-11-26,3.8153975812068506,262.53904378814696,251.7123172744751,-0.041238538685348276
Saint_Cassien,2021-12-20,1.9542759257790476,282.5623619056702,267.188212979126,-0.05440975515230389
Salto,2014-10-13,1.650632098260843,544.5662412923357,590.4938131089965,0.08433789745700714
Salto,2014-10-25,1.3448406873425272,517.7973087856398,581.4832913373044,0.1229940393105243
Salto,2014-11-06,1.4397188432528427,51.86875693100873,643.510965280172,11.406523760268898
Salto,2014-11-30,1.4525316403981827,481.7818769259644,559.8587717956306,0.16205859665755806
Salto,2014-12-12,1.2498647271481422,478.41049299425913,629.8083064939643,0.3164600603806613
Salto,2015-01-05,1.429731571169333,513.6588557398987,567.8189388868984,0.10543979246495208
Salto,2015-01-17,1.9004553067175076,484.7197803624112,566.671832685206,0.16907098831725334
Salto,2015-01-29,2.393321727938151,436.71989856216425,592.3045273671828,0.35625724707588996
Salto,2015-02-10,1.5966083099717132,520.1006754775374,586.272759464282,0.12722937520892053
Salto,2015-02-22,1.4057732961472322,495.5370344571014,578.6434979101864,0.16770989386118124
Salto,2015-03-06,5.486877387694644,345.461923653349,598.3517806537316,0.7320339513136703
Salto,2015-03-18,1.1600858377357863,481.5246602320862,655.0832377203251,0.3604354913091819
Salto,2015-03-30,1.5955030713481195,324.3600895706177,585.8963689963608,0.8063146109373702
Salto,2015-04-11,1.9200426587012156,346.80154806227733,591.4037966543222,0.705308987110173
Salto,2015-04-23,1.771795019022517,315.42339640732706,596.5023241811239,0.8911162931326154
Salto,2015-05-17,1.78854763163814,451.8854569500822,604.7358171115413,0.3382502309171323
Salto,2015-05-29,2.7776124829728035,435.5097681122065,611.7552474128307,0.404687775579848
Salto,2015-06-10,0.7777333864103199,459.7769583919629,604.7272359623302,0.3152621611951162
Salto,2015-06-22,2.893294592166744,453.0963310816955,606.3200016301982,0.33817018597944853
Salto,2015-07-04,1.398568546599963,513.0820774173512,583.9273386696103,0.13807783271024712
Salto,2015-07-16,1.2402235594201656,479.2282754581556,683.4378286237053,0.42612167024226527
Salto,2015-07-28,2.7920544478382823,501.375159881897,595.3832043984179,0.18750040296903672
Salto,2015-08-09,1.2415649032964444,48.64929124145508,754.2118970789832,14.503039773708016
Salto,2015-08-21,1.9780019034491163,518.3026059788842,601.7577082217948,0.1610161733323613
Salto,2015-09-02,2.5612189966619345,525.2700809543027,581.8600267611935,0.10773494980730493
Salto,2015-09-14,3.2062299724740644,514.2120592985325,595.220720603958,0.157539403910391
Salto,2015-09-26,0.5857876667758756,515.2369379381187,585.3415273717306,0.136062817456678
Salto,2015-10-08,0.9333362595395976,505.0766850028005,587.176659331378,0.16254952320383248
Salto,2015-10-20,1.7850112447485946,518.5858319801271,587.0449470443668,0.13201115580585937
Salto,2015-11-01,2.5521223355099094,499.7790066870447,581.7890799373284,0.16409267326756158
Salto,2015-11-25,0.8057104279320899,494.7595708576517,558.5613711311522,0.12895516131785367
Salto,2015-12-07,0.924725874951408,495.82486082938703,541.7879880937376,0.09270032807041197
Salto,2015-12-19,1.0687768768064967,506.5191173329312,544.7012081672251,0.07538134204162147
Salto,2016-01-12,0.819969186596165,491.8279145382601,542.4004238218662,0.10282561804383308
Salto,2016-01-24,0.9349741340326004,495.465373690392,570.3757252400628,0.1511919006402272
Salto,2016-02-05,1.0646510409335823,515.4022259906006,630.1473619948175,0.22263220882229848
Salto,2016-02-17,1.231329180898979,499.125021086034,568.6677155215815,0.1393292091112388
Salto,2016-02-29,2.7222869576390547,516.349183337875,577.3750876751651,0.11818727773092559
Salto,2016-03-12,2.930338214540934,499.6501590523126,600.152866443362,0.20114615310374978
Salto,2016-03-24,2.7260456824169297,429.6417711909484,612.4749506902031,0.42554796055432176
Salto,2016-04-05,1.0870003463557514,526.4922054569769,582.7519472730271,0.10685769178143621
Salto,2016-04-17,1.943574719575836,546.5731762839464,583.0552184723979,0.066746858008083
Salto,2016-04-29,0.3431295410184848,548.3985125483225,592.1451794143858,0.07977167309002957
Salto,2016-05-11,1.6955113077788126,543.7928251217652,591.7836937841109,0.08825211816945122
Salto,2016-05-23,4.311643022197236,558.0097334088105,603.7962352339505,0.08205323148296376
Salto,2016-06-04,1.659284078036765,543.3643333865208,598.5849933433566,0.10162731810656905
Salto,2016-06-28,1.9350129342295723,545.7590792675572,588.2175447623579,0.07779708502840217
Salto,2016-07-22,1.5904764959816813,525.0873902528173,563.6247661192413,0.07339230875049035
Salto,2016-08-03,1.1290445776086528,525.2731241177759,570.6905262665604,0.08646435551993155
Salto,2016-08-15,3.161796542794207,526.0180288604766,577.5139405679832,0.0978976173479514
Salto,2016-08-27,3.165966015704889,523.2281832537872,581.4280060744344,0.11123220171115653
Salto,2016-09-08,1.4403356878290066,533.0739000786008,573.5257662453358,0.07588416195347492
Salto,2016-09-20,1.266197856597391,529.684444047325,566.5370108330642,0.06957456878315761
Salto,2016-09-26,1.5937365332182765,529.684444047325,566.5370108330642,0.06957456878315761
Salto,2016-10-02,1.1158098315945089,543.9111427928821,565.6001261673334,0.03987596809118948
Salto,2016-10-08,1.5588387808815054,531.88564881631,562.7042543309262,0.05794216404071404
Salto,2016-10-14,2.6146917139882166,533.0203309832764,567.3646818309411,0.0644334725174719
Salto,2016-10-20,1.8954889741378529,522.7255797375637,567.9589344612782,0.08653365451605415
Salto,2016-10-26,0.9883967176538944,530.4606075134727,555.7175707125018,0.0476132682451592
Salto,2016-11-01,1.5019012305235044,499.1921892466737,555.3146657507594,0.1124265918278482
Salto,2016-11-07,1.5537980067411021,534.3938096559891,555.9006654703478,0.04024533111302977
Salto,2016-11-13,1.3824246653827632,512.9983551112366,555.6579893811097,0.08315744844956266
Salto,2016-11-19,1.9070219022232333,505.13839620905264,546.4403599586069,0.08176365934467858
Salto,2016-11-25,1.1565910518308669,504.3630696709577,553.4652329851697,0.09735479512059796
Salto,2016-12-01,1.5957861258360404,507.8035977222218,543.523595571759,0.0703421519850607
Salto,2016-12-07,2.2542892985190592,498.6569520090142,557.508187896256,0.11801948343473197
Salto,2016-12-13,1.590690037066028,520.9490237391065,555.970373321288,0.06722605857059898
Salto,2016-12-19,2.0219516628838523,505.4468808751904,552.0695597176676,0.09224051152862832
Salto,2016-12-25,1.4693126958237985,516.2895768426275,550.5076370544465,0.06627687589797909
Salto,2016-12-31,1.9498723135557645,502.2248869275263,548.6258040031016,0.09239071635705541
Salto,2017-01-06,3.764068839456759,529.3529365348608,545.6257152079116,0.03074088675047754
Salto,2017-01-12,1.5545304158011033,521.7081653452346,574.4619334184656,0.10111739009935129
Salto,2017-01-18,2.740103742054158,577.7369596471331,605.5717179373112,0.04817894688125695
Salto,2017-01-24,1.8584187917338508,503.2190463788053,541.8076197573585,0.07668345158284227
Salto,2017-01-30,1.1930742211890522,507.140699473114,533.9110670038681,0.05278686478637335
Salto,2017-02-05,2.0298380269813165,511.1980793947018,540.8036989907389,0.057914183932561855
Salto,2017-02-11,1.2410740845064512,464.5145107877274,540.5180750913256,0.163619354268849
Salto,2017-02-17,0.95511222571125,501.6086218581555,537.8095832360124,0.07216973512886254
Salto,2017-02-23,0.9831814892519186,518.0469924921373,552.2550723558196,0.06603277378200688
Salto,2017-03-01,2.894351534055381,509.8256630015564,545.1113587229951,0.06921129766927987
Salto,2017-03-07,2.43162970644084,499.1127766362569,545.113576079398,0.0921651410191518
Salto,2017-03-13,1.6874415594911611,427.21941659194937,577.9672926157186,0.35285820393260187
Salto,2017-03-19,1.467180587694274,512.3676798815111,558.9069866971994,0.09083185501952594
Salto,2017-03-25,2.1068830525853146,513.0587758029714,560.3352044933814,0.09214622362987414
Salto,2017-03-31,1.6213930729308792,514.6239095301012,556.8702577316765,0.0820916934080076
Salto,2017-04-06,0.6342676786241361,506.4527892100525,566.498411371544,0.11856114417920084
Salto,2017-04-12,1.8377896082272445,502.8590316517999,546.0984733764232,0.0859872031781742
Salto,2017-04-18,1.6667845252696298,522.6760389367316,563.9564135944742,0.07897889243539513
Salto,2017-04-24,1.895401341532415,507.0729045400044,544.1724393692646,0.07316410420887176
Salto,2017-04-30,2.7277848070311324,520.2459538870987,568.0971129973948,0.09197795533587272
Salto,2017-05-06,2.963973199489396,514.333841614703,579.1786029585866,0.12607523771002402
Salto,2017-05-12,1.9191203515835662,516.658217829889,577.3708779050941,0.11751029593648077
Salto,2017-05-18,2.156888014223987,524.1735090953243,576.623851387841,0.10006293981365287
Salto,2017-05-24,1.4006021873380037,526.7249748849249,580.1399915794764,0.10140969052439786
Salto,2017-05-30,1.6249856707956796,527.0225815416313,571.4047361391705,0.0842130036775915
Salto,2017-06-05,1.6751111201367488,518.5380480488736,577.5385436631296,0.11378238460274964
Salto,2017-06-11,1.9783111503679618,513.7414409405608,576.785658124692,0.1227158491802987
Salto,2017-06-17,1.6717833197924943,519.371246444041,571.8747285547236,0.10109046750307428
Salto,2017-06-23,1.597337840132429,522.1445563221233,572.4679090869892,0.09637820054916012
Salto,2017-06-29,3.2268651364756566,513.5359392953881,569.7560177671487,0.10947642447167191
Salto,2017-07-05,2.329849965980375,525.61689456347,554.9876057033047,0.05587855231370992
Salto,2017-07-11,2.0591231893187594,519.7487886923188,567.6907877619097,0.09224071342275246
Salto,2017-07-17,1.999725664287482,512.6927556499586,571.6059004926976,0.11490925938294713
Salto,2017-07-23,2.742165539645152,521.0435757732317,557.3681851707521,0.06971510846019822
Salto,2017-07-29,2.0348511880128055,511.5967432336605,637.7786466541875,0.2466432890541216
Salto,2017-08-04,1.7676814179723017,517.6767217334523,564.280528653059,0.090024922819695
Salto,2017-08-10,2.5725763700703697,508.9121702905453,546.0721170253621,0.07301838883829728
Salto,2017-08-16,1.016292479610146,499.726270585749,569.8275510582988,0.14027935811815806
Salto,2017-08-22,1.9827167539146053,505.6032890567855,544.5683992711326,0.07706656791540545
Salto,2017-08-28,1.371168796652829,489.1755125267149,618.8005168889754,0.2649866991352749
Salto,2017-09-03,1.9996643634872973,500.326692718877,552.1247229948069,0.10352841659206488
Salto,2017-09-09,1.9719139383209465,514.7251723613575,547.3617178672852,0.0634057692500329
Salto,2017-09-15,1.444283303229147,513.4723696861297,549.1741025091824,0.06952999797219095
Salto,2017-09-21,1.6308106526556658,504.68226622343474,531.3966872217455,0.05293314781638017
Salto,2017-09-27,0.6519412864495557,501.5900251895681,545.2399071833714,0.0870230263795747
Salto,2017-10-03,0.8358970161878594,508.4910468977147,531.8578909171044,0.04595330470801801
Salto,2017-10-09,1.2757709942772393,507.373502288226,529.6858538757147,0.04397618615647289
Salto,2017-10-15,1.275001455087649,511.288009423134,534.8838595717756,0.04614982106712001
Salto,2017-10-21,1.3719296619493837,507.2812908165008,534.3017097695475,0.053265159670201255
Salto,2017-10-27,0.5015918951437558,507.73932118566177,531.948354113644,0.047680043514159595
Salto,2017-11-02,1.185372390217887,505.4493034493091,524.5284107004773,0.037746826676716444
Salto,2017-11-08,0.9748931406209902,511.2748494089793,529.9078902839512,0.036444274339939166
Salto,2017-11-14,2.655781529333516,494.0544773205447,524.2599210362484,0.06113788074448782
Salto,2017-11-20,1.6598251562704618,429.3207907020091,580.8962966356346,0.35305885299841866
Salto,2017-11-26,2.2259876151199367,489.5319535564917,519.07526577757,0.06035012016364537
Salto,2017-12-02,2.011427015412277,483.08360814870207,515.6562917702441,0.0674265967052138
Salto,2017-12-08,2.4748286946903963,483.6825390372543,517.4403722772996,0.06979336758204792
Salto,2017-12-14,2.486550339232618,459.0695426493835,531.8714392494085,0.15858576933653767
Salto,2017-12-20,1.4383714538544,471.912853895111,511.0534578357983,0.08294032175141139
Salto,2017-12-26,1.6991971271919124,497.4438340898104,548.1267060534759,0.10188662214780816
Salto,2018-01-01,1.799739239264229,509.0167094749391,546.766912954308,0.07416299460642276
Salto,2018-01-07,2.101144970238992,499.00393409028,551.0156336232625,0.10423104103939294
Salto,2018-01-13,2.0414022556240843,517.0009560191345,566.2104920174693,0.09518267892044964
Salto,2018-01-19,2.149269620168599,508.46311324590647,563.2336111356609,0.10771774089985156
Salto,2018-01-25,0.9174479494327324,522.4445332881164,554.8804461789032,0.06208489289120208
Salto,2018-01-31,1.1965986143726948,530.6765198580932,576.052317733328,0.08550556916927203
Salto,2018-02-06,2.456453560622129,520.3665900088502,571.7273189327107,0.09870105020191051
Salto,2018-02-12,1.1820074780864664,534.2634719735479,579.5736632658927,0.0848087014539302
Salto,2018-02-18,1.2566599032260648,546.8232915071794,576.0367290043163,0.053423908510951384
Salto,2018-02-24,1.3447195952752482,532.5038090289307,568.5274660042259,0.06764957614291539
Salto,2018-03-02,3.4225454501970747,534.8912536310743,567.8534577526558,0.06162412246941739
Salto,2018-03-08,0.9146530212446876,301.85312258483884,450.4904150390684,0.4924159511136201
Salto,2018-03-14,1.2555103985613796,541.9479543315125,658.7664034478822,0.21555289245526194
Salto,2018-03-20,2.0617183080976966,541.2385907389831,594.6151924350845,0.0986193568038512
Salto,2018-03-26,1.2418696625554724,534.5642309808529,704.8969564010263,0.3186384639085108
Salto,2018-04-01,1.099513117725335,549.9075024108289,686.4852373339934,0.24836492378154354
Salto,2018-04-07,1.411294801216858,645.2528185095006,679.364717112026,0.052865942811876614
Salto,2018-04-13,1.5324829360612502,628.5017263964037,683.4186776654353,0.08737756630185428
Salto,2018-04-19,1.1438917499224837,555.3721713627774,591.7258414489238,0.06545821335797475
Salto,2018-04-25,1.0625623346946003,543.5827112414551,601.9083594062298,0.10729857105199021
Salto,2018-05-01,0.8864374955815426,557.5751966345963,595.7548878911338,0.06847451516312392
Salto,2018-05-07,1.3166101770667886,656.5861133853748,597.7030624914164,-0.08968062177001564
Salto,2018-05-13,1.7099832472864318,562.6635933161508,591.8447855268204,0.051862591710768756
Salto,2018-05-19,1.755821669622366,569.9841181115215,693.6663310777195,0.21699238458780823
Salto,2018-05-25,1.1517746725174605,562.4855526035713,589.4533564129162,0.04794399373374
Salto,2018-05-31,1.0998653153093467,550.1377864397026,592.2548151498265,0.07655723665645738
Salto,2018-06-06,1.323209982366361,568.834070113687,598.6575420581953,0.05242912390699075
Salto,2018-06-12,1.9835398522259533,560.306594994848,597.764181612178,0.06685194668764254
Salto,2018-06-18,1.6625518299117839,559.7265496035976,604.6993624874491,0.08034782862399782
Salto,2018-06-24,1.9338312328344465,556.5967076036641,594.1027450488493,0.06738458372609021
Salto,2018-06-30,1.6342190176715692,567.1202165969491,588.3913746606447,0.037507317568988945
Salto,2018-07-06,1.219496076367308,556.7429796824167,591.3563697259074,0.062171219587241484
Salto,2018-07-12,2.010787520325718,563.3823738093448,573.7774990633409,0.01845127880680538
Salto,2018-07-18,2.6405417093483905,562.2124252202323,586.3980803044728,0.04301871321105447
Salto,2018-07-24,1.9201404186062723,554.2843239613912,585.6323369941624,0.05655583547579226
Salto,2018-07-30,2.3196087907716945,549.9782282626193,580.943450551797,0.05630263290057291
Salto,2018-08-05,1.9538428807282542,545.3039085164868,580.3055139761802,0.064187336479792
Salto,2018-08-11,1.5401620316825229,537.9600536277711,650.860315608745,0.20986737067115513
Salto,2018-08-17,0.8167042934074329,545.1942426216724,562.8951903352178,0.03246723154746997
Salto,2018-08-23,1.2707713320759884,530.203522240499,577.3616884796622,0.08894351746266306
Salto,2018-08-29,2.0393685079421564,524.0031268035262,544.4807849118882,0.0390792670136872
Salto,2018-09-04,0.9622809979661967,524.9835353547759,555.602621551424,0.05832389805511944
Salto,2018-09-10,1.1952564758759365,518.3596851787943,591.4473326384392,0.14099793936412186
Salto,2018-09-16,1.2458266492876453,512.8250263947672,542.7886357465529,0.058428523979093185
Salto,2018-09-22,1.3726281676804928,513.821960444737,530.2477066167168,0.03196777762819346
Salto,2018-09-28,1.6888903253762955,501.5517017594552,527.5328054680051,0.051801446625357975
Salto,2018-10-04,2.415996955041673,555.3755814537797,534.3712752648597,-0.03782000305799904
Salto,2018-10-10,1.6853067555831787,498.0569870246917,529.7717370278903,0.06367695028767113
Salto,2018-10-16,1.2637714939760878,496.5029912409106,516.3798672628427,0.040033748784179125
Salto,2018-10-22,2.9916613783294785,501.2430253384132,511.5751091949883,0.020612922942118538
Salto,2018-10-28,3.9639764892503013,497.0183763600967,524.2267544055358,0.054743203349339
Salto,2018-11-03,1.878569642411577,408.06577271004767,585.7728797835618,0.435486431251818
Salto,2018-11-09,1.0768176404719565,492.1251275461384,514.6752647855482,0.04582195863854892
Salto,2018-11-15,1.4521904050527559,479.5214247480504,503.8179568409941,0.050668293091824995
Salto,2018-11-21,1.326354617472652,497.17042846233,514.170285457297,0.03419321830452574
Salto,2018-11-27,1.811228409541154,483.9830885280385,509.6592499720914,0.05305177402405339
Salto,2018-12-03,0.936381833992634,485.86693925620887,513.1639914915228,0.0561821561209777
Salto,2018-12-09,1.401216057451414,474.2028206355944,507.92236573723005,0.07110785434898916
Salto,2018-12-15,2.3972441936696303,468.7631291363286,526.2836174502714,0.12270693819268876
Salto,2018-12-27,0.9426734644652978,487.4352410942348,512.5330086147594,0.05148943983652692
Salto,2019-01-02,2.0097960936523447,487.4352410942348,512.5330086147594,0.05148943983652692
Salto,2019-01-08,1.165874173237048,471.6061536124973,524.5737289560984,0.11231315566573967
Salto,2019-01-14,1.7707148915665751,479.8701605473477,511.437694569472,0.06578349023852167
Salto,2019-01-20,1.1325228326014656,494.33375133394736,506.78277949878185,0.025183447683353795
Salto,2019-01-26,2.0704419412003765,478.9341101475076,516.3987378261852,0.07822501443285965
Salto,2019-02-01,3.38929176554678,499.1537818134804,516.7750966480511,0.035302376695515586
Salto,2019-02-07,1.6276291704396888,453.9558405735928,545.880238949277,0.20249634470950684
Salto,2019-02-13,2.1385337018256685,518.7703539919476,538.1541832274703,0.03736495172934192
Salto,2019-02-19,0.9970665846729558,510.2659578967136,562.6305112769304,0.10262207887835678
Salto,2019-02-25,4.156316900681643,530.6383477556296,549.1228739041946,0.03483450871341385
Salto,2019-03-03,1.3949617942470707,505.6034229172741,589.3856500006403,0.16570739691585226
Salto,2019-03-09,1.2626715642828823,532.996668754443,623.8671335967122,0.17048974256185095
Salto,2019-03-15,1.2763038009858156,537.4590830654099,563.4964632462118,0.04844532542328072
Salto,2019-03-21,3.1724998235756074,533.1163243335799,552.0472938272216,0.03551001653777205
Salto,2019-03-27,2.9583974923621987,521.1488614245606,585.3688959112491,0.12322781308807437
Salto,2019-04-02,1.5627312171980414,536.2409546603932,569.1603190642504,0.06138912762585505
Salto,2019-04-08,2.3969504962427437,529.1583902949255,556.4557084142289,0.05158628988966652
Salto,2019-04-14,1.3722240894396638,523.1803509357019,564.8672197187448,0.07967972938679063
Salto,2019-04-20,1.6459515622241716,519.4793337936431,554.1865315325811,0.06681150814119763
Salto,2019-04-26,1.6431289098937332,526.4232388438415,569.8035767049005,0.08240581847475639
Salto,2019-05-02,1.7672396398765922,520.9886439142894,552.3772606501054,0.06024817834797179
Salto,2019-05-08,1.975288578081357,513.1253224002913,568.139855888298,0.10721461422067495
Salto,2019-05-14,2.2681121774123136,535.8067931266935,566.1585593103179,0.0566468484031474
Salto,2019-05-20,1.9907201007206663,537.3124327881998,577.3570333658766,0.07452758978585153
Salto,2019-05-26,0.990462399813854,534.5525702132611,558.4152464950593,0.04464046683430606
Salto,2019-06-01,1.6650595021869123,528.8575027767675,570.5175953243122,0.07877375725749987
Salto,2019-06-07,1.6777131472671587,540.4854064883153,666.6466986536215,0.23342219910249062
Salto,2019-06-13,1.4276958469194267,552.0627071669876,574.4734331863914,0.04059452980334173
Salto,2019-06-19,1.3442750669664802,547.5543275594346,581.145187469333,0.061347081411300304
Salto,2019-06-25,1.8659701551738417,549.5259363059729,655.1068363416277,0.19213087692528494
Salto,2019-07-01,2.0488057186310353,549.719858648966,582.6996078734006,0.05999373809323206
Salto,2019-07-07,1.9465695189570402,554.5296578302422,574.8952490261514,0.036725882751872135
Salto,2019-07-13,1.3628070617720554,545.0607206790103,576.1649684456293,0.05706565633251065
Salto,2019-07-19,1.6431766996404553,539.8296853111088,568.6564811588574,0.05339979744006751
Salto,2019-07-25,2.148235931898385,530.940689584596,573.0343919260243,0.07928136450487924
Salto,2019-07-31,1.7327135295485063,538.4203506206528,569.3919328387542,0.057523052727110974
Salto,2019-08-06,2.041795404635714,534.3702744367952,563.6828320225945,0.054854394018629925
Salto,2019-08-12,2.314212096301328,535.913189039145,540.9064481459855,0.009317290951157658
Salto,2019-08-18,2.1193822676071328,533.4393990508376,557.5705658814614,0.045236941391207895
Salto,2019-08-24,1.8861036913098133,534.2581559374731,623.4489619448315,0.1669432745502097
Salto,2019-08-30,0.7442793315363473,344.58835485375494,403.2381347969802,0.17020244334175638
Salto,2019-09-05,1.4777327099558484,434.0014113543373,457.5536265041217,0.05426760036629331
Salto,2019-09-11,2.4098442807113782,530.870439398702,552.4040001880423,0.04056274222714415
Salto,2019-09-17,1.3842113714581903,534.9629333006408,548.4353417443012,0.025183816681536676
Salto,2019-09-29,1.646394662919595,525.2733668907316,547.0865815845775,0.04152735712256954
Salto,2019-10-05,1.2749195282141048,525.2733668907316,547.0865815845775,0.04152735712256954
Salto,2019-10-11,1.7965803054976632,526.0212710316797,539.8764926675237,0.02633966038801043
Salto,2019-10-17,1.0698100973134046,527.4543400397567,538.6132426269322,0.021156148959423436
Salto,2019-10-23,1.3321086264095428,525.0360113400479,532.2147235023859,0.013672799593337979
Salto,2019-10-29,0.995682971473319,575.8150920934701,540.8547645659205,-0.06071450367937661
Salto,2019-11-04,1.4691261608098691,521.1695013275596,538.2530660786589,0.03277928717544452
Salto,2019-11-10,1.2039147905405008,502.7790345447974,523.5440160328287,0.041300412430346
Salto,2019-11-16,1.8461349897152834,507.4549110685281,528.2604904089984,0.04099985808918635
Salto,2019-11-22,1.5611259464161606,498.22309166436,533.3273123214963,0.07045883911134541
Salto,2019-11-28,1.5843407872372857,511.4665886826191,528.5590173662943,0.033418465764694455
Salto,2019-12-04,2.558286477850573,503.1442298914293,584.9366409891467,0.16256255411170453
Salto,2019-12-10,3.238627861201385,489.89196633166455,536.3052581947597,0.09474189219847845
Salto,2019-12-16,1.9536710469772385,490.9538187109824,542.4883461524755,0.10496817720411865
Salto,2019-12-22,4.769430693461809,501.7665797406516,523.6890127222728,0.04369050045730872
Salto,2019-12-28,3.2361204909173984,473.6872119341263,555.8843134283778,0.173526114751188
Salto,2020-01-03,0.5883769338339486,516.623812276384,570.8471399497988,0.10495708170030374
Salto,2020-01-09,0.44026277417761694,522.881492360086,566.6757738006235,0.08375565415954374
Salto,2020-01-15,1.146274532435112,553.0542768622425,564.7664382701681,0.0211772368426018
Salto,2020-01-21,2.1356298593155474,527.7898143044416,564.8705602135783,0.07025665313000458
Salto,2020-01-27,1.5440549505605605,534.674210724269,548.1664547579628,0.025234514332414266
Salto,2020-02-08,1.132486354709683,537.0888554872939,563.4769780566558,0.04913176339401088
Salto,2020-02-14,1.7595320888169015,537.0888554872939,563.4769780566558,0.04913176339401088
Salto,2020-02-20,1.5817402039836654,530.8055075908436,559.0862756314806,0.05327896496212774
Salto,2020-02-26,3.0656533306369274,534.8593023798027,566.862296419274,0.059834416073679994
Salto,2020-03-03,2.444759377245752,421.2482713282775,537.7344949741979,0.276526294763458
Salto,2020-03-09,0.7538685104873211,527.6924444734581,573.8292769282683,0.08743129248486112
Salto,2020-03-15,1.568104141167968,551.7542831613758,570.0191518811575,0.03310326585075124
Salto,2020-03-21,0.755355890645336,545.4003047520597,592.4941704974068,0.08634734035720074
Salto,2020-03-27,0.5770261074819871,552.8451966245076,575.5323988503162,0.04103716983403179
Salto,2020-04-02,1.8593536227174357,548.8265527424771,583.0646525342307,0.06238418972381417
Salto,2020-04-08,1.3537297950335263,558.5191772362235,585.2649004270608,0.04788684843944978
Salto,2020-04-14,1.9197973668793984,546.327846717296,584.6691998322912,0.07018011866935894
Salto,2020-04-20,1.5627425540584525,545.7472848591883,583.9449522626243,0.06999149324818277
Salto,2020-04-26,2.042942487587079,535.5219521106944,576.067368284254,0.07571195917133704
Salto,2020-05-02,1.723757986819689,551.2995709677573,592.3405699404639,0.07444409742721685
Salto,2020-05-08,1.8749291345687116,553.5838773028476,600.4979776318601,0.08474614643328449
Salto,2020-05-14,1.9952576642560371,559.3985037831656,595.2546913735813,0.06409775383366836
Salto,2020-05-20,1.0966907323390473,557.6464426895681,590.8822070798449,0.05960006528505478
Salto,2020-05-26,2.3643196326114957,554.0591433905868,579.5061268355189,0.0459282799471701
Salto,2020-06-01,1.7721659310049291,562.9145709539048,604.6619363297557,0.07416287928931486
Salto,2020-06-07,2.096395981258379,569.5048297957088,586.5188424167111,0.029875098034033352
Salto,2020-06-13,1.6613190646395675,563.871569048477,587.9831338775846,0.042760738708276076
Salto,2020-06-19,1.3690487364770547,545.6711737275666,601.449570965364,0.1022197981556664
Salto,2020-06-25,1.2762508485648985,561.6966489000748,590.4449931497104,0.05118126359829837
Salto,2020-07-01,1.6710346583838196,567.3881854700815,588.4406774849299,0.037104212872191615
Salto,2020-07-07,1.0430899773150104,562.8747024660117,590.9859059714704,0.0499422045124796
Salto,2020-07-13,1.635563137047031,564.0450960423369,587.6392281858617,0.041830222989393456
Salto,2020-07-19,2.1813334314501844,559.7981012504519,599.3234161928486,0.07060637550235865
Salto,2020-07-25,1.6025776158937635,563.9884752264734,593.4125671117896,0.05217144175419679
Salto,2020-07-31,1.886973305894462,551.7801888613863,593.54220191175,0.07568595954222428
Salto,2020-08-06,2.0237754268482453,548.6469622567362,582.2480316263627,0.061243516653069735
Salto,2020-08-12,1.9542425692314447,546.3670108468658,582.7239894738382,0.06654314390361755
Salto,2020-08-18,2.1718274157388904,550.1060440193386,575.0759158105382,0.0453910151736522
Salto,2020-08-24,1.8782114340341916,549.8193855729916,567.2897261438349,0.031774690069606516
Salto,2020-08-30,1.8788981198652368,543.8746466792956,581.1090233478023,0.06846132081325469
Salto,2020-09-05,1.6204557211517274,531.3410410905726,564.2283692544378,0.06189495186813393
Salto,2020-09-11,1.3164526873629774,542.2815112354683,559.7032437072006,0.03212673143150453
Salto,2020-09-17,1.4319367370172043,536.4762588971306,586.573576271171,0.09338217030708627
Salto,2020-09-23,1.3350692093174916,540.9363747267181,559.6085175482089,0.03451818678476549
Salto,2020-09-29,1.4575844021786528,533.0696157438331,550.83008944362,0.033317362639407454
Salto,2020-10-05,1.6499676506368588,533.1126001508107,550.848716289311,0.033268986952255414
Salto,2020-10-11,1.571047571904268,530.7729896596961,561.5618128794474,0.05800751699797587
Salto,2020-10-17,0.6476341139771219,528.8720537154733,558.7307866412744,0.056457384571628
Salto,2020-10-23,1.11216086834757,541.4366781814157,559.7713986797409,0.03386309283646623
Salto,2020-10-29,1.5772063969589878,538.0808607027541,556.5685840424542,0.03435863397102515
Salto,2020-11-04,0.6906100699263953,526.8954060557556,562.0508243604444,0.06672181594418498
Salto,2020-11-10,0.7837491807051165,536.965633697453,551.2277817467873,0.026560634711625057
Salto,2020-11-16,1.7456628027426788,544.5324835255582,560.9727061668816,0.030191445209809584
Salto,2020-11-22,2.533189936111059,519.199372655182,544.7810076423526,0.049271313361467235
Salto,2020-11-28,1.984990103136326,532.462320522793,562.4709796149999,0.05635827726315585
Salto,2020-12-04,2.4595845231870657,530.4880817956722,553.2148493694351,0.042841240649241524
Salto,2020-12-10,1.108302921479432,522.624774718984,559.7104848190787,0.07096048999980104
Salto,2020-12-16,0.33461096796726014,541.3556121590528,565.4699528292131,0.04454436257525178
Salto,2020-12-22,0.5142784037091347,545.4416845578752,578.4690528042933,0.06055160282292951
Salto,2020-12-28,4.999279673750226,543.571265549843,565.0820338825032,0.03957304165241556
Salto,2021-01-03,1.6825597368524692,494.4669266996646,591.3663815515887,0.1959675149532904
Salto,2021-01-09,2.648063627556562,524.27268632072,581.2372817473678,0.10865451684393122
Salto,2021-01-15,2.1181253238053084,543.248229530161,594.5545745551975,0.09444364884430428
Salto,2021-01-21,1.838124847645029,550.5540521918593,581.5558038984861,0.056310096316979225
Salto,2021-01-27,0.9161276594746894,549.2572739639313,578.2978938108049,0.052872526634541464
Salto,2021-02-02,1.4569043602919511,565.3328576504666,585.3307203436011,0.03537360764107355
Salto,2021-02-08,2.246427481956892,644.9838214833877,681.3354049516777,0.056360457824640546
Salto,2021-02-14,3.3816743805937644,561.6954863707629,589.6132169422525,0.049702607994720045
Salto,2021-02-20,1.3240596384637386,571.7401903733767,609.2260937627816,0.06556457639426162
Salto,2021-03-04,1.759241386597438,560.0973263870927,674.5970417158899,0.20442824833208445
Salto,2021-03-10,2.4502449715279555,560.0973263870927,674.5970417158899,0.20442824833208445
Salto,2021-03-16,1.594599573558881,553.0382969882502,678.699980723153,0.2272205820451031
Salto,2021-03-22,3.0907910279646797,563.6995321172886,584.2164147914065,0.036396841766135946
Salto,2021-03-28,1.590389831449222,447.0011216336208,548.2196886138767,0.22643917896747123
Salto,2021-04-03,1.1729905534581682,553.8533653208116,582.4622452716244,0.051654249557988224
Salto,2021-04-09,1.5935626356248513,553.3884620358426,588.4176468886014,0.06329944922214514
Salto,2021-04-15,1.317318806969537,549.8481222923668,594.8759190421251,0.08189133494178959
Salto,2021-04-21,1.6627138540167792,552.4471531849013,595.6459463476206,0.07819534033920689
Salto,2021-04-27,1.7902203051349068,556.4161898925423,585.5540140235543,0.052366959589438204
Salto,2021-05-03,2.1586940581939555,551.7487760339535,589.8357126777261,0.06902949004716735
Salto,2021-05-09,1.302532986049792,555.8320352232032,591.1966879496227,0.06362471121733439
Salto,2021-05-15,2.39256570965693,562.4736313461154,597.7963389364177,0.0627988684656518
Salto,2021-05-21,1.7867009610527662,561.6659862745338,602.1620012217594,0.07209981721668965
Salto,2021-05-27,1.5848902661399777,562.4989921506037,598.8330555572423,0.06459400623585566
Salto,2021-06-02,1.7329302942735594,564.9238236836483,587.2634537255442,0.039544499816325504
Salto,2021-06-14,1.2796063137082616,565.5426324244212,591.7200898819032,0.04628732823423408
Salto,2021-06-20,1.4210356413506808,565.5426324244212,591.7200898819032,0.04628732823423408
Salto,2021-06-26,1.916951802749293,560.4076493738003,584.7200434210476,0.043383408621231453
Salto,2021-07-02,1.9549683968711853,643.7679057519981,675.0613022475569,0.04860974928379562
Salto,2021-07-08,2.0447959306681613,564.5913588461094,581.833427460046,0.03053902321348888
Salto,2021-07-14,2.0576604072829783,556.4496480399847,577.1234206440557,0.03715299789817724
Salto,2021-07-20,1.8719900641160692,565.0366110007283,586.6580941569671,0.038265632235662234
Salto,2021-07-26,2.295656459322581,558.4780482882601,577.0102861276307,0.03318346691722636
Salto,2021-08-01,3.156848287253548,547.9726333364001,564.9795647869126,0.031036096359344973
Salto,2021-08-07,1.9564856149223135,543.157812484858,582.3190858671393,0.07209925454836937
Salto,2021-08-13,1.2437426218588634,539.8953017001643,557.2011642804824,0.03205410850181674
Salto,2021-08-31,2.097091881018538,519.7080254990252,535.3492013324873,0.030096082927415547
Salto,2021-09-06,1.3607868880152763,519.7080254990252,535.3492013324873,0.030096082927415547
Salto,2021-09-12,2.0860656034574405,508.92639585831,527.1229524220068,0.03575479030323855
Salto,2021-09-18,1.2441911794593752,511.1249237528185,529.4138654280332,0.03578174498111399
Salto,2021-09-24,2.0590200110826333,502.2655371810046,526.2167243966228,0.04768630424067247
Salto,2021-09-30,1.0631609460652618,512.5313380546779,527.5839440950044,0.02936914276785289
Salto,2021-10-06,1.6307199932825003,510.01811693444057,525.5870448858853,0.030526225313376582
Salto,2021-10-12,1.6468582360400132,492.0588383511204,520.4077125116387,0.05761277300803051
Salto,2021-10-18,1.4204082583300606,509.5365700883455,524.254820919429,0.028885563264932232
Salto,2021-10-24,2.7598003373706703,513.200796314392,523.2033449254027,0.019490516544099386
Salto,2021-10-30,1.4364647995662472,508.2367075397119,535.3212677347641,0.05329123180843029
Salto,2021-11-05,1.6748178267921983,509.4806544919572,512.2693335725733,0.005473572069967772
Salto,2021-11-11,1.5832531435467652,488.13856234065935,518.8436924155652,0.06290248803059642
Salto,2021-11-17,1.8454151899962579,488.105066478475,500.402403523467,0.025194036877579293
Salto,2021-11-23,1.9672128744106736,482.64644613230087,506.0896764014751,0.04857226331414465
Salto,2021-11-29,1.881637433037306,485.3939379271295,518.975642664083,0.06918443374131096
Salto,2021-12-05,1.77555240191674,469.2764393966466,518.7394372544562,0.10540268742535784
Salto,2021-12-11,1.8988239884309994,478.2914290102012,505.0088022653618,0.05586002933494074
Salto,2021-12-17,2.214583965253802,460.25907787100095,525.4348096252472,0.14160661872379926
Salto,2021-12-23,1.3818762990894518,490.3470765239491,500.4617203191393,0.020627519321400896
Blyde,2017-02-21,1.6439385508387598,237.88106035937145,248.52218836864097,0.0447329770314365
Blyde,2017-03-05,0.3380066743126692,229.4243323495723,249.3577691840976,0.08688458033367126
Blyde,2017-03-17,1.0653536775624768,240.20830327175665,253.6466857786141,0.05594470434127383
Blyde,2017-03-29,2.023644308969246,240.640931314431,253.2609414011458,0.05244332299489403
Blyde,2017-04-10,0.797396581561471,240.6685878253922,250.0402854629726,0.038940261054673596
Blyde,2017-04-22,1.0830667739536806,240.0238598674071,252.1881876604028,0.050679660762540255
Blyde,2017-05-04,0.7872345140428358,243.61860558504296,254.4793728909721,0.04458102565626018
Blyde,2017-05-16,1.8152006283132291,241.42922021212112,252.55058577498195,0.0460647039869057
Blyde,2017-05-28,2.29469193040252,240.8030196179588,250.32906291241216,0.0395594843850659
Blyde,2017-06-09,2.694930990281666,241.7865295004661,256.64840916445263,0.06146694646178746
Blyde,2017-06-21,2.521505882392031,240.25576460999133,256.6535016025259,0.06825116982792541
Blyde,2017-07-03,1.2562052237689718,240.43187749454572,252.66710400767604,0.050888537080146075
Blyde,2017-07-15,1.489935928394703,237.1064223797428,246.66509528886985,0.04031385068860828
Blyde,2017-07-27,2.290581402641359,240.3879167659236,256.3147185513605,0.06625458550375285
Blyde,2017-08-08,1.2772353025498342,237.2542372470332,247.31060365589212,0.04238645650989185
Blyde,2017-08-20,1.770414351818462,238.67545184327668,251.89905881575945,0.05540413507278449
Blyde,2017-09-01,1.2521236051282316,231.7878786538936,246.49757541678932,0.06346188958767886
Blyde,2017-09-13,1.070732171539725,227.4013656501172,244.6025145346578,0.07564224091339228
Blyde,2017-09-25,1.1527945856962936,226.3593389422847,238.6938537013484,0.05449085872356541
Blyde,2017-10-07,0.5774357196413608,221.92196484369015,234.16934319796096,0.055187770002384395
Blyde,2017-10-19,0.5430576683399411,217.9780585397249,231.02841568944297,0.05987004947720333
Blyde,2017-10-25,0.8760926326026325,217.9780585397249,231.02841568944297,0.05987004947720333
Blyde,2017-10-31,1.3340680745287932,213.68924342607983,226.0227881854577,0.057717199806757415
Blyde,2017-11-06,0.3931363711835621,214.77446991837147,226.89778300146665,0.05644671402379829
Blyde,2017-11-12,1.5863898980810704,207.376000749416,217.4797334265346,0.04872180310453339
Blyde,2017-11-18,1.3003319818393353,195.8685413026697,212.74696615761852,0.08617220888405498
Blyde,2017-11-24,0.8854299091618993,208.0868914056636,222.56472798681816,0.06957591842212747
Blyde,2017-11-30,1.7417840429345472,204.5124855900364,221.47537269419053,0.08294303917540645
Blyde,2017-12-06,1.9459942703012325,202.46654925149957,214.65816379860672,0.06021545085930709
Blyde,2017-12-12,0.6177988996756661,199.6033869782212,226.5237351016804,0.13486919501218916
Blyde,2017-12-18,1.762281761938172,193.25244811266435,215.57028748458865,0.11548541604457814
Blyde,2017-12-24,1.7689536727660835,202.25345364872052,216.92076944582172,0.07251948252303173
Blyde,2017-12-30,0.1637940001953139,194.30665717615165,210.91397326618568,0.08546961967946584
Blyde,2018-01-05,0.627253612258587,54.665220400238034,350.07163227078354,5.403918793479504
Blyde,2018-01-11,1.587210950709433,200.89730480540555,219.18470534266157,0.0910286006821728
Blyde,2018-01-17,1.2353748282019743,197.2733297891714,229.09288620723652,0.16129679796083474
Blyde,2018-01-23,1.1147071449389472,197.520557705138,213.15292862542543,0.0791430071983884
Blyde,2018-01-29,2.644208839482746,196.19016460563807,214.3687886664686,0.09265818241893713
Blyde,2018-02-04,1.5644803254081208,191.06520382558784,223.89523572910085,0.171826325496094
Blyde,2018-02-10,1.1882947791643057,193.3072584947444,215.0782452667117,0.11262374181649888
Blyde,2018-02-16,1.199976487256873,192.27781967897,219.76928098894305,0.14297780865142548
Blyde,2018-02-22,1.3771363008625557,194.62466800894643,214.9331917067973,0.10434712056601851
Blyde,2018-02-28,0.9620588501374968,193.74393658697392,217.85894067132688,0.12446843245351037
Blyde,2018-03-06,0.8851384503211001,201.13360168404373,213.0287496254296,0.05914053068105302
Blyde,2018-03-12,1.1010449000656972,203.1499456297512,219.99639150689217,0.08292616483316365
Blyde,2018-03-18,1.8806339206184248,205.15365026344747,218.56312607158287,0.0653630865983406
Blyde,2018-03-24,0.7150427584440222,213.2317252561053,225.7408053879263,0.05866425419011525
Blyde,2018-03-30,0.7398481738322298,207.791937715855,241.219984691578,0.1608726851637245
Blyde,2018-04-05,0.5814630460594225,214.5981748768107,227.91144068940105,0.06203811295335003
Blyde,2018-04-11,3.804185805468364,223.02669016014548,235.0147078377548,0.05375149346027268
Blyde,2018-04-17,0.667402012844443,230.6800565693934,244.96763716398053,0.06193678294980443
Blyde,2018-04-23,0.6274678264479019,236.40865542387425,247.7693089783253,0.04805515066308262
Blyde,2018-04-29,3.1321897706716264,230.33832387831444,244.56804051958272,0.06177746022318764
Blyde,2018-05-05,0.4483724818331185,242.40228763111188,260.05307545320994,0.07281609424808341
Blyde,2018-05-17,0.755989417283266,232.96266493274769,246.894480288454,0.059802781530371746
Blyde,2018-05-29,0.7974632683727139,231.0117430481406,247.98365215498387,0.07346773321088915
Blyde,2018-06-10,1.3735535306871225,231.0870192177806,246.37213171922872,0.06614440115757061
Blyde,2018-06-22,1.0575178452289518,237.0536012956268,249.6668740375354,0.053208526143328744
Blyde,2018-07-04,2.260102913391396,239.9836698149618,252.6207192888028,0.052657955783344555
Blyde,2018-07-16,2.9863725277644786,234.2005536386527,248.45941792682424,0.060883136553859275
Blyde,2018-07-28,1.25793261092145,226.04481346299715,241.75496676290777,0.0695001714891473
Blyde,2018-08-09,2.0306779368179946,225.77532607772827,236.00742001743987,0.04531980583294108
Blyde,2018-08-21,1.0947425092564298,211.8933525079944,229.76295303546985,0.0843329925925886
Blyde,2018-09-02,1.0771683704298625,214.52211972565595,227.41552482239968,0.06010291672128076
Blyde,2018-09-14,1.2588505056990382,208.25412074439552,220.8875737939393,0.06066364019298176
Blyde,2018-10-08,1.6474794293568324,198.51445381563676,207.14725799109667,0.043487030840975036
Blyde,2018-10-20,2.1295299056612085,194.50772845996036,233.7864540675025,0.20193915130538218
Blyde,2018-11-07,4.207008785195927,184.58551738146315,230.93674762335684,0.25110978856539734
Blyde,2018-11-13,1.251619060335027,184.58551738146315,230.93674762335684,0.25110978856539734
Blyde,2018-11-19,2.365770449492792,179.4424965598701,190.75707357374003,0.06305405481301286
Blyde,2018-11-25,1.3597279130462667,177.634227636994,212.72964940145755,0.1975712802162379
Blyde,2018-12-19,0.4514674357882855,166.36381517050052,186.84427816378124,0.12310647584206341
Blyde,2018-12-25,1.585873831130146,166.36381517050052,186.84427816378124,0.12310647584206341
Blyde,2018-12-31,1.9584294926265824,161.81782611635694,189.55550424619787,0.17141299444905309
Blyde,2019-01-06,2.0787112573120314,168.19323960246965,203.2772149379476,0.2085932551058539
Blyde,2019-01-18,1.5031988134862164,196.7799537826688,207.88279001225192,0.05642259801445786
Blyde,2019-01-24,1.78432348231377,196.7799537826688,207.88279001225192,0.05642259801445786
Blyde,2019-02-05,3.001442321262898,205.45771828113035,222.3697339329948,0.08231384925984389
Blyde,2019-02-17,2.0880404298633586,218.0346501038316,239.38061765685435,0.09790172132208093
Blyde,2019-02-23,1.0753386825844309,218.0346501038316,239.38061765685435,0.09790172132208093
Blyde,2019-03-07,1.1362773631560688,239.1323996255314,249.3119359301698,0.042568620231215014
Blyde,2019-03-13,0.7469875301200917,239.1323996255314,249.3119359301698,0.042568620231215014
Blyde,2019-03-19,0.9802586898648344,224.19393264181105,243.7844790977508,0.0873821437765627
Blyde,2019-03-25,0.98325346222773,237.7689296603453,254.14388139772905,0.06886918219624194
Blyde,2019-03-31,1.2061436121753493,234.857525866777,249.59877525242223,0.06276677458489115
Blyde,2019-04-06,1.3773897174534635,242.56240632258096,251.1239387247632,0.03529620493126362
Blyde,2019-04-12,0.243657502894376,231.5705381336257,247.47887737597296,0.06869759586242143
Blyde,2019-04-24,1.0497338090684791,231.54939298286885,245.0775558539177,0.0584245231515235
Blyde,2019-04-30,1.0721777282105205,231.54939298286885,245.0775558539177,0.0584245231515235
Blyde,2019-05-06,1.0355543434513323,235.39619934262743,249.71759418656,0.06083953302528597
Blyde,2019-05-12,0.8486687108726904,240.9285885076096,251.2834948165236,0.04297915151147358
Blyde,2019-05-24,1.6787407045113316,223.66193381706088,244.1050190317371,0.09140171895051738
Blyde,2019-06-05,1.296777731301152,230.1255850890305,247.97764538237035,0.07757529562144641
Blyde,2019-06-17,0.9684297755683268,238.09123827203192,252.49877499407305,0.060512670800509476
Blyde,2019-06-23,1.2617292742602244,238.09123827203192,252.49877499407305,0.060512670800509476
Blyde,2019-07-05,1.9394870065488217,233.93384753772813,247.20334691863715,0.05672329814850312
Blyde,2019-07-11,1.1309920961626554,233.93384753772813,247.20334691863715,0.05672329814850312
Blyde,2019-07-17,1.244141859649102,232.54390084745225,248.9825859842996,0.07069067422082613
Blyde,2019-07-23,2.016980028482669,230.18884812405452,243.9662752029629,0.059852713070979766
Blyde,2019-07-29,0.9851854351584582,222.0624516659785,241.0996062791144,0.08572883200340042
Blyde,2019-08-04,1.8158763467174253,227.8886623323628,243.02681638366403,0.06642785075996051
Blyde,2019-08-10,1.957688052177046,219.04593602484312,236.12167405233345,0.07795505516958637
Blyde,2019-08-16,1.343957721249091,223.91254842407824,243.31296113676484,0.08664281144236397
Blyde,2019-08-22,1.2302891640150455,219.68478186168,235.55193490167957,0.07222691032822659
Blyde,2019-08-28,1.7233919766706842,218.9924528234085,231.2085447525623,0.055783164084675596
Blyde,2019-09-03,1.862408291585086,214.35328700061876,229.2730705551267,0.06960370780068736
Blyde,2019-09-09,0.8330905486390812,215.24868245988432,228.051573309395,0.05947953178248483
Blyde,2019-09-15,1.793993555538559,211.15258089786005,219.9162780966396,0.04150409699713197
Blyde,2019-09-21,0.9430658247546074,207.97653710039924,219.9207446805169,0.0574305532087577
Blyde,2019-09-27,1.304789104489965,203.0832868364521,217.3940536305895,0.07046747675332937
Blyde,2019-10-03,0.4294511137384459,205.4596760913296,219.9856014665043,0.07069964117298483
Blyde,2019-10-15,1.2421404228487505,195.69236448816332,213.28529315494612,0.08990094586877417
Blyde,2019-10-21,0.6189858428519581,195.69236448816332,213.28529315494612,0.08990094586877417
Blyde,2019-10-27,0.2313775764313132,187.8188181482173,206.36091499635884,0.09872331766835545
Blyde,2019-11-02,0.7043793474204999,177.34973273790845,192.59752750906551,0.08597585423875775
Blyde,2019-11-08,2.8312131629444544,183.32486857699223,200.19631168168908,0.09203030246609031
Blyde,2019-11-14,0.7935453850502547,184.74852060755413,221.150231331464,0.19703384148463624
Blyde,2019-11-20,2.237520573501862,174.86304419834212,182.33649906226364,0.042738904027340346
Blyde,2019-11-26,1.7352420366674188,165.5586777138504,189.48505201956957,0.14451899855755815
Blyde,2019-12-02,0.2893679274361737,172.32506087901396,191.245507000529,0.1097950932093313
Blyde,2019-12-08,1.1483968196978966,172.90347162412755,184.32046931340835,0.0660310494753978
Blyde,2019-12-14,0.7933347756865774,155.73219971483718,167.62807074767767,0.07638671420954138
Blyde,2019-12-20,2.040261028123516,169.32745872560687,183.7566422857157,0.08521467025316408
Blyde,2019-12-26,1.4078773202153645,168.60785920815562,179.55020989735024,0.06489822443973799
Blyde,2020-01-01,2.06512536936663,161.57945701888738,172.95229513830745,0.0703854210754692
Blyde,2020-01-07,1.8645831654535587,159.55390428179274,168.44328599806843,0.0557139717532446
Blyde,2020-01-13,1.5902924096572904,158.59452452932916,164.1766905965678,0.035197722517881204
Blyde,2020-01-19,1.761374097057636,188.790795156992,203.38011004251817,0.07727768122060287
Blyde,2020-01-31,1.3594928436765497,218.10191569044227,228.63293270330988,0.04828484417264154
Blyde,2020-02-06,0.3044068193125684,218.10191569044227,228.63293270330988,0.04828484417264154
Blyde,2020-02-12,3.341020245629818,218.6148380655476,229.74818601572372,0.05092677170813997
Blyde,2020-02-18,1.7120866011034004,242.4090116732459,258.28433336654666,0.06548981650360347
Blyde,2020-02-24,4.261959174774219,238.21803992327224,262.3059365892538,0.10111701311009041
Blyde,2020-03-07,1.366953003092558,234.20226284042656,246.44784344094367,0.05228634622057699
Blyde,2020-03-13,0.818595173679829,234.20226284042656,246.44784344094367,0.05228634622057699
Blyde,2020-03-19,1.156043866778224,241.363236202964,249.8281053959925,0.03507107928363348
Blyde,2020-03-25,1.371714629443372,230.83195383913824,248.04295168777165,0.07456072507460289
Blyde,2020-03-31,0.6666117398290972,242.32985877063825,250.0951026373141,0.032044106764513705
Blyde,2020-04-06,1.8451953432582704,238.2989273104649,246.07491347176943,0.032631226036421386
Blyde,2020-04-12,1.470238184324464,243.6850920736276,251.2053542915584,0.030860575646780238
Blyde,2020-04-18,0.99505236629594,225.21619652393412,241.4667619618614,0.07215540306933617
Blyde,2020-04-24,0.9951091373469988,237.06639424244003,248.70245150635364,0.04908353755114611
Blyde,2020-04-30,1.386188230127223,232.7268193740815,245.9547821637352,0.05683901333430454
Blyde,2020-05-06,1.415266545525515,238.12243026325305,247.09090890505024,0.037663308878051555
Blyde,2020-05-12,1.2208371393207562,238.69008811039043,245.9356015623684,0.03035531768134008
Blyde,2020-05-18,1.6399194197778817,240.33710340767357,252.3064396065417,0.04980228199956727
Blyde,2020-05-24,0.7276155482718814,237.1699641621429,247.0627013521681,0.04171159372972694
Blyde,2020-05-30,2.256053793483269,239.63479498569563,253.75317725073424,0.05891624488789854
Blyde,2020-06-05,1.2022763807736525,238.5176691056435,253.35371738450291,0.06220104503993065
Blyde,2020-06-11,1.0076904586329882,239.30378752283133,250.15415846853816,0.04534140916876054
Blyde,2020-06-17,2.6068644251568944,227.1092637258283,243.2793242503746,0.07119947579094432
Blyde,2020-06-23,0.7247158376676459,240.34633810060987,261.58968072770966,0.08838637940140885
Blyde,2020-06-29,1.5670087779573478,240.70838445791807,249.20315601938884,0.03529071735744158
Blyde,2020-07-05,1.892166989899584,234.8438951639512,247.29851349410717,0.05303360481847332
Blyde,2020-07-11,1.3950862606425636,240.24640140216303,250.8091366672172,0.04396625798932386
Blyde,2020-07-17,0.7082935934081713,235.892333225343,246.9570257685044,0.046905689523158496
Blyde,2020-07-23,1.4673187098207892,237.0656123614741,248.60258524886487,0.048665737609381136
Blyde,2020-07-29,1.8530665433949003,238.21836985309676,248.19212984150005,0.04186813970120715
Blyde,2020-08-04,1.597582644869401,228.31601004883413,241.44239887576236,0.057492196119407715
Blyde,2020-08-10,1.5620161725988158,232.88883018526565,241.6821184691934,0.03775744966786339
Blyde,2020-08-16,1.5500104631495737,222.3319929025448,234.4127088924034,0.054336381517319246
Blyde,2020-08-22,0.8397822963396784,225.42833782061408,236.4352918292745,0.0488268427788314
Blyde,2020-08-28,1.2287121084053507,223.26923451279887,236.0985853591021,0.05746134649629828
Blyde,2020-09-03,1.08493355762979,222.44680569796097,230.1361030902728,0.034566904065830385
Blyde,2020-09-09,1.5880496732329243,218.49722369176828,229.00603753330904,0.04809586897252951
Blyde,2020-09-21,1.200186715989568,211.80954856193392,221.7384198792222,0.04687641036345927
Blyde,2020-09-27,2.071959939877382,211.80954856193392,221.7384198792222,0.04687641036345927
Blyde,2020-10-03,0.777035088879027,213.06293058426505,225.9645158888873,0.06055293273796283
Blyde,2020-10-09,1.0466162534392405,209.83914125005683,223.8677060872336,0.06685389938981648
Blyde,2020-10-15,0.574628156615034,215.4286530110168,225.29372245211437,0.04579274531597747
Blyde,2020-10-21,5.126554684552792,226.4502700028812,237.60912621308876,0.04927729258201179
Blyde,2020-10-27,1.9916246850157375,211.7413636554015,248.653081989061,0.1743245518798655
Blyde,2020-11-02,1.507491510072493,229.1232115033348,246.34293924203013,0.07515488119126988
Blyde,2020-11-08,0.9900893119914436,226.1583712547033,237.41120801261155,0.049756445872326895
Blyde,2020-11-14,0.918689872264929,225.9543219334591,234.21604339323451,0.036563679725534884
Blyde,2020-11-20,4.491091384844652,221.01339230250335,233.8182405441673,0.057936978878356075
Blyde,2020-11-26,2.0991135693412377,217.53302403963576,245.41785308920467,0.12818664739606678
Blyde,2020-12-02,3.0875047498174317,221.1009393729595,232.0471759277224,0.04950786996114245
Blyde,2020-12-14,1.2077454401411043,229.15481259794944,241.7332056997292,0.05489037284086402
Blyde,2020-12-20,0.4925353584711682,229.15481259794944,241.7332056997292,0.05489037284086402
Blyde,2020-12-26,0.3478948467636223,224.5801815553194,236.1441756073716,0.05149160523411423
Blyde,2021-01-01,0.5191779237003777,240.36375420732685,247.64235299944116,0.030281598887975932
Blyde,2021-01-07,2.3815186982854484,230.2354310939265,245.70159711750105,0.06717543842009699
Blyde,2021-01-13,1.6109096819636617,239.3072357435757,260.0463924839663,0.08666330826123957
Blyde,2021-01-19,2.613728356645685,244.2317186355142,252.59653343396957,0.0342495022562521
Blyde,2021-01-25,3.116082835780111,244.0215006724788,260.0425387048789,0.06565420665084444
Blyde,2021-01-31,0.7368540871573376,233.04356910436,256.27686219575173,0.09969506208938797
Blyde,2021-02-06,0.6667414837783491,133.89614340504068,364.5863917826909,1.7229043534122106
Blyde,2021-02-12,2.282621126983173,231.50940540716437,245.40586476157395,0.060025463457820886
Blyde,2021-02-18,1.3581592568859937,243.26428438522044,259.7071942047598,0.06759278231530787
Blyde,2021-02-24,0.5632514640043301,231.64859808558143,246.33985146470312,0.06342042861703
Blyde,2021-03-02,1.0642170299878182,241.62492988268085,251.42260263987825,0.040549097156301665
Blyde,2021-03-08,0.8709729251805857,232.9729349287624,249.46631013258397,0.07079524155398068
Blyde,2021-03-14,1.2323614813930617,242.4140841327832,253.66490578068155,0.046411584079973194
Blyde,2021-03-20,1.0683257445747976,228.31095694403257,243.89063637002383,0.06823885999396172
Blyde,2021-03-26,0.3501738096771565,242.1762454008125,249.78025180819043,0.03139864686064881
Blyde,2021-04-01,0.6108266228527034,233.37960771944236,248.10948697523236,0.06311553695598607
Blyde,2021-04-07,0.9651274771277228,243.0678124941538,252.3399558352272,0.03814632322531968
Blyde,2021-04-13,0.9546882554215989,238.9129443899446,248.5938891113132,0.04052080453860929
Blyde,2021-04-19,1.0436879340142362,240.6674006584796,248.97450583803365,0.03451695226202358
Blyde,2021-04-25,1.6276579633167436,239.4631871713317,251.30448527844,0.04944934646107452
Blyde,2021-05-01,2.649680020555069,240.10222425636744,253.031194030298,0.053847771772933456
Blyde,2021-05-07,0.9259158634344457,245.2450463113134,258.25626042237525,0.053053932410709985
Blyde,2021-05-13,1.2923715452461064,242.00527643114572,248.6572259579169,0.02748679543218042
Blyde,2021-05-19,1.268194973894451,240.14509431493423,251.7047077006112,0.04813595471793116
Blyde,2021-05-25,1.151680625683437,235.8293189033209,246.3538624028644,0.04462779924262962
Blyde,2021-05-31,1.955266142201643,238.6516740952436,249.0464660911291,0.04355633387150277
Blyde,2021-06-06,1.1740588466539872,243.33994217411416,254.35237672644524,0.04525535123391904
Blyde,2021-06-12,1.0430490636500265,223.1158249626249,244.6868815195301,0.09668097975801868
Blyde,2021-06-18,2.149144364407098,242.98107554374243,251.8469499426389,0.03648792145255113
Blyde,2021-06-24,1.6655147757194515,239.13167516361312,248.7310203306789,0.040142507932075175
Blyde,2021-06-30,1.4113915465282698,241.37110975791185,248.78911972627827,0.030732799695069
Blyde,2021-07-06,1.55489495069868,229.79098295384128,242.5555317595927,0.05554851910057526
Blyde,2021-07-12,1.0195015226418804,241.9074830465908,248.99560563503192,0.02930096456369625
Blyde,2021-07-18,1.6437454604615809,238.1748064055409,246.27962109895893,0.03402884971644711
Blyde,2021-07-24,2.079014552405326,242.95489707601507,253.38264560556152,0.0429205118112266
Blyde,2021-07-30,3.623717787148488,242.6971707774593,251.8177514258292,0.037580086406252315
Blyde,2021-08-05,1.2368602981564116,241.2781873665933,253.4224770562265,0.050333143754853475
Blyde,2021-08-17,0.6132191723802286,228.7666530637225,242.92323791970648,0.0618822047111941
Blyde,2021-08-23,0.8450059706337981,228.7666530637225,242.92323791970648,0.0618822047111941
Blyde,2021-08-29,4.22918588191261,236.1933768765648,248.0422751385528,0.050166090254851955
Blyde,2021-09-04,0.9800415759105794,236.22362863971787,250.2987428372761,0.05958385398873554
Blyde,2021-09-10,1.7814507929536294,229.7089277487841,242.7872041274576,0.056934123139420444
Blyde,2021-09-16,2.626674227732546,232.3897691006859,241.9641890440788,0.04119983414263245
Blyde,2021-09-22,2.7066476087219247,229.97171082279283,246.17821582929423,0.07047173301671655
Blyde,2021-09-28,0.6490394080080791,226.5171305795228,248.10206311903116,0.09529050842329373
Blyde,2021-10-04,2.842508837680473,223.32414233600693,234.9621237712396,0.05211250925895193
Blyde,2021-10-10,5.262920271239434,224.9725878793904,245.7914112341937,0.09253937802397702
Blyde,2021-10-16,0.3447645987641071,220.6450573829053,248.4283605923043,0.12591853875604445
Blyde,2021-10-22,0.7222883571773038,217.9393528186424,227.269882011635,0.04281250298452053
Blyde,2021-10-28,2.301239555841457,221.97966254242544,231.6450479526206,0.04354176098608972
Blyde,2021-11-03,2.1224779320608174,220.87843393890975,241.055182537396,0.09134775287326925
Blyde,2021-11-09,1.056790072509707,223.04677645541923,242.06043777219887,0.08524517421384895
Blyde,2021-11-15,2.5459242913861693,211.57254865757065,226.36904476897,0.06993580313364488
Blyde,2021-11-21,2.463399264301749,218.9117854868152,233.61927359765144,0.06718454229464979
Blyde,2021-11-27,2.0810272998648376,213.7458794638271,222.933707834341,0.04298482101063747
Blyde,2021-12-03,1.3752553892509514,225.95343572971424,237.1536381351725,0.04956863067510939
Blyde,2021-12-09,0.6605295611575961,224.49206781254188,230.83427507549808,0.02825136462394812
Blyde,2021-12-15,1.2107958920861583,225.68789458133773,232.12878145416855,0.028538911600814842
Blyde,2021-12-21,0.3193991984864893,222.079039248002,232.705610903054,0.04785040358169511
Cachi,2017-02-21,0.2569184834771385,82.88137002487183,104.63703672561644,0.2624916394868469
Cachi,2017-03-05,2.270758887171768,73.9518750907898,112.59734770889284,0.5225759667440275
Cachi,2017-03-17,2.0193986669688733,47.47650902404785,84.80983816070557,0.7863537126907878
Cachi,2017-04-10,1.2762309476543674,65.23773380966186,92.74072313919068,0.42158100417423694
Cachi,2017-04-22,0.4225842699115621,26.88691261367798,41.78769227752686,0.5542019598140293
Cachi,2017-05-04,0.7438859027068897,38.880588040161136,91.0078000793457,1.340700196852489
Cachi,2017-05-16,0.30989576411991604,24.54680482559204,38.63648113098144,0.5739922733528138
Cachi,2017-05-28,0.9259159537737425,24.77199157104492,36.01111167449951,0.45370272596861316
Cachi,2017-06-09,0.668454835526101,20.375681496429443,32.928086389923095,0.6160483464414815
Cachi,2017-06-21,0.5367609108428021,23.538299189758305,37.83357906112671,0.6073200003162673
Cachi,2017-07-03,1.034286619186724,16.517882859802246,35.76761339797974,1.1653872776288687
Cachi,2017-07-15,1.055601788915026,26.65195475540161,40.438097214508055,0.5172657159907708
Cachi,2017-07-27,1.4163779865013388,23.62641388549805,38.02941357421875,0.6096142968849495
Cachi,2017-08-08,0.972215544723413,25.26158630447388,39.90937593383789,0.5798444109097717
Cachi,2017-08-20,0.6188751206067079,20.27777060394287,34.50449974594116,0.7015923702792063
Cachi,2017-09-01,1.2790369990698074,25.33990091094971,39.59604361190796,0.5625966238407026
Cachi,2017-09-13,1.1004444926466954,7.216227489471436,63.23115623042986,7.762356275863655
Cachi,2017-10-07,0.6340355747900808,80.64053603210449,129.3127988922119,0.6035706761761861
Cachi,2017-10-19,0.7378517234412074,61.54649659194946,90.78256075439454,0.47502401893447943
Cachi,2017-12-06,1.2733160867906184,81.892636353302,120.71433642044067,0.4740560543154787
Cachi,2017-12-30,1.713873519642009,118.69812331085204,179.5111830039978,0.5123337926235425
Cachi,2018-01-11,0.5586499510318518,109.73891477966308,151.55694290924072,0.3810683585995093
Cachi,2018-01-23,1.627123866971205,91.76208284454346,123.78870499649048,0.3490180383787077
Cachi,2018-02-04,1.775833376520588,129.840521900177,163.22828429946898,0.2571443946055677
Cachi,2018-02-16,2.358799211273799,108.5348795135498,172.64748016967772,0.5907096496856933
Cachi,2018-02-28,1.1293040617206098,121.4396916923523,154.28887385864255,0.27049790483253455
Cachi,2018-03-12,0.777264259137908,122.23270836029052,149.58901777038574,0.22380514820517883
Cachi,2018-03-24,1.9295268346990002,126.354780934906,145.8880234451294,0.15459045052111087
Cachi,2018-04-05,0.5058137041212438,130.21242313156128,145.32990961990356,0.11609864961247356
Cachi,2018-04-17,1.4306461514465174,128.3031297012329,144.2528560180664,0.1243128390864205
Cachi,2018-04-29,0.7689216746839243,123.0159491394043,145.75088882369994,0.18481294371457413
Cachi,2018-05-11,0.8585537453821817,120.66592475357056,135.9106840675354,0.1263385611563363
Cachi,2018-05-23,0.6431843968200845,108.6422507987976,130.1630977836609,0.19808911198571633
Cachi,2018-06-04,1.1275515940341285,85.25081846694947,105.86097552871703,0.24175905208180296
Cachi,2018-06-16,0.8175947559985329,34.2891689743042,41.60326444625854,0.21330629148333757
Cachi,2018-06-28,1.4956309477755183,76.14503459777832,98.27284498596192,0.2906008317557351
Cachi,2018-07-10,1.7993572075178645,79.55234642791748,108.51435406036376,0.36406226758740295
Cachi,2018-07-22,1.578803891917575,33.77022079620361,40.74162878494263,0.20643655340040687
Cachi,2018-08-03,0.5331759874051107,38.636521155548095,46.47936067886353,0.20299031301862497
Cachi,2018-08-15,0.9403247530806289,35.69787916564941,51.85293777160645,0.452549534693433
Cachi,2018-08-27,1.352886298945406,66.30508030700683,99.2227046546936,0.4964570466587336
Cachi,2018-09-08,0.6132383410752138,13.33567875366211,53.361470836639405,3.001406439247482
Cachi,2018-09-20,1.182620259160601,28.374089630126957,39.21263974380493,0.38198758990913484
Cachi,2018-10-02,0.3254530314992317,37.74548722686768,45.02043066940308,0.19273677403631478
Cachi,2018-10-14,0.0430612768928742,35.96349176940918,43.13072006225586,0.1992917800863591
Cachi,2018-10-26,1.0475156689881353,19.01464571609497,33.76032169494629,0.7754904403172668
Cachi,2018-11-07,0.9002823055946427,12.728626697540284,23.352147329711915,0.8346164032153249
Cachi,2018-11-19,1.6521848172539837,41.18074498901368,52.88956764862959,0.284327606572917
Cachi,2018-12-01,0.8116837492553415,13.217796981811524,46.65378012237549,2.5296184520441543
Cachi,2018-12-13,1.0104894685967905,45.64548245620728,56.61135865402222,0.2402401203303241
Cachi,2018-12-25,2.210684868978329,35.60962624206543,46.6440322380066,0.3098714353509921
Cachi,2019-01-06,1.569938307148289,86.31785370101929,97.35233050003052,0.12783539355869003
Cachi,2019-01-18,1.6118848885827335,18.22084339370728,34.40520626831055,0.8882334656469675
Cachi,2019-01-30,1.2757074015924874,83.09658121109008,98.89930430068968,0.19017296330706998
Cachi,2019-02-11,1.4540847339188918,40.97512403335571,52.243362719277776,0.2750019420746397
Cachi,2019-02-23,1.476194826521195,78.27932442703248,91.36989528808594,0.16722897082812394
Cachi,2019-03-07,2.5061481389668145,85.43667049102783,100.49527053070068,0.1762545280981454
Cachi,2019-03-19,1.0355335514828707,52.0488154411316,61.29149669494629,0.17757716819258587
Cachi,2019-03-31,0.6430662761701502,36.21661916275024,45.10681890029908,0.245472933229854
Cachi,2019-04-12,1.0973770419775692,47.4680427154541,56.43683710479736,0.1889438425575384
Cachi,2019-04-24,0.7717782813635602,66.9019701828003,75.11660809707642,0.12278618838624293
Cachi,2019-05-06,1.2781225239649805,70.68139707641602,81.01090427932739,0.14614180859701736
Cachi,2019-05-18,0.6624233663769135,19.953902786254883,39.45749138259888,0.9774322750424003
Cachi,2019-05-30,0.7165557361484854,10.555090142822266,33.91712231216431,2.213342743001473
Cachi,2019-06-11,1.4494838651307482,20.551074495697023,46.03695704269409,1.240124089489009
Cachi,2019-07-05,1.3124905833927318,21.423389726257323,41.143017922973634,0.9204718977103414
Cachi,2019-07-17,1.16644188429694,20.767279493713374,41.60162207260132,1.003229266750846
Cachi,2019-07-29,1.790208971116449,46.352022374725344,57.07349259109497,0.2313053383020411
Cachi,2019-08-10,1.8797939757981266,57.45359356842041,74.01023519515991,0.2881741697675099
Cachi,2019-08-22,1.5227694034467913,29.20642885131836,47.43723801574707,0.6242053507204385
Cachi,2019-09-03,1.3428032564622634,26.317940230560303,47.5741464302063,0.8076698257321582
Cachi,2019-09-15,1.1898083211627624,54.34989701766968,75.12656362380982,0.3822760988743996
Cachi,2019-10-09,0.5978344996646525,71.79767918395996,104.94062731628418,0.4616158698863425
Cachi,2019-10-21,0.48013428401781927,29.931625090026856,109.90584952087404,2.6718971719812967
Cachi,2019-11-02,1.2650658424976395,145.65331567459106,167.71288354034425,0.15145256229550733
Cachi,2019-11-14,0.7172333718344258,153.56452072525025,168.8191433647156,0.09933689479458686
Cachi,2019-11-26,1.4200627400379877,152.61470998306274,168.89737201385498,0.10669130146497213
Cachi,2019-12-08,1.765524309925938,154.95479176559448,170.95346542510987,0.10324736316458766
Cachi,2019-12-20,1.6181045199275454,153.280455052948,166.79224442138673,0.0881507649737294
Cachi,2020-01-01,1.0413242812540842,152.8692399154663,169.86663231964113,0.11118909476866673
Cachi,2020-01-13,2.400997922493294,152.31117845840456,170.55197428131103,0.11976005968523151
Cachi,2020-01-25,0.935233901998703,155.57160319595337,168.7503918762207,0.0847120451903277
Cachi,2020-02-06,0.6382712257888661,155.60096127700805,168.92662265625,0.08563996822306894
Cachi,2020-02-18,2.7289944368394297,148.21853214035033,170.21905424118043,0.14843300485527325
Cachi,2020-03-13,1.1331389649635981,155.87514821929932,170.01359001693726,0.09070363017552159
Cachi,2020-03-25,0.9803246745119785,156.45283395462036,175.44773399353028,0.12140975371797642
Cachi,2020-04-06,1.5297563920658235,157.43192899932862,172.4320299659729,0.09527991597376827
Cachi,2020-04-18,0.834997044041587,160.52602852020263,170.8752398384094,0.06447061210951412
Cachi,2020-04-30,0.7872792005382474,148.30650663146972,164.6087659767151,0.10992275197847683
Cachi,2020-05-12,0.5187115010318253,113.67479475784302,128.11659389038087,0.12704486657136838
Cachi,2020-05-24,0.8704774385249382,86.66077260360717,99.70247310943604,0.1504913943645827
Cachi,2020-06-05,0.6109550531797532,63.12315863113403,100.48590324783324,0.5919023291440758
Cachi,2020-06-17,0.8259355847245691,37.28402950744629,115.85795088119508,2.1074417763256026
Cachi,2020-06-29,0.6993582262820457,153.84842770996093,173.16634335098266,0.12556459580750715
Cachi,2020-07-11,0.8872958146595032,144.64468575592042,169.3770094696045,0.17098674302779746
Cachi,2020-07-23,1.3136801637198223,151.43979871063232,167.8496253395081,0.10835874564407799
Cachi,2020-08-04,1.3066973940953441,149.85369017944336,165.31383153076172,0.1031682391858719
Cachi,2020-08-16,0.878574505827842,17.30100187225342,161.26984298477174,8.32141642290723
Cachi,2020-08-28,0.9450349312884441,101.65150162200928,123.2311017578125,0.21229002810058703
Cachi,2020-09-09,0.9780604283043468,110.0626449508667,149.72634973983764,0.3603739016691567
Cachi,2020-09-21,0.9352621357615207,59.67798154373169,72.76891828384399,0.21935957620348356
Cachi,2020-10-03,1.0317605889015384,33.80926108474731,82.15839748382568,1.4300559919924
Cachi,2020-10-15,0.7961978950981942,16.674380312347413,34.199898392486574,1.0510446416507293
Cachi,2020-10-27,0.6766918631563201,45.39258320236206,54.772666786193845,0.20664352901034455
Cachi,2020-11-08,0.4857081154242071,80.79766360244751,87.5536492034912,0.08361610100863162
Cachi,2020-11-14,0.23700939529172535,80.79766360244751,87.5536492034912,0.08361610100863162
Cachi,2020-11-20,0.7638926761585476,18.34894275360108,25.90783067245484,0.41195223181838564
Cachi,2020-12-02,1.0443938444555854,10.016042475891114,31.281893575286865,2.123179005139329
Cachi,2020-12-26,1.082040073088469,4.680209153747558,19.43572853705911,3.1527478577525634
Cachi,2021-01-07,1.2214368825789799,6.452418131256104,26.315514774639656,3.078395764088023
Cachi,2021-01-19,1.6297832770246574,30.851192356109618,45.69430272293091,0.4811195040856122
Cachi,2021-01-31,1.530096491730887,31.04701067581177,42.061797438812256,0.35477769109610063
Cachi,2021-02-12,0.4283388431829151,13.814968182373049,43.76681556094899,2.168072121714507
Cachi,2021-02-24,1.4718119641692375,8.058142378997802,26.14065034816368,2.2440045259432124
Cachi,2021-03-08,1.9068102913168552,10.397876762390135,43.468134681944,3.1804818113608886
Cachi,2021-03-20,1.815034550221204,46.301613455963135,61.0565928855896,0.3186709561138671
Cachi,2021-04-01,2.392511494821416,74.53921757278442,90.09711276321411,0.20872093505996434
Cachi,2021-04-13,1.5490448671560124,35.30623233184814,52.969157939910886,0.500277838825918
Cachi,2021-04-25,1.2821563030094467,89.56857325057983,99.07563407363892,0.10614281860292496
Cachi,2021-05-19,1.0273707873555362,11.778413745880126,24.71216512145996,1.0980894078460968
Cachi,2021-05-31,1.6868369682292945,38.56656753540039,47.61341065979004,0.2345773477529605
Cachi,2021-06-12,0.6906456033785355,61.428884088134765,80.03183893585205,0.3028372584634094
Cachi,2021-06-24,0.8966526717681174,33.54388373336792,59.25549376602173,0.7665066525101587
Cachi,2021-07-06,1.4230794335770511,28.932172593688964,44.0004522026062,0.5208139679148779
Cachi,2021-07-18,1.620536589349448,63.51420707626343,78.28895423736573,0.23262113850152943
Cachi,2021-07-30,1.3515182087450404,30.36181211929321,43.01175545349121,0.41663993191498877
Cachi,2021-08-11,0.8154122447360561,24.52624990386963,41.87582050552368,0.7073878260906377
Cachi,2021-08-23,0.6940093331924577,26.054749443817137,35.434821730041506,0.36001391249034964
Cachi,2021-09-04,1.1432079979478798,28.82452429885864,50.32547171325684,0.7459254900955838
Cachi,2021-09-16,1.3742382586482476,4.435248686218261,57.57452025001975,11.98112559706567
Cachi,2021-10-10,0.9102171452471125,28.82536880722046,40.74125997161865,0.4133820886764642
Cachi,2021-10-22,0.48357721279650057,34.66081726226807,46.65394502639771,0.346013992497096
Cachi,2021-11-03,0.9170378608784591,102.180043649292,124.96388268356324,0.22297738599986502
Cachi,2021-11-15,0.9837553342482022,70.57396203536987,92.31984457321168,0.30812897435095576
Cachi,2021-11-27,1.3961076329471958,71.75845918273926,88.65779857559204,0.2355030972699277
Cachi,2021-12-09,1.5520512231825365,24.741597470855712,34.54233715438843,0.39612396471478717
Cachi,2021-12-21,0.8082888939111964,36.4919319984436,43.2283167137146,0.18459928938698866
Yamba,2017-02-18,2.94348015306109,38.12099274749756,78.5555478919235,1.0606899828725014
Yamba,2017-03-02,2.9314131305471487,39.90518117218018,66.99114529619702,0.6787580792365822
Yamba,2017-03-14,2.108056718733286,47.38538119277954,65.1464276770588,0.37482122201405094
Yamba,2017-03-26,1.112457110089463,41.17731737518311,60.19848354334213,0.46193310736708565
Yamba,2017-04-07,1.840242095324666,50.66528671569824,66.65273908009547,0.31555041727304883
Yamba,2017-04-19,2.7350760147660287,48.33669908294678,79.32080523440793,0.6410058348893825
Yamba,2017-05-01,1.757025030484377,57.657220572662354,72.08295509841021,0.2501982298568809
Yamba,2017-05-13,1.5843229492871398,57.89723797531128,71.45722915016623,0.23420791127613452
Yamba,2017-05-25,2.0503164213611087,57.457290383911136,71.78908277142992,0.24943383671172717
Yamba,2017-06-06,1.3929341981940746,59.81730650863648,74.1914196163791,0.24030023995927113
Yamba,2017-06-18,1.5272735181723016,55.63333767089844,72.48207506472718,0.30285325488645354
Yamba,2017-06-30,1.2923425156537225,38.52956954498291,70.17716784029194,0.8213846837390891
Yamba,2017-07-12,0.6650909956230081,50.59321794586182,68.56090243986542,0.3551401793266094
Yamba,2017-07-24,0.7480265053830506,48.70521605453492,69.57983488649855,0.428591032397648
Yamba,2017-08-05,1.0872675280119997,52.681243375396726,72.31265855127073,0.37264525128961357
Yamba,2017-08-17,0.9996566188701772,50.84126916122437,69.91597888830745,0.37518162000627214
Yamba,2017-08-29,2.0374265120807973,53.6251872177124,71.97027734006396,0.34209838835382517
Yamba,2017-09-10,1.85646205781964,56.08126920089722,71.20931315208884,0.2697521680010337
Yamba,2017-09-22,2.089077446460325,53.49725761871338,69.76922153902241,0.30416444962997674
Yamba,2017-10-04,0.7674389477487066,56.31327052536011,73.84362809613098,0.3113006473825074
Yamba,2017-10-16,0.6627683515207722,36.54557062835693,72.01827048886767,0.970642932935525
Yamba,2017-10-28,1.969521651106481,52.48920776901245,70.18630584627039,0.33715689051998987
Yamba,2017-11-09,1.21993652732333,50.249017212677,75.73677919156842,0.5072290642225987
Yamba,2017-11-21,2.238306362658164,57.08117646789551,71.89810681612202,0.2595764710028372
Yamba,2017-12-03,0.8669269269204605,55.18516020050049,73.96074439235313,0.3402288608683311
Yamba,2017-12-15,1.3524527532922876,58.4811977973938,73.87669949618471,0.26325558091556417
Yamba,2017-12-27,4.242056239893809,53.36111944274902,77.53320073849248,0.45299052096681763
Yamba,2018-01-08,1.021052498388498,53.59324472732544,76.34330183559942,0.4244948635601917
Yamba,2018-01-20,0.9990069635319088,57.95317635192871,72.84473707503675,0.25695849063866605
Yamba,2018-02-01,0.4249262373502791,57.33722755966186,71.59423494046679,0.24865184431824675
Yamba,2018-02-13,1.085775922061624,57.58524114151001,75.23505632233862,0.30649893672331674
Yamba,2018-02-25,1.300383880147399,58.40925092010498,74.34485853771733,0.27282677600864713
Yamba,2018-03-09,2.928743741784619,52.32904519577026,76.39529055618885,0.45990224492695037
Yamba,2018-03-21,2.672360252771477,57.4572683807373,68.65205580328548,0.19483674978014207
Yamba,2018-04-02,0.8701899689759964,55.41731302108765,71.74689302986893,0.2946656760959787
Yamba,2018-04-14,1.7364488398913906,49.22508998336792,73.8993084025065,0.5012528860277444
Yamba,2018-04-26,2.3998157599878818,56.17712142944336,74.46513852193496,0.3255420823842097
Yamba,2018-05-08,1.836096616071872,41.688915091705326,81.1661627592558,0.9469483094177498
Yamba,2018-05-20,0.7624187986650109,60.769310106658935,75.7639253190523,0.24674651046845275
Yamba,2018-06-01,0.9591371188464006,60.929323097229,75.38114516196457,0.2371899330257424
Yamba,2018-06-13,0.8616927246074626,55.33730391616821,73.71294562537399,0.33206608216843153
Yamba,2018-06-25,1.4727782283340929,55.96924303817749,70.36932404304953,0.25728561301158787
Yamba,2018-07-19,0.4335276198226384,53.09727882156372,69.64137632576438,0.31158089211686346
Yamba,2018-07-31,1.1486838494609404,49.121290675354,67.17825017397114,0.36759945128390115
Yamba,2018-08-12,0.9508260613075592,49.03322773895264,67.19600940531411,0.37041782692867115
Yamba,2018-08-24,1.5479547253442414,53.9611655052185,71.81906616044587,0.330939861806735
Yamba,2018-09-05,0.3529342865215635,53.337133769989016,72.7787478118358,0.3645042893697058
Yamba,2018-09-17,1.2984291860071544,56.465269916534425,69.00244590223724,0.22203340219988255
Yamba,2018-09-29,2.7989833955350707,51.305200303649904,69.05310867017259,0.34592805917298175
Yamba,2018-10-11,3.1194883089744687,55.0653022354126,73.13729432907104,0.32819200767114476
Yamba,2018-10-23,0.8553924010524531,59.75332633056641,72.06124157022215,0.20597874621349258
Yamba,2018-11-04,1.2832109460659886,60.233321773529056,71.86537536697388,0.19311658814335558
Yamba,2018-11-16,1.3321378762405305,59.12927573394775,73.18808122262993,0.23776387101272464
Yamba,2018-11-28,2.7834510446251173,55.20921938858032,72.66340908903533,0.31614628668459843
Yamba,2018-12-10,1.129760332986576,58.657297722625735,79.96556444217158,0.36326710480777336
Yamba,2018-12-22,1.9933279613164443,58.43329282913208,71.24226727297017,0.21920678817970257
Yamba,2019-01-03,1.365495787311055,59.81729941635132,71.58538399124146,0.19673379924726728
Yamba,2019-01-15,3.133010992112161,50.08109455795288,75.1166309664558,0.4998999448690619
Yamba,2019-01-27,1.6483191056707511,46.465465980529785,66.36571427201214,0.4282803986044403
Yamba,2019-02-08,1.1196389923227077,48.52148652877808,68.24410330600813,0.4064718166771864
Yamba,2019-02-20,3.79318022777793,37.768731285095214,73.58123132640465,0.948205005113376
Yamba,2019-03-04,2.3899676817635167,45.521021452331546,68.31201763915418,0.5006697007159381
Yamba,2019-03-16,0.7508039978506822,56.10525251312256,74.47416295374553,0.3274009048676261
Yamba,2019-03-28,1.119122904086657,59.42528166275024,75.46551929773369,0.269922786837004
Yamba,2019-04-09,1.3099386966154698,57.56129841537476,71.50806660116756,0.242294190189212
Yamba,2019-04-21,1.581738335800312,55.313315257263184,72.69021622228585,0.31415403116234136
Yamba,2019-05-03,0.4632983692109132,60.193296475219725,72.02612782102098,0.19658055030550742
Yamba,2019-05-15,1.302277621870221,61.3532885017395,73.86621103883631,0.20394868543585964
Yamba,2019-05-27,2.3530174763368703,61.54531428375244,74.2732984311721,0.2068067129974793
Yamba,2019-06-08,0.8498788327677443,60.36128642349243,72.35309740738215,0.1986672533742181
Yamba,2019-06-20,1.5172434334309877,57.47321951293945,71.89609030036478,0.25094941452128283
Yamba,2019-07-02,0.522061103524247,56.23318374557495,71.45022290366079,0.2706060397884423
Yamba,2019-07-14,0.8058803458300446,51.81713713684082,69.9056798056479,0.3490841769401139
Yamba,2019-07-26,1.568827326860713,54.02530095672608,68.14537235794067,0.2613603469330913
Yamba,2019-08-07,0.9010977256041272,55.70525027389527,70.80999227878945,0.27115472833577065
Yamba,2019-08-19,1.4259124926653206,51.88114393386841,68.63334836120606,0.32289581834763065
Yamba,2019-09-12,1.488281537922682,56.7852106918335,71.22633095845839,0.2543112914557122
Yamba,2019-09-24,2.102781299913616,57.08127553405762,72.65403102572571,0.27281723027328975
Yamba,2019-10-06,2.584604620655801,57.34525190124512,70.745337915802,0.2336738538987205
Yamba,2019-10-12,4.886734040484603,57.34525190124512,70.745337915802,0.2336738538987205
Yamba,2019-10-18,3.3626139483244275,49.40105357208252,72.89926120554605,0.47566207467977617
Yamba,2019-10-30,0.44142449251251,60.2171903930664,74.57989827360265,0.2385150782821979
Yamba,2019-11-11,4.10569988719453,40.640472785186766,77.80673063174378,0.9145134221987671
Yamba,2019-11-23,1.0266921242219575,57.21726071472168,70.53196354712092,0.23270430401736172
Yamba,2019-12-05,2.859017865424016,59.2412107383728,76.0415616023763,0.2835922941919429
Yamba,2019-12-17,1.0883859319976523,57.88929618759156,73.82624246129953,0.27530039788467864
Yamba,2019-12-29,2.6289936732146546,61.00125621337891,73.23429605802049,0.20053750699577574
Yamba,2020-01-10,0.8347368101640735,62.28130888977051,74.4246854401652,0.19497625799558632
Yamba,2020-01-22,0.8980875645423767,58.03324894714356,73.47460889913224,0.2660778128423001
Yamba,2020-02-03,2.9814684456486726,53.60913933868408,78.75761487919827,0.4691079888754562
Yamba,2020-02-15,2.171163258076354,59.2411859046936,75.8669167409321,0.2806448011183595
Yamba,2020-02-27,2.07978012378705,61.41723347625732,76.76770428866519,0.24993751661481217
Yamba,2020-03-10,3.56027630039339,45.72894723358154,75.56294862654146,0.6524095392043269
Yamba,2020-03-22,2.272021538559485,56.75304868087768,81.67915153131823,0.43920288741843605
Yamba,2020-04-03,1.798199664675802,60.10522295303345,74.05821531133614,0.2321427601924984
Yamba,2020-04-15,0.953370993044938,56.15311738510132,76.41490122830261,0.3608309705095233
Yamba,2020-04-27,0.7327354927401338,58.15321930389404,75.67367371306177,0.3012809027409173
Yamba,2020-05-09,1.607273290196003,61.37729238052368,71.01093583505369,0.1569577783719076
Yamba,2020-05-21,1.28788483300038,60.31328439331055,72.96934966049194,0.20983876760299752
Yamba,2020-06-02,0.8210759598582659,59.20125825347901,73.00974090081309,0.2332464385843118
Yamba,2020-06-14,2.036958636882023,57.35324375534058,73.56480001781688,0.28266154102167457
Yamba,2020-06-26,0.7852552163626165,52.85723621673584,72.07471183340633,0.3635732208523188
Yamba,2020-07-08,0.9502602118625338,54.07314158096313,69.1650505097722,0.2791017589797722
Yamba,2020-07-20,0.8387611723012655,55.32124877700806,70.20025458792293,0.26895643427880644
Yamba,2020-08-01,1.1391454263919074,57.65731673355103,70.26124969643088,0.21860075488989192
Yamba,2020-08-13,0.4036609932392674,57.40931909866333,71.59739738821291,0.24713894037248602
Yamba,2020-08-25,1.2792015911297392,55.017261813354494,71.46423411901438,0.2989420368003059
Yamba,2020-09-06,3.1381235512468795,53.745254232788085,70.76394086699541,0.31665468657928175
Yamba,2020-09-18,1.888041240034626,55.84924815673829,71.39793048547783,0.278404505734847
Yamba,2020-09-30,0.4666753121069317,55.865265979766846,71.38620213842354,0.2778280186525565
Yamba,2020-10-12,1.5552852387508953,58.1291958694458,71.9184211980483,0.23721686017422575
Yamba,2020-10-24,1.861074162672864,58.8812247970581,74.88844732426662,0.27185614060134655
Yamba,2020-11-05,0.3810661790778997,61.32125590591431,72.57031663969451,0.1834447218602261
Yamba,2020-11-17,1.5018246469531074,59.7532759689331,72.91325530830832,0.22023862501224786
Yamba,2020-11-29,1.2357265864167042,61.45728598709106,73.72663012620215,0.19964018817375426
Yamba,2020-12-11,0.5344481707168623,60.38528911132813,72.44283415313123,0.19967686201805626
Yamba,2020-12-23,0.871628901307976,60.21720968856812,75.7209195037004,0.25746310556923013
Yamba,2021-01-04,1.4822026511533135,61.96133375701904,75.83419528264962,0.22389546325831058
Yamba,2021-01-16,2.1929821749934777,59.47325544815063,74.27598174932743,0.24889719235366153
Yamba,2021-01-28,2.504325179772888,57.63332125015259,69.80228641522875,0.2111446104634121
Yamba,2021-02-09,2.4320962519814784,52.90525055389404,74.04386205580768,0.39955602290135545
Yamba,2021-02-21,1.9774479630499195,54.25733746948242,70.24022805278403,0.294575652413673
Yamba,2021-03-05,0.7675714896178497,57.73729307098389,73.09022302465402,0.2659101100357234
Yamba,2021-03-17,2.096174179894338,60.20124900970459,74.2206813494903,0.23287610424039124
Yamba,2021-03-29,0.2291937907834245,58.49721665267944,70.00132385635376,0.19666076203212624
Yamba,2021-04-10,1.1274415145382517,59.137208277893066,77.78483240302889,0.3153281101385159
Yamba,2021-04-22,1.3236445518916815,59.69724707641601,75.65897117569268,0.2673778922978596
Yamba,2021-05-04,2.125367237018171,60.72125622558594,74.32740808051015,0.22407559890355214
Yamba,2021-05-16,2.6077426165453343,58.59329686355591,72.26122296406464,0.23326774276478646
Yamba,2021-05-28,1.5362689572396466,61.26530776596069,75.46766920700972,0.231817352412615
Yamba,2021-06-09,1.5455189557173097,60.90529779968261,74.43592470042209,0.22215845566081438
Yamba,2021-06-21,1.6926339842803322,58.92932277832031,71.18664159696691,0.20800033397220674
Yamba,2021-07-03,2.111173015496758,55.15320177459717,70.68935089645386,0.28169079259170826
Yamba,2021-07-15,1.762979994197372,55.41723355941773,68.64920847984763,0.23877003723476606
Yamba,2021-07-27,0.5499927486414463,56.32132763366699,67.82111308988085,0.20418171835387774
Yamba,2021-08-08,1.9078383462266404,57.281284037780765,70.94200019849289,0.2384848103562411
Yamba,2021-08-20,1.195325705217871,56.22517914505005,68.53730848617553,0.21897892596060176
Yamba,2021-09-01,0.1456552239269704,55.27332095108032,69.69735922012329,0.2609584157573772
Yamba,2021-09-13,1.2625207058685175,58.05730344924927,70.42913083966722,0.21309683115463288
Yamba,2021-09-25,2.2757605606597524,56.09726359329223,71.43796229016174,0.27346607863246736
Yamba,2021-10-07,0.8910133805944548,56.865192628479,74.45004958610684,0.30923762225718837
Yamba,2021-10-19,2.137895278574148,59.28928455276489,72.5807445770114,0.22417980119860764
Yamba,2021-10-31,0.7423740914727011,60.72921594161987,75.5131911810931,0.24344090418827977
Yamba,2021-11-12,0.9172379853136708,58.617201634979246,75.3998214289826,0.2863087852352968
Yamba,2021-11-24,1.0531337099224216,54.87291641082764,73.73950042434991,0.3438232419117325
Yamba,2021-12-06,1.3199704062064352,59.121276139068605,70.84226340650072,0.19825328600589248
Yamba,2021-12-18,0.7386201528769761,63.29727082595825,75.94132625957714,0.199756723609536
Yamba,2021-12-30,2.530310098869328,62.065252922821045,77.20221211305805,0.24388781930946152
El_Burguillo,2014-10-23,1.5236856095130529,504.3931753868103,597.50074269104,0.1845932337066757
El_Burguillo,2014-11-04,2.277353072449802,198.2834679412842,658.6673884333443,2.3218472284758973
El_Burguillo,2014-11-16,2.136055433290667,580.3987938209534,638.6545006263733,0.10037186056487762
El_Burguillo,2014-11-28,3.8375386694685294,19.55113472595215,694.0815262366859,34.50083081957197
El_Burguillo,2014-12-10,1.855569618376835,575.2599491905212,697.8987470110516,0.21318848634100454
El_Burguillo,2014-12-22,1.7972515911006337,661.2050371914044,691.803755462413,0.0462772007923331
El_Burguillo,2015-01-03,0.8255665502080789,575.3692134063721,659.264612928416,0.14581141563928315
El_Burguillo,2015-01-15,1.706532185861234,639.679767124176,693.3277682475161,0.0838669657546412
El_Burguillo,2015-02-08,1.834483296721323,654.6459326579734,693.3015674353596,0.059048155421111095
El_Burguillo,2015-03-04,1.7838420943918647,516.4287053001403,765.5457230921456,0.4823841417707839
El_Burguillo,2015-03-16,1.353882705458313,700.6571027419056,721.7866834957437,0.030156806619316204
El_Burguillo,2015-03-28,1.6458030648017776,535.4082386283875,703.5475173690796,0.3140393938864902
El_Burguillo,2015-04-21,2.835220867859748,148.21608472213745,737.6907052402032,3.977129888589091
El_Burguillo,2015-05-03,1.9880557001021872,569.1592570732116,733.941490359129,0.28951867379488355
El_Burguillo,2015-05-15,4.171610058582024,158.3978679512024,719.1597384401807,3.540210974694004
El_Burguillo,2015-05-27,2.2516947509174443,507.2413569404602,716.6137823028386,0.41276686630060094
El_Burguillo,2015-06-08,1.8189613457456892,491.5072742576599,695.8506976309443,0.4157485231157793
El_Burguillo,2015-06-20,2.1151044565611827,501.9206559005737,683.2235463964364,0.3612182291453199
El_Burguillo,2015-07-02,1.265857903284951,519.7261853111268,663.6811881321177,0.2769823935940697
El_Burguillo,2015-07-14,1.1596524797296055,544.619982510376,621.5679725578308,0.14128748947618502
El_Burguillo,2015-07-26,1.045908194119639,524.742844467926,592.8170066413879,0.12972861448446643
El_Burguillo,2015-08-07,1.1419998796388202,440.0559567008973,575.3649007827788,0.30748122374321135
El_Burguillo,2015-08-19,2.303338511019085,472.9399407302856,516.1291748552629,0.09132075852652044
El_Burguillo,2015-08-31,0.4793812149450243,433.223920514679,467.9723284268279,0.08020888567479632
El_Burguillo,2015-09-12,1.8520760294810483,415.2480196357727,439.2929866493225,0.05790507329725584
El_Burguillo,2015-09-24,1.196727661145608,392.6031801635742,449.96970511932375,0.14611833997841875
El_Burguillo,2015-10-06,3.589883013871546,407.4236494651794,432.3885916404724,0.0612751424912722
El_Burguillo,2015-10-18,0.7745731337506835,349.76383506088257,459.1106354522705,0.31263037921674836
El_Burguillo,2015-10-30,1.1625156985772482,450.27551197814944,481.8338049407959,0.07008662945938288
El_Burguillo,2015-11-11,0.9945028453127224,516.067968586731,551.8237555848964,0.06928503448118233
El_Burguillo,2015-11-23,1.8547279900041975,509.2782022399902,547.4217113586426,0.07489719558167501
El_Burguillo,2015-12-05,1.1094473908722748,566.6284629272461,556.9941254119873,-0.017002918394686897
El_Burguillo,2015-12-17,1.040987924351349,573.1528560600281,565.41034130772,-0.013508638525386871
El_Burguillo,2015-12-29,1.1743386295951994,532.2981957015991,543.4614821846009,0.0209718660952588
El_Burguillo,2016-01-10,6.344666537367773,51.22382859191895,614.4550971772017,10.995493387898339
El_Burguillo,2016-02-15,3.401559529958616,213.467655443573,663.7515711727964,2.1093777171701276
El_Burguillo,2016-02-27,3.326950790559926,127.5248843208313,635.7184365020363,3.985054014263404
El_Burguillo,2016-03-10,3.193446365440297,396.93755315933225,639.1515415445904,0.6102067855697002
El_Burguillo,2016-03-22,1.5781789969981814,554.3247876945495,571.2599111114502,0.03055090407797608
El_Burguillo,2016-04-03,1.4577669676234326,569.4955560798645,636.6822092922196,0.1179757286866923
El_Burguillo,2016-04-15,1.97756363826462,642.9743754486084,650.6093105667114,0.011874400302152149
El_Burguillo,2016-04-27,0.9661464042478676,718.1737333902726,705.2498024786646,-0.01799554942033056
El_Burguillo,2016-05-09,2.181015207009907,634.3494875797406,756.0623518673077,0.19187035958985812
El_Burguillo,2016-05-21,1.008743806655323,763.1061164202104,760.2623470789323,-0.0037265712855485984
El_Burguillo,2016-06-02,1.1523010590371667,749.6603356775651,739.8055403742203,-0.01314568056270138
El_Burguillo,2016-06-14,1.1755962730778942,714.8032843950639,734.3917836054216,0.027404041976297526
El_Burguillo,2016-07-08,0.994137904569606,727.5569956270584,735.8307051790605,0.011371905708735865
El_Burguillo,2016-08-01,1.4205967518321865,700.1101630260601,694.4684678096905,-0.008058296414359595
El_Burguillo,2016-08-13,2.0123397520767385,635.7987074928284,635.8217389884949,3.6224508472670616e-05
El_Burguillo,2016-08-25,2.7565451607907607,594.6429304008484,665.79344112635,0.11965249578858876
El_Burguillo,2016-09-06,1.0995368753476829,559.4882897041321,552.3101014648438,-0.012829916856855434
El_Burguillo,2016-09-18,1.3946000258837763,583.6007927017212,571.64074012146,-0.02049355095097336
El_Burguillo,2016-09-30,1.3730682918642412,556.3565055229187,551.604578968811,-0.00854115393086203
El_Burguillo,2016-10-12,1.4495572839188944,305.585740032959,574.154181412135,0.8788644435771431
El_Burguillo,2016-10-18,0.6170238273333002,305.585740032959,574.154181412135,0.8788644435771431
El_Burguillo,2016-10-24,1.4135699084805364,531.9685388099671,539.3676726776123,0.01390896891044976
El_Burguillo,2016-10-30,0.9907424535674433,447.4221178192139,581.988966093744,0.30076038469091376
El_Burguillo,2016-11-05,2.6855819922328843,569.5943369262695,521.0179849250793,-0.0852823647498415
El_Burguillo,2016-11-11,1.1952908134442186,520.8806732818604,578.553084841156,0.11072096646612907
El_Burguillo,2016-11-17,1.5622902124930431,528.7280933753967,583.1845625663847,0.1029952254727722
El_Burguillo,2016-11-23,1.7222074582980054,551.5263675613403,542.5686679832459,-0.016241652448462797
El_Burguillo,2016-11-29,1.6486079060694947,540.0217146972657,570.9716565309053,0.05731240242994684
El_Burguillo,2016-12-05,1.9925636776903617,558.7505995780945,551.4506914024353,-0.013064698599287886
El_Burguillo,2016-12-11,1.129361057157849,560.4233678764343,585.2747412635803,0.04434392784389627
El_Burguillo,2016-12-17,3.7330340481572595,603.2435222541809,586.7345614067077,-0.027366992331360706
El_Burguillo,2016-12-23,0.7920593342865793,607.0077689376831,646.7912529350281,0.06554032095333738
El_Burguillo,2016-12-29,1.016095030619032,669.5365605949223,620.7349119819642,-0.0728886986688151
El_Burguillo,2017-01-04,1.402404749592661,679.8311508020108,649.7861115703716,-0.044194855143360856
El_Burguillo,2017-01-10,1.8703511487832853,678.704544920744,671.4624230587141,-0.010670507389744352
El_Burguillo,2017-01-16,2.729471065510645,680.8789210788144,658.9912440191799,-0.032146210408386104
El_Burguillo,2017-01-22,2.184098567388446,601.4231750466022,668.866512963221,0.1121395727914756
El_Burguillo,2017-01-28,2.1001439334471232,668.1671928758929,651.920522848068,-0.024315276477279164
El_Burguillo,2017-02-03,5.945366882306467,570.4701859237671,602.7896979110718,0.05665416490604059
El_Burguillo,2017-02-09,0.8709261383143887,133.40796275482177,587.6735863345875,3.405086279704449
El_Burguillo,2017-02-15,1.7468042653001312,719.5306717949871,699.6921162128583,-0.02757152177076525
El_Burguillo,2017-02-21,2.5041417737991765,697.8770899799481,697.991149203886,0.00016343740978976717
El_Burguillo,2017-02-27,2.4801208562977175,735.2010738691981,665.3883708671569,-0.09495729193461676
El_Burguillo,2017-03-05,2.409403243817594,731.4466402530804,723.3109419605389,-0.011122750238796051
El_Burguillo,2017-03-11,1.91635643862372,721.8842012301546,721.7983082201251,-0.00011898447130874873
El_Burguillo,2017-03-17,2.2521688221193177,702.3221285801068,684.6961429126874,-0.02509672549127004
El_Burguillo,2017-03-23,1.9708076112777975,733.2616008270024,711.3871541649582,-0.029831708952675683
El_Burguillo,2017-03-29,0.9746809806671266,738.585435195169,715.4915075946615,-0.03126778094995202
El_Burguillo,2017-04-04,1.4504073224924596,724.4463289261134,708.9465805286542,-0.0213953025622138
El_Burguillo,2017-04-10,1.6958169885711478,723.3180927416184,708.1327945642809,-0.02099394212549033
El_Burguillo,2017-04-16,1.690523996498131,731.304365932692,706.3668308485682,-0.03410007685694449
El_Burguillo,2017-04-22,2.2037204980617586,680.7413310142517,678.0572199768067,-0.00394292356752593
El_Burguillo,2017-04-28,3.6523983888816165,731.6275045439269,733.5594788666758,0.0026406529425834985
El_Burguillo,2017-05-04,1.8099117152635327,717.9054188500079,723.1783113045068,0.007344828881422008
El_Burguillo,2017-05-10,2.886152243286928,723.7774780954728,710.813137645186,-0.01791205286519944
El_Burguillo,2017-05-16,1.5429123960983058,702.060396187819,722.4242409731278,0.029005830404170662
El_Burguillo,2017-05-22,1.0068767770708096,720.048005643858,703.5625079105512,-0.022894998116918194
El_Burguillo,2017-05-28,1.6583104657095666,704.0554105909549,707.3026143346989,0.004612142304280282
El_Burguillo,2017-06-03,1.456925175071461,471.0450382774353,700.534096920549,0.4871913299041049
El_Burguillo,2017-06-09,2.313326235259523,630.535436542511,682.6205497623578,0.08260457731836804
El_Burguillo,2017-06-15,1.50326733333022,676.3241178859845,684.2543810879696,0.011725536606284373
El_Burguillo,2017-06-21,1.3061902291990308,652.4027447361127,664.4920837736781,0.01853048463561474
El_Burguillo,2017-06-27,3.6200668290717166,637.2623037261963,635.6201026512146,-0.0025769625245043227
El_Burguillo,2017-07-03,1.9710877973905165,594.0424172843933,594.7118581665039,0.00112692437885312
El_Burguillo,2017-07-09,2.0018821287600663,605.1881106781005,614.6702000328064,0.015668003365236938
El_Burguillo,2017-07-15,1.8877395143907658,566.658877255249,579.0617397026062,0.02188770518770231
El_Burguillo,2017-07-21,2.673560328907278,581.2975768516541,560.7732126518249,-0.03530784406670069
El_Burguillo,2017-07-27,2.6619043389639234,559.2079684211731,577.0700802024842,0.0319418048203814
El_Burguillo,2017-08-02,2.2739148915894467,519.0790675880432,519.7408919143677,0.0012749971394525452
El_Burguillo,2017-08-08,1.1835866050482824,486.562059690094,514.6155725242614,0.057656597499680905
El_Burguillo,2017-08-14,2.1648200928907726,434.6743128074646,555.4437578798061,0.2778389279373757
El_Burguillo,2017-08-20,1.7019510498777441,478.4761110176086,501.5497405327561,0.048223158865915376
El_Burguillo,2017-09-01,2.1574919309052127,409.5315431030273,416.0928632415772,0.016021525689656806
El_Burguillo,2017-09-07,1.5830560339316164,409.5315431030273,416.0928632415772,0.016021525689656806
El_Burguillo,2017-09-13,1.7858513869653188,360.99279038772585,408.9951326813462,0.1329731329040207
El_Burguillo,2017-09-19,1.4342979432147418,379.6920272628784,385.44106579437255,0.015141320119197051
El_Burguillo,2017-09-25,1.3385808335602025,364.8939723396301,400.09387084198,0.0964661002116721
El_Burguillo,2017-10-01,1.627960968906651,337.6707968170166,429.90675884362014,0.27315350600657984
El_Burguillo,2017-10-07,1.8791614027334091,338.8420926261902,359.29764477767947,0.06036898188459654
El_Burguillo,2017-10-13,1.415952139598228,325.214831578064,391.5903376481,0.20409741384781632
El_Burguillo,2017-10-19,1.909277037669876,310.7056013809204,367.6396204231263,0.18324104486422058
El_Burguillo,2017-10-25,0.8737504520116341,294.14360338668826,307.3600204612732,0.04493185274952367
El_Burguillo,2017-10-31,1.2230276901765749,296.06707951431275,365.4468944596234,0.23433816099758786
El_Burguillo,2017-11-06,2.0493465804477755,283.0114319168091,324.5698378265381,0.14684355903313845
El_Burguillo,2017-11-12,1.7576936256177103,253.75722399902344,445.609713283455,0.7560473994039668
El_Burguillo,2017-11-18,0.8610895796787658,232.63240670852664,412.6608077675853,0.7738749884689221
El_Burguillo,2017-11-24,1.8700568308652874,228.13010308685304,354.3574299239543,0.5533128908859712
El_Burguillo,2017-11-30,2.4697813031175477,89.31326344299316,502.8348421883704,4.630013088809812
El_Burguillo,2017-12-06,0.8625347783804418,216.3736650741577,317.7925407514385,0.46872097693830483
El_Burguillo,2017-12-12,1.8370274255409402,189.60633062973025,339.0753239718269,0.7883122512084516
El_Burguillo,2017-12-18,1.571088308657366,178.23754491119385,545.4517488081327,2.0602516943324254
El_Burguillo,2017-12-24,1.1481209326078532,189.8875477798462,371.36458376944745,0.9557079340452803
El_Burguillo,2017-12-30,1.6375862469751392,188.54904489822388,416.811687554429,1.210627414100231
El_Burguillo,2018-01-05,3.340210977568635,197.01314335784912,347.016235700522,0.7613862191428085
El_Burguillo,2018-01-11,2.4939201596867613,183.07401217193603,334.2480704867105,0.8257537840641065
El_Burguillo,2018-01-17,2.045103881948952,118.2320854598999,555.1605155712919,3.695514871549673
El_Burguillo,2018-01-23,0.9631410319744613,162.60302319030762,449.84843543416935,1.7665441060568408
El_Burguillo,2018-01-29,2.0937644748543596,181.85731943130492,392.98787589462273,1.1609681541746832
El_Burguillo,2018-02-04,1.996639663872508,180.23013477630616,326.6904737253885,0.8126295812343621
El_Burguillo,2018-02-10,2.1865718616825385,93.3882572845459,546.4107013526105,4.8509572535200505
El_Burguillo,2018-02-16,1.2681772296515064,172.54971253051758,402.7379306935419,1.334039998022672
El_Burguillo,2018-02-22,2.227235170574535,194.38181205444337,333.13947734852513,0.7138407849352586
El_Burguillo,2018-02-28,3.7713625524043373,175.9792781929016,386.8957129061232,1.1985299455656548
El_Burguillo,2018-03-06,2.7981028423688006,154.46664818649293,384.1653366049134,1.4870439095765016
El_Burguillo,2018-03-12,3.765770920033336,369.33484901123046,375.0837873710632,0.015565653702117646
El_Burguillo,2018-03-18,2.1711212932631736,525.6791483940125,543.9298178222656,0.03471826775707237
El_Burguillo,2018-03-24,3.5259499784240127,659.5867668819112,644.5688190070657,-0.022768722219580605
El_Burguillo,2018-03-30,3.724623844796249,73.10013842773438,519.648686447018,6.108723699076635
El_Burguillo,2018-04-05,0.6447684544416153,705.4141703497435,725.2072012398783,0.02805873729517147
El_Burguillo,2018-04-11,3.3618491129144745,752.9098956354029,682.8178671783447,-0.09309484290667404
El_Burguillo,2018-04-17,0.6904583070947987,556.0201536083356,715.8686597046856,0.2874868924426584
El_Burguillo,2018-04-23,1.6523308718813685,756.5021105892315,728.9147283565655,-0.03646702612789598
El_Burguillo,2018-04-29,3.7908079333624976,758.7913453014507,738.1008000255719,-0.02726776656586535
El_Burguillo,2018-05-05,1.728962389987735,733.1890322071209,755.0970700184002,0.029880476724166875
El_Burguillo,2018-05-11,2.2168978658227716,754.399457792128,730.2940133394608,-0.03195315718176116
El_Burguillo,2018-05-17,2.2038073826506523,745.5025784311662,734.981760904568,-0.014112382479934779
El_Burguillo,2018-05-23,2.0335523020200883,748.7602887732203,732.7229968451197,-0.021418459510421272
El_Burguillo,2018-05-29,1.1293929165551257,734.7320467746869,718.8393644916669,-0.02163058267675326
El_Burguillo,2018-06-04,2.696057058748848,741.1657320102826,731.8661886310712,-0.012547184762560478
El_Burguillo,2018-06-10,2.432294082252382,750.4834428881059,749.6703222864518,-0.0010834624126082291
El_Burguillo,2018-06-16,1.5490937086790861,738.9061922458783,747.8717695613996,0.012133579890934098
El_Burguillo,2018-06-22,1.8300438579619644,752.6501263117203,746.7189693254837,-0.007880364034882433
El_Burguillo,2018-06-28,2.1933595798765464,753.7379250734696,693.0909874412537,-0.08046157107764534
El_Burguillo,2018-07-04,3.2338334984395796,742.1266265337357,731.8153947100053,-0.013894167726997282
El_Burguillo,2018-07-10,1.7885214513676893,741.4193337267288,722.8468812664166,-0.025049862628963505
El_Burguillo,2018-07-16,1.3845201519514134,722.3328983179459,704.9604479719814,-0.02405047643049179
El_Burguillo,2018-07-22,2.1631575701900028,715.907503760756,715.3829324312577,-0.0007327361799431015
El_Burguillo,2018-07-28,2.486184447828202,698.5178090526266,638.2698675865173,-0.08625111727333239
El_Burguillo,2018-08-03,1.9757417822869416,686.2483662380353,667.6489952518597,-0.027102973065183403
El_Burguillo,2018-08-09,1.4095864462035603,658.1322937414013,626.1306619232178,-0.048624922561174164
El_Burguillo,2018-08-15,2.1513467196043385,635.5819081214905,633.2851306736965,-0.003613660833396521
El_Burguillo,2018-08-21,1.8007724178996702,646.2963373878479,585.9591806388855,-0.09335834548100419
El_Burguillo,2018-08-27,1.1561989534892043,634.1669038734436,600.8092497596741,-0.05260074896690994
El_Burguillo,2018-09-02,1.7762165954577467,622.1304844223023,603.7516761657715,-0.02954172591879491
El_Burguillo,2018-09-08,1.7649102600507827,616.5188742523194,586.1563678794861,-0.04924829983454328
El_Burguillo,2018-09-14,0.9057377211755546,593.8504039840698,596.0020165070298,0.0036231557788377624
El_Burguillo,2018-09-20,1.5250731402765914,575.2207488426926,542.9053587722779,-0.056179110603070674
El_Burguillo,2018-09-26,2.055524661303439,567.0320578140258,523.1170015426636,-0.07744721954638659
El_Burguillo,2018-10-02,0.7232702032078142,549.59592600708,570.7030439711208,0.038404793349521384
El_Burguillo,2018-10-08,1.675088497242342,524.9947790037029,528.7833834037781,0.007216461099413103
El_Burguillo,2018-10-14,3.009459092902527,551.207660736084,521.3624959121704,-0.054145047229674365
El_Burguillo,2018-10-20,2.6640413666180267,246.7115891082764,281.73206480026244,0.14194904997598756
El_Burguillo,2018-10-26,1.2521924873704657,516.6305859359741,525.1704296974182,0.016529884203376307
El_Burguillo,2018-11-01,1.724877960202435,550.6491449080344,520.3335587284073,-0.05505426905673335
El_Burguillo,2018-11-07,2.5443100286125375,538.4870226844788,537.1940135398864,-0.0024011890540024897
El_Burguillo,2018-11-13,1.7555269120250674,522.8682190246582,536.027575586871,0.025167635139041036
El_Burguillo,2018-11-19,1.7657851878783117,552.593724369812,522.6532860023499,-0.05418164746913606
El_Burguillo,2018-11-25,2.6001311729546135,548.5401724617004,558.5172820800781,0.018188475738436943
El_Burguillo,2018-12-01,1.2203623617150101,587.2212019836426,551.8539271873474,-0.06022819795474682
El_Burguillo,2018-12-07,1.542755272294388,606.1844293495178,554.9863393707276,-0.0844595926585077
El_Burguillo,2018-12-13,3.3069766232835467,597.6078666919902,550.2921088096618,-0.07917525942929923
El_Burguillo,2018-12-19,2.1123896543065,565.1541999954223,564.3711659706116,-0.0013855227915090433
El_Burguillo,2018-12-25,1.3948018712889707,630.4035127182007,563.4424879730225,-0.106219307783443
El_Burguillo,2018-12-31,0.9683527394740497,629.223300842366,579.7357426681518,-0.07864864207660978
El_Burguillo,2019-01-12,1.516567411002587,651.795278240907,622.7064574874607,-0.04462876876302698
El_Burguillo,2019-01-18,1.376820579346005,651.795278240907,622.7064574874607,-0.04462876876302698
El_Burguillo,2019-01-24,3.0266795068217007,659.385343039808,606.3921929951565,-0.08036749770680339
El_Burguillo,2019-01-30,2.590079425057495,479.8278655929565,455.6475720603943,-0.0503936833736844
El_Burguillo,2019-02-05,1.4476007302400513,607.6196494101013,624.476838806613,0.027742995824571084
El_Burguillo,2019-02-11,1.8422186033889325,656.3912070250088,566.7110776987323,-0.1366260369829416
El_Burguillo,2019-02-17,1.1920656630714097,634.7695364253684,587.1381266708374,-0.07503732775640397
El_Burguillo,2019-02-23,1.5835051207403301,639.718880613538,586.0093823739235,-0.08395796945699509
El_Burguillo,2019-03-01,1.8187171842791412,609.5499605260662,525.9006759289192,-0.13723121977557723
El_Burguillo,2019-03-07,2.002168181027404,607.2629498348639,508.55462195663455,-0.16254627077952244
El_Burguillo,2019-03-13,2.9736806396951474,573.3664495727539,556.6674712280274,-0.029124442766349318
El_Burguillo,2019-03-19,2.730535607524957,481.4496471373705,563.5609691460315,0.17055017590496327
El_Burguillo,2019-03-25,2.043351260803991,577.9368833648682,562.6527704360961,-0.026445989810833303
El_Burguillo,2019-03-31,2.7650915964227334,575.200530248811,518.6940979637146,-0.09823779588772931
El_Burguillo,2019-04-06,4.180449516923861,558.8933580870025,513.6418481109619,-0.08096626900510848
El_Burguillo,2019-04-12,1.206791616224216,530.421129447174,524.2088567565918,-0.011711963090642609
El_Burguillo,2019-04-24,4.854761523054168,497.8907344985962,516.2171444816589,0.03680809606051102
El_Burguillo,2019-04-30,1.415809958632007,497.8907344985962,516.2171444816589,0.03680809606051102
El_Burguillo,2019-05-06,2.220943534644317,535.1544191986084,481.6805079772949,-0.099922394925544
El_Burguillo,2019-05-12,2.016064316790968,560.3643114517212,521.4927817802429,-0.06936831785517315
El_Burguillo,2019-05-18,3.1947587386810827,531.4055370048522,487.82414478225706,-0.08201155085479894
El_Burguillo,2019-05-24,3.102371073469082,388.7389857803345,601.4030722888092,0.5470613812545296
El_Burguillo,2019-05-30,1.8717960747262608,487.3389062957764,491.0651671394348,0.007646138642985437
El_Burguillo,2019-06-05,3.308068608542827,486.7833441612244,485.0878994812012,-0.0034829554058482567
El_Burguillo,2019-06-11,3.3530451029673793,367.9340810974121,570.3712857691266,0.5501996555141584
El_Burguillo,2019-06-17,1.7609859532991017,458.077279095459,484.9359789001465,0.058633556018591326
El_Burguillo,2019-06-23,1.716855612136467,481.4380993469238,448.8070858085632,-0.0677782119500408
El_Burguillo,2019-07-05,2.2521620142047922,459.8715152427673,447.36994464874266,-0.027184920525953962
El_Burguillo,2019-07-11,1.7545992566751951,459.8715152427673,447.36994464874266,-0.027184920525953962
El_Burguillo,2019-07-17,2.3367584567607236,456.5182398536682,435.416086642456,-0.04622411848862005
El_Burguillo,2019-07-23,2.8013099458272004,426.03236779251097,445.1955270812989,0.04498052433922322
El_Burguillo,2019-07-29,2.6879547517822866,399.4630661010742,385.4711235336304,-0.03502687420894999
El_Burguillo,2019-08-04,2.5283998933963523,388.7485273429871,386.7868237983704,-0.005046201867372993
El_Burguillo,2019-08-10,2.118947005663256,385.3190853530884,380.8479424919128,-0.011603740980227904
El_Burguillo,2019-08-16,2.172433458344516,368.79497464904784,395.4254715454102,0.07220948962687034
El_Burguillo,2019-08-22,1.8024096514284103,364.2629396621704,363.8220455841064,-0.0012103731399986713
El_Burguillo,2019-08-28,1.4453907042507816,338.6920889945984,332.0990393699646,-0.019466204965711362
El_Burguillo,2019-09-03,1.4672328629008877,357.46499400405884,329.300426322937,-0.07878972250021778
El_Burguillo,2019-09-09,2.2347465907886046,337.63289438171387,340.8648049964905,0.009572262266373678
El_Burguillo,2019-09-15,1.950406316185227,336.4085789039612,321.7781680992126,-0.04349000507779947
El_Burguillo,2019-09-21,1.584237474333165,290.1068255142212,326.7133146575928,0.12618279173020383
El_Burguillo,2019-09-27,1.7557588145563563,264.5174601699829,273.5356489151001,0.03409298100519346
El_Burguillo,2019-10-03,1.566843089771954,257.2782072776794,292.91056328430176,0.13849737365498843
El_Burguillo,2019-10-09,1.5179735314122276,246.9132321632385,232.09211336898804,-0.06002561573715888
El_Burguillo,2019-10-15,1.959493830211147,211.54497664718627,299.5339193345881,0.4159349188146849
El_Burguillo,2019-10-21,0.877330845716938,204.6323883628845,203.30923090515137,-0.006466021670952335
El_Burguillo,2019-10-27,1.0183678609032993,197.1572706581116,291.60929789755426,0.4790694602545546
El_Burguillo,2019-11-02,3.548518597262781,199.0508161727905,233.1491842781067,0.17130483944218727
El_Burguillo,2019-11-08,2.1418835258336837,169.78182551345824,165.86561588058473,-0.023066129846525226
El_Burguillo,2019-11-14,4.124882103000786,142.1628153541565,564.1514431403306,2.968347431323125
El_Burguillo,2019-11-20,1.044329971558628,119.38821931381226,514.2658560744998,3.307509225200441
El_Burguillo,2019-11-26,3.2220622417438136,159.55397817001344,316.3164866553243,0.9825045434985763
El_Burguillo,2019-12-02,3.653878457974132,163.56906624679564,303.1721706039518,0.853481086371923
El_Burguillo,2019-12-08,1.4078436926612663,152.27655569381713,368.6298481014984,1.4207918705667562
El_Burguillo,2019-12-14,2.1070503275551604,161.49306168899537,399.7028378850959,1.4750465048142243
El_Burguillo,2019-12-20,5.251302770504838,174.39767421646118,306.37828501649443,0.7567796496885608
El_Burguillo,2019-12-26,1.34850190781484,48.34720046768189,594.7722980858385,11.302104203187925
El_Burguillo,2020-01-01,1.105273954456135,421.2189793838501,393.7600080574036,-0.06518930216917795
El_Burguillo,2020-01-07,1.0125786613206686,428.754221963501,405.57639185180665,-0.05405854665535496
El_Burguillo,2020-01-13,1.4079217810766558,424.0478635177613,370.66570123596193,-0.1258871152868418
El_Burguillo,2020-01-19,4.364653644132835,411.0288930969238,403.6226255348205,-0.018018849006697122
El_Burguillo,2020-01-25,1.2725602566875254,328.76045187683104,466.8168458950746,0.41993005311346243
El_Burguillo,2020-01-31,2.2365715161828974,336.6440952980042,447.79348212747016,0.33016882928267105
El_Burguillo,2020-02-06,1.543180284604755,412.6333175544739,402.10912662124633,-0.025504947093464382
El_Burguillo,2020-02-12,0.969090917528719,432.8686642677307,426.8387319732666,-0.01393016587297847
El_Burguillo,2020-02-18,1.8020011107979927,450.2217768333435,431.9715101844788,-0.040536170367477135
El_Burguillo,2020-02-24,1.6056542850994353,453.49154216003416,431.9940188438416,-0.0474044636285768
El_Burguillo,2020-03-01,3.7574667951753247,440.6244242523193,410.26072705154417,-0.06891060851267662
El_Burguillo,2020-03-07,1.4150828166119567,450.99803086166384,461.5606872848511,0.023420626478139066
El_Burguillo,2020-03-13,1.7360959284816384,466.716049999237,446.549327243042,-0.043209833379906165
El_Burguillo,2020-03-19,2.4300830456210134,443.98589715194703,435.1194553924561,-0.019970097735911997
El_Burguillo,2020-03-25,1.1872314222301512,455.6060567474365,459.720103302002,0.009029832886629192
El_Burguillo,2020-03-31,2.8930983863140707,461.5143206512451,460.290230317688,-0.002652334453738716
El_Burguillo,2020-04-06,1.351328668652018,455.7656608734131,476.868103855133,0.046301081440141674
El_Burguillo,2020-04-12,1.8178411640558951,478.2972237129212,485.4985178970337,0.01505610701272811
El_Burguillo,2020-04-18,0.8832186544576652,492.47947473754886,509.0264784736633,0.033599377405388604
El_Burguillo,2020-04-24,1.5029301818661966,542.9791730674743,548.484925151825,0.010139895519835119
El_Burguillo,2020-04-30,3.577039234068382,594.0344138252258,581.5102494689942,-0.021083230305772173
El_Burguillo,2020-05-06,1.1620265271757169,634.7238448684692,627.4088256492615,-0.011524727294156606
El_Burguillo,2020-05-12,1.571150268397476,623.783595954895,610.3995400909424,-0.021456248530332185
El_Burguillo,2020-05-18,1.7417065913277368,650.7301202270507,646.320151146698,-0.006776955520076516
El_Burguillo,2020-05-24,2.5492429606660187,625.3348264808654,613.548084210205,-0.018848689968207072
El_Burguillo,2020-05-30,2.09036838551526,605.8744494308472,604.7035782859803,-0.00193253098223051
El_Burguillo,2020-06-05,2.386998203372518,609.2280450744629,603.6009161575317,-0.009236490280488285
El_Burguillo,2020-06-11,4.3568483458168155,594.4374047912597,595.5096383842468,0.0018037788072297353
El_Burguillo,2020-06-17,2.0457428255202044,593.9963816299438,590.4604668258667,-0.005952754786779165
El_Burguillo,2020-06-23,2.200340682549481,579.1148526451111,590.4759663871765,0.019618066589336205
El_Burguillo,2020-06-29,2.543676694770677,573.0919972984314,567.4191638259888,-0.00989864367184401
El_Burguillo,2020-07-05,2.0690989909067925,540.8030117332459,555.9520003494263,0.028012027092135985
El_Burguillo,2020-07-11,1.9768443263471702,540.6978715721131,532.5157132385253,-0.015132588389515169
El_Burguillo,2020-07-17,2.336991158956754,526.5079597595214,532.4319855911255,0.011251540877577173
El_Burguillo,2020-07-23,1.93006620588676,526.3410555381774,517.3301511322021,-0.017119896521774834
El_Burguillo,2020-07-29,1.2127636436899893,503.0334250038146,517.7558108894348,0.029267211985979882
El_Burguillo,2020-08-04,1.6928626581136326,512.5543023277282,506.40267811660766,-0.01200189752223993
El_Burguillo,2020-08-10,1.5353147905597178,496.4406431022644,504.1287879089355,0.015486533815256939
El_Burguillo,2020-08-16,2.283898978877205,495.3459368682861,485.91677638320925,-0.019035505862207373
El_Burguillo,2020-08-22,1.868784226481499,462.1148010696411,491.74934664001466,0.06412810302067694
El_Burguillo,2020-08-28,2.8671982531606046,456.7847028022766,441.21034634552,-0.03409561739088736
El_Burguillo,2020-09-03,2.2026514262494663,411.54609382629394,446.8384135490418,0.08575544817986798
El_Burguillo,2020-09-09,1.8490221137752512,409.8732450408936,407.0978661659241,-0.006771310175887743
El_Burguillo,2020-09-15,1.1804120882152302,385.9651178649903,398.9916524360657,0.0337505488660041
El_Burguillo,2020-09-27,1.8693687380386073,357.1603610786438,422.1392273780823,0.18193190896996175
El_Burguillo,2020-10-03,2.2999216713030384,357.1603610786438,422.1392273780823,0.18193190896996175
El_Burguillo,2020-10-09,1.3885414221666332,159.46143788604735,524.3809913906651,2.2884501628876115
El_Burguillo,2020-10-15,1.7929717166413406,350.04299869842527,358.25593564071653,0.02346265165373871
El_Burguillo,2020-10-21,1.4836321803245818,340.3248753730774,387.1755590133667,0.1376645876647416
El_Burguillo,2020-10-27,1.9400038407923532,303.92080938186643,368.4002165863037,0.21215857951806466
El_Burguillo,2020-11-02,1.087877121044026,413.5383389129639,412.2913167488098,-0.0030154934786266636
El_Burguillo,2020-11-08,0.6949398907807952,406.3521611450195,390.78637250900266,-0.03830615442564786
El_Burguillo,2020-11-14,0.8826987803439579,414.2611519645691,494.1722169854109,0.1929002143741358
El_Burguillo,2020-11-20,1.9703601376852427,534.0288611663818,510.5535431922913,-0.04395889376244142
El_Burguillo,2020-11-26,2.0894875107150783,535.222353780365,530.6066303497314,-0.008623936197791353
El_Burguillo,2020-12-02,2.1611485052112474,144.9100854911804,584.9627397309756,3.0367289671261553
El_Burguillo,2020-12-14,0.7656048417117542,644.4295842063904,632.9237900436401,-0.01785423022892336
El_Burguillo,2020-12-20,1.4540275636684388,644.4295842063904,632.9237900436401,-0.01785423022892336
El_Burguillo,2020-12-26,1.889582652698492,651.9885544570923,649.7378108757019,-0.0034521213079645573
El_Burguillo,2021-01-01,2.311378603203404,655.0218070022584,678.5916979003728,0.03598336825759016
El_Burguillo,2021-01-07,2.28957487075923,642.8483476631164,681.955110518736,0.060833574509105474
El_Burguillo,2021-01-13,1.0395875871167533,672.3380568336487,661.2660151039123,-0.016467968185349728
El_Burguillo,2021-01-19,0.8232131135447619,639.3569115512983,675.872651590268,0.0571132326549346
El_Burguillo,2021-01-25,3.0316170954105788,648.9461052658081,655.1821828277588,0.009609546172399565
El_Burguillo,2021-01-31,2.9157623282673164,662.6959219879151,652.2019247299195,-0.01583531286342663
El_Burguillo,2021-02-06,1.3510595714500095,353.66705800704955,631.1050280330045,0.7844608756872823
El_Burguillo,2021-02-12,2.626391199798395,659.2430703689575,668.4826528366088,0.014015441167216517
El_Burguillo,2021-02-18,1.4839727709879018,649.0612549957275,705.7145595664978,0.08728498910498547
El_Burguillo,2021-03-02,1.7657827738287013,672.065104460907,691.2894626525879,0.028604904590458596
El_Burguillo,2021-03-08,1.3618769970234328,672.065104460907,691.2894626525879,0.028604904590458596
El_Burguillo,2021-03-14,1.9493390471857732,721.4084357487667,722.7788710109845,0.0018996662560445637
El_Burguillo,2021-03-20,3.6093739041354187,685.9500907196045,662.1410135528564,-0.034709634839133724
El_Burguillo,2021-03-26,1.6549971980790923,663.4032454696655,671.570798903656,0.012311597041115147
El_Burguillo,2021-04-01,2.723524557682095,677.8740434707641,663.7983264129639,-0.02076450218647047
El_Burguillo,2021-04-07,1.5693006126796933,598.75085727005,676.2322730484009,0.12940510203462646
El_Burguillo,2021-04-13,1.257180272966656,675.3800962654113,662.2095219345093,-0.01950098086060006
El_Burguillo,2021-04-19,0.7319319247621825,655.6602990829467,652.4894791938782,-0.004836071199527347
El_Burguillo,2021-04-25,2.288804804127417,669.3573740196229,656.1486523674012,-0.019733437121788506
El_Burguillo,2021-05-01,1.2999397838809394,654.1108085159302,667.9969785224914,0.021229078966095417
El_Burguillo,2021-05-07,1.8282670053638068,679.6993829719544,670.6577870864868,-0.013302345289668534
El_Burguillo,2021-05-13,2.9926195104816555,675.4025530235291,680.0796115631103,0.0069248458103153155
El_Burguillo,2021-05-19,1.7001134301235932,689.7145654441833,682.7187952499389,-0.010142993268148638
El_Burguillo,2021-05-25,1.7370553125121555,675.3267687545776,698.0644163902283,0.03366910462853844
El_Burguillo,2021-05-31,1.929360739962954,678.7335418357849,675.5780134170532,-0.004649141709126208
El_Burguillo,2021-06-06,1.8245745040018708,669.2046576477051,670.8246969970703,0.002420842907847921
El_Burguillo,2021-06-12,3.22840333365074,648.9696615776062,651.4186515174865,0.0037736585928023004
El_Burguillo,2021-06-18,1.8828859732078134,655.9806946647644,657.5323389801025,0.0023653810667874004
El_Burguillo,2021-06-24,1.7697167246481424,588.1041618995666,657.4642101722717,0.11793837344846066
El_Burguillo,2021-06-30,2.317906820107658,632.7492405303955,630.9853347259522,-0.0027876853759077383
El_Burguillo,2021-07-06,2.79750203772815,630.2548448776245,622.00435002594,-0.01309072816931138
El_Burguillo,2021-07-12,2.9783512306364255,601.6242195892333,609.9969710922242,0.01391691230234616
El_Burguillo,2021-07-18,2.3452456674103743,569.6175555389405,591.5867633041382,0.038568347396547034
El_Burguillo,2021-07-24,2.0944742173891315,569.4797805999756,581.5709579620361,0.021231969551793167
El_Burguillo,2021-07-30,2.7933513215347188,555.6858611717224,551.6938790290833,-0.00718388287623805
El_Burguillo,2021-08-05,2.212011493252869,545.8458441490174,551.3820414405823,0.010142419056420481
El_Burguillo,2021-08-17,1.6542303098055497,501.7792838104248,503.11796410140994,0.0026678667975677693
El_Burguillo,2021-08-23,2.8762211895678633,501.7792838104248,503.11796410140994,0.0026678667975677693
El_Burguillo,2021-08-29,2.2505449352023854,484.6303976135254,496.02260920028687,0.023507009966482355
El_Burguillo,2021-09-04,1.1590678898177664,475.9167165763855,478.631587147522,0.00570450769341855
El_Burguillo,2021-09-10,2.135653990238491,451.91783297805785,449.1499649101257,-0.006124715304311878
El_Burguillo,2021-09-16,0.9271319070975359,441.78863873138425,439.4008241798401,-0.005404879940780952
El_Burguillo,2021-09-22,1.878255554362594,402.5276361175537,419.805245803833,0.042922791222298945
El_Burguillo,2021-09-28,1.6278095526846244,389.0145783164978,405.881410370636,0.043357840539373076
El_Burguillo,2021-10-04,1.1729678131356391,360.53659805145264,375.29654061431887,0.04093881908976081
El_Burguillo,2021-10-10,1.8376408875747272,317.88593951644896,320.92780904464723,0.00956905968482093
El_Burguillo,2021-10-16,1.2087883475305565,337.73936413116456,344.05095346374515,0.01868775157085157
El_Burguillo,2021-10-22,2.4203047135109657,346.24851586990354,347.47284958877566,0.0035359970158894134
El_Burguillo,2021-10-28,1.5894722476431904,339.0778200325012,350.94845470352175,0.035008584961064994
El_Burguillo,2021-11-03,1.8105959725089047,352.9329427810669,359.0469169342041,0.017323330899518295
El_Burguillo,2021-11-09,1.5256299643065536,118.77888857803345,604.4933880134462,4.089232566916265
El_Burguillo,2021-11-15,2.406730264019714,346.14085081787107,433.2915179245893,0.25177804613583243
El_Burguillo,2021-11-21,1.074675399218282,312.60139865646363,501.3682571369066,0.6038580098865461
El_Burguillo,2021-11-27,2.6259163681256292,367.2360305709839,361.8218382209778,-0.014743085915584268
El_Burguillo,2021-12-03,1.8089899686495614,282.295538722229,507.2619339022825,0.7969179966439859
El_Burguillo,2021-12-09,2.616434590690965,388.20866108322144,416.4207823173523,0.07267257035278492
El_Burguillo,2021-12-15,1.5480217585677643,366.3761838516235,466.7315545874443,0.2739134669748705
El_Burguillo,2021-12-21,1.2217624284782307,400.7092431991577,407.6899194244385,0.017420801600554266
Boadella,2014-12-01,4.312430135675516,251.91383782958985,263.48782769851687,0.04594424017610489
Boadella,2014-12-13,1.792053925369878,272.5281007133484,272.38770127563475,-0.0005151741686312549
Boadella,2015-01-30,0.5856668370644506,271.5757053718567,273.2209772318133,0.006058243898156537
Boadella,2015-02-23,1.4113968704947069,276.5096594795227,276.38404724121096,-0.0004542779393248007
Boadella,2015-03-07,1.090130447087407,269.2789952392578,270.3496838409424,0.0039761311524995615
Boadella,2015-03-19,1.9558309153152145,258.243869695282,274.0276165771484,0.06111954138733533
Boadella,2015-03-31,1.4772683222367229,256.8337042381287,282.514864188385,0.09999139336652436
Boadella,2015-04-12,1.8771941630971585,262.4465060150146,280.2246299247741,0.06773999082594905
Boadella,2015-04-24,2.581947965177307,264.8177310546875,283.5782960876465,0.07084331157978523
Boadella,2015-05-06,1.8499570387252795,254.3298227043152,289.9971111312866,0.14024029131824747
Boadella,2015-05-18,2.510782753387045,260.0756820701599,283.90129552404966,0.09161030844653271
Boadella,2015-05-30,1.1887312856080905,261.7599780960083,285.757320677948,0.09167689711961213
Boadella,2015-06-11,1.9578882770204509,260.5485662773132,279.8261862045288,0.07398858570842252
Boadella,2015-06-23,0.8498549279408755,253.33163733291627,283.01644687576294,0.11717766424821355
Boadella,2015-07-05,2.7882534129757466,258.49503522109984,274.544942301178,0.06208980790037278
Boadella,2015-07-17,2.82959146976246,252.9404445960999,264.24836933364867,0.04470587831695118
Boadella,2015-07-29,1.6238927687589813,241.3075395980835,259.01181737823487,0.0733681086369668
Boadella,2015-11-14,0.4471319574091038,247.3121677825928,251.61078301239013,0.017381333350230253
Boadella,2015-11-26,5.351973879948364,163.7532790458679,158.43538957238292,-0.03247501060418726
Boadella,2015-12-08,1.7691788730882445,253.78234333953856,248.72291655654908,-0.019936086633972033
Boadella,2015-12-20,1.8049311421751335,253.2801333389282,246.64008461532592,-0.026216224052270507
Boadella,2016-01-01,3.289654523950126,253.20601474227905,244.3431973930359,-0.03500239659892759
Boadella,2016-01-13,2.0027469642341003,257.9998231658936,247.12785375976563,-0.04213944518534533
Boadella,2016-01-25,1.5825258716408346,251.7586612838745,244.69791935272215,-0.028045676343944663
Boadella,2016-02-06,5.318419686826263,249.9562635887146,253.464822624048,0.014036691799436129
Boadella,2016-02-18,1.086594376465679,252.99197502288817,243.29421777114868,-0.03833227220295084
Boadella,2016-03-01,0.6256072717679885,251.7364750015259,254.7869482810974,0.012117724614810109
Boadella,2016-03-13,1.84618631505584,250.65093795089723,255.03806703033447,0.01750294299834891
Boadella,2016-03-25,1.2817992303121315,254.5505083442688,249.64651569824215,-0.01926530289774238
Boadella,2016-04-06,3.295650222523013,243.55273337860103,263.78832759344664,0.08308506307498309
Boadella,2016-04-18,2.1778577028706025,257.2683854415894,256.028127633667,-0.004820871424965529
Boadella,2016-04-30,0.8621782480161437,256.58174395599366,258.5247877426148,0.007572806064309907
Boadella,2016-05-12,1.2561144552028174,251.48557103271483,257.94100042800903,0.025669183996462525
Boadella,2016-05-24,2.7939799686472124,255.5182160987854,265.119977155304,0.037577598979504884
Boadella,2016-06-05,1.521682666275406,258.76097583084106,266.0065453712463,0.028001013356596237
Boadella,2016-06-29,2.646466605140159,256.0650114051819,260.10492026901244,0.01577688744612603
Boadella,2016-07-11,1.8651022966459407,244.82335560836796,257.4826048583984,0.05170768621552938
Boadella,2016-07-23,3.869600832946551,229.2383847084045,243.2279944581664,0.06102647149410395
Boadella,2016-08-04,2.488922259928213,222.46528950805663,231.59404044036864,0.041034495549839095
Boadella,2016-08-16,1.978966369391251,214.62133960647583,206.6966809234619,-0.03692390839393868
Boadella,2016-08-28,1.5834737111771509,198.2393675811768,192.03565783157347,-0.03129403521257185
Boadella,2016-09-09,1.2752616859372092,190.35843837661744,180.313918649292,-0.0527663486472437
Boadella,2016-09-21,1.81617959087665,184.6125979148865,175.94170020523072,-0.04696807155952268
Boadella,2016-09-27,1.6481226085993468,184.6125979148865,175.94170020523072,-0.04696807155952268
Boadella,2016-10-03,1.4992465385031262,183.48981250762935,194.31866881516703,0.059016117350315686
Boadella,2016-10-09,1.3438081881654265,188.28330699920653,178.9772457611084,-0.049425843354967955
Boadella,2016-10-15,1.5414482032296453,183.8223174850464,195.18921121063232,0.06183630954663925
Boadella,2016-10-21,1.4421916671673094,180.5799209907532,174.81852227249146,-0.03190497972671482
Boadella,2016-10-27,1.8863334501484212,198.32091276550287,188.84470667419436,-0.04778218272176519
Boadella,2016-11-02,1.0956697897536392,199.11834943466187,191.33354218063357,-0.03909638301106337
Boadella,2016-11-08,1.3122772876716269,200.03420250701905,193.60841707992557,-0.03212343362564708
Boadella,2016-11-14,3.115702351497812,200.37368154449464,194.96705124664305,-0.026982736735567763
Boadella,2016-11-20,4.5334785850862644,201.37047650222777,199.44135120239255,-0.009579980806242361
Boadella,2016-11-26,1.6166965117286924,199.69399353790283,205.9422077697754,0.03128894425503403
Boadella,2016-12-02,0.8622286471954288,200.2476974281311,186.8133575256348,-0.06708861113031206
Boadella,2016-12-08,1.7201112988095628,204.3395142417908,192.21213559417723,-0.05934916059976284
Boadella,2016-12-14,2.2372569677370038,209.9970085533142,198.2467341560364,-0.05595448467683588
Boadella,2016-12-20,4.066946635596561,219.16270035476688,209.5173113456726,-0.044010175971919197
Boadella,2016-12-26,1.079607993324457,213.22485321273803,225.05988670840097,0.05550494380622192
Boadella,2017-01-01,1.3345062308159883,224.4217191665649,207.29410303039552,-0.07631888838467255
Boadella,2017-01-07,0.4863473276603946,231.63755080184936,209.42916796951292,-0.09587557265848595
Boadella,2017-01-13,1.6984408590392717,236.51255513305665,214.9385587677002,-0.09121712948058686
Boadella,2017-01-19,2.0228050565818956,227.907716117096,220.99818293178183,-0.030317241131775165
Boadella,2017-01-25,1.5261581018542376,236.68228367538453,207.85564019470212,-0.12179468202283719
Boadella,2017-01-31,1.2875510012590945,217.7379182823181,207.75271186599733,-0.045858831089649714
Boadella,2017-02-06,3.8927000218457266,236.40222267456053,222.88650269622804,-0.057172558808546846
Boadella,2017-02-12,3.096269724656846,232.3698690826416,241.2703201301216,0.03830294815165811
Boadella,2017-02-18,1.0389139764207638,225.92194569854735,229.0100600621302,0.013668943732024158
Boadella,2017-02-24,2.021380548910121,267.0771340591431,263.16261344833373,-0.014656891630200336
Boadella,2017-03-02,1.5449632242056124,258.1625470092773,264.63360682566025,0.025065835038226476
Boadella,2017-03-08,1.5902684794580735,273.1040705955505,267.9411749954224,-0.018904498892563387
Boadella,2017-03-14,2.8215462702699927,269.76596938476564,267.85314920959473,-0.007090665214494356
Boadella,2017-03-20,1.7230578283427083,267.19586077194214,274.7811657875061,0.0283885573438512
Boadella,2017-03-26,2.5663937000262766,272.321640247345,275.7113904989175,0.012447597805645139
Boadella,2017-04-01,0.7409008746941842,271.7677339164734,276.14771356277464,0.016116628648960286
Boadella,2017-04-07,1.7633410967439198,276.3688695098877,276.2139957725525,-0.0005603877803236711
Boadella,2017-04-13,1.521999766828495,271.4130934890747,278.9395720703125,0.027730712930917577
Boadella,2017-04-19,4.018153456795707,271.44270410766603,275.97033829040527,0.016679889030811367
Boadella,2017-04-25,4.075400243008304,264.1229871337891,281.0743265796975,0.06417972032597791
Boadella,2017-05-01,1.484891564926674,272.8533179702759,276.15502814407347,0.01210067811657418
Boadella,2017-05-07,1.1731999165218194,272.97874784240724,276.4727218421936,0.012799435953906056
Boadella,2017-05-13,2.0020581643902347,268.47360988311766,278.25332227859496,0.03642709016999841
Boadella,2017-05-19,1.2407315910069099,265.3200748565674,275.8894467308044,0.03983630669466257
Boadella,2017-05-25,1.4425223349899472,267.77186892929075,276.87151909408567,0.033982845924706996
Boadella,2017-05-31,1.6429505306445067,269.4412045173645,278.3488840965271,0.03305982689291515
Boadella,2017-06-06,2.0169756601781863,273.1335100494385,276.65690158691405,0.012899887446391365
Boadella,2017-06-12,1.4054368093043832,268.73972521362305,282.0812745546408,0.0496448723031642
Boadella,2017-06-18,1.6707881813439234,263.6358320716858,273.7252533973694,0.03827029598518365
Boadella,2017-06-24,0.8498050077289686,261.3385379165649,271.86366093826297,0.040273903365367056
Boadella,2017-06-30,1.0753219985268618,255.5552981185913,269.0124837005615,0.05265860532355449
Boadella,2017-07-06,1.4979121452209778,248.26531865997316,260.30453525924685,0.048493348423598086
Boadella,2017-07-12,1.6077062580987533,251.1160694839477,257.90389922561644,0.027030646647257413
Boadella,2017-07-18,3.616744864329278,244.17360803070068,260.02628991289924,0.06492381388002164
Boadella,2017-07-24,1.4200450215349927,245.65770433883668,253.53869535675048,0.032081188086995706
Boadella,2017-07-30,1.8873537918474046,232.70260274734497,248.1985769508631,0.06659132309036854
Boadella,2017-08-05,1.519476398197583,232.27406954803467,236.92747960739132,0.02003413497000065
Boadella,2017-08-11,1.0198581194307845,220.73696204071044,236.0556631500244,0.0693979883010655
Boadella,2017-08-17,1.5332272887786669,223.07835818328857,227.1778668495178,0.01837698959063052
Boadella,2017-08-23,1.5299190981291928,213.6910748413086,219.99860736694336,0.02951706116092529
Boadella,2017-08-29,1.6348576572796742,207.2648168937683,208.13683459472657,0.004207263509682869
Boadella,2017-09-04,1.1996258731729639,201.8289738685608,203.10703508758544,0.006332397150554613
Boadella,2017-09-10,1.4261698328640544,200.06369823760983,201.2971969581604,0.006165529935798722
Boadella,2017-09-16,1.1028389416281938,192.31596975631717,170.45385678787233,-0.11367809442006427
Boadella,2017-09-22,0.8909423452191509,188.6380862358093,186.73446605625824,-0.010091388316839823
Boadella,2017-09-28,1.8058987395122048,194.9752153640747,189.295348500824,-0.029131224974644942
Boadella,2017-10-04,1.0155526935794172,193.66753208236693,190.01148276367184,-0.018877967201751587
Boadella,2017-10-10,1.0356358743643899,189.29532579345704,185.45486321640016,-0.0202882060661512
Boadella,2017-10-16,2.1078414309052294,192.64863113327027,184.4504824165344,-0.042554928464892915
Boadella,2017-10-22,1.0256887965720645,191.7181669692993,188.73427857513428,-0.015563931375594836
Boadella,2017-10-28,1.5664841358745816,194.4945951263428,184.1767681663513,-0.05304942768866703
Boadella,2017-11-03,1.60282494328115,197.25680577316285,207.45691541976927,0.05170979833434049
Boadella,2017-11-09,2.2341426938432436,199.38378317489625,184.48691692123413,-0.07471453302997483
Boadella,2017-11-15,1.9383597383503668,196.58457826538088,225.62203415334363,0.14770973463016723
Boadella,2017-11-21,1.436967027148596,209.0509530044556,188.4820979743957,-0.09839158700042616
Boadella,2017-11-27,1.4571840470270505,210.55817712173464,193.7926157104492,-0.07962436624625786
Boadella,2017-12-03,2.744605053948794,211.9319961219788,194.04346417770387,-0.08440694313084791
Boadella,2017-12-09,1.5628565603173388,208.9915615348816,215.4918517942361,0.031103123071644083
Boadella,2017-12-15,1.2353902919166235,213.2903296195984,189.17585787124636,-0.11305937681919288
Boadella,2017-12-21,0.6882668774600753,196.7611337692261,175.49849073638916,-0.10806322684527274
Boadella,2017-12-27,3.3140397463373095,207.44054113235472,180.45386124725343,-0.13009356675310058
Boadella,2018-01-02,1.0822194907229827,181.9380135192871,180.39543704528808,-0.008478582590633225
Boadella,2018-01-08,1.795623283542572,202.6622337638855,172.14474748687743,-0.15058299570783815
Boadella,2018-01-14,1.2109569087814054,193.15703069229127,195.70825065192128,0.01320800982747671
Boadella,2018-01-20,1.3729342281059695,202.0489080314636,192.2407116424561,-0.04854367432404119
Boadella,2018-01-26,3.5841722258331146,208.95474936904907,183.2308139717102,-0.12310768467820794
Boadella,2018-02-01,1.155172542311009,113.34524891052246,144.43711778342154,0.27431117909003644
Boadella,2018-02-07,2.1860124006370993,189.1685571830749,174.78186974868774,-0.07605221316174611
Boadella,2018-02-13,2.5834914141942615,210.1141979309082,206.7601792058997,-0.015962837152544075
Boadella,2018-02-19,0.8422989438133381,213.844526902771,194.19916498413085,-0.09186749926769155
Boadella,2018-02-25,1.7738815968206536,212.00502643585205,188.47500859832763,-0.11098801869513253
Boadella,2018-03-03,2.4675689523909226,216.83556084136964,191.3773734725952,-0.11740780557391547
Boadella,2018-03-09,2.185580982220904,214.79725875091552,192.72909370727535,-0.10273950967517226
Boadella,2018-03-15,2.599723009980092,211.8208760925293,194.4574455635071,-0.08197223450930004
Boadella,2018-03-21,5.952729908550355,218.44600692749023,196.14150184936523,-0.10210534580990825
Boadella,2018-03-27,1.9937436038240963,139.83098058013917,182.35325637294093,0.3040976728932515
Boadella,2018-04-02,3.187215506368795,218.49771930160523,201.2376653556824,-0.07899420644339893
Boadella,2018-04-08,1.702917320662855,228.5290271232605,234.3772432249032,0.025590692680314827
Boadella,2018-04-14,1.8274553102796007,187.43363887176517,194.63520802230835,0.03842196733677146
Boadella,2018-04-26,2.539511091329345,247.9616819969177,254.14601326618865,0.024940673169606225
Boadella,2018-05-08,0.8396198134871015,246.824869115448,243.9078414756775,-0.011818207987810666
Boadella,2018-05-20,1.1019134981125607,252.8517434806824,253.48728542404172,0.002513496385710637
Boadella,2018-06-01,1.0753451642906517,247.79261912994383,250.39985665664676,0.01052185305542003
Boadella,2018-06-13,2.568227259590504,253.6651394065857,208.9103005535051,-0.17643275287167295
Boadella,2018-06-25,1.903806335654803,260.718216632843,266.47182213974,0.02206829112750322
Boadella,2018-07-19,1.6905197902256814,241.62545345306395,238.2941397590637,-0.013787097536259174
Boadella,2018-07-31,1.0186204743118092,233.68470186538696,231.15137340698243,-0.01084079718604703
Boadella,2018-08-12,2.3090358423872344,226.05525992126465,220.59005930099488,-0.024176392189119184
Boadella,2018-08-24,1.2142555549421434,215.41923156051635,211.07640580825804,-0.020159879509357104
Boadella,2018-09-05,1.1913295918393914,190.95686179275512,196.7403978477478,0.03028713396677797
Boadella,2018-09-17,1.521566281877278,200.9208349143982,196.68147435760497,-0.021099656283030073
Boadella,2018-09-29,0.8049594088952734,182.52260852508545,184.0959429359436,0.008619942611887069
Boadella,2018-10-11,2.0711066527001396,197.7815911758423,186.6141884979248,-0.05646330688071397
Boadella,2018-10-17,2.043519305617427,197.7815911758423,186.6141884979248,-0.05646330688071397
Boadella,2018-10-23,1.1419993243962687,206.2758554862976,211.3057205329895,0.024384167671170055
Boadella,2018-10-29,1.8631464872378718,234.549048299408,225.41956572875975,-0.03892355410026751
Boadella,2018-11-04,1.5379430238970195,231.2619909378052,219.43705565719603,-0.05113220392446299
Boadella,2018-11-16,1.240973646517248,246.0424051696777,248.21390414276124,0.008825710233103997
Boadella,2018-11-28,0.7656295672839655,284.7152971534729,278.3116507797241,-0.022491402596808617
Boadella,2019-01-27,0.7236198391423571,278.6441687789917,277.3367830406189,-0.004691954416637133
Boadella,2019-02-08,0.8967956487685321,286.62078372573853,277.31407172927857,-0.032470471525070446
Boadella,2019-03-04,2.218798275379363,279.7448303833008,279.54554896850584,-0.0007123685342885067
Boadella,2019-03-16,1.2058523909134626,280.3798262420654,275.0028595703125,-0.01917743777724824
Boadella,2019-04-09,1.9129861800053423,277.6171443130493,273.61403228378293,-0.014419541844837803
Boadella,2019-04-21,3.5392031381333,277.2851943878174,280.35047597579955,0.011054616871086826
Boadella,2019-05-03,0.9812289721342706,273.9392505104065,282.2857898727417,0.030468577784249
Boadella,2019-05-15,1.6151747270553551,275.31324446640014,285.2404202957153,0.03605774886913113
Boadella,2019-06-08,2.260953830174773,274.6701081939697,279.7297762573242,0.018420890779208433
Boadella,2019-06-20,1.1209416700000956,270.9182192001343,274.2348052124024,0.012242019093659032
Boadella,2019-07-02,1.0238973349896927,265.4084811180115,264.96529400482177,-0.0016698302605961154
Boadella,2019-07-14,1.125391981035455,247.59396187820437,217.9647667924948,-0.11966848812041979
Boadella,2019-08-07,0.6565515371256123,235.4057944404602,235.7529546157837,0.0014747307989961145
Boadella,2019-08-19,2.4498086057277693,225.77401083374025,228.3618255391828,0.011461968965720408
Boadella,2019-08-31,1.2431160042770948,213.3066496635437,199.576545098114,-0.06436791627024616
Boadella,2019-09-12,2.4999041901052577,205.65473203048705,200.0708775817871,-0.027151597211350235
Boadella,2019-10-06,0.9738766898188329,203.35066455230717,190.81698825073244,-0.06163577743484943
Boadella,2019-10-18,1.439557382035784,203.11408788375851,184.479637348938,-0.09174376198604664
Boadella,2019-10-30,1.3985498773281733,213.29136913909912,199.0741564826965,-0.06665629609762024
Boadella,2019-11-11,1.9380558696804395,218.0624107406616,211.4598691177368,-0.03027821989355657
Boadella,2019-11-23,1.9631237802030048,217.59706839141845,196.48915643234253,-0.09700457876163358
Boadella,2019-12-05,3.2710467913006136,218.27662528305052,206.4006150970459,-0.05440807127471575
Boadella,2019-12-17,1.7216799727829837,230.0350298995972,218.41781583557128,-0.05050193472314391
Boadella,2019-12-23,1.445545368942526,230.0350298995972,218.41781583557128,-0.05050193472314391
Boadella,2019-12-29,1.3073833158335297,233.95725165100097,213.9347684440613,-0.08558180208411598
Boadella,2020-01-04,1.3083034176863295,237.76828885116575,210.2713908569336,-0.11564577483015069
Boadella,2020-01-10,1.1073776738688714,239.651251776886,221.22410304107663,-0.07689151881820731
Boadella,2020-01-16,1.2708765608395969,233.27751052474972,223.5429891418457,-0.04172936071294029
Boadella,2020-01-22,5.8485152652461565,238.80250855941773,212.68649465637208,-0.10936239347145547
Boadella,2020-01-28,2.289155736621729,246.01229136810304,264.9892374995512,0.0771382032414526
Boadella,2020-02-03,1.2937676233949225,283.3046465446472,272.350765032196,-0.03866467298031028
Boadella,2020-02-09,1.6740155370507646,280.1503230155945,274.7437348365784,-0.019298882545693556
Boadella,2020-02-15,1.3069248460253697,278.865434526062,271.8263876045227,-0.025241733287964897
Boadella,2020-02-21,1.5592763287478806,280.42377550201417,274.2343634185791,-0.02207163808544687
Boadella,2020-02-27,1.4007903178905592,280.3941759780884,276.97418763656617,-0.012197073386394084
Boadella,2020-03-04,1.597522489493475,278.8579313545227,272.59464079971315,-0.022460507127720117
Boadella,2020-03-10,1.8026961603701683,279.5820780319214,271.4943733909607,-0.02892783649757879
Boadella,2020-03-16,1.5502295560885955,278.6220299621582,270.2610934356689,-0.030008167436095634
Boadella,2020-03-22,1.4401917328572562,265.06854327926635,276.27222146436804,0.04226709833802465
Boadella,2020-03-28,1.0977703541661976,279.1537201652527,275.88901207046507,-0.011695019120128517
Boadella,2020-04-03,1.876598259730622,273.69527688064574,272.96413750839235,-0.0026713627673312728
Boadella,2020-04-09,1.3199716448266017,275.1059528427124,274.87676814193725,-0.0008330779410875511
Boadella,2020-04-15,1.7325025210322198,275.8667115447998,279.4641142059326,0.013040365185737994
Boadella,2020-04-21,3.0362570630672945,268.9092202880859,281.2958384521484,0.04606245241718582
Boadella,2020-04-27,2.8620107702208695,264.0786191635132,279.10176267700194,0.05688890513391632
Boadella,2020-05-03,1.9698117184111243,275.19469964675903,284.49404213409423,0.033791866265127445
Boadella,2020-05-09,2.0840852078465684,273.784343812561,282.55147712249754,0.03202204036889233
Boadella,2020-05-15,0.5969458879877108,277.6766642410278,279.6044493629456,0.006942553589034924
Boadella,2020-05-21,1.7005974156363466,272.01867622909543,280.4833167259216,0.031117865192819397
Boadella,2020-05-27,2.292743596866721,273.1047906425476,283.07634643096924,0.03651183036724133
Boadella,2020-06-02,1.0582028047415264,272.846329877472,285.9271603034973,0.047942116105793256
Boadella,2020-06-08,1.3855750896263683,275.0842819610596,281.3771317802429,0.022876079194063485
Boadella,2020-06-14,0.7088068542047281,277.2035992774963,286.6065510169983,0.0339207418807326
Boadella,2020-06-20,1.3751857040220632,275.68947222595216,280.1805432647705,0.016290324772131718
Boadella,2020-06-26,2.765278788399647,274.44906386795043,277.3444071807861,0.010549656362569177
Boadella,2020-07-02,1.4646814337028096,270.51964949035647,286.2245150682696,0.058054435629723095
Boadella,2020-07-08,1.6264273899586732,265.4450158996582,288.17983373947146,0.08564793640128976
Boadella,2020-07-14,1.6302925410453915,275.33497150650027,286.0304076560974,0.03884517862397521
Boadella,2020-07-20,1.494185671381802,273.4664195159912,280.2173186546325,0.024686391662236642
Boadella,2020-07-26,1.9255230069551588,274.02050302886965,272.5066124855041,-0.005524734560486757
Boadella,2020-08-01,0.9352705183625396,268.96116647872924,277.0192899246216,0.029960174367884587
Boadella,2020-08-07,1.3762425902356359,267.93472553482053,275.8822001937866,0.029661980704823725
Boadella,2020-08-13,1.0945673052717069,266.27229689407346,272.8161597518921,0.02457583058451573
Boadella,2020-08-19,2.8289720391908943,264.24856155929564,270.23137736358643,0.02264086422641998
Boadella,2020-08-25,2.2760725765010594,257.3056622779846,273.6299223050854,0.06344306566197765
Boadella,2020-08-31,2.079125487171748,259.5436339019776,257.5938351699829,-0.00751241208532618
Boadella,2020-09-06,1.3475260763340384,258.42067619018553,261.4567182113648,0.011748448560458284
Boadella,2020-09-12,1.4540829584990416,244.0112446609497,253.53911882095335,0.03904686512804973
Boadella,2020-09-18,1.8495186034268332,253.79716922225955,252.65243056030275,-0.004510446926830448
Boadella,2020-09-24,1.8945943662855609,253.4798550811768,250.9466561416626,-0.009993689394776312
Boadella,2020-09-30,1.5099756217137636,254.02617696228023,253.06614323501583,-0.0037792708560384146
Boadella,2020-10-06,1.4386262464820438,256.8032060646057,251.55944573287965,-0.02041937253075749
Boadella,2020-10-12,2.9448661805270775,254.89785692749024,252.79277882385253,-0.008258516289670226
Boadella,2020-10-18,1.231737343054975,256.5304325424194,261.4573075965881,0.019205811198848715
Boadella,2020-10-24,1.7537202861594592,260.79174771499635,255.57004057998657,-0.020022516742808402
Boadella,2020-10-30,1.1834838746423195,261.84773665618894,258.02952384262085,-0.014581805679617088
Boadella,2020-11-05,1.4178260595282,260.01609693527223,254.4618169532776,-0.021361292810180496
Boadella,2020-11-11,2.133863588865668,261.3750918449402,253.50919832458496,-0.030094273577612518
Boadella,2020-11-17,1.6978103400964748,262.6382870643616,256.7591770881653,-0.02238481693552758
Boadella,2020-11-23,0.76156980368395,264.0855239173889,256.3546917429037,-0.029273971779322405
Boadella,2020-11-29,1.4572520522092964,267.02529614715576,257.97749954986574,-0.033883668430813536
Boadella,2020-12-11,2.0715133426921697,270.7776592979431,269.7732342926025,-0.0037094087006468517
Boadella,2020-12-17,0.8407134489452021,270.7776592979431,269.7732342926025,-0.0037094087006468517
Boadella,2020-12-23,1.4867326793576974,275.0170791519165,267.99316715393064,-0.025539911992541846
Boadella,2020-12-29,1.7719203875074405,278.7913789703369,272.4762416175842,-0.02265183871924752
Boadella,2021-01-04,1.081465576950679,278.1196582550049,277.536348639679,-0.0020973332808825467
Boadella,2021-01-10,3.4154767322660033,282.83198747787475,272.3218319114685,-0.037160420432389825
Boadella,2021-01-16,1.6749747618024071,272.60223345489504,277.5026758077016,0.017976530458681694
Boadella,2021-01-22,3.3434933332973586,280.1730195877076,268.7098165664673,-0.040914728470675496
Boadella,2021-01-28,1.5316411695198,275.53450322494507,269.80295622787474,-0.020801558171432043
Boadella,2021-02-03,2.2560300827705655,276.6496273590088,269.5942090830096,-0.02550308252121131
Boadella,2021-02-09,3.670367579703851,278.8728563964844,269.54423458328245,-0.03345116456920097
Boadella,2021-02-15,2.6768089655608107,265.1720506721497,280.761261712814,0.058789042816349994
Boadella,2021-02-21,2.0446476500273256,277.19034929447844,272.0346914232321,-0.018599701917360434
Boadella,2021-02-27,1.608609396759557,276.7238048706055,269.0274422836304,-0.027812434100397805
Boadella,2021-03-05,0.8182972210435696,272.8902458175659,280.9683961334588,0.029602195167112367
Boadella,2021-03-11,0.832501927135243,279.8625076950073,276.3835010322571,-0.012431128025700535
Boadella,2021-03-17,2.8402786344428006,279.1848389574118,273.76908035583494,-0.019398469565186476
Boadella,2021-03-23,1.671689159426526,268.85797141189573,245.8136653618128,-0.08571181999576494
Boadella,2021-03-29,1.7571828079122849,279.6335732437134,273.9980500923157,-0.02015324228069743
Boadella,2021-04-04,2.3878327199987908,281.10317315444945,279.2639994041443,-0.006542700068684967
Boadella,2021-04-10,2.094087893254173,278.30399957885743,275.2833049613953,-0.010853938937396503
Boadella,2021-04-16,2.673366771708243,277.42538665390015,277.743035622406,0.0011449888286616846
Boadella,2021-04-22,1.7653211319714617,275.56392472076413,280.20973575495105,0.01685928605819734
Boadella,2021-04-28,1.3320681048922598,279.0725515235901,273.9910254005432,-0.018208620286389417
Boadella,2021-05-04,1.9746669922988689,271.5460719520569,279.64131515960696,0.02981167486370176
Boadella,2021-05-10,2.258168684562642,275.86671897583005,273.2744140129089,-0.009396947092948481
Boadella,2021-05-16,1.200523411205004,274.707069569397,282.87658098144533,0.02973899224673772
Boadella,2021-05-22,1.7454964645826994,273.2448058174133,284.0582692588806,0.039574268975100135
Boadella,2021-05-28,1.3420929090914813,272.8908670310974,283.17466121464446,0.037684640367151474
Boadella,2021-06-03,1.8300346090693504,272.2033274902344,279.9145103553772,0.028328760475639113
Boadella,2021-06-09,1.4858084910871638,271.7013095474244,283.5878127916403,0.04374842088179626
Boadella,2021-06-15,1.501439762946431,272.1220306716919,275.51205707626343,0.012457743300694045
Boadella,2021-06-21,3.8210629262485316,267.5132894035339,277.5733597164468,0.037605871227345475
Boadella,2021-06-27,3.550560649081617,260.79190891571045,268.05967144851684,0.027868052206923996
Boadella,2021-07-09,1.8316965494140849,252.20915390472413,259.56567339553834,0.02916832865468969
Boadella,2021-07-15,1.7672280345497011,252.20915390472413,259.56567339553834,0.02916832865468969
Boadella,2021-07-21,1.474221714305665,248.4203187477112,255.91731652145387,0.030178681886953083
Boadella,2021-07-27,1.680080825140813,245.71673386688232,240.79028283462523,-0.020049310255466805
Boadella,2021-08-02,1.3155591875481711,236.4246318145752,239.43098009185792,0.012715884356925009
Boadella,2021-08-08,2.2019083589015738,233.7137772163391,228.4258207344055,-0.022625779895888484
Boadella,2021-08-14,1.1812388979609063,229.53381484375,224.40814818038945,-0.02233076928926461
Boadella,2021-08-20,1.7213438033795887,206.30483176651,210.46340056381223,0.02015739894065484
Boadella,2021-08-26,1.8286252881990221,211.25322229309083,209.4732838737488,-0.008425615477109958
Boadella,2021-09-01,0.9671810656909302,207.3017445793152,199.85711811676023,-0.035912029962230224
Boadella,2021-09-07,2.370056289377437,205.87684378433227,197.43434623641969,-0.04100751397158866
Boadella,2021-09-13,2.6602151004796113,196.83660632629395,195.4409604866028,-0.007090377474693953
Boadella,2021-09-19,2.0060234406315716,194.0301624481201,190.2561581596375,-0.019450606240108213
Boadella,2021-09-25,1.917940499608361,191.43751913757325,186.65893860015868,-0.024961567402994423
Boadella,2021-10-01,1.197594623136282,192.44956401977535,184.0884795982361,-0.043445587752436315
Boadella,2021-10-07,2.0481119353982047,197.0732617362976,187.80370272827147,-0.04703610690946836
Boadella,2021-10-13,2.3296534132999303,190.160009841156,198.01043398710067,0.041283254836294206
Boadella,2021-10-19,2.1338964182815774,192.0064526512146,175.0450123250475,-0.0883378662121218
Boadella,2021-10-25,1.284410070141219,196.16445733413696,194.2513299835205,-0.009752670675492124
Boadella,2021-10-31,1.6794441856540643,203.98579107437132,181.7691991798401,-0.10891244815395633
Boadella,2021-11-06,3.9119529372090684,206.3641979362488,186.22291800231932,-0.09760065038099112
Boadella,2021-11-12,2.570701408817414,199.5258923173972,137.0833518270216,-0.31295457328938886
Boadella,2021-11-18,1.4289174934262823,190.35857680511475,192.27192163238524,0.010051266716651996
Boadella,2021-11-24,1.8522945418842856,213.40767400457943,196.43705447921752,-0.07952206781935005
Boadella,2021-11-30,1.3886313092149112,180.18108369750976,184.8639143470764,0.025989579779796528
Boadella,2021-12-06,1.004082124268831,225.64064124450684,205.24099215927123,-0.09040768973498134
Boadella,2021-12-12,1.7743997109171104,227.1918417060852,201.14178136138915,-0.11466107299044935
Boadella,2021-12-18,0.9286534261832942,221.29025530929565,201.7993489692688,-0.08807846650447645
Boadella,2021-12-24,0.6919477139579648,222.35371566467285,194.88598428497315,-0.12353169497344146
Puentes_Viejas,2014-10-23,2.4026940757402,370.46780159835816,408.4147343739708,0.10242977287605882
Puentes_Viejas,2014-11-04,3.0283536110422733,299.36933776779176,848.780837363814,1.835229698848376
Puentes_Viejas,2014-11-16,2.5842020278352704,304.3649918479919,408.5620528994901,0.34234246329990864
Puentes_Viejas,2014-11-28,5.504224219053744,266.1140043014526,433.2396535609734,0.6280227517459085
Puentes_Viejas,2014-12-10,2.138952518163501,675.1069670265198,809.1493446831528,0.1985498361052575
Puentes_Viejas,2014-12-22,0.9433466460043264,735.5541649772643,807.0242920384067,0.0971650090015484
Puentes_Viejas,2015-01-03,0.4631883430357684,344.1710759429932,814.0887640258579,1.3653607781982806
Puentes_Viejas,2015-01-15,2.558748667615064,764.4864029022217,795.3304308593869,0.040346077889772666
Puentes_Viejas,2015-02-08,2.0904311934864674,399.8988843795776,429.6827004985944,0.0744783676134151
Puentes_Viejas,2015-03-04,2.6201543811925,362.0958926345825,445.9998750857006,0.2317175758074442
Puentes_Viejas,2015-03-16,1.040396383620201,831.7923312164306,878.3479280087728,0.05597021641718946
Puentes_Viejas,2015-03-28,2.200185814332096,653.2293042785644,893.0460757232815,0.3671249435289406
Puentes_Viejas,2015-04-21,1.0023303272306257,777.5021978309632,929.5727535191168,0.1955885862604536
Puentes_Viejas,2015-05-03,1.735605931746061,819.6452421302795,930.9764253818316,0.13582849936662778
Puentes_Viejas,2015-05-15,5.464756415969743,118.47748590545656,949.0955552671068,7.010767176680912
Puentes_Viejas,2015-05-27,2.2071447404637743,773.8997788749695,941.108084448272,0.21605937892420127
Puentes_Viejas,2015-06-08,1.1614487842528098,692.6436974632263,937.4876232299894,0.35349188430284134
Puentes_Viejas,2015-06-20,1.6543955185197177,474.61578863449097,924.3296588932888,0.9475324694794961
Puentes_Viejas,2015-07-02,0.3292333720706821,387.57890899505617,921.6299817695916,1.3779157234310384
Puentes_Viejas,2015-07-14,1.634121528383642,826.5301748812327,917.4787297600988,0.11003658141329782
Puentes_Viejas,2015-07-26,0.2507890609153616,842.8687528289795,902.3188696822522,0.07053306538382884
Puentes_Viejas,2015-08-07,1.1734892739585778,835.1436440757751,880.6385736541748,0.05447557423339716
Puentes_Viejas,2015-08-19,1.3575024559473037,823.2915749794006,886.3758376960755,0.07662444829251809
Puentes_Viejas,2015-08-31,1.0387580358491246,803.2300196090698,876.8170237686157,0.09161386198608532
Puentes_Viejas,2015-09-12,1.6155482102984209,802.3786558990479,845.055875705719,0.05318837869490962
Puentes_Viejas,2015-09-24,1.4182758014969608,405.9769053375244,834.3434057235718,1.0551499229492096
Puentes_Viejas,2015-10-06,3.5027447471656847,382.9192597976685,830.8958171435039,1.1698982119169006
Puentes_Viejas,2015-10-18,1.5854963728704865,735.7506124649047,816.2649728868911,0.1094315914359186
Puentes_Viejas,2015-10-30,0.8247749116722447,753.7045521751404,782.626923374176,0.03837361883455212
Puentes_Viejas,2015-11-11,0.749143715524165,363.6595406341553,404.0721038916165,0.11112746605517113
Puentes_Viejas,2015-11-23,3.075499808813731,336.33311446609497,811.2042407066585,1.4119071415087625
Puentes_Viejas,2015-12-05,0.2061968245895483,778.9064832580566,766.4853642619382,-0.015946868158244833
Puentes_Viejas,2015-12-17,0.8089700498100025,787.3916324020386,782.3171831680298,-0.006444631902587642
Puentes_Viejas,2015-12-29,1.0968656244253303,760.5223372039795,793.3678988012516,0.04318816159697171
Puentes_Viejas,2016-01-10,5.615723786087525,369.874549911499,418.7273095218614,0.13207926747609844
Puentes_Viejas,2016-02-15,4.929392957587164,556.9840189201356,856.1240584971263,0.5370711356439898
Puentes_Viejas,2016-02-27,5.579634654056328,215.7629136421204,439.2588648147256,1.035840438933409
Puentes_Viejas,2016-03-10,4.509871168315434,389.7978298622131,443.08716423376353,0.13671018740762944
Puentes_Viejas,2016-03-22,1.6378605178212915,785.8365276153564,828.5913406500364,0.05440675195440541
Puentes_Viejas,2016-04-03,2.6426552173116726,842.7835655921936,830.7036571228027,-0.014333346024495286
Puentes_Viejas,2016-04-15,2.1877033965037223,869.9178409484863,864.3080788543701,-0.006448611386104842
Puentes_Viejas,2016-04-27,1.045198725597024,901.3933522104868,896.9459877630975,-0.0049338775757365345
Puentes_Viejas,2016-05-09,2.9255179134692475,438.8399095672608,478.47266490788775,0.09031255926496914
Puentes_Viejas,2016-05-21,1.6007769028463488,930.9123463587412,935.9478413653026,0.005409204235240534
Puentes_Viejas,2016-06-02,0.9608609742163626,931.3505484887636,929.8402566812074,-0.0016216147722324784
Puentes_Viejas,2016-06-14,3.046290816297459,891.563504275764,492.13582504325416,-0.44800810858332907
Puentes_Viejas,2016-07-08,0.1348091308253226,913.8432675707468,926.148528284601,0.013465395161869537
Puentes_Viejas,2016-08-01,1.991566371249868,894.9156217989573,904.171460159553,0.010342693920114656
Puentes_Viejas,2016-08-13,1.3289169785691335,880.9411154657969,890.7229213216535,0.01110381350595099
Puentes_Viejas,2016-08-25,1.222442190691417,864.5120992548594,880.2219477365053,0.01817192436657218
Puentes_Viejas,2016-09-06,1.3659190924101616,844.8503776353125,876.6917035103412,0.03768871591695412
Puentes_Viejas,2016-09-18,1.6197595319186116,835.1041555961609,449.39982539106177,-0.4618637419301956
Puentes_Viejas,2016-09-30,1.6043166368419146,831.2850483283996,850.3087290110867,0.022884666001080016
Puentes_Viejas,2016-10-12,1.994288522161169,805.8666952316285,832.3121522618013,0.03281616821572667
Puentes_Viejas,2016-10-18,1.0439188345431007,805.8666952316285,832.3121522618013,0.03281616821572667
Puentes_Viejas,2016-10-24,1.322879754984627,804.2505264221192,820.6071666621011,0.02033774265930293
Puentes_Viejas,2016-10-30,0.6785625638999006,775.6450121635437,828.390220129948,0.06800173679874458
Puentes_Viejas,2016-11-05,2.6606050255366926,811.3158679199219,403.6072585948959,-0.5025275918371012
Puentes_Viejas,2016-11-11,1.71065591281153,385.3359911338806,433.13439539018816,0.1240434461251779
Puentes_Viejas,2016-11-17,1.609341164568117,808.2962332313538,797.2122740617699,-0.013712743810858968
Puentes_Viejas,2016-11-23,2.6060845002442505,796.7685391944885,786.7645623527527,-0.012555687567495555
Puentes_Viejas,2016-11-29,1.4427937368805726,755.351410307312,802.7301961422579,0.06272416412868022
Puentes_Viejas,2016-12-05,1.6888136178096587,778.973166343689,798.5513184066414,0.02513328174685082
Puentes_Viejas,2016-12-11,1.774981875297022,773.2208638877869,775.8526684140942,0.0034036905226204946
Puentes_Viejas,2016-12-17,4.260466310879575,777.7929527789366,784.2762317122217,0.008335481711580573
Puentes_Viejas,2016-12-23,1.1859982234772328,344.7413310134888,434.7487772216079,0.2610869022971817
Puentes_Viejas,2016-12-29,0.6804666268658116,793.0361422027378,786.8777727425968,-0.007765559641500698
Puentes_Viejas,2017-01-04,1.5907454039185804,810.5349915239491,413.1356052518448,-0.49029269609313614
Puentes_Viejas,2017-01-10,3.5291838159232154,792.0568260604858,784.9355762341099,-0.008990831960625112
Puentes_Viejas,2017-01-16,4.743301049143781,800.329026438452,773.2950291889864,-0.033778603994621764
Puentes_Viejas,2017-01-22,2.1862998085661265,699.3410860636961,406.0191784802485,-0.41942610469869035
Puentes_Viejas,2017-01-28,2.1885808793000603,775.3024391644198,804.7204667990591,0.037943937937747904
Puentes_Viejas,2017-02-03,5.336883972635872,715.1971186264038,432.3188609713954,-0.39552488438194483
Puentes_Viejas,2017-02-09,1.1521571451077546,372.9389127418518,426.30879535800415,0.14310623212733753
Puentes_Viejas,2017-02-15,1.0284593791299899,793.0160100133111,768.9210566860781,-0.030383943102016926
Puentes_Viejas,2017-02-21,1.7997075782671306,793.5370304992675,804.0525969568769,0.013251513229311162
Puentes_Viejas,2017-02-27,2.2343619474258496,834.9315633720398,813.7774665901184,-0.025336324209000265
Puentes_Viejas,2017-03-05,1.9486575226242886,828.2501219360352,819.8829981518345,-0.01010217030169884
Puentes_Viejas,2017-03-11,1.1285976823132693,820.1426059913636,831.7717378133257,0.014179402139345237
Puentes_Viejas,2017-03-17,0.93760336810142,829.5275717178345,827.262850869751,-0.0027301333015291506
Puentes_Viejas,2017-03-23,1.7748888288693787,844.8073630180359,837.2318845459553,-0.008967107536820628
Puentes_Viejas,2017-03-29,1.2364117097401595,850.5524906473886,828.6898512184143,-0.025704044923004994
Puentes_Viejas,2017-04-04,2.567008880124302,844.270827205658,841.7844882048993,-0.0029449542974117507
Puentes_Viejas,2017-04-10,0.14833585639532385,852.4328055038452,849.0657338386536,-0.003949955519604178
Puentes_Viejas,2017-04-16,1.2930892540793542,853.1805468727111,833.9130919616699,-0.022583092150500944
Puentes_Viejas,2017-04-22,1.458875508276983,841.6360482444763,846.195854738617,0.0054177889643055015
Puentes_Viejas,2017-04-28,2.5809754773456355,841.35753151474,852.0123448368266,0.01266383543617207
Puentes_Viejas,2017-05-04,1.005242941658728,850.7840523593528,853.531343557473,0.003229128696643389
Puentes_Viejas,2017-05-10,3.752871878116784,851.9116852157592,834.827117603302,-0.02005438815894435
Puentes_Viejas,2017-05-16,1.3168323769790502,822.1078394332885,854.7470422872715,0.03970185088671878
Puentes_Viejas,2017-05-22,0.9143374660927734,848.0993432037353,833.3921914550781,-0.017341307791962513
Puentes_Viejas,2017-05-28,2.469857328421739,831.8067206466675,837.8914022094726,0.007315018515448829
Puentes_Viejas,2017-06-03,1.5185021976062225,822.3248341690063,833.3405240470886,0.013395788890668874
Puentes_Viejas,2017-06-09,1.2678054424663177,794.1722216125488,827.14073493042,0.041513052736759454
Puentes_Viejas,2017-06-15,1.5558184009892262,812.6456295539856,813.5059683898926,0.0010586888117261853
Puentes_Viejas,2017-06-21,0.6795143684606335,799.7352409576416,825.245725718689,0.03189866277557039
Puentes_Viejas,2017-06-27,3.2943310157655565,790.0952383552551,820.4076113777161,0.038365467289187036
Puentes_Viejas,2017-07-03,0.7029273422780035,804.068680997467,819.1000215263367,0.018694100248032225
Puentes_Viejas,2017-07-09,2.2481149561121034,800.0986366317749,792.8429910995484,-0.009068438814957896
Puentes_Viejas,2017-07-15,1.6603057060342488,789.1208650901794,792.6816639409503,0.004512361804505014
Puentes_Viejas,2017-07-21,1.6457063367140996,784.1009560470582,797.388244065857,0.01694588932244759
Puentes_Viejas,2017-07-27,2.034577905388991,779.7895461784362,789.7539356781006,0.012778306080784787
Puentes_Viejas,2017-08-02,1.7602392701889547,756.1126944618225,789.0964194335937,0.043622763132218086
Puentes_Viejas,2017-08-08,2.283605002490418,759.562593283844,771.7107539299011,0.01599362679714987
Puentes_Viejas,2017-08-14,2.228275681355918,383.8940757804871,795.1079959924855,1.0711650586843984
Puentes_Viejas,2017-08-20,1.9189371725789228,748.2231612754822,769.1130645126343,0.027919348555772425
Puentes_Viejas,2017-09-01,2.816629030632605,738.0382733787536,757.6592163795472,0.02658526489550262
Puentes_Viejas,2017-09-07,2.305915519513778,738.0382733787536,757.6592163795472,0.02658526489550262
Puentes_Viejas,2017-09-13,1.2990899553090907,734.4974181129455,749.6039616600036,0.020567184001639503
Puentes_Viejas,2017-09-19,1.727465346832254,718.7871785858155,385.4719206436157,-0.4637189809061202
Puentes_Viejas,2017-09-25,2.1257733176191547,718.6805788528443,738.8723532008512,0.028095617082399736
Puentes_Viejas,2017-10-01,1.2827021060875452,700.9408944213867,753.1137455548215,0.07443259702589124
Puentes_Viejas,2017-10-07,0.9459673492506653,724.6830835342407,730.163857926178,0.007562994799337468
Puentes_Viejas,2017-10-13,1.144865310556366,705.3780310111999,743.0405346003873,0.053393360628478936
Puentes_Viejas,2017-10-19,1.633660398015503,707.2297365013122,729.7427606910705,0.03183268890973243
Puentes_Viejas,2017-10-25,0.9737053529446992,682.852497996521,720.2762766944885,0.05480506962743531
Puentes_Viejas,2017-10-31,1.5636342905446612,366.5976762680054,377.25800461654666,0.029079094164110076
Puentes_Viejas,2017-11-06,4.272363834113874,702.5019944061279,732.2958347898236,0.04241104028307061
Puentes_Viejas,2017-11-12,2.1479677005862596,610.8376510948182,733.3913192045474,0.20063214487527656
Puentes_Viejas,2017-11-18,1.476971245164437,693.6287171455383,744.187013709337,0.07288956658521742
Puentes_Viejas,2017-11-24,2.2464731119658055,700.7346516548157,374.9149327312185,-0.46496875551131883
Puentes_Viejas,2017-11-30,1.954021938037629,694.5979121604919,695.8031088985996,0.0017350998570655545
Puentes_Viejas,2017-12-06,0.2640950819864947,668.0067548652648,725.8791176748956,0.086634397613694
Puentes_Viejas,2017-12-12,1.8924030454908132,699.0940679530394,713.2709593674334,0.020278946803116576
Puentes_Viejas,2017-12-18,2.2601718389150065,673.7855885795593,719.175688276834,0.06736579182847137
Puentes_Viejas,2017-12-24,0.9452448468895532,666.0351696655273,700.0583266740388,0.051083123771973465
Puentes_Viejas,2017-12-30,1.7086033740263944,689.0392206594998,689.2901742997592,0.0003642080635397776
Puentes_Viejas,2018-01-05,2.933484110398978,679.648235395813,363.7735108509109,-0.46476207557714505
Puentes_Viejas,2018-01-11,2.9893665988838274,675.7982929542542,672.2947249167648,-0.005184339874807151
Puentes_Viejas,2018-01-17,2.4249764802820133,293.1157551071167,387.06266533099006,0.32051129489624763
Puentes_Viejas,2018-01-23,1.5108693568041653,249.85050908508305,810.9100812326792,2.2455810644617706
Puentes_Viejas,2018-01-29,1.3408882331437582,675.3722582453978,668.3278225680601,-0.010430448676762297
Puentes_Viejas,2018-02-04,3.36967407888865,675.4442098594666,677.8902035367598,0.0036213111928254747
Puentes_Viejas,2018-02-10,3.4572520609525474,633.1267902603149,705.3385783322562,0.11405580869868245
Puentes_Viejas,2018-02-16,1.1502470646197378,600.9019744766235,722.9216401402432,0.20306084993296442
Puentes_Viejas,2018-02-22,2.8345156598828787,671.6084710571289,657.656615635367,-0.020773793099722757
Puentes_Viejas,2018-02-28,3.0911030479826493,609.9962945533753,747.81445863076,0.22593278894963106
Puentes_Viejas,2018-03-06,2.800554886878672,629.8291604545593,668.61024213378,0.06157396975908786
Puentes_Viejas,2018-03-12,3.1492678750602607,337.9632805633545,371.1973789559727,0.09833641790084394
Puentes_Viejas,2018-03-18,2.701691435394359,251.44565625991825,425.7492131806109,0.6932056791647888
Puentes_Viejas,2018-03-24,5.9627346918342194,336.51908007652435,387.8224822938927,0.15245317503453876
Puentes_Viejas,2018-03-30,3.8938697971523752,367.23470963668825,400.09872336774345,0.08949048896703729
Puentes_Viejas,2018-04-05,1.4876265326874691,723.5202498242098,407.5280930173298,-0.4367426576984612
Puentes_Viejas,2018-04-11,4.701342688221251,795.8531735584933,764.2351319847107,-0.03972848588692433
Puentes_Viejas,2018-04-17,0.4767030568561243,362.1264910629272,817.0437601881737,1.256238580585354
Puentes_Viejas,2018-04-23,1.294999882419153,827.8937890104825,806.7303730685485,-0.025562960156071436
Puentes_Viejas,2018-04-29,3.6794102227504912,864.9255026035862,825.6987644577026,-0.04535273619265917
Puentes_Viejas,2018-05-05,1.2818529721454823,851.7913131988525,454.97804702307,-0.46585737612840106
Puentes_Viejas,2018-05-11,1.5417144184225886,911.5475557706824,875.8899290702819,-0.0391176812165912
Puentes_Viejas,2018-05-17,1.2086023188214194,906.798897181953,888.0066611160908,-0.02072370855794221
Puentes_Viejas,2018-05-23,0.6415865510297275,923.6026808606856,888.1674370775828,-0.038366328419576975
Puentes_Viejas,2018-05-29,0.8371054608765824,914.6815811739572,911.865269509376,-0.003079007736185633
Puentes_Viejas,2018-06-04,2.1255831246359627,923.6201510714184,925.869849360145,0.002435739720616728
Puentes_Viejas,2018-06-10,1.9604014334153796,923.4216623017552,935.7719596021408,0.01337449380340589
Puentes_Viejas,2018-06-16,2.4418304450246007,932.7017993226564,918.0152373098128,-0.015746256760209052
Puentes_Viejas,2018-06-22,1.3249970875863941,934.899135439552,926.5643892214426,-0.008915128811399177
Puentes_Viejas,2018-06-28,1.1446921627272455,932.792661573938,928.7349129620184,-0.004350107777512721
Puentes_Viejas,2018-07-04,2.292421774863948,928.1015688291304,933.6782333569874,0.006008679130768413
Puentes_Viejas,2018-07-10,2.1254441579904935,944.9533923424544,924.6737837279524,-0.02146096175625208
Puentes_Viejas,2018-07-16,2.190551244183961,931.4313599149458,933.5903519674056,0.002317929313285017
Puentes_Viejas,2018-07-22,0.925436223521965,938.6707948966232,916.4026528599636,-0.023723058347747995
Puentes_Viejas,2018-07-28,2.2192810958949654,926.5345728838572,924.148586206306,-0.0025751728509436278
Puentes_Viejas,2018-08-03,2.875260660957143,936.7228515457452,916.5829031938111,-0.021500434540162972
Puentes_Viejas,2018-08-09,3.2768284654566338,913.7070842460632,914.0766399917602,0.0004044575685892885
Puentes_Viejas,2018-08-15,1.4949168669325426,917.51887536178,917.2478424360028,-0.0002953976567189354
Puentes_Viejas,2018-08-21,1.3912714626829645,904.9411006006846,911.727798655189,0.007499601963044244
Puentes_Viejas,2018-08-27,1.6190119878666822,914.8001287301246,455.91648348388674,-0.5016217541237505
Puentes_Viejas,2018-09-02,1.366252905241013,909.3214878328928,888.5812647618104,-0.022808460317495352
Puentes_Viejas,2018-09-08,1.2699138490551602,909.0044582895885,882.6629021341929,-0.028978467503845532
Puentes_Viejas,2018-09-14,1.5559667187405168,882.2406268325806,890.015298933276,0.008812416776370884
Puentes_Viejas,2018-09-20,0.631048435464544,898.1394696024546,852.063363676704,-0.05130172705375638
Puentes_Viejas,2018-09-26,1.7049534381569227,888.0609277582774,865.1163669970164,-0.025836696609521804
Puentes_Viejas,2018-10-02,2.35854456853826,882.2756000213564,840.9572590393067,-0.04683155805402476
Puentes_Viejas,2018-10-08,1.720816386750554,862.2174420013428,836.8642151222228,-0.029404678731934576
Puentes_Viejas,2018-10-14,3.871932057861051,873.9344288742066,822.9576294967651,-0.058330233588702145
Puentes_Viejas,2018-10-20,2.940564240264058,829.0814976745605,434.1121829571324,-0.476393835618396
Puentes_Viejas,2018-10-26,0.8897567379179333,413.9335575141907,447.6547712093398,0.08146528128247507
Puentes_Viejas,2018-11-01,1.498423195623901,839.59865213089,416.5478734966712,-0.5038726271898146
Puentes_Viejas,2018-11-07,2.8293973553555762,835.2787286904668,421.9225367263794,-0.49487216394476957
Puentes_Viejas,2018-11-13,1.5046002282650595,790.6299163131714,433.6456254800205,-0.4515188250121162
Puentes_Viejas,2018-11-19,1.270373588875879,821.3734269828797,779.8505724441528,-0.05055295578681088
Puentes_Viejas,2018-11-25,2.2670854841641215,809.935270653534,787.0794220929583,-0.028219352075053255
Puentes_Viejas,2018-12-01,1.316195638884813,412.9453269882202,419.7980783563202,0.016594815149211056
Puentes_Viejas,2018-12-07,1.6256322299349595,822.4366974250794,790.174506222199,-0.03922756767042157
Puentes_Viejas,2018-12-13,4.990808973994998,840.6044501060067,782.7863670448303,-0.06878155719242869
Puentes_Viejas,2018-12-19,2.0482257294810315,789.9226024024963,418.3917605454898,-0.47033828469652667
Puentes_Viejas,2018-12-25,0.9178515569082707,827.4856616882084,761.7226001350402,-0.07947335476363496
Puentes_Viejas,2018-12-31,1.0739209149916686,823.3050108959872,772.668446736908,-0.061504015509358266
Puentes_Viejas,2019-01-06,2.466358801843352,822.4669359309895,373.7979168388367,-0.5455161776008454
Puentes_Viejas,2019-01-12,2.007673316162899,816.7823462225252,734.7588247642517,-0.10042274032686664
Puentes_Viejas,2019-01-18,1.4681925110503806,826.9944654718496,396.4118108444214,-0.5206596568717726
Puentes_Viejas,2019-01-24,5.794724159775814,813.6574993919372,769.7778426063537,-0.05392890352313555
Puentes_Viejas,2019-01-30,2.853378737089338,731.6133151798922,804.356491776455,0.09942844818054788
Puentes_Viejas,2019-02-05,1.4934044599757277,814.2940532438599,784.6826177298512,-0.0363645484036721
Puentes_Viejas,2019-02-11,2.0780278854304317,839.9493220080357,755.1836564193726,-0.10091759510682971
Puentes_Viejas,2019-02-17,1.5293062177963854,815.9035200022948,413.7605923256638,-0.49288049115843985
Puentes_Viejas,2019-02-23,2.1160742012125455,844.7326751102969,763.4875011324565,-0.09617856201339935
Puentes_Viejas,2019-03-01,1.8503160252702369,824.9882066020261,388.92780138168337,-0.5285656227940457
Puentes_Viejas,2019-03-07,2.3604998944492497,834.8023469542709,750.8645743110657,-0.10054807937405474
Puentes_Viejas,2019-03-13,3.253702656590582,806.2369997505187,802.9667084481841,-0.00405624066291496
Puentes_Viejas,2019-03-19,3.3474523530379625,736.4769597618373,428.3599575231963,-0.4183661120074689
Puentes_Viejas,2019-03-25,3.023732977225179,811.3006198292331,796.961388786995,-0.017674374568154908
Puentes_Viejas,2019-03-31,2.2183670399512216,840.9796064285279,773.8238248085022,-0.07985423321407618
Puentes_Viejas,2019-04-06,3.2225634917651353,824.0453881126404,792.3184546520217,-0.03850143926329676
Puentes_Viejas,2019-04-12,2.131424388604679,819.26746484375,798.4014503185198,-0.025469111640128092
Puentes_Viejas,2019-04-24,4.903947916126066,766.1168731750488,830.974037558429,0.0846570107698974
Puentes_Viejas,2019-04-30,1.0374572932611306,766.1168731750488,830.974037558429,0.0846570107698974
Puentes_Viejas,2019-05-06,1.303414118796318,858.3364338539124,801.1094216156006,-0.0666720064315151
Puentes_Viejas,2019-05-12,2.1092633636310123,856.7134219787598,801.7726832229614,-0.0641296580003395
Puentes_Viejas,2019-05-18,4.1824564132403435,864.6011528530674,804.2957970687867,-0.06974933538462355
Puentes_Viejas,2019-05-24,3.352797426878042,819.4403531898498,437.68742564216166,-0.4658703053390425
Puentes_Viejas,2019-05-30,2.296306521650528,839.7782621063233,427.1674300309035,-0.49133307051853603
Puentes_Viejas,2019-06-05,3.6719174078184533,829.8583310394287,802.3843868339538,-0.03310678844552019
Puentes_Viejas,2019-06-11,3.461182376648133,395.6912718811035,425.9197060603661,0.07639398775605435
Puentes_Viejas,2019-06-17,2.029886927142582,781.8956525978089,420.8677955525536,-0.46173406367685815
Puentes_Viejas,2019-06-23,1.9931740512500644,828.9668638404846,787.5722749786377,-0.049935155031495176
Puentes_Viejas,2019-07-05,2.8967053421046205,789.5059135932922,764.7954632995605,-0.03129862597389117
Puentes_Viejas,2019-07-11,1.3173763929375153,789.5059135932922,764.7954632995605,-0.03129862597389117
Puentes_Viejas,2019-07-17,1.89454477671153,798.9660543518066,766.1846627883912,-0.04102976764139334
Puentes_Viejas,2019-07-23,2.85336107305124,767.9350580459595,405.4105214012146,-0.47207707584962016
Puentes_Viejas,2019-07-29,2.6263384886252856,770.9852767440796,752.8655226470947,-0.02350207538787992
Puentes_Viejas,2019-08-04,1.9098850765480122,753.4623746078491,736.927401071167,-0.02194532082015117
Puentes_Viejas,2019-08-10,2.1310645463777473,763.7380346694946,717.3606935127258,-0.060724147615403845
Puentes_Viejas,2019-08-16,1.5098689174132378,742.7115574943542,725.0817309616089,-0.02373711080008255
Puentes_Viejas,2019-08-22,1.837895894816171,744.6367999725342,712.5427685028076,-0.04310024896823575
Puentes_Viejas,2019-08-28,1.2723973106919009,730.9792564796447,735.1995493253371,0.005773478259857967
Puentes_Viejas,2019-09-03,1.9848308626528315,742.6511579864502,716.8759608673096,-0.03470700454978748
Puentes_Viejas,2019-09-09,1.9708363612031579,718.9526628616333,712.3671518024997,-0.009159867400617645
Puentes_Viejas,2019-09-15,1.9578605698421088,726.0644248306274,368.1077450653076,-0.4930095285260976
Puentes_Viejas,2019-09-21,2.3840703119624846,677.8316298454284,683.0936450874328,0.0077630122442122335
Puentes_Viejas,2019-09-27,1.3955236516829674,687.2758280639648,672.3042952415466,-0.021783878045867816
Puentes_Viejas,2019-10-03,1.769637186342155,697.835714202118,699.5946624038696,0.0025205763562313127
Puentes_Viejas,2019-10-09,1.979747139630637,702.8631484408629,678.539762448925,-0.03460614779120751
Puentes_Viejas,2019-10-15,1.858885857658977,665.4552181060791,681.9351244789124,0.024764861593145174
Puentes_Viejas,2019-10-21,0.6737585685562877,675.8066143966674,346.4994724861773,-0.4872801403467797
Puentes_Viejas,2019-10-27,1.0790789737181283,654.0485270500183,668.6141562478009,0.022269951839015055
Puentes_Viejas,2019-11-02,2.8754920377385096,687.2956597221374,336.12715315246584,-0.5109424184515342
Puentes_Viejas,2019-11-08,4.333297195872083,650.5138782249451,351.293183824783,-0.4599758812473679
Puentes_Viejas,2019-11-14,4.067721306144908,342.7570560287476,365.7897545253649,0.0671983204765462
Puentes_Viejas,2019-11-20,2.136683978163804,373.88063260726926,370.8170288209685,-0.008194069227219932
Puentes_Viejas,2019-11-26,3.263842272298109,686.1948395284015,626.9962031166077,-0.08627088547106974
Puentes_Viejas,2019-12-02,3.857112492129846,663.3262049415588,633.1266979797364,-0.04552738416912548
Puentes_Viejas,2019-12-08,1.2182930755830714,660.9037908561706,647.4867298957824,-0.020301080347877882
Puentes_Viejas,2019-12-14,2.049029532034441,688.3966875483763,654.5412388703112,-0.049180144661410796
Puentes_Viejas,2019-12-20,3.8055465036977187,713.470821949768,648.0239849700928,-0.09173022212852741
Puentes_Viejas,2019-12-26,1.8043414082679696,222.40835509796145,358.6057598356538,0.6123753969481192
Puentes_Viejas,2020-01-01,0.7081024202834572,739.7643886790526,690.2476428665161,-0.06693583331438156
Puentes_Viejas,2020-01-07,1.1229181321691946,768.6768035385312,726.0714829141057,-0.05542683274465413
Puentes_Viejas,2020-01-13,1.3198618083223486,793.245027397778,363.7198677284241,-0.5414785404686384
Puentes_Viejas,2020-01-19,5.264272919049411,785.923705659796,736.3092802764893,-0.06312880630271181
Puentes_Viejas,2020-01-25,1.4797582125867301,743.4212022926331,767.1547100478138,0.03192471196945823
Puentes_Viejas,2020-01-31,1.515053358252215,385.4343153404236,411.4410922446636,0.06747395306842427
Puentes_Viejas,2020-02-06,1.359876038330883,787.2328882148743,764.1987546852112,-0.02925961792817778
Puentes_Viejas,2020-02-12,1.3654259755797349,796.5193437698275,772.9261412322998,-0.029620376105197962
Puentes_Viejas,2020-02-18,1.009047857952234,809.4200290733128,765.2792833396911,-0.05453379475197498
Puentes_Viejas,2020-02-24,1.2405299308118345,810.0033010700809,780.6845034721943,-0.03619589890455269
Puentes_Viejas,2020-03-01,3.6275641936151297,816.9924950167488,390.6262237770081,-0.5218729349906696
Puentes_Viejas,2020-03-07,2.290820931415,411.613859832626,414.4423089848088,0.006871608145879487
Puentes_Viejas,2020-03-13,1.962551910239894,405.6969606132507,409.0027159327458,0.008148336419622395
Puentes_Viejas,2020-03-19,1.5103865271549393,815.6432220855713,794.7302018501282,-0.025639911752063926
Puentes_Viejas,2020-03-25,2.0759439454883735,827.4686723270851,795.039151752472,-0.039191236670521615
Puentes_Viejas,2020-03-31,2.6173702596147512,812.2125574883794,820.8270155179671,0.010606162081790941
Puentes_Viejas,2020-04-06,1.5170769755161142,817.2432872665405,428.6476873798116,-0.4754956154934927
Puentes_Viejas,2020-04-12,1.5387472494086032,802.3247855476379,818.7376503219605,0.020456634358017138
Puentes_Viejas,2020-04-18,0.6406936041860785,854.8479900184632,831.0285732009887,-0.027863920949220463
Puentes_Viejas,2020-04-24,1.1121195987454793,859.5285937405307,857.3765878439061,-0.0025037048357628247
Puentes_Viejas,2020-04-30,3.0794442976816816,884.7310630800853,876.2579252993027,-0.009577077299947407
Puentes_Viejas,2020-05-06,1.232418546073615,857.0377235443116,860.9634325126648,0.00458055562842472
Puentes_Viejas,2020-05-12,1.4482808362070632,905.6355097643504,883.8237609583506,-0.02408446728383624
Puentes_Viejas,2020-05-18,2.43572738624883,460.41632851104737,471.7071838422648,0.02452314271244726
Puentes_Viejas,2020-05-24,1.4023904443402837,915.7222930437694,904.3064035032534,-0.012466541032402646
Puentes_Viejas,2020-05-30,1.1843545690753805,902.4649331459044,903.4614873908996,0.0011042581361264696
Puentes_Viejas,2020-06-05,1.8267441078602582,909.6576102109664,904.9245707777824,-0.005203099913698639
Puentes_Viejas,2020-06-11,3.5716870984954383,452.00606200256345,473.1116431885453,0.04669313746031611
Puentes_Viejas,2020-06-17,1.7302398201086029,899.2343256324768,908.4445004394532,0.010242241142761557
Puentes_Viejas,2020-06-23,1.6960027438696381,903.88970669763,910.8068016618288,0.00765258738200533
Puentes_Viejas,2020-06-29,1.7168581384962904,907.2296414431224,903.7943491915356,-0.0037865740873747533
Puentes_Viejas,2020-07-05,1.4856812450040742,896.3577818308482,895.1794749476085,-0.0013145497335149243
Puentes_Viejas,2020-07-11,2.4354830417917706,884.7608587343822,890.2809706986432,0.006239100554422478
Puentes_Viejas,2020-07-17,3.220070617828448,883.4252796478271,900.925174095405,0.019809139324781604
Puentes_Viejas,2020-07-23,1.8247662521285748,883.4249572817454,874.9235171961436,-0.009623273618803193
Puentes_Viejas,2020-07-29,1.7245958440190572,876.8037401229858,885.4307403212275,0.00983914621193523
Puentes_Viejas,2020-08-04,1.7429482516426724,878.7898534357677,879.4538145365367,0.0007555402445455741
Puentes_Viejas,2020-08-10,2.6099136799505818,868.9895711260448,443.0826662948608,-0.49011739494098855
Puentes_Viejas,2020-08-16,2.202604799300472,860.3456088350902,878.5158951329041,0.02111975247065719
Puentes_Viejas,2020-08-22,1.8109961197363145,856.8803316996226,868.7857658465038,0.013893928599419127
Puentes_Viejas,2020-08-28,2.954592685119478,866.0296816055297,855.0893522460938,-0.012632741800666371
Puentes_Viejas,2020-09-03,0.9409254048646973,836.6765724899292,865.7877328239441,0.03479380359292339
Puentes_Viejas,2020-09-09,0.7713271867055457,855.5350605194092,851.0952324684143,-0.005189533726764327
Puentes_Viejas,2020-09-15,1.8690553857653787,828.9223537666321,846.2298433993649,0.020879506450860383
Puentes_Viejas,2020-09-27,2.3379882698842485,400.0873625953674,433.2824120064799,0.08296950245010531
Puentes_Viejas,2020-10-03,4.201487992059067,400.0873625953674,433.2824120064799,0.08296950245010531
Puentes_Viejas,2020-10-09,0.5234296370687378,346.86218270111084,415.939667676622,0.19914965776201327
Puentes_Viejas,2020-10-15,2.342129108914542,820.2020598884583,801.528013591156,-0.02276761692093513
Puentes_Viejas,2020-10-21,3.03930019897437,409.0571091125488,413.1920853578395,0.010108554901445339
Puentes_Viejas,2020-10-27,1.8727513176955284,749.3801523193359,809.4349634311302,0.08013931370603328
Puentes_Viejas,2020-11-02,0.7230613403535857,783.7528873184204,792.1587437066651,0.01072513610381063
Puentes_Viejas,2020-11-08,1.6638267994924445,801.2150824806214,783.0960193687439,-0.022614480815537734
Puentes_Viejas,2020-11-14,1.0680009976061995,776.2408248306274,797.6938809451773,0.027637113932046625
Puentes_Viejas,2020-11-20,2.5303884556388176,808.3571185836792,787.9476294192565,-0.025248109647604874
Puentes_Viejas,2020-11-26,2.373620758464761,784.8013984703064,790.8256565055847,0.007676156091235916
Puentes_Viejas,2020-12-02,3.4182066171435723,396.4638798492432,422.2998585229492,0.06516603399918858
Puentes_Viejas,2020-12-14,1.4577785680140996,800.8023149009705,779.2303171348572,-0.02693798127791499
Puentes_Viejas,2020-12-20,1.3637285460484128,800.8023149009705,779.2303171348572,-0.02693798127791499
Puentes_Viejas,2020-12-26,2.730480730148231,804.0997346290588,795.2965690925598,-0.01094785280654275
Puentes_Viejas,2021-01-01,2.5011797972279046,397.18556935202207,437.3880821345879,0.10121846281614193
Puentes_Viejas,2021-01-07,2.0641361367488797,800.6337817459106,794.4222570603704,-0.0077582595528194985
Puentes_Viejas,2021-01-13,2.0520035403308934,420.274066632502,422.4424687420325,0.005159495390484242
Puentes_Viejas,2021-01-19,1.038211183659746,816.3973064102173,395.9984934777892,-0.5149439000245662
Puentes_Viejas,2021-01-25,2.471097532363511,804.2699705357151,789.7883866503429,-0.018005874166514207
Puentes_Viejas,2021-01-31,4.337602952515541,384.3670955986023,417.0267741562967,0.08497001676699499
Puentes_Viejas,2021-02-06,1.8634528802935104,307.7596737083435,778.9880509311511,1.5311569951473873
Puentes_Viejas,2021-02-12,2.881114872781226,404.68571662597657,417.17999297180177,0.03087402355090483
Puentes_Viejas,2021-02-18,1.9130138182287226,391.7070666130066,434.2548961816317,0.1086215521627567
Puentes_Viejas,2021-03-02,1.2324060129488674,811.4076427452087,787.889766847229,-0.028984045329438175
Puentes_Viejas,2021-03-08,1.7733246475490287,811.4076427452087,787.889766847229,-0.028984045329438175
Puentes_Viejas,2021-03-14,2.0135461694645835,821.2665982513428,804.7475101547241,-0.020114160410019687
Puentes_Viejas,2021-03-20,4.8786450692418155,825.1165513351441,823.6249386193189,-0.0018077600230071817
Puentes_Viejas,2021-03-26,1.6148604261692414,409.85724402771,435.3014191614308,0.06208057928579764
Puentes_Viejas,2021-04-01,1.713701418088739,843.5230649509564,811.8983679958477,-0.03749120595409846
Puentes_Viejas,2021-04-07,2.0840920794706266,826.3404126251221,810.2977549186706,-0.019414102785421158
Puentes_Viejas,2021-04-13,1.0275814071506217,843.6146482765198,818.5724772628785,-0.02968437196390765
Puentes_Viejas,2021-04-19,1.8018449099590077,844.3771568901062,827.7977605743408,-0.01963506021033106
Puentes_Viejas,2021-04-25,1.34596490807371,859.3409442108155,840.2923692451477,-0.022166492931581648
Puentes_Viejas,2021-05-01,1.9024011785442478,840.3220611351013,847.2371957583828,0.00822914801729773
Puentes_Viejas,2021-05-07,1.4329785937924968,857.580032585177,837.2407692700106,-0.023717043940323236
Puentes_Viejas,2021-05-13,2.7397417235389256,846.1958632781982,854.2132783882141,0.009474656468959935
Puentes_Viejas,2021-05-19,2.397929777824994,860.0807909378052,844.3849346672058,-0.018249281272152494
Puentes_Viejas,2021-05-25,1.7963293580263948,429.561899167633,438.73073516462136,0.021344621147161645
Puentes_Viejas,2021-05-31,1.84105386234723,431.0855746185303,432.7341178931652,0.0038241671067135736
Puentes_Viejas,2021-06-06,1.4283832108176993,846.5669833229065,842.3317091957092,-0.0050028812966141974
Puentes_Viejas,2021-06-12,2.57491034547547,846.604116796875,848.6785035320835,0.0024502440917212893
Puentes_Viejas,2021-06-18,2.025558911379323,842.3387971252441,843.3351698509216,0.0011828645778609766
Puentes_Viejas,2021-06-24,1.248825900190052,827.3146285903931,847.5474747955323,0.024456047924128397
Puentes_Viejas,2021-06-30,1.9976982087613853,837.7180958847046,845.066148957684,0.008771510498671156
Puentes_Viejas,2021-07-06,2.163784673430121,842.6788459709168,831.7161414482117,-0.01300935056708829
Puentes_Viejas,2021-07-12,3.792342897767859,420.07976008758544,425.1305912826538,0.012023505236280128
Puentes_Viejas,2021-07-18,2.8689313937857053,802.680141066742,435.1857359540005,-0.4578341811525953
Puentes_Viejas,2021-07-24,2.5204954215926123,817.945177709961,817.1293469215393,-0.000997414998772601
Puentes_Viejas,2021-07-30,1.8135424242641682,815.3867735580444,820.4905084403991,0.006259280930059645
Puentes_Viejas,2021-08-05,2.9134929453855407,808.4630738014221,816.8430649612427,0.010365335698534279
Puentes_Viejas,2021-08-17,2.399400804880709,805.3131762237549,801.7116434463501,-0.004472213896080781
Puentes_Viejas,2021-08-23,1.463988280962095,805.3131762237549,801.7116434463501,-0.004472213896080781
Puentes_Viejas,2021-08-29,2.661998238262117,792.9710681945801,801.0925216676033,0.010241803009930642
Puentes_Viejas,2021-09-04,1.0449303664526406,793.1145000801087,784.9966055439548,-0.010235463524287934
Puentes_Viejas,2021-09-10,0.6453277435607169,401.8612787541109,410.31426406987504,0.021034585222967698
Puentes_Viejas,2021-09-16,0.8707966019651778,409.4044037956238,405.6068332397461,-0.00927584198086319
Puentes_Viejas,2021-09-22,2.3306705614266705,767.7232216178894,779.1304292219185,0.01485848973017862
Puentes_Viejas,2021-09-28,0.8200042451267872,393.05194352798463,407.6004258636474,0.03701414679463842
Puentes_Viejas,2021-10-04,1.8557540842132427,761.2767184432984,763.5028738121033,0.0029242393926837895
Puentes_Viejas,2021-10-10,1.5020537164277816,760.5725416897374,399.95771804485247,-0.47413600133883294
Puentes_Viejas,2021-10-16,1.3277432532398834,755.6495095141661,749.3237878048496,-0.008371237762575232
Puentes_Viejas,2021-10-22,2.7466603040703093,756.9809377204895,743.9774894801391,-0.017178039224485516
Puentes_Viejas,2021-10-28,1.3070368492503541,747.7704798286438,741.8738101905823,-0.007885667858154565
Puentes_Viejas,2021-11-03,2.4759079180511994,754.7089524147034,744.795661808014,-0.013135249787314299
Puentes_Viejas,2021-11-09,2.3014182742005094,713.6834993591309,749.1096558699514,0.04963846935319689
Puentes_Viejas,2021-11-15,3.4899445047681485,717.2112186492919,735.3338871246787,0.025268244561925203
Puentes_Viejas,2021-11-21,1.2797243101498528,363.5783788208008,412.1065556844734,0.1334737698679023
Puentes_Viejas,2021-11-27,2.8971700643397846,736.1433991699218,707.386891241455,-0.03906373127965661
Puentes_Viejas,2021-12-03,2.4330037171314878,317.83130830307005,378.3554401599092,0.19042847660283363
Puentes_Viejas,2021-12-09,3.3883434015320972,361.1801484733581,365.9785062823337,0.013285220212842177
Puentes_Viejas,2021-12-15,1.1730430539844057,326.38630763778684,393.0497181458596,0.2042469581231749
Puentes_Viejas,2021-12-21,0.5402902902941079,710.7829508321096,689.0969944755404,-0.030509955720211788
Panneciere,2014-11-02,3.4057203267013287,173.76219808883667,182.06487431640625,0.04778183240594596
Panneciere,2014-11-14,3.1993985895689363,138.8424200744629,231.29604592112224,0.6658888961822715
Panneciere,2014-11-26,1.241709333582014,198.3490555671692,217.0419220428467,0.09424227618440728
Panneciere,2014-12-08,4.103019570883158,214.8976754951477,249.54520762874827,0.16122804517903175
Panneciere,2014-12-20,3.202950940140083,246.15849195632936,258.59780644760133,0.05053376136817906
Panneciere,2015-01-01,1.7839195149143128,289.9264508468628,287.89864604988543,-0.006994204188870082
Panneciere,2015-01-13,6.610582239282252,297.146636013794,319.86098299789427,0.07644154175464335
Panneciere,2015-02-06,6.246204491113751,350.8286657272339,353.9794768081665,0.008981053684428227
Panneciere,2015-03-02,5.824357117310457,360.1223520019531,379.0606301490784,0.05258845512322594
Panneciere,2015-03-14,2.8074022259670555,363.1376502632141,370.60967709121707,0.020576293376869656
Panneciere,2015-03-26,3.623518010583779,354.7267301452637,372.7941678924561,0.05093339805487347
Panneciere,2015-04-07,3.547740031602576,348.6495677230835,382.91130093612674,0.09826982846069596
Panneciere,2015-04-19,2.503976560385018,352.31763631896973,381.1277149936452,0.08177302440969024
Panneciere,2015-05-01,5.1740804011434935,350.0581990440369,375.71978468093874,0.07330662646091506
Panneciere,2015-05-13,5.861686568882077,347.09198212051393,386.8105266998291,0.11443233098229412
Panneciere,2015-05-25,3.601590582414066,366.307527695465,382.5370893196106,0.044305837027838094
Panneciere,2015-06-06,4.186595133888824,359.1211664375305,387.5516964775085,0.07916695727519439
Panneciere,2015-06-18,3.2493840209399973,349.02227653045657,388.6649027978336,0.11358193712290938
Panneciere,2015-07-12,3.47410450035639,357.6329122451782,371.697302117157,0.039326329849465394
Panneciere,2015-07-24,2.242408052610196,348.1676520690918,357.0549463798523,0.02552590471270115
Panneciere,2015-08-05,1.681182780614193,328.9241558364868,334.70828961410524,0.017585007592126504
Panneciere,2015-11-09,2.928508433448416,131.37704030609132,196.0432131623601,0.49221821945147387
Panneciere,2015-11-21,5.7599167691392585,116.1017364463806,137.76059555053712,0.18655069051580686
Panneciere,2015-12-03,3.2987992304747924,121.28637250289916,186.88616086107143,0.5408669333943862
Panneciere,2015-12-27,2.5549082876928773,134.71175172576903,172.09490787963867,0.27750478837191606
Panneciere,2016-01-20,1.848567933614879,236.47541212844848,233.55691275863649,-0.012341660993603551
Panneciere,2016-02-01,4.716814488024756,261.5028003288269,263.3744629493713,0.007157332992958078
Panneciere,2016-02-13,9.650038738784094,302.58848248443604,348.1213515525818,0.15047786582718925
Panneciere,2016-02-25,2.8931821142602647,354.176374030304,361.9750892539978,0.022019298280541284
Panneciere,2016-03-08,1.6294039546896242,358.89160605926514,369.9226915168762,0.030736537916658542
Panneciere,2016-03-20,3.287472718276639,361.23914345169067,369.071470993042,0.0216818351037829
Panneciere,2016-04-01,2.0615922178426804,362.57940914840697,371.2218392372132,0.023835964952077057
Panneciere,2016-04-13,1.5080661084073244,361.27328855896,377.8696902229309,0.045938634794092555
Panneciere,2016-04-25,4.61422323290897,372.02338613967896,375.8681905830383,0.010334846105389166
Panneciere,2016-05-07,3.1150576651297857,368.1652451698303,377.20903528137205,0.02456448627400977
Panneciere,2016-05-19,3.1810128436240417,374.4185407073975,375.2161294204712,0.002130206243437639
Panneciere,2016-05-31,2.14966585850358,365.7096839492798,384.6601091644287,0.05181822097381801
Panneciere,2016-06-12,4.12660618370884,369.2482291061401,378.9792912994385,0.02635371391449842
Panneciere,2016-07-06,2.5901829471838456,375.2552811210632,381.7130430618286,0.017208983499107728
Panneciere,2016-07-18,2.2889491812274985,368.27466759719846,370.4195400070191,0.005824110639525781
Panneciere,2016-07-30,2.568001404188572,364.6003403068543,366.8120575286865,0.006066141408345316
Panneciere,2016-08-11,2.594460072319912,349.9374442062378,351.60466952819826,0.004764352456600452
Panneciere,2016-08-23,3.078997572174703,334.7290086219788,338.2746729812622,0.010592641414260168
Panneciere,2016-09-04,2.312691153502371,324.42022332153323,319.9771327255249,-0.013695479740807634
Panneciere,2016-09-16,3.765959843891435,297.9231233978272,297.7862189743042,-0.000459529364359663
Panneciere,2016-09-28,1.3526838728237982,293.0962105064392,280.4195208824158,-0.04325095026687465
Panneciere,2016-10-04,4.092436622825371,293.0962105064392,280.4195208824158,-0.04325095026687465
Panneciere,2016-10-10,1.9990224346810204,287.3122756454468,258.6725283370972,-0.09968159990383425
Panneciere,2016-10-16,3.37205228597022,282.41949686355593,250.83340445404053,-0.11184104766242625
Panneciere,2016-10-22,2.8335321117336822,242.1502385902405,222.17280710754395,-0.08250015196764586
Panneciere,2016-10-28,2.263934483071652,217.1361726448059,206.161364642334,-0.0505434348814125
Panneciere,2016-11-03,2.1267221585363405,203.62691897506716,185.4604056289673,-0.08921469439079534
Panneciere,2016-11-09,6.493877205382717,196.18895233459472,202.7819593707485,0.033605393971978564
Panneciere,2016-11-15,2.366565366129404,153.8251805366516,200.2456042060852,0.3017738936335791
Panneciere,2016-11-21,4.516191294130874,130.9344154472351,158.17142547225953,0.20802025145177053
Panneciere,2016-11-27,3.683190552877225,143.94548285217286,163.70514817276,0.13727186799518853
Panneciere,2016-12-03,3.801882868892688,215.3049302848816,238.80159272766116,0.10913202225183533
Panneciere,2016-12-09,2.313517998447534,234.7391046852112,219.57997784805295,-0.06457861742928124
Panneciere,2016-12-15,3.0288774052954923,235.31110284194943,213.98660517196652,-0.09062257331863285
Panneciere,2016-12-21,2.007043795116319,224.57265372695923,208.977508278656,-0.06944365304274398
Panneciere,2016-12-27,3.456866887248065,211.9920852043152,203.0309861236572,-0.04227091342594902
Panneciere,2017-01-02,2.2447767310527023,227.5820777778625,209.6931533920288,-0.07860427569913776
Panneciere,2017-01-08,1.6887269344745832,225.64838065643312,212.56369332580567,-0.05798706506363049
Panneciere,2017-01-14,3.182100333904291,228.49884294281009,222.51869838562013,-0.02617144349692266
Panneciere,2017-01-20,1.812924033931792,233.05211086120605,206.13760406112672,-0.11548707583304504
Panneciere,2017-01-26,3.243286439106363,246.89227362670897,216.1359295768738,-0.12457394311309034
Panneciere,2017-02-01,3.001168442192637,251.90717222976684,229.22830195770263,-0.09002868029251113
Panneciere,2017-02-07,3.604231616156817,234.1401507965088,244.77672570724488,0.04542823977242724
Panneciere,2017-02-13,4.478204018466981,259.7057661857605,256.7125080734253,-0.011525574330891998
Panneciere,2017-02-19,2.149824043029225,280.3581745849609,288.98763314590457,0.030780121085174705
Panneciere,2017-02-25,1.4573282402450372,303.42628889312743,291.5865609237671,-0.039020112636089135
Panneciere,2017-03-03,6.6674458829544765,304.1824597984314,296.7591965270996,-0.024403981992422795
Panneciere,2017-03-09,2.871261570797276,305.5639278282165,324.34602080764773,0.06146698372718345
Panneciere,2017-03-15,3.0402930566811386,326.8012012664795,333.1167002319336,0.019325201195647727
Panneciere,2017-03-27,2.230971045714608,360.75531819000247,361.8589589179993,0.003059250057723523
Panneciere,2017-04-02,3.659758848931886,360.75531819000247,361.8589589179993,0.003059250057723523
Panneciere,2017-04-08,1.817485682275224,360.6062864151001,364.9003125320435,0.011907796060993911
Panneciere,2017-04-14,2.367123119191396,362.4695281684876,364.20250132980345,0.004781017510830036
Panneciere,2017-04-20,4.331653419174143,362.4026162345886,365.7032621757508,0.009107676913197681
Panneciere,2017-04-26,2.682612711242129,365.5123069587708,374.33564572108247,0.02413964891011706
Panneciere,2017-05-02,3.371925975546449,370.52759551773073,372.0181319213867,0.00402274060471339
Panneciere,2017-05-08,3.81508847064457,372.92871835861206,373.1670371536255,0.0006390465074997071
Panneciere,2017-05-14,3.047848549277496,373.5273821022034,375.77982311172485,0.006030189799860966
Panneciere,2017-05-20,1.816015594894382,373.146165688324,376.0313163490296,0.0077319584816945034
Panneciere,2017-05-26,2.385154813567335,377.2087608345032,382.5029547782898,0.014035182884072406
Panneciere,2017-06-07,3.4863395545093767,373.6163915144917,370.65753640910737,-0.00791950024834376
Panneciere,2017-06-13,2.8181372544897774,375.6236332878113,375.87663323974607,0.0006735464159171483
Panneciere,2017-06-19,0.4955120841794443,371.6968826080322,375.9635216064453,0.011478812973829607
Panneciere,2017-06-25,2.535000452612508,370.02992175216673,370.8465393753052,0.0022068961863182138
Panneciere,2017-07-01,4.261697747708938,371.9558541290283,373.9974000465393,0.005488678010705096
Panneciere,2017-07-07,2.440079794352757,359.014028956604,378.8354621452332,0.05521074829926794
Panneciere,2017-07-13,3.3003524130100903,370.18659310150144,368.0569476547241,-0.005752897286027293
Panneciere,2017-07-19,3.2318579355280272,372.02972735097546,374.3979616916432,0.006365712647563633
Panneciere,2017-07-25,4.5696782721413785,366.85949179763793,363.247491872406,-0.009845731147728744
Panneciere,2017-07-31,1.5001973000543682,359.3004886871338,360.00828975372315,0.001969941842204625
Panneciere,2017-08-06,2.8378901843193094,354.88446795272824,352.305640750885,-0.007266666858428832
Panneciere,2017-08-12,3.267139059977226,352.25758104019167,354.7846352366309,0.007173881649266459
Panneciere,2017-08-18,5.32644763105962,341.80615444641114,343.4803960945129,0.004898219725778109
Panneciere,2017-08-24,2.05178964538145,331.5035520263672,332.551653931427,0.0031616611606515915
Panneciere,2017-08-30,2.2164825130768198,328.6052073066712,321.1270270812988,-0.022757339382006133
Panneciere,2017-09-05,3.603432937254144,322.4876518577576,314.9550239578247,-0.023357880081732157
Panneciere,2017-09-11,5.648485900654227,312.4172637748718,310.47863038330075,-0.006205269734927409
Panneciere,2017-09-17,2.814899734474471,303.5237183525085,297.9565900566101,-0.018341658194345297
Panneciere,2017-09-23,1.8009176441867636,285.7966248069763,281.9453961074829,-0.013475417010590887
Panneciere,2017-09-29,0.814035659595049,282.53614222640994,267.2395410758972,-0.05414033415326678
Panneciere,2017-10-05,4.207212587044084,272.43784424972534,255.27036812973023,-0.06301428557869093
Panneciere,2017-10-11,2.7344317935841453,262.9931644218445,246.87359130859372,-0.06129274556883448
Panneciere,2017-10-17,3.5638162465856738,248.81268808441163,238.6676684455872,-0.040773723064246065
Panneciere,2017-10-23,2.292595601346994,240.37401431121827,237.4762601890564,-0.012055188787628582
Panneciere,2017-10-29,3.378252666808053,192.4620722869873,185.2562198448181,-0.03744037646765171
Panneciere,2017-11-04,3.166648429358564,162.9639479362488,158.9626801475525,-0.02455308575527129
Panneciere,2017-11-10,4.473098246048623,116.44763511199952,232.2839174300908,0.9947499767314276
Panneciere,2017-11-16,1.3208398628411568,134.46633341293335,151.92594573898316,0.12984374514349994
Panneciere,2017-11-22,4.589850776910981,169.48908885726928,153.9479502571106,-0.09169403591074966
Panneciere,2017-11-28,3.42389687434988,169.0264783241272,220.2843838167049,0.30325370321142775
Panneciere,2017-12-04,1.2642780319901352,171.59211361923218,171.36780135345458,-0.0013072411140954518
Panneciere,2017-12-10,7.071584246855747,197.9199922775269,192.07513494110108,-0.02953141453355577
Panneciere,2017-12-16,3.2639379634618395,207.8887530509949,218.40256106567384,0.050574203079182055
Panneciere,2017-12-22,1.8172969302329904,244.57993940658568,244.09729587173464,-0.001973356997397473
Panneciere,2017-12-28,1.6709669821619129,268.8789521995544,266.37523569869995,-0.009311686468475517
Panneciere,2018-01-03,6.260702262558053,284.9315535598755,279.8285112693787,-0.017909712795022112
Panneciere,2018-01-09,3.63098338109538,296.1595347343445,312.377374332428,0.05476048445521411
Panneciere,2018-01-15,8.648678581988452,333.2181818786621,350.59115564575194,0.05213693223203534
Panneciere,2018-01-21,2.6507561456121493,332.4898278678894,360.1444084159851,0.08317421536000758
Panneciere,2018-01-27,1.4974651061708484,340.7644268783569,354.99391931762693,0.041757564220016245
Panneciere,2018-02-02,2.47304088555258,367.81810140075686,374.11897063481945,0.01713039464362159
Panneciere,2018-02-08,1.5622066927741582,365.0757971847534,375.80722710342405,0.029395073574926146
Panneciere,2018-02-14,3.8369201726071087,366.0023850830078,378.44387622312655,0.033992923672606805
Panneciere,2018-02-20,3.8776213969862794,365.2591928531422,371.80760912857056,0.01792813542700135
Panneciere,2018-02-26,6.648392512065134,360.52485163116455,369.0448297721863,0.023632152131742957
Panneciere,2018-03-04,3.489586160676498,374.3184797492981,377.7951232391986,0.009287929071065322
Panneciere,2018-03-10,3.923113611905911,363.02237734909056,366.4795791053772,0.00952338470573702
Panneciere,2018-03-16,0.2409792712106075,359.4154585861206,368.80667332229615,0.02612913415888947
Panneciere,2018-03-22,2.456273981704627,371.2000940910339,373.5411106781006,0.006306616362259257
Panneciere,2018-03-28,5.569082765439838,365.3490268630981,379.95718231084487,0.03998410936843867
Panneciere,2018-04-03,4.818163469101971,360.4553902420044,375.3716885063171,0.04138181497105134
Panneciere,2018-04-09,1.184807407574231,367.2055121719361,369.28219448242186,0.005655368020492538
Panneciere,2018-04-15,1.6134056343715808,370.15240977706907,375.6916146606445,0.014964659792196237
Panneciere,2018-04-21,1.027690065837655,367.2941018501282,369.6692188140869,0.006466526285052771
Panneciere,2018-04-27,4.812342248544814,370.0365892524719,365.4583955329895,-0.01237227304664927
Panneciere,2018-05-03,4.557145351508992,368.437509954834,376.0845044374264,0.020755200749049192
Panneciere,2018-05-09,3.596071781844599,374.2490079399109,376.8214960548401,0.006873733958814569
Panneciere,2018-05-15,3.21154331304716,367.3089532211304,370.1873282691956,0.00783638684225671
Panneciere,2018-05-21,1.174374585879792,376.44669851379393,378.4953044692993,0.005441954899839027
Panneciere,2018-05-27,0.8213552784649049,350.68342935943605,372.84271629853794,0.06318886232970403
Panneciere,2018-06-02,2.4290772598264114,369.5272498840332,378.0187382965088,0.022979329440901624
Panneciere,2018-06-08,2.90390401230198,372.75851517333984,377.9439852233887,0.01391107067705089
Panneciere,2018-06-14,2.808593241818112,374.67056779022215,375.058543863678,0.0010355125457120488
Panneciere,2018-06-20,3.034977285237768,374.241975,377.2089618026733,0.0079279904470183
Panneciere,2018-06-26,4.516390828097496,370.1874790039063,368.7927226409912,-0.0037677026966661865
Panneciere,2018-07-02,1.949836490289908,370.8667796562195,377.4063987632752,0.01763333753731657
Panneciere,2018-07-08,4.180878804698692,375.9627925243153,372.3019728893056,-0.00973718598702278
Panneciere,2018-07-20,1.7799919919419818,366.97503789520266,367.9343209251404,0.002614028015201661
Panneciere,2018-07-26,1.2353315529192053,366.97503789520266,367.9343209251404,0.002614028015201661
Panneciere,2018-08-01,3.0155896213667206,360.47769876937866,351.82903335342405,-0.023992234319848264
Panneciere,2018-08-07,2.5696854930429365,354.1020288482666,353.9660244598389,-0.0003840824885135813
Panneciere,2018-08-13,4.021008899834744,350.3457484085083,341.8740890991211,-0.024180853764804805
Panneciere,2018-08-19,3.096900791491204,336.729762046814,332.7151922988892,-0.011922230228543655
Panneciere,2018-08-25,3.8649777523910833,335.8590771682739,324.53414909744265,-0.033719285380984954
Panneciere,2018-08-31,3.3954282575915338,323.6308316772461,316.2074048316956,-0.022937946941204226
Panneciere,2018-09-06,2.0225773561038176,323.134588999176,315.61598011398314,-0.023267731592831846
Panneciere,2018-09-12,1.8299752623596623,144.00790869064332,147.12369844207765,0.021636240535425386
Panneciere,2018-09-18,2.8167835295472954,314.7782374404907,294.5888961822509,-0.06413830073642451
Panneciere,2018-09-24,5.128116707867089,309.15140401464726,280.9112908706665,-0.09134719356682192
Panneciere,2018-09-30,3.2128943689941307,294.07719103240964,276.984944065094,-0.05812163434814618
Panneciere,2018-10-06,1.880489925861972,294.5977684477294,272.53080030118457,-0.07490541514560102
Panneciere,2018-10-12,3.196149053307732,280.9907989768982,249.89490025253292,-0.11066518490138119
Panneciere,2018-10-18,4.128017998186856,265.6391936843872,238.2181168800354,-0.10322677321830552
Panneciere,2018-10-24,3.152369690239202,261.64326322097776,254.8479317796505,-0.025971742431556786
Panneciere,2018-10-30,2.6253731279343,248.59832506224396,234.2102607268868,-0.05787675492887852
Panneciere,2018-11-05,4.649738665772757,210.47526209869383,215.57150801001453,0.024213039862760764
Panneciere,2018-11-11,3.340216203855741,182.62141938552853,232.2228732117806,0.27160808405250325
Panneciere,2018-11-17,4.0309365802227966,165.99803640975952,198.6459572275109,0.19667654825242206
Panneciere,2018-11-23,3.209210318347236,176.21861941452028,163.19536710128784,-0.07390395156029311
Panneciere,2018-11-29,3.7087931615741327,147.4146784492493,190.36361902172317,0.2913477885939288
Panneciere,2018-12-05,3.2753005579366343,154.62704154129028,198.0602540363805,0.28089014742930457
Panneciere,2018-12-17,1.6548898298099222,219.3279534179688,203.0861404388428,-0.07405263545305751
Panneciere,2018-12-23,5.351345759222259,219.3279534179688,203.0861404388428,-0.07405263545305751
Panneciere,2018-12-29,0.8073404760373424,234.8761379951477,238.91844547271728,0.017210379530563848
Panneciere,2019-01-04,2.612679016983296,277.20795935058595,252.41915612869263,-0.08942312940784945
Panneciere,2019-01-10,3.8973139854321865,289.21763096313475,271.24051966018675,-0.06215772960687678
Panneciere,2019-01-16,3.244426965519352,288.6327159965515,273.58806368865964,-0.052123863561161936
Panneciere,2019-01-22,3.19570138819801,295.65582032699587,282.8290258918762,-0.043384210806109644
Panneciere,2019-01-28,3.46902318831527,314.9142583312988,296.0575162345886,-0.059878972126033034
Panneciere,2019-02-03,3.85760974552677,317.7103414855957,317.4045331863404,-0.0009625380710785771
Panneciere,2019-02-09,3.493764608531841,326.5841205429077,328.94567279281614,0.007231068816152514
Panneciere,2019-02-21,1.488698203532246,363.17141567039937,358.1982745475769,-0.013693646879235445
Panneciere,2019-02-27,1.2093632239001029,363.17141567039937,358.1982745475769,-0.013693646879235445
Panneciere,2019-03-05,3.606006196196513,367.73001063842776,359.27314244766234,-0.022997492579088615
Panneciere,2019-03-11,5.169415446668381,366.73667358474734,358.708418674469,-0.0218910610488022
Panneciere,2019-03-17,4.28401967702849,368.2133833946228,363.1316745132446,-0.013800989074674648
Panneciere,2019-03-23,3.1240379135188205,371.9012106674194,373.7999808959961,0.0051055768954587745
Panneciere,2019-03-29,1.6718827928735842,372.2476118774414,373.45231666183474,0.0032362995650056536
Panneciere,2019-04-04,1.383055383977979,372.7445118637085,371.1660645309448,-0.004234662838820913
Panneciere,2019-04-10,3.856783341297693,375.3235043289184,373.4795661491394,-0.004912930201576315
Panneciere,2019-04-16,2.2127335038460068,370.202761452909,376.664099344635,0.017453510790593967
Panneciere,2019-04-22,2.6577295813605213,369.0767404754639,378.74657690582274,0.026200069985178803
Panneciere,2019-04-28,2.6495270873159877,369.8184020561218,373.2006473602295,0.009145692278434607
Panneciere,2019-05-04,5.737773736412924,377.22212643966674,372.7448303260803,-0.011869123786148112
Panneciere,2019-05-10,3.0961555219940173,380.75710145973056,381.2371084648132,0.0012606646159518079
Panneciere,2019-05-16,2.9035975584033755,376.3238401473999,376.4872518806458,0.00043423167977312915
Panneciere,2019-05-22,3.3405916744553585,379.5146969997182,384.2895754547927,0.01258153766592625
Panneciere,2019-05-28,3.4838087499063346,379.5763729377746,379.1952706314087,-0.0010040200959198773
Panneciere,2019-06-03,1.5526437202068617,381.95866170578,381.9994448387146,0.00010677368266107245
Panneciere,2019-06-09,2.6067595855899275,379.7878025413513,373.5071682991028,-0.016537219468928846
Panneciere,2019-06-15,3.391494310875812,379.985206427002,376.8825715522766,-0.00816514649056861
Panneciere,2019-06-21,4.171315787064502,378.984662727356,377.0863917152405,-0.005008833334981535
Panneciere,2019-06-27,3.6585809023072766,378.0046743854567,376.9504159683228,-0.00278900894241035
Panneciere,2019-07-03,4.311482835276715,374.9767071670532,371.336414730835,-0.009708049504516137
Panneciere,2019-07-09,5.082191733980485,374.8066788665772,374.0578838108107,-0.0019978167358993284
Panneciere,2019-07-15,4.685509792656667,373.3811890283951,374.6370432773635,0.003363464164427603
Panneciere,2019-07-21,1.8342062808911128,370.3497676322937,370.0285483770812,-0.0008673402369498013
Panneciere,2019-08-02,4.099069442391362,360.28745957202403,353.82964539529854,-0.017924060372227664
Panneciere,2019-08-08,2.3385890051933216,358.5146749097607,345.45318692474365,-0.03643222690481124
Panneciere,2019-08-14,2.868459298296752,347.3927273536682,335.5796284660339,-0.03400502646564557
Panneciere,2019-08-20,0.9492447825853856,342.26219033203125,340.9355194946289,-0.0038761828647076633
Panneciere,2019-08-26,1.1504544329946451,341.3761093710387,324.42006876678465,-0.04966967558302292
Panneciere,2019-09-01,3.281206888309949,328.8705550758362,314.8516711250305,-0.04262736123510047
Panneciere,2019-09-07,3.124500102364076,328.7142576965332,319.2423671799873,-0.02881496708697766
Panneciere,2019-09-13,4.401222027937159,304.7687118537903,287.9125679870605,-0.05530798671622284
Panneciere,2019-09-19,5.18934634067693,315.66253038101195,312.0366602320892,-0.011486539579297614
Panneciere,2019-10-01,5.639684771004953,264.6878053016663,249.1464640304565,-0.05871574345292264
Panneciere,2019-10-07,1.7876682734772296,264.6878053016663,249.1464640304565,-0.05871574345292264
Panneciere,2019-10-13,2.6075091273191027,260.18948486862183,237.21096865310668,-0.08831454594376771
Panneciere,2019-10-19,2.439507289266306,252.6224006874085,234.9929607711792,-0.06978573502689377
Panneciere,2019-10-25,1.6053972559017613,224.6752601211548,217.87869350445015,-0.030250623112841307
Panneciere,2019-10-31,4.108153183843925,213.70532676773072,191.92542930831908,-0.10191555722466149
Panneciere,2019-11-06,2.479047006231789,162.24933220825196,174.76302978973388,0.07712634259363366
Panneciere,2019-11-12,2.5129438948886573,174.34045920715332,155.6341239479065,-0.10729772850385663
Panneciere,2019-11-18,3.134599784691845,178.83159105377197,164.76083734359742,-0.07868158879123148
Panneciere,2019-11-24,1.679676340134304,199.1031178703308,171.66093350219725,-0.13782900369247722
Panneciere,2019-11-30,4.181369376697844,202.78961546020508,172.0616267929077,-0.15152644082668704
Panneciere,2019-12-06,4.054765206903624,218.31263841171264,212.5431929840088,-0.026427445839499752
Panneciere,2019-12-12,6.884462860120126,225.63496807403564,198.36947325820924,-0.1208389597080538
Panneciere,2019-12-18,3.925199535435978,235.48256078796388,245.2137945892334,0.041324647433369145
Panneciere,2019-12-24,4.880520354327295,273.6358748451233,271.8133222938538,-0.006660502948676056
Panneciere,2019-12-30,2.1195108188122185,289.7557469367981,282.90434480209353,-0.023645440020207853
Panneciere,2020-01-05,1.6934770676258182,316.4380529701233,298.41855390167234,-0.05694479187732923
Panneciere,2020-01-11,1.175723379250312,319.4392259277344,307.49741439208987,-0.03738367290667709
Panneciere,2020-01-17,3.864804867132487,315.05690165481565,307.1910691314697,-0.02496638696702461
Panneciere,2020-01-23,2.471360010022113,315.81883821258543,317.7651789413452,0.0061628392396581326
Panneciere,2020-01-29,2.6038364827154967,341.98920460854026,325.2777518875122,-0.048865439305772626
Panneciere,2020-02-04,6.0701164726454255,335.78351115875245,332.55854467315675,-0.009604302708214264
Panneciere,2020-02-10,9.049446371142178,348.13361328430176,356.79002157821657,0.024865189581235844
Panneciere,2020-02-16,6.389301421348991,343.2698207832336,350.4928207557678,0.02104175647032871
Panneciere,2020-02-22,3.377334689917619,357.3798240760803,366.38989313812255,0.025211465379545748
Panneciere,2020-02-28,4.865403895273295,362.8313586013794,360.5455765304565,-0.006299847068715305
Panneciere,2020-03-05,8.420289423556182,365.0488981994629,372.19436039352416,0.019573986469497567
Panneciere,2020-03-11,3.533340530119944,350.5502725837708,379.926751512146,0.08380104431770233
Panneciere,2020-03-17,1.275230897963444,362.0759813697815,369.4664481048584,0.02041136975481708
Panneciere,2020-03-23,4.20517357772904,367.8796506645203,365.2064977203369,-0.007266378934944352
Panneciere,2020-03-29,6.338536518514824,368.648187197113,378.47474828414914,0.026655660948040935
Panneciere,2020-04-04,2.309857773026786,372.0710762756348,379.0053454032898,0.01863694753450281
Panneciere,2020-04-10,1.542516751880446,371.5062274368286,373.7113279586792,0.005935568125101014
Panneciere,2020-04-16,1.6639494661357963,370.056511743164,369.3082564186096,-0.0020220028585086216
Panneciere,2020-04-22,2.05281410896284,375.9900769355774,369.6686646629333,-0.016812710388969237
Panneciere,2020-04-28,4.605439999161498,378.4467902359009,374.9220868408203,-0.009313603618842895
Panneciere,2020-05-04,3.0156063402329334,383.59150000751873,373.9074976249695,-0.025245612539275306
Panneciere,2020-05-10,2.2625771453703587,376.8751419136048,379.1956309684753,0.006157182570036571
Panneciere,2020-05-16,4.388278203186268,376.67827794952393,379.0876332206726,0.006396321243327827
Panneciere,2020-05-22,3.694484727811023,378.75335546188353,380.972041620636,0.005857865354213985
Panneciere,2020-05-28,4.606268061197021,379.39278806610105,375.3644181716919,-0.010617940090382744
Panneciere,2020-06-03,0.917094125989449,379.29758495788576,377.5488604217529,-0.004610428870320925
Panneciere,2020-06-09,5.106082360537662,372.8538240310669,381.5844813354492,0.02341576441403173
Panneciere,2020-06-15,2.7639509002045446,379.3930116836548,379.61123655548096,0.0005751947587483252
Panneciere,2020-06-21,4.113249723830188,376.841316884613,380.50898108673096,0.009732648830650906
Panneciere,2020-06-27,4.199169697171283,376.1338940628052,379.0736436523438,0.00781569977059206
Panneciere,2020-07-03,3.076778372343042,373.5684212844849,373.5758471572876,1.987821341324405e-05
Panneciere,2020-07-09,3.5047831553262845,371.7935989845276,367.7244620613098,-0.010944612640808636
Panneciere,2020-07-15,3.1060670244403275,369.4245552909851,363.8186327629089,-0.015174742576763892
Panneciere,2020-07-21,4.181237689268902,367.2952041481018,369.2551404434204,0.0053361336417784904
Panneciere,2020-07-27,4.7260640902093565,363.2256836738586,357.06170837860105,-0.016970097579311623
Panneciere,2020-08-02,3.6128904322473914,357.01322161560057,361.426766338519,0.012362412526196317
Panneciere,2020-08-08,1.9577593195969332,356.9656419456482,363.61403347702026,0.018624737930336567
Panneciere,2020-08-14,3.376444503124305,347.29704755249026,343.200713217926,-0.01179490111831462
Panneciere,2020-08-20,2.0449830660231045,339.458039717865,343.2343775549496,0.011124608626807756
Panneciere,2020-08-26,3.81076219295732,333.7144136116028,326.3458909866333,-0.022080324746013028
Panneciere,2020-09-01,3.3248298347052208,331.0478637046814,332.6309610715709,0.0047820799964494775
Panneciere,2020-09-07,3.968007268305496,322.1752443733216,314.7856205352783,-0.02293665937125989
Panneciere,2020-09-13,1.5522618458551527,321.37004173355103,307.04681805496216,-0.044569256055498496
Panneciere,2020-09-19,3.152199178101357,318.07166626663206,290.02199818573,-0.08818662916485201
Panneciere,2020-09-25,6.116146757947754,310.2728458946228,309.0073447513625,-0.004078671917329432
Panneciere,2020-10-01,3.393111184967593,274.6501569236755,267.15890868225097,-0.0272756015337226
Panneciere,2020-10-07,3.591488004051622,275.8877344406128,254.7939434539795,-0.0764578788883198
Panneciere,2020-10-13,2.58045422911752,271.5803543769836,247.53345299911496,-0.08854433316074439
Panneciere,2020-10-19,4.113038253752145,261.16988789291383,239.8988908851624,-0.08144505930359432
Panneciere,2020-10-25,4.224136233223517,250.80581737670897,222.16678954315185,-0.1141880524666677
Panneciere,2020-10-31,3.478310940955818,190.52887905960085,217.3680337601875,0.14086659635566784
Panneciere,2020-11-06,4.055241079655837,196.6186196083069,174.59324377288817,-0.11202080392638547
Panneciere,2020-11-12,1.509483806755945,202.51908665542604,190.3998254112244,-0.059842563208977004
Panneciere,2020-11-18,2.8928963017290457,210.7319425201416,184.66372648773196,-0.12370320190029115
Panneciere,2020-11-24,3.8333023093595857,203.17177110824585,190.20275747680665,-0.06383275373688388
Panneciere,2020-11-30,1.6536370570000904,197.6800215049744,185.10059598617556,-0.06363529011697469
Panneciere,2020-12-06,1.1357263912809403,234.15989252090452,182.97658499069212,-0.21858272558629158
Panneciere,2020-12-12,5.018679300286382,195.42804748153688,171.41482105865478,-0.1228750260381676
Panneciere,2020-12-18,3.752179109029674,201.9408733757019,208.3370544364929,0.03167353371247039
Panneciere,2020-12-24,6.351867184402307,245.33448220291135,228.433037046814,-0.0688914375359534
Panneciere,2020-12-30,3.3120075817424555,253.5274166381836,252.42565468444823,-0.00434573099960914
Panneciere,2021-01-05,1.782407982172475,284.22317687149047,278.2156751464844,-0.02113656525527589
Panneciere,2021-01-11,1.6495204567629895,313.14497438354493,294.4516646774292,-0.05969538467898211
Panneciere,2021-01-17,2.940003325485624,334.08686302240704,305.98602051696776,-0.08411238398067325
Panneciere,2021-01-23,5.691273352489039,342.220911428833,333.1705927703857,-0.026445837633535006
Panneciere,2021-01-29,6.5590510053185165,340.84523120422364,346.73954598999023,0.017293229437130984
Panneciere,2021-02-04,3.301083743629935,345.2883933273316,361.1577886680603,0.045959828501054054
Panneciere,2021-02-10,4.268117767679131,367.3216259109497,366.9280946205139,-0.00107135344797592
Panneciere,2021-02-16,3.219189401232293,381.18944125595095,380.8905232719421,-0.0007841717310531994
Panneciere,2021-02-22,3.956867616492493,370.0091794944763,368.58850877914426,-0.0038395553247436644
Panneciere,2021-02-28,2.070305492828228,367.6552261894226,372.2282702285767,0.012438403464440383
Panneciere,2021-03-06,2.2626309204278163,366.138898336792,363.587471710968,-0.006968466441052957
Panneciere,2021-03-12,6.618595263574708,372.1527299331665,367.1525794837952,-0.013435748409716754
Panneciere,2021-03-18,3.628754545305602,368.58380450385897,374.4640441530594,0.015953602891249228
Panneciere,2021-03-24,1.509430357265592,367.1594056365967,368.656554977417,0.004077654876427447
Panneciere,2021-03-30,1.98025195302366,371.8326600532532,370.2062953086853,-0.004373915794096725
Panneciere,2021-04-05,5.259543660427975,368.920536845398,368.59396702423095,-0.0008852036917204239
Panneciere,2021-04-11,4.309939907337146,370.2835159551493,376.7318192577407,0.017414502738416396
Panneciere,2021-04-17,4.258343054415064,370.2268236862183,380.0666166496277,0.026577741897353645
Panneciere,2021-04-23,3.508288599439756,369.7368047821045,373.7656474090576,0.010896514966443133
Panneciere,2021-04-29,2.446273448676533,369.4098943954468,376.3713714782715,0.01884485821425382
Panneciere,2021-05-05,5.390926621819693,374.64270346984864,370.8117206825256,-0.010225697049058749
Panneciere,2021-05-11,4.3849597206442725,374.6908087341309,373.3242407432557,-0.0036471884525058032
Panneciere,2021-05-23,3.707760793855508,378.9150109264421,374.9140728376682,-0.010558932671977501
Panneciere,2021-05-29,3.881577464408747,377.7533996932983,384.4493467315674,0.017725709533535867
Panneciere,2021-06-04,3.339287795927001,374.6566751602173,383.7887837364197,0.024374605289755463
Panneciere,2021-06-10,2.618664859112397,380.1683479278565,380.2972502475514,0.00033906641727940906
Panneciere,2021-06-22,2.565131558532016,378.4743473861694,379.7402262245178,0.003344688608596156
Panneciere,2021-06-28,2.4198861535525653,378.4743473861694,379.7402262245178,0.003344688608596156
Panneciere,2021-07-04,4.629102994656847,375.0990600799561,376.0178486808777,0.0024494558870016394
Panneciere,2021-07-10,2.7696460220450145,374.41234873886106,381.0743115715027,0.017793117281204036
Panneciere,2021-07-16,3.894638249740901,375.4055132385254,373.8610526298523,-0.004114112750634461
Panneciere,2021-07-22,3.121497943140921,372.8335022140503,377.1547126998901,0.01159018827486945
Panneciere,2021-07-28,3.411719409757795,369.00365488815305,370.8206243652344,0.004923987751915526
Panneciere,2021-08-03,2.0520037497279446,368.1046511665344,366.7846873260498,-0.0035858385279881693
Panneciere,2021-08-09,2.1879627620944446,362.2394744819641,360.7629922767639,-0.004075983732340969
Panneciere,2021-08-15,3.63165587758228,354.29161264419554,350.4742353942871,-0.01077467575768466
Panneciere,2021-08-21,0.434157000149474,350.37190442962645,347.99822753829955,-0.0067747352493660665
Panneciere,2021-08-27,4.411897995615184,342.3366472137451,334.21167044754026,-0.023733879595811542
Panneciere,2021-09-02,1.9869136051592529,334.58623139953613,331.1839270469666,-0.010168692053878327
Panneciere,2021-09-08,2.234297368403869,328.9729313484192,313.3899641220093,-0.04736853929755632
Panneciere,2021-09-14,1.742543800311489,320.86852571258544,310.4573387237549,-0.03244689383512874
Panneciere,2021-09-20,2.5449210510029854,308.44246208343503,301.87610983428954,-0.021288742817029093
Panneciere,2021-09-26,1.832931625367587,291.3010444229126,292.07690112304687,0.0026634188753813415
Panneciere,2021-10-08,3.8502664333706575,277.8946544090271,241.84481988067628,-0.12972482182147288
Panneciere,2021-10-14,1.5157078507297463,277.8946544090271,241.84481988067628,-0.12972482182147288
Panneciere,2021-10-20,5.385550143611331,275.8393853775024,228.1137365859985,-0.17301970393455074
Panneciere,2021-10-26,1.61492885278585,203.26118607940677,184.07324425735476,-0.09440042239326488
Panneciere,2021-11-01,4.565224831110653,213.7994301864624,170.90450127716065,-0.2006316334514619
Panneciere,2021-11-07,1.842179168908201,204.84536140441892,179.25378865737915,-0.12493118014283586
Panneciere,2021-11-13,1.950076502936342,187.0445592704773,161.98395777359008,-0.13398198586812746
Panneciere,2021-11-19,1.748869658358635,182.5672128135681,162.01844692382812,-0.1125545248407978
Panneciere,2021-11-25,3.0813650677372784,204.76991474456787,164.63805714111328,-0.1959851262990244
Panneciere,2021-12-01,5.246243665508984,223.12218602371212,189.94387135543823,-0.14870020440167203
Panneciere,2021-12-07,5.797942275446483,198.21214746398925,194.7630679008484,-0.01740094947393412
Panneciere,2021-12-13,2.4397681559275144,243.73592175979616,281.97169009170534,0.15687375113132015
Panneciere,2021-12-19,2.262471725383151,271.83927919311526,259.7406929992676,-0.044506394476027146
Sarrans,2014-12-01,2.8461522751867547,91.47212238082886,498.1959551484293,4.4464239178169915
Sarrans,2014-12-13,2.8495398104862484,221.45427896575927,486.3422843832308,1.1961295426512297
Sarrans,2015-01-30,4.954542191571625,87.63098237838746,546.8489674660628,5.240361030129601
Sarrans,2015-02-23,5.130546525172211,235.3238769630432,487.9060799422589,1.0733386099145512
Sarrans,2015-03-07,2.0181379268646995,250.5842139793396,477.4776358269696,0.9054577630589975
Sarrans,2015-03-31,7.0245372005268445,27.15026022720337,537.5209978498541,18.798005372754464
Sarrans,2015-04-12,2.26745505827476,171.84494480743408,493.3152501666889,1.8706998085948225
Sarrans,2015-04-24,2.8691293895883687,38.5501411567688,515.4743300438078,12.37152898993467
Sarrans,2015-05-06,3.489095205552667,54.84758216018677,539.0858438748351,8.828798693448173
Sarrans,2015-05-18,3.294462327145298,83.44112998580933,544.6956653884321,5.527903750597186
Sarrans,2015-05-30,2.986391807153183,167.22115563430785,531.6017056053581,2.1790337986175974
Sarrans,2015-06-11,4.94010828666964,64.53759718093872,555.6918543952702,7.610358592020755
Sarrans,2015-06-23,3.0879968156543907,12.855469873046877,559.9242437801253,42.55533086768594
Sarrans,2015-07-05,4.237575738402819,305.01145168151857,524.1639281455186,0.7185057323448656
Sarrans,2015-07-17,2.899580402804105,379.7243341499329,522.4702724304349,0.37591991200684877
Sarrans,2015-07-29,2.821891460962249,313.9630847740173,549.9663056237346,0.7516909862813534
Sarrans,2015-11-14,1.2747425897718965,297.6503934509277,485.49034145221486,0.6310757591263036
Sarrans,2015-11-26,4.629404573064926,104.89298723983764,506.5833862556249,3.829525782284404
Sarrans,2015-12-08,1.3232821142198894,264.6997552055359,505.7135475073781,0.9105176244484932
Sarrans,2015-12-20,3.700052675130727,320.28789407653807,480.5376511130867,0.5003303590308484
Sarrans,2016-01-01,5.093477522211752,272.36812480621336,490.5480216423813,0.8010478355035131
Sarrans,2016-01-13,1.0296466486390738,414.32759316024783,508.8622592245783,0.22816406057650052
Sarrans,2016-01-25,1.6087866560325454,329.6859824989319,502.0083597165875,0.5226863936146084
Sarrans,2016-02-06,8.698170736387791,224.28780373001095,542.8418890816304,1.4202916077197072
Sarrans,2016-02-18,4.246840393276899,114.44004215087892,521.2221621051864,3.554543604746333
Sarrans,2016-03-01,3.673616483521345,114.28451503448488,540.9413799460348,3.7332867430273287
Sarrans,2016-03-13,4.583980288574878,115.59506349487305,543.2400918497365,3.699509437735035
Sarrans,2016-03-25,2.786962272883587,285.3127560005188,522.952654852241,0.8329101796321022
Sarrans,2016-04-06,3.9799693443971975,244.5089449401856,538.3287261574269,1.201672933843458
Sarrans,2016-04-18,4.245457110436599,93.29470995407104,552.0529448627126,4.917301689822372
Sarrans,2016-04-30,5.050545941640794,252.47849683151244,531.3982230363735,1.1047266587260844
Sarrans,2016-05-12,3.0206415903104165,331.5508699867249,491.44879121999406,0.48227266373836214
Sarrans,2016-05-24,2.2526984439160205,284.681601499176,547.2342253246263,0.9222676226451195
Sarrans,2016-06-05,2.3564840221295844,433.6575483589172,512.4386094126983,0.18166652777499406
Sarrans,2016-06-29,3.652007789507889,292.98263928451536,541.9673749158524,0.8498276083503638
Sarrans,2016-07-11,2.597746996142889,427.8888242797852,530.7457061336173,0.24038225823485573
Sarrans,2016-07-23,3.296359226927944,421.8141972503662,514.3794846155145,0.21944564210627196
Sarrans,2016-08-04,2.423341298035238,416.26418629074095,507.9306966240349,0.2202123395483973
Sarrans,2016-08-16,1.7957008961421113,242.26387253952024,560.3572564640597,1.3130037945408028
Sarrans,2016-08-28,2.853646242682204,328.5450437477112,528.1061594736975,0.6074086933395615
Sarrans,2016-09-09,2.505938915090597,437.0962167633057,506.0387107792455,0.15772841624312944
Sarrans,2016-09-21,1.8762399405821877,437.5620736968994,505.318131812065,0.15484901957499278
Sarrans,2016-09-27,1.7077050195576051,437.5620736968994,505.318131812065,0.15484901957499278
Sarrans,2016-10-03,2.8201444023940443,443.47444185409546,525.7792854178365,0.1855909513514188
Sarrans,2016-10-09,2.4291849069599896,321.1983489387512,517.448457738459,0.6109935167728099
Sarrans,2016-10-15,1.3419741116780444,428.2875500991821,541.1920241466837,0.2636183891438249
Sarrans,2016-10-21,1.4430920878398064,432.5791288894653,507.22883881484086,0.17256891269123245
Sarrans,2016-10-27,3.243854834170568,447.2734205505371,503.0437438087284,0.12468955385174704
Sarrans,2016-11-02,1.5671351014884527,212.5522769355774,523.3102083363312,1.4620305925724881
Sarrans,2016-11-08,3.192812658734298,175.3482194190979,514.570732332237,1.934564913387384
Sarrans,2016-11-14,3.6398239348545074,430.7877274688721,518.067766677282,0.2026056770958419
Sarrans,2016-11-20,5.526512214177382,98.34241172332764,524.4673224084323,4.333073627317035
Sarrans,2016-11-26,3.7561833066145676,139.5364472442627,542.4488982757449,2.8875068771542676
Sarrans,2016-12-02,2.9674815718551057,337.6159102912903,500.4342093278145,0.4822589637320316
Sarrans,2016-12-08,2.8335228275332733,319.48741487503054,524.5118002649764,0.6417291443863051
Sarrans,2016-12-14,3.849862629091893,344.1888032936096,494.4849588383215,0.43666776521054357
Sarrans,2016-12-20,1.868364546089407,424.34513475265504,500.9268121248732,0.1804702613518983
Sarrans,2016-12-26,2.2809483650857025,436.3869782341004,499.57667123988426,0.1448019674223314
Sarrans,2017-01-01,1.600529502884073,69.05821856536865,547.8468789871727,6.933116294747679
Sarrans,2017-01-07,2.776293794770424,348.1591531814575,521.5471435281612,0.4980135916643139
Sarrans,2017-01-13,5.652766863305512,340.95840938568114,512.323345270709,0.5025977690175852
Sarrans,2017-01-19,1.8596952836625467,335.7840492828369,481.8695302576013,0.43505783341040705
Sarrans,2017-01-25,2.1948202720158685,266.5062406616211,464.8775998658184,0.7443403903478056
Sarrans,2017-01-31,2.32273294388815,236.376983808136,458.2078492629647,0.9384622050803636
Sarrans,2017-02-06,5.434397675260937,215.0323818534851,432.147419186868,1.0096853109375723
Sarrans,2017-02-12,7.878656512737182,225.69470766296388,441.9280698961655,0.9580790106789249
Sarrans,2017-02-18,2.1552940864743784,116.5508134689331,470.06718916303737,3.0331523665283977
Sarrans,2017-02-24,4.172095517331114,227.48844017028807,436.4109172310265,0.9183872240028901
Sarrans,2017-03-02,1.9658973424267197,218.1014576622009,472.0201159840214,1.16422265602229
Sarrans,2017-03-08,2.2763663075020966,237.6884283821106,431.6358908951344,0.815973515552182
Sarrans,2017-03-14,2.6994275479168244,221.66075776062013,477.57374362352266,1.154525448926204
Sarrans,2017-03-20,1.5948279009037107,238.44622423095703,463.0257995461019,0.9418458020858361
Sarrans,2017-03-26,2.1449159338964363,240.92994921798703,491.54800490947946,1.0402113000270459
Sarrans,2017-04-01,2.8086305329153185,264.24651378097536,457.6471758610026,0.7318948481580735
Sarrans,2017-04-07,2.8508206668646054,252.70409985351563,468.1655448262682,0.8526234639550708
Sarrans,2017-04-13,2.5782096573932387,107.41973784332276,507.30841458728565,3.722674107874115
Sarrans,2017-04-19,5.293879272115639,205.70743254852292,494.2412312593648,1.4026415824463787
Sarrans,2017-04-25,2.743541270097154,45.38817712249756,532.233729905937,10.726263614189623
Sarrans,2017-05-01,3.157098599708467,85.80137570190429,571.7236959272461,5.663339500680723
Sarrans,2017-05-07,4.4453650149880986,308.8546015289307,502.2546952257344,0.6261849191801268
Sarrans,2017-05-13,2.288478403906411,319.9460344657898,494.1279012435494,0.5444101442563244
Sarrans,2017-05-19,3.7265438115149587,323.5895427619934,515.9452553633388,0.5944435378210811
Sarrans,2017-05-25,3.3376207367395763,342.0120151489258,513.7754096832066,0.5022145039538687
Sarrans,2017-05-31,2.6317915011395527,289.48709798965456,522.1183017941315,0.8035978301623327
Sarrans,2017-06-06,4.226776349294489,433.4244734718323,524.0317631975153,0.209049777461566
Sarrans,2017-06-12,1.8080019950471797,268.8101745788574,555.1294938843432,1.0651357217190898
Sarrans,2017-06-18,4.165091313918988,332.64906873016355,524.2892141873947,0.5761030571610731
Sarrans,2017-06-24,2.6615361202389476,307.08290103378295,498.4304114412973,0.623113529810192
Sarrans,2017-06-30,4.430600115031089,292.83675187225344,507.162447459256,0.7318947987802419
Sarrans,2017-07-06,2.633294552812662,147.94986865615846,369.6171576820429,1.498259451254048
Sarrans,2017-07-12,2.5660629534330996,335.887673777771,488.1684234748093,0.45336807982358357
Sarrans,2017-07-18,4.551156126533619,401.5918186203003,525.0411351555857,0.3073999788128282
Sarrans,2017-07-24,4.465546890205822,402.9718105834961,520.4251759843835,0.2914679446952306
Sarrans,2017-07-30,1.1267105158756698,389.3704623191833,533.8566418326286,0.371076374547908
Sarrans,2017-08-05,2.161587484171557,415.6609612228394,494.1873942782922,0.188919432858055
Sarrans,2017-08-11,3.5253966904340763,322.4206492851257,501.8062176086637,0.5563712148129267
Sarrans,2017-08-17,1.690007170923117,408.3253475479126,510.260613513088,0.24964226829737626
Sarrans,2017-08-23,1.5492632959718111,414.4561556480408,511.7995936617204,0.23487029131338164
Sarrans,2017-08-29,2.1960271818707193,335.5829569351196,491.213411141552,0.4637614961969639
Sarrans,2017-09-04,1.6854349526990917,418.4626919509888,486.532009989241,0.1626652013370515
Sarrans,2017-09-10,3.2830161551576555,412.9541418373108,491.3216035003782,0.189772794902591
Sarrans,2017-09-16,2.246272894784161,332.5080651100159,491.215523544138,0.47730408698992344
Sarrans,2017-09-22,1.10791585463905,414.4214545989991,488.7158705681057,0.17927261039367534
Sarrans,2017-09-28,1.6578212138261224,413.273364414978,484.3664617221279,0.17202438731513206
Sarrans,2017-10-04,1.6471050904234414,413.91167554397583,484.8105044787149,0.17128975364505383
Sarrans,2017-10-10,1.4654160456574492,411.4451137985229,498.91509814908505,0.21259210868498626
Sarrans,2017-10-16,2.6914506619675413,406.710355242157,498.7178832008543,0.22622371614786072
Sarrans,2017-10-22,4.327098825998675,328.4246473594666,479.62792207745423,0.46038954729391246
Sarrans,2017-10-28,2.8346376844295174,273.6500784317017,521.3366539037067,0.905121521950608
Sarrans,2017-11-03,2.4550027821452582,312.42923454589845,493.76428428417137,0.580403591238301
Sarrans,2017-11-09,2.4209708435066304,305.98663037033083,479.4169863150742,0.5667906330902214
Sarrans,2017-11-15,3.7279962093863395,264.46651443405153,506.36619275018126,0.9146703462016202
Sarrans,2017-11-21,0.8435429222816608,84.682364112854,532.8350895311664,5.292161244117735
Sarrans,2017-11-27,1.200136397686407,304.8781389511108,465.29871326828,0.5261793281377043
Sarrans,2017-12-03,2.9093695356647893,280.15969807662964,464.6077232624996,0.6583674470387938
Sarrans,2017-12-09,2.588766232299065,274.1597853782654,443.9939065183453,0.6194713090607192
Sarrans,2017-12-15,3.9993957742020485,255.94375838165283,447.976986750937,0.7502946334129083
Sarrans,2017-12-21,2.2599996150616173,232.9817685310364,477.5648622236485,1.049794991405219
Sarrans,2017-12-27,6.183570253688069,249.46319967651368,470.7129040479384,0.8869031771352479
Sarrans,2018-01-02,3.4760191160049607,173.4695930267334,516.4082028408485,1.9769378819103176
Sarrans,2018-01-08,3.8381512071185098,294.77248534469607,512.7258484981073,0.7393952081332986
Sarrans,2018-01-14,3.1290759349245665,94.2859834411621,521.3971059949988,4.5299535197654235
Sarrans,2018-01-20,5.0907335073949405,422.0627757499695,497.2459005077856,0.17813256481626968
Sarrans,2018-01-26,2.9754514696304106,73.76099335479736,517.3146160921762,6.013390039418854
Sarrans,2018-02-01,3.500357799017762,332.67930868225096,499.3701585358624,0.5010556578161625
Sarrans,2018-02-07,3.691099815654929,347.95994141311644,500.4826285427617,0.43833404072384946
Sarrans,2018-02-13,2.2881104262494913,437.7901863258362,506.8767404246701,0.1578074526490517
Sarrans,2018-02-19,2.448342359730665,292.11997301254274,510.1474436866341,0.7463627646738483
Sarrans,2018-02-25,2.7987500560246454,429.8738309280395,500.82011569592646,0.16503978531264277
Sarrans,2018-03-03,1.6109250460567681,130.68133037872315,551.7142667378833,3.221829278436169
Sarrans,2018-03-09,3.983076904609351,337.1367784324646,485.50010128596585,0.44006863784878175
Sarrans,2018-03-15,3.5335195718796424,339.47545067520144,519.9855505857939,0.531732411140676
Sarrans,2018-03-21,6.086656122834794,431.0078402397156,497.7680665672302,0.15489329913438293
Sarrans,2018-03-27,3.658970799595546,122.56344081726074,508.6386392685714,3.1500029362502957
Sarrans,2018-04-02,4.7473280534031765,256.3469199371338,526.7827862182049,1.0549604666496186
Sarrans,2018-04-08,4.840827974042178,339.7383904884338,521.2073896603094,0.5341433416193617
Sarrans,2018-04-14,2.593664318936926,424.75583409347536,518.0383530328011,0.21961445011911754
Sarrans,2018-04-26,2.3815541057567984,294.09771497955325,488.0127380249802,0.6593557622809434
Sarrans,2018-05-08,1.8951895073923477,323.8521581718445,508.7826455370136,0.5710336729238039
Sarrans,2018-05-20,1.950460809229083,400.8553853500366,519.1715204463526,0.2951591507071795
Sarrans,2018-06-01,2.1443438065717264,426.7623570007325,503.6118844981983,0.1800756937363478
Sarrans,2018-06-13,4.337631575227652,412.4973246040344,533.7091552283823,0.2938487679664393
Sarrans,2018-06-25,3.912589095010441,253.23475251541137,547.9616227967446,1.163848434520837
Sarrans,2018-07-19,2.0673865602725785,444.48708430099487,492.7812990921648,0.10865155928460307
Sarrans,2018-07-31,2.038306863133765,438.6973309516907,491.9293188001715,0.12134103422284714
Sarrans,2018-08-12,2.480573213332352,444.1822011810303,501.0878528070218,0.12811330907606347
Sarrans,2018-08-24,3.138560505933864,348.28554945373537,527.0123903559876,0.5131618041075041
Sarrans,2018-09-05,1.7883330063981193,443.9780441001892,499.0207116259856,0.1239761025510877
Sarrans,2018-09-17,2.1677250557753767,442.0565517852783,506.7282333325434,0.1462973035601072
Sarrans,2018-09-29,2.378763168389273,437.6607580001831,504.46697531752346,0.15264383679862026
Sarrans,2018-10-11,4.191139751880261,429.4825241065979,482.09226418326887,0.12249564795705908
Sarrans,2018-10-23,3.010780400712873,422.11944030838015,494.3638212173462,0.17114677508381934
Sarrans,2018-10-29,3.677612685190649,422.11944030838015,494.3638212173462,0.17114677508381934
Sarrans,2018-11-04,2.6774660798778127,271.7814109954834,501.1887367677576,0.8440876251690613
Sarrans,2018-11-16,1.5863678516170707,326.730641040802,478.3882252319964,0.464167008359205
Sarrans,2018-11-28,0.9352265886350208,276.0977033294678,443.88633137795534,0.6077146822487877
Sarrans,2019-01-27,6.918958420516044,226.32261073303223,506.12063714098167,1.2362795988510236
Sarrans,2019-02-08,1.1775888023042045,309.2815601242065,454.71503354100247,0.4702300174584942
Sarrans,2019-03-04,4.773958905980095,82.7513879585266,545.3121942559363,5.589764929734305
Sarrans,2019-03-16,1.439172622318381,340.7522659439087,482.0840695453958,0.4147640902988206
Sarrans,2019-04-09,1.4488943739109441,319.03428551254274,483.0462807304352,0.5140889323365354
Sarrans,2019-04-21,1.4928201113409516,231.71994387283328,456.8018708451963,0.9713532776267493
Sarrans,2019-05-03,1.9086910705796345,388.308965927124,457.1158930263176,0.17719633883526392
Sarrans,2019-05-15,5.084313167115118,166.57544616394043,541.1709800037579,2.2488040252411965
Sarrans,2019-06-08,0.6379735690719495,423.91782046813967,488.7335231903436,0.15289685781698642
Sarrans,2019-06-20,1.91560376968945,334.88136538772585,510.5943882984594,0.5247023007902901
Sarrans,2019-07-02,2.1976920538619993,116.80055128555298,556.7716510073581,3.7668580745493876
Sarrans,2019-07-14,3.5341760672300992,385.2660485328674,533.966141240363,0.385967290068151
Sarrans,2019-08-07,1.94433153408831,417.4548174926758,499.88714369088274,0.1974640673529974
Sarrans,2019-08-19,1.8685369572981654,426.01588601531984,478.1874382316589,0.1224638656185299
Sarrans,2019-08-31,1.758983260756831,424.59852893600464,494.0077769848364,0.16347029798422388
Sarrans,2019-09-12,2.248915989513936,418.3330074378968,477.7424836304849,0.14201479475990827
Sarrans,2019-10-06,3.7807605039267598,232.40805702819824,529.6132694482661,1.2788076980653376
Sarrans,2019-10-18,1.724546495600435,417.4970655761719,465.05559192049503,0.11391343859792022
Sarrans,2019-10-30,1.1710373205048716,428.1505069465637,478.78615893562176,0.11826600965668768
Sarrans,2019-11-11,1.3104305416665378,441.51064469604495,501.8136408879178,0.13658333477641985
Sarrans,2019-11-23,3.3960553801278692,449.1945092681885,496.0115054897622,0.10422432878319526
Sarrans,2019-12-05,2.154871885683863,442.8508360877991,496.0658718303097,0.12016469521118893
Sarrans,2019-12-17,7.052854605867232,290.866219128418,500.42849145405495,0.7204764889975581
Sarrans,2019-12-23,4.571078863109577,290.866219128418,500.42849145405495,0.7204764889975581
Sarrans,2019-12-29,2.015228970940676,428.50526042404175,500.9588758843036,0.1690845414326138
Sarrans,2020-01-04,2.6510495345303218,439.5345842315674,492.7445676048189,0.12105983301923283
Sarrans,2020-01-10,3.5011763004905943,414.5730751235962,523.7303573001817,0.2633004619126377
Sarrans,2020-01-16,3.3004414135671944,442.23472491149903,494.1735842357052,0.11744636139688105
Sarrans,2020-01-22,5.562661471221937,428.085816342926,495.56322245245536,0.15762588605709685
Sarrans,2020-01-28,6.520257365120196,350.5481841087341,513.4100420933083,0.4645919316303097
Sarrans,2020-02-03,2.572735961332102,81.51878955688477,534.5826836922947,5.557784856695604
Sarrans,2020-02-09,3.449903144321012,425.8813596351624,490.16208883361816,0.15093576589856567
Sarrans,2020-02-15,2.147020280594063,373.60288613586425,530.2381094278821,0.4192559241500506
Sarrans,2020-02-21,2.0390507934385624,437.6267272842407,492.7558375010861,0.12597290517185156
Sarrans,2020-02-27,5.266707476761941,433.289642048645,501.3328280873287,0.15703857058979628
Sarrans,2020-03-04,1.1815470317646832,89.13285174331665,523.5945735158673,4.874316408317177
Sarrans,2020-03-10,3.161798515665133,423.56529649276735,501.1058080317868,0.18306625254966685
Sarrans,2020-03-16,4.768460390169789,421.12080297698975,497.76123374035416,0.18199155734311248
Sarrans,2020-03-22,2.3339388053233403,435.4231508331299,498.68422561051005,0.14528642920418375
Sarrans,2020-03-28,2.044180139993378,438.45624338531496,512.2257927295999,0.16824837245949836
Sarrans,2020-04-03,2.4922283661934634,301.3196613014221,524.0756347881184,0.7392679671966859
Sarrans,2020-04-09,2.3643030330205113,322.15877138061524,528.3678571274253,0.6400852749192535
Sarrans,2020-04-15,4.598353298189188,320.56373877182006,491.7498440096268,0.5340158119370403
Sarrans,2020-04-21,1.113324341656897,310.0123264297485,523.9114714470298,0.6899698069449273
Sarrans,2020-04-27,2.2081666053876456,342.6650645347595,491.2222354430255,0.43353462691028594
Sarrans,2020-05-03,4.024665924412434,275.2090961463928,515.51882374296,0.8731896254938407
Sarrans,2020-05-09,3.3278894004326336,429.6952355087281,499.5325152346922,0.16252747052985542
Sarrans,2020-05-15,3.759508293470013,431.694933013916,513.6502551929939,0.18984545777940828
Sarrans,2020-05-21,1.918694423195082,405.4244657546997,554.9657232508432,0.36885109342814737
Sarrans,2020-05-27,2.219578660645798,447.1452528282165,497.6598307809688,0.11297129430144906
Sarrans,2020-06-02,1.5409393330057684,408.2799138458252,536.5307278481276,0.31412472094018457
Sarrans,2020-06-08,3.010052067991894,449.0167765571594,520.0633841954728,0.1582270671110866
Sarrans,2020-06-14,2.164168651125449,428.67442399215696,538.5836954046812,0.25639334950044773
Sarrans,2020-06-20,2.3896605599140845,415.0113842002869,519.6984455156634,0.252251059370588
Sarrans,2020-06-26,2.0549411425483406,428.3681702514649,512.8612843082713,0.1972441463314288
Sarrans,2020-07-02,2.5767896214091204,451.5123732376098,502.7465224582358,0.11347230387784721
Sarrans,2020-07-08,1.5424227290015078,426.50810755233766,519.6743581297213,0.2184395769450902
Sarrans,2020-07-14,2.56708678216099,451.05895874786376,517.0967175424703,0.14640604629143572
Sarrans,2020-07-20,1.559228797715679,345.4808612998962,511.57740781882194,0.4807691687868778
Sarrans,2020-07-26,1.926005027563557,449.3993300819397,498.6642900869721,0.10962401745469852
Sarrans,2020-08-01,2.289420869676167,355.46042609710696,526.8159193685643,0.48206630243740656
Sarrans,2020-08-07,2.1177802375691623,441.0931361427307,528.4778904745873,0.1981095310074838
Sarrans,2020-08-13,2.40166657384,439.17318032608034,504.76695461039225,0.1493574225903535
Sarrans,2020-08-19,2.450740673855409,444.6077398796082,530.1148731688136,0.19232038855724645
Sarrans,2020-08-25,3.128684007455493,437.0734420402527,502.0105784249937,0.1485725970482566
Sarrans,2020-08-31,3.032828882927923,438.3060544883728,523.4230263195412,0.19419529107468986
Sarrans,2020-09-06,2.2329942806357423,431.46774100494383,513.2040993386213,0.18943793606285136
Sarrans,2020-09-12,1.8762020737751584,439.7312824546814,519.2879043183001,0.18092099661301173
Sarrans,2020-09-18,5.149694542885172,436.3218893615723,499.4180384821784,0.1446091765254515
Sarrans,2020-09-24,3.3603753196332846,445.2960396064759,492.3297152619514,0.1056233864038872
Sarrans,2020-09-30,1.3675002986777698,241.7668761924744,548.2532210377323,1.2676936959770257
Sarrans,2020-10-06,4.918756381132532,451.1789299240112,511.71875885053146,0.13418141874824818
Sarrans,2020-10-12,3.516570422644329,135.49246185455323,558.0034843001301,3.1183360067597623
Sarrans,2020-10-18,1.6605634538330765,461.1873764549255,501.40450530620205,0.08720344680814822
Sarrans,2020-10-24,1.8733378541586012,451.66767789840696,532.1997864004846,0.17829947202950322
Sarrans,2020-10-30,2.0617901141928194,456.1834124542236,498.3403405747388,0.09241223369722029
Sarrans,2020-11-05,2.8141153901476255,439.7395713470459,520.1746810571857,0.1829153320537982
Sarrans,2020-11-11,1.7391476856968802,322.0127010635376,524.1489210309555,0.6277274756548614
Sarrans,2020-11-17,1.891512829029921,428.5256013793945,493.1628856884077,0.1508364590142344
Sarrans,2020-11-23,1.3729574152765367,435.0190642677307,515.4048326730706,0.1847867714502434
Sarrans,2020-11-29,1.749778465743078,345.73526220779416,496.9674857083758,0.43742203943804814
Sarrans,2020-12-11,4.238748860140457,246.94629305725095,525.4919242440587,1.1279603663547644
Sarrans,2020-12-17,1.2088346772438654,246.94629305725095,525.4919242440587,1.1279603663547644
Sarrans,2020-12-23,2.6249543043967085,421.40273276672366,492.7490868453979,0.1693068139597698
Sarrans,2020-12-29,4.0682857906752785,254.62503590393067,506.72602344327447,0.9900871948603703
Sarrans,2021-01-04,0.9151118220735374,319.43039448394774,531.5646289894164,0.6641015951164566
Sarrans,2021-01-10,4.337237016980165,449.2307736808777,518.6311682534073,0.1544871781687643
Sarrans,2021-01-16,1.9082034879168965,48.2020503868103,557.7293421881402,10.570655972359916
Sarrans,2021-01-22,4.76946428077628,428.0739023963928,505.85717605893615,0.1817052458164495
Sarrans,2021-01-28,4.899293773684731,309.026150440979,530.785428946922,0.7176068374456126
Sarrans,2021-02-03,2.765258146048329,266.9950842453003,520.1983305353621,0.9483442251597136
Sarrans,2021-02-09,3.2006180969228257,312.78206378326416,498.929964716357,0.5951361106884958
Sarrans,2021-02-15,3.7486006008569683,426.0888989074707,495.160962448533,0.16210716523751054
Sarrans,2021-02-21,7.349464115642541,345.1179195854187,499.8961454548196,0.44847925038297637
Sarrans,2021-02-27,4.67627729612359,400.2794120483399,498.13315761619714,0.2444635987324771
Sarrans,2021-03-05,2.9034060409793776,119.70287500305176,534.7642742570047,3.4674304960793227
Sarrans,2021-03-11,3.2438902617554928,96.06788766174316,540.597436725428,4.627243919725619
Sarrans,2021-03-17,5.561658181599753,68.26884386978149,558.3398029392347,7.178544871863256
Sarrans,2021-03-23,1.8035481250695926,321.5278452384949,501.4930974459061,0.5597190254981527
Sarrans,2021-03-29,2.7535453709813726,337.8738357398987,498.4299000893088,0.4751953166122309
Sarrans,2021-04-04,3.8053969355271198,339.5256633590698,477.83120190470976,0.4073492918836391
Sarrans,2021-04-10,4.1643476513678594,295.16456034088134,492.5910716347848,0.6688692946941136
Sarrans,2021-04-16,4.065953255033548,333.25201487350466,487.4630764054541,0.46274607398993417
Sarrans,2021-04-22,2.376028609008649,120.6879144340515,512.9396306772001,3.2501325263805922
Sarrans,2021-04-28,1.5619878243791594,249.50662544555664,474.4885998515738,0.9017074156017116
Sarrans,2021-05-04,3.535870711152162,269.1716911354065,458.210482427805,0.702298189289537
Sarrans,2021-05-10,2.2073344285722407,89.56316835327148,522.0734811527657,4.8291091165232976
Sarrans,2021-05-16,3.7344336272579763,280.31160741348265,495.7422410758672,0.7685398248407411
Sarrans,2021-05-22,3.761811541133119,234.77555612411496,522.7504504924281,1.226596580676713
Sarrans,2021-05-28,2.729539024553338,322.90166593093875,491.3110786497049,0.521550151292143
Sarrans,2021-06-03,3.359258489051118,333.1873654914856,491.4931906730503,0.47512553469141117
Sarrans,2021-06-09,2.7659900969334306,403.1574494041443,502.32215087349385,0.24597015785250223
Sarrans,2021-06-15,1.5527409526364164,417.24701238708496,506.2858627487721,0.2133960165521443
Sarrans,2021-06-21,2.340148549129895,411.35208470687866,481.2407714239143,0.1698999210538508
Sarrans,2021-06-27,1.4652522297750217,416.8310567962647,495.4598368397072,0.18863464888575712
Sarrans,2021-07-09,1.636617233661748,413.96695120544433,491.6268315468013,0.18759922770457055
Sarrans,2021-07-15,3.6024908985672863,413.96695120544433,491.6268315468013,0.18759922770457055
Sarrans,2021-07-21,2.139220054799973,429.460629737854,486.4890096813905,0.1327907053513777
Sarrans,2021-07-27,1.1420845076814106,419.6655924552917,493.87042197554354,0.17681895026492345
Sarrans,2021-08-02,2.0609495607951693,431.5305110107422,483.0806468371821,0.11945884360690462
Sarrans,2021-08-08,2.207809022932949,420.1749799468994,516.5124052049734,0.229279299948438
Sarrans,2021-08-14,2.200921521497168,435.0534943145752,511.8355072461446,0.17648867078412764
Sarrans,2021-08-20,1.8967235540117995,426.3998583381653,510.0473727563536,0.196171534259399
Sarrans,2021-08-26,1.9769992198563684,427.7678070198059,502.4438618677386,0.17457146990136901
Sarrans,2021-09-01,2.1804890770999177,314.9462608795166,492.0140690319974,0.5622159401353187
Sarrans,2021-09-07,3.3596671619294325,417.0791895503414,479.2837764559308,0.14914334846735697
Sarrans,2021-09-13,2.499214117830505,410.82804499206543,493.3522119156663,0.20087276886171374
Sarrans,2021-09-19,4.33935455317906,405.8950087898255,476.77652365508135,0.17463017117798224
Sarrans,2021-09-25,3.6515166206365866,241.73616609954837,508.3224537285569,1.1027985258905229
Sarrans,2021-10-01,1.5623113010885188,397.529788558197,477.7665170119341,0.20183827920103328
Sarrans,2021-10-07,3.3703599966204543,393.1630663124084,469.7361456537285,0.19476162921283904
Sarrans,2021-10-13,3.425353093382984,257.585918927002,507.64743155611234,0.970788751461123
Sarrans,2021-10-19,2.80140829716059,317.095672568512,493.1205329176272,0.5551159336968975
Sarrans,2021-10-25,1.4275701850990399,325.03651239471435,469.5125755149273,0.4444917958778909
Sarrans,2021-10-31,3.9795126961968545,391.5630313468933,476.7714362244012,0.2176109541914853
Sarrans,2021-11-06,3.591168395717613,301.02002035751343,469.43521267977553,0.5594816986665534
Sarrans,2021-11-12,2.265183520603987,247.0551222183228,485.82030623107926,0.966444985511207
Sarrans,2021-11-18,2.943730420981801,329.5851695770264,461.9397960712178,0.4015794359438226
Sarrans,2021-11-24,3.524499913818013,135.02552901916505,515.2051497803513,2.815612895745255
Sarrans,2021-11-30,1.3549427186789123,284.7686902427673,460.817751004884,0.6182177563552846
Sarrans,2021-12-06,3.5173084919615496,387.5506064689636,458.9099294450468,0.18412904478785252
Sarrans,2021-12-12,2.1186414448011246,306.2026570541382,471.5967437704498,0.5401458246884812
Sarrans,2021-12-18,2.676355453900836,204.29930522155763,489.13834213366937,1.394224207484263
Sarrans,2021-12-24,1.907471715365003,293.64936247253416,475.07564729522113,0.6178330621768547
Bilancino,2014-10-18,0.2095792382538725,344.4557779273987,350.9880948387146,0.018964167042344438
Bilancino,2014-10-30,1.4906266500718557,342.47709951553344,349.57803603668214,0.020734047710616706
Bilancino,2014-11-11,1.0744899311140452,343.89440514068605,349.64247804641724,0.016714645018373227
Bilancino,2014-12-05,2.0446546645857584,349.11739829330446,358.0885858184814,0.025696764380788557
Bilancino,2014-12-29,0.3874172317808106,355.9592072113037,359.18937471008303,0.009074544030158638
Bilancino,2015-02-03,1.317982570096876,358.3616161476135,362.05937271118165,0.010318506215367059
Bilancino,2015-02-15,1.4003868267161026,361.2179734535217,363.3686501853943,0.005953958246624483
Bilancino,2015-02-27,1.8321667451700892,360.4335169639588,370.1747144729614,0.02702633648239943
Bilancino,2015-03-11,1.9170708122729097,361.520151473999,364.2971284385681,0.007681389137636525
Bilancino,2015-03-23,2.494875321725922,347.5202693000793,366.7748993663743,0.05540577562590715
Bilancino,2015-04-04,2.5888279179276776,336.96680657196043,368.9733709060669,0.09498432400424393
Bilancino,2015-04-16,3.335166074880702,322.9236776382446,374.5052585826649,0.1597330407038303
Bilancino,2015-04-28,1.2010340165766085,345.5634617538452,370.3616816513061,0.07176169543967989
Bilancino,2015-05-10,1.0068809730328472,351.3046148788452,367.6352206886292,0.046485600012444915
Bilancino,2015-05-22,4.525809429819852,353.41938235855105,373.4479090751648,0.0566707082756836
Bilancino,2015-06-03,1.4069839322428983,353.41261297607423,371.43372980880736,0.05099171951158728
Bilancino,2015-06-15,3.1448409840611067,347.93730338745115,370.0525407440185,0.06356098395100954
Bilancino,2015-06-27,1.8326923177575984,348.175183644104,368.9950083190918,0.059796980523084464
Bilancino,2015-07-09,4.003232621028972,357.9232995651245,370.0382244224549,0.03384782402277239
Bilancino,2015-07-21,2.0937524718063583,353.78660649261474,364.62100339889525,0.030624101386118145
Bilancino,2015-08-02,1.4554505076745727,351.77952932891844,360.5851741874695,0.025031714822489403
Bilancino,2015-08-14,2.765522776231491,349.0386076438904,412.7981747238159,0.1826719614495391
Bilancino,2015-08-26,1.5752107301926657,346.455908467865,352.398281565094,0.017151888456767857
Bilancino,2015-09-07,3.619931349931852,337.7150673202515,346.71490739517213,0.02664921096453836
Bilancino,2015-09-19,2.278531482929939,337.1754632408142,340.2257243637085,0.009046509771429385
Bilancino,2015-10-01,4.690047107283184,326.5927441719055,334.62889348220824,0.02460602525227205
Bilancino,2015-10-13,1.113313753903315,253.57426314086916,271.8541407447815,0.07208885230500396
Bilancino,2015-10-25,0.6764004633486956,330.07469846191407,331.2257314048767,0.003487189258450321
Bilancino,2015-11-06,1.5743530212332877,332.7867974594116,334.7795161933899,0.005987974129957247
Bilancino,2015-11-18,1.3280032924689256,329.9954392463684,335.1322745536804,0.01556638273257153
Bilancino,2015-11-30,2.737504658422523,334.6788260673523,338.232614377594,0.010618503572516216
Bilancino,2015-12-12,1.8930941470566909,338.2690782348633,338.52804092178343,0.0007655523474727487
Bilancino,2015-12-24,1.5323778534439665,333.55651808929446,332.6860532180786,-0.002609647313151385
Bilancino,2016-01-17,1.952908520684537,352.8298182807922,352.2974923576355,-0.0015087328099153184
Bilancino,2016-01-29,1.5584472968926268,348.9161051887512,348.34060126571654,-0.0016494048697561052
Bilancino,2016-02-10,2.5027262475480563,235.98915217056276,411.6332878612294,0.7442890237756296
Bilancino,2016-03-05,6.709745245948165,300.8946071830749,371.9487627460315,0.23614300112638678
Bilancino,2016-03-17,3.776955765293285,365.83663837890623,371.6482501521361,0.01588581121612708
Bilancino,2016-03-29,4.431775817221477,355.6426216339111,365.9086753807068,0.0288662075980401
Bilancino,2016-04-10,2.721934458286501,359.75769909973144,369.2322028419495,0.02633579146722186
Bilancino,2016-04-22,3.442323904145021,364.0740449012756,365.8509722862244,0.004880675812610173
Bilancino,2016-05-04,0.8007546700698784,366.7647330215454,365.0525135398865,-0.004668440903663228
Bilancino,2016-05-16,0.893894788697724,368.3401778656006,365.3258088592529,-0.00818365518476665
Bilancino,2016-05-28,3.154958368411512,366.4483186973572,366.0094048873901,-0.0011977509175846684
Bilancino,2016-06-09,1.3797511002591327,365.5201811630249,365.0525228744507,-0.001279432197385699
Bilancino,2016-07-03,2.589098567389019,366.0309538467407,366.4625773353577,0.0011791994203793912
Bilancino,2016-07-15,5.130039821127875,361.9230935882569,424.9197323043823,0.17406084284799397
Bilancino,2016-07-27,1.0789099577005,361.08141216812135,362.13893583068847,0.0029287679368959945
Bilancino,2016-08-08,3.1693447745587764,356.08157110977174,360.46428810433184,0.012308182591142882
Bilancino,2016-09-01,0.9359898930186517,350.4990126937866,345.7148722999573,-0.01364951175485616
Bilancino,2016-09-13,1.0126276370618683,345.081823412323,340.0746593513489,-0.014510077672191
Bilancino,2016-09-25,1.1485954696874567,337.3621045928955,336.3767699607849,-0.0029207033590795232
Bilancino,2016-10-07,2.5240929239805254,338.0532177589416,322.0099336936951,-0.047457865278142886
Bilancino,2016-10-13,1.7388268281138155,338.0532177589416,322.0099336936951,-0.047457865278142886
Bilancino,2016-10-19,1.1376085532361522,329.31955596847536,325.8300344184876,-0.01059615648917542
Bilancino,2016-10-25,1.1155838331092787,327.5926172645569,325.8443980247497,-0.005336564829833719
Bilancino,2016-10-31,1.9997904994410076,328.0746491462708,322.75104534072875,-0.016226806366768542
Bilancino,2016-11-06,5.383074140618908,329.2543857749939,327.03139228515624,-0.006751598720865112
Bilancino,2016-11-12,1.0905004136444136,51.49376318969727,293.1945722438677,4.6937880256249995
Bilancino,2016-11-18,1.9536600792414949,334.3910148727417,331.65006015319824,-0.008196855171442327
Bilancino,2016-11-24,1.5643424550049687,333.5280956832886,330.4273866416931,-0.009296695186182686
Bilancino,2016-11-30,1.716271013074242,341.2685322410583,343.0598116279602,0.005248885313681882
Bilancino,2016-12-06,2.0165297230302626,349.8725968757629,343.268457006073,-0.0188758420312494
Bilancino,2016-12-12,1.791556740178947,350.4268383041382,348.97361375579834,-0.004147012698492523
Bilancino,2016-12-18,0.7358298341827135,352.29026075592043,345.58528027267454,-0.01903254568791882
Bilancino,2016-12-24,0.7804523001676443,352.57065814361573,344.8583242164612,-0.021874576766433576
Bilancino,2016-12-30,2.618336590325386,351.9808642311096,346.0096817024231,-0.016964508970481483
Bilancino,2017-01-05,3.1220285945151387,346.9230137008667,343.8655085838318,-0.008813209260516892
Bilancino,2017-01-11,2.480647908081277,350.8658334754944,351.7435017539978,0.0025014355766979856
Bilancino,2017-01-17,8.218088307176117,354.0167928527832,344.70007602005006,-0.02631716071335489
Bilancino,2017-01-23,3.346320199735631,346.59227086105346,352.82237628097533,0.01797531550384595
Bilancino,2017-01-29,1.6728139612266462,351.29016886672974,345.2542451416016,-0.017182159536659358
Bilancino,2017-02-04,5.217821564958834,354.0096022964478,346.6857047981262,-0.02068841480799308
Bilancino,2017-02-10,2.7750220507497336,92.13433527145386,370.90355494370107,3.0256822155487866
Bilancino,2017-02-16,1.0028105070379345,366.47690453948974,365.9013676651001,-0.0015704587854256174
Bilancino,2017-02-22,2.241362211450401,367.2825663475037,362.0452376014709,-0.014259671506100056
Bilancino,2017-02-28,5.591289976388728,362.0956810218811,362.0165277290344,-0.000218597727051874
Bilancino,2017-03-06,3.569927160318225,353.6570804359436,366.5416530021668,0.03643238967629527
Bilancino,2017-03-12,0.7992781950127485,345.90202326965334,367.2333724180962,0.06166876084391589
Bilancino,2017-03-18,3.471974949368522,367.814924873352,364.836573097229,-0.008097419584451452
Bilancino,2017-03-24,1.6252817630251224,362.8007588180542,367.4265434310913,0.012750206554438252
Bilancino,2017-03-30,1.650837184094923,364.6063637161255,361.4481342956543,-0.008662024952834068
Bilancino,2017-04-05,2.0785231559364608,363.05437237042594,359.0669788496309,-0.010982910065951965
Bilancino,2017-04-11,1.545787513740219,363.5703715637207,359.59199090652464,-0.010942532638413275
Bilancino,2017-04-17,2.415927783436261,365.3898421761757,361.11152877558703,-0.011708900759550531
Bilancino,2017-04-23,2.468672654271548,366.491243579706,364.6855854515076,-0.004926879317938428
Bilancino,2017-04-29,2.524008804655614,366.19470809751925,362.8798549079895,-0.00905216027492943
Bilancino,2017-05-05,0.7490264276734444,364.1963236122131,368.5560370498657,0.01197077827258551
Bilancino,2017-05-11,1.6775697090356645,364.40509961776735,361.16767227935793,-0.00888414388768222
Bilancino,2017-05-17,2.3737327875130756,365.2468269584656,362.9446674858093,-0.00630302388066489
Bilancino,2017-05-23,1.3548916324422764,361.304392930603,365.8583010177612,0.012604076164755918
Bilancino,2017-05-29,2.0968328412514476,362.3547028907776,364.01652541503904,0.00458617622733694
Bilancino,2017-06-04,2.9957285753820715,360.09596197052,365.2613409843445,0.014344451366681355
Bilancino,2017-06-10,0.7934514592425328,359.87993782730103,363.074144380188,0.008875756098468005
Bilancino,2017-06-16,0.7316524132349738,361.44830032424926,357.67853237075803,-0.010429618703724514
Bilancino,2017-06-22,2.446114956276495,359.2397653892517,360.8296557617188,0.004425708191698604
Bilancino,2017-06-28,2.4721690886644487,356.1534616828919,420.103894689735,0.1795586450421269
Bilancino,2017-07-04,0.816068386333004,345.7144654129028,362.1245381996155,0.0474671280159288
Bilancino,2017-07-10,3.2382534050058913,355.69319013595583,359.2758539543152,0.010072343012780156
Bilancino,2017-07-16,3.4996127026708845,351.5349284950256,359.3282025417433,0.02216927370512472
Bilancino,2017-07-22,2.5541201529702633,352.29745469741823,358.8657146774292,0.018644074467277436
Bilancino,2017-07-28,2.847621270371318,353.24702891998294,355.1534400837139,0.005396821509184773
Bilancino,2017-08-03,1.810513307273971,349.8658683830261,355.0312980415344,0.014764028518647264
Bilancino,2017-08-09,2.5097736088336746,346.9306288368225,353.3321493347796,0.018451874714607682
Bilancino,2017-08-15,1.424243620979567,326.254522089386,353.5146894878583,0.0835549105155503
Bilancino,2017-08-21,3.1302940737508584,345.88758608474734,348.70765407104494,0.008153134427919727
Bilancino,2017-08-27,1.4631036054548265,342.2977689735413,346.9883116226196,0.013703106108882951
Bilancino,2017-09-02,2.7766712492467036,341.9596009605408,343.2761162696838,0.003849914742691909
Bilancino,2017-09-08,1.4297398686245009,320.5714048942566,344.64874547432095,0.07510757420178034
Bilancino,2017-09-14,4.339814979445849,337.9452999908447,335.3769854232788,-0.007599793717017134
Bilancino,2017-09-20,1.286806941766434,334.852028225708,341.6360406234741,0.020259732138141095
Bilancino,2017-09-26,2.4741227478907923,338.0820394287109,338.98846599502565,0.002681084649886784
Bilancino,2017-10-02,1.60573571456933,335.2475447174072,335.3698620018005,0.00036485661512129585
Bilancino,2017-10-08,1.757713793586377,332.8299101837158,330.606944783783,-0.0066789832641717724
Bilancino,2017-10-14,1.0706504512091621,331.29038788223266,326.89476867904665,-0.013268176089517494
Bilancino,2017-10-20,1.4391150275948825,332.67200004425047,330.4490073616028,-0.006682235602491238
Bilancino,2017-10-26,1.4717755941236388,332.6648578071594,327.1037761932373,-0.016716769094816092
Bilancino,2017-11-01,1.0171802956382925,333.0532499328613,326.29787408676145,-0.020283170476377732
Bilancino,2017-11-07,1.0866955701760193,332.14687307739257,325.9815277999878,-0.018562105433303853
Bilancino,2017-11-13,5.7864546411153714,326.5782427986145,326.6860899642944,0.0003302337741660828
Bilancino,2017-11-19,1.3202589146951595,312.7944216293335,334.57840624694825,0.06964313655001535
Bilancino,2017-11-25,3.1839806820743437,337.88730167007446,332.41257695770264,-0.016202812847099964
Bilancino,2017-12-01,1.505860105512102,335.0964783355713,337.25474079360964,0.006440719606360697
Bilancino,2017-12-07,2.9842967136467484,337.10355715408326,335.8086211227417,-0.0038413597360814743
Bilancino,2017-12-13,2.3803893277190524,331.12500202941897,337.44170754699707,0.01907649823741455
Bilancino,2017-12-19,1.5139845225122568,354.2685057731628,359.3691327178955,0.014397630220053002
Bilancino,2017-12-25,1.7851666628671958,362.55058590479234,354.12685224333813,-0.0232346436302997
Bilancino,2017-12-31,1.7401894042319883,355.0882587501526,351.8797103027344,-0.009035918164998512
Bilancino,2018-01-06,1.328771243235547,357.58504916687014,360.196496006012,0.007303009019046606
Bilancino,2018-01-12,4.303779197602146,355.2321578353882,354.0235460166931,-0.0034023153367076387
Bilancino,2018-01-18,3.6065618086862954,353.45568779373167,360.987978578186,0.021310424600806007
Bilancino,2018-01-24,1.696728770761981,352.1099363685608,351.98766155929565,-0.0003472631602681113
Bilancino,2018-01-30,1.9511461360932798,354.29701331100466,352.2467240959168,-0.005786922096597196
Bilancino,2018-02-05,2.101561707003242,357.78642142333985,351.99481411972044,-0.01618733120328974
Bilancino,2018-02-11,1.5964385199492273,362.9158445251465,363.7215917030334,0.0022202039124006837
Bilancino,2018-02-17,1.0331533497237373,366.46252719802857,363.0812842178345,-0.009226708678912036
Bilancino,2018-02-23,4.112979408422362,359.91592347488404,361.6928759742737,0.004937132211972461
Bilancino,2018-03-01,3.9633857672138126,362.2827028114319,366.0381680541992,0.010366117989138616
Bilancino,2018-03-07,2.556133175442067,371.7740374138867,378.6897270690321,0.018601862849950267
Bilancino,2018-03-13,2.5946269982970187,362.0165717025757,370.1243756530762,0.022396223223619973
Bilancino,2018-03-19,2.3052645883913083,366.4985183753967,368.3114436599731,0.004946610132593953
Bilancino,2018-03-25,3.0477897255090545,365.3257450279236,368.4840179359436,0.00864508716126377
Bilancino,2018-03-31,2.8261569853753974,364.9877302696228,366.33306784362793,0.0036859802739432714
Bilancino,2018-04-06,1.0695486207963434,363.4123438827515,365.44826592330935,0.00560223689378784
Bilancino,2018-04-12,1.8756895691337054,365.49844948349,365.0380591415405,-0.0012596232421782185
Bilancino,2018-04-24,2.2827404453200892,367.00208622055055,369.8763342766467,0.007831694053011014
Bilancino,2018-04-30,3.5048179905206824,367.00208622055055,369.8763342766467,0.007831694053011014
Bilancino,2018-05-06,1.9840225922084231,366.1316315261841,370.2107137466431,0.01114102653041948
Bilancino,2018-05-12,1.169000503713928,367.3689850662232,367.1675841560364,-0.0005482251316084843
Bilancino,2018-05-18,1.7329727886195345,368.829442276001,363.48412289505006,-0.014492659121694855
Bilancino,2018-05-24,1.1944493618968635,367.9013996910096,369.2970810409546,0.003793628812277389
Bilancino,2018-05-30,1.698732184397876,366.6568993637085,367.9806277389527,0.0036102644667028224
Bilancino,2018-06-05,1.857642610623284,369.16754916229246,364.0956726844788,-0.013738684478965297
Bilancino,2018-06-11,0.661268712369853,366.894250869751,367.5273328437805,0.0017255162012726599
Bilancino,2018-06-17,1.4244675807321863,368.2108453239441,365.6640354858399,-0.006916715980659304
Bilancino,2018-06-23,2.61897408614846,367.8007173614502,363.26117388916015,-0.012342399723567968
Bilancino,2018-07-05,2.776376635353584,367.0238338035584,367.9806489639282,0.002606956475970869
Bilancino,2018-07-11,2.073350371166733,367.0238338035584,367.9806489639282,0.002606956475970869
Bilancino,2018-07-17,1.203219024716945,367.0382859832764,367.3260891784668,0.0007841230906454257
Bilancino,2018-07-23,2.248283056944289,365.7790270469666,366.85817830581664,0.0029502819436159097
Bilancino,2018-07-29,0.7214013387122838,367.9158640655518,363.1317438163757,-0.013003299711815814
Bilancino,2018-08-04,2.879172565877984,367.90153114624025,365.0167383865356,-0.007841208898252515
Bilancino,2018-08-10,2.3705169012171976,364.87999251174926,365.4699274101257,0.0016167915766372011
Bilancino,2018-08-16,2.591148268852627,361.8080328681946,363.4411329528809,0.0045137198080984495
Bilancino,2018-08-22,1.2243845992545699,361.62107593154906,363.00953016967776,0.00383952797704612
Bilancino,2018-08-28,2.1205800413559204,361.0023320860231,352.10397672640335,-0.024649024587185688
Bilancino,2018-09-03,1.4914489424997401,359.1318850639343,353.0168171218872,-0.017027360132499756
Bilancino,2018-09-09,0.7940267346293932,357.2327756896973,354.2976352027893,-0.008216324723399766
Bilancino,2018-09-15,0.481268998308895,353.88019159469604,348.90906169204715,-0.014047494097500666
Bilancino,2018-09-21,1.935350263879432,349.3046141914368,341.11736750793455,-0.023438701783124027
Bilancino,2018-09-27,2.4058129491768065,349.37672020568846,343.64296647720334,-0.016411378883829125
Bilancino,2018-10-03,2.4346093539052944,346.0602208206177,339.74372220840456,-0.018252599496222745
Bilancino,2018-10-09,1.8642699815731594,339.36939434127805,333.3191299377441,-0.01782796122578357
Bilancino,2018-10-15,1.9922728999295918,338.2762529083252,328.9020004592895,-0.02771182537479554
Bilancino,2018-10-21,4.148990357103495,336.4628925506592,327.9379151184082,-0.025337050893264323
Bilancino,2018-10-27,4.541220780410574,321.5137019836426,325.2904778526306,0.011746858207555208
Bilancino,2018-11-02,1.8299473453563795,330.8160277038574,330.41316699905394,-0.0012177786777734204
Bilancino,2018-11-08,1.1591171873878099,330.06735502700803,326.13218910751345,-0.01192231179352039
Bilancino,2018-11-14,1.6773026963951043,332.01020885314944,325.2833766410828,-0.020260919793107873
Bilancino,2018-11-20,3.3027084078566196,327.9666703857422,324.5350837852478,-0.010463217486271595
Bilancino,2018-11-26,1.78177239671275,329.9958598854065,329.0749728553772,-0.0027906017680011997
Bilancino,2018-12-02,1.471846655570356,330.6575920555115,324.9381762626648,-0.017297095032030904
Bilancino,2018-12-08,1.3780893454985037,335.0244701896668,325.5929141113281,-0.028151842380346653
Bilancino,2018-12-14,4.022698371733791,331.85149051971433,328.5421807922363,-0.009972261153009428
Bilancino,2018-12-20,1.5046642735751068,336.01722489471433,331.1608454994202,-0.014452769190078903
Bilancino,2018-12-26,1.0959546224804417,334.17558602294923,326.4128643722534,-0.02322946970208268
Bilancino,2019-01-01,2.1349219676636513,334.59964899902343,326.93073096084595,-0.02291968345190901
Bilancino,2019-01-07,1.5936913070251917,334.8585816192627,330.79389763183593,-0.012138509241039343
Bilancino,2019-01-13,2.1424201623933365,342.1178666007996,326.6933079055786,-0.04508551058287504
Bilancino,2019-01-19,2.326423861371877,340.0890671546936,328.06021547164914,-0.035369710010622044
Bilancino,2019-01-25,4.182223330303351,334.9593061569214,329.1105741546631,-0.017461022562299876
Bilancino,2019-01-31,1.2398950842514056,336.62153716201783,337.31935427474974,0.002073001979062463
Bilancino,2019-02-06,3.5557917817555147,332.60683995742795,331.7075494659424,-0.002703764274963946
Bilancino,2019-02-18,1.3186968933678251,365.2466850234985,358.65683765182496,-0.018042182562860474
Bilancino,2019-02-24,5.098989095382841,365.2466850234985,358.65683765182496,-0.018042182562860474
Bilancino,2019-03-02,1.2555644772366144,360.29722273864746,364.531415246947,0.011751943232076878
Bilancino,2019-03-08,3.142222216438072,363.8654407493592,354.6566203895569,-0.02530831271262609
Bilancino,2019-03-14,2.399506580302794,362.90867148361207,362.77193761672976,-0.00037677211272832314
Bilancino,2019-03-20,5.310473855003961,358.2468734451294,364.3043307792664,0.016908611862776875
Bilancino,2019-03-26,7.038732894990989,357.3833213600159,395.7903512923028,0.10746732608038231
Bilancino,2019-04-01,1.789107059891176,349.923206615448,350.54854188004145,0.0017870642837377307
Bilancino,2019-04-07,2.242007148864171,363.21088958282473,352.8510007728577,-0.02852306774685687
Bilancino,2019-04-13,2.8003959239223577,363.8295560333252,357.43393456344603,-0.017578619888960798
Bilancino,2019-04-19,2.5899149149062604,360.2252793182373,361.3763344245911,0.0031953757063698652
Bilancino,2019-05-01,1.1236194312071948,362.858215145874,354.3040988609314,-0.023574266553407743
Bilancino,2019-05-07,2.2117807559319664,362.858215145874,354.3040988609314,-0.023574266553407743
Bilancino,2019-05-13,6.43904961089725,354.49146792068484,351.8177418954528,-0.007542427017821121
Bilancino,2019-05-19,1.3680484848423649,365.8583062156677,365.4050878082276,-0.0012387812432852765
Bilancino,2019-05-25,0.8741772605932341,365.1821025894165,367.577769707489,0.006560198599781847
Bilancino,2019-05-31,2.1129246887497346,363.9333166431383,355.7082739027764,-0.02260041157052718
Bilancino,2019-06-06,2.5529947521293526,366.98065697479245,363.1029956840515,-0.010566391489694507
Bilancino,2019-06-12,2.563092594461812,364.6640454109192,422.0207233955383,0.15728635358055973
Bilancino,2019-06-18,1.1405415450312504,363.2323633926392,364.750298538208,0.0041789644826555035
Bilancino,2019-06-30,1.3906420801085275,366.772008506012,361.57779141159057,-0.014161977942589653
Bilancino,2019-07-06,3.2907111859882434,366.772008506012,361.57779141159057,-0.014161977942589653
Bilancino,2019-07-12,1.5637378430931346,362.45553023986815,363.4411508293152,0.002719286939268807
Bilancino,2019-07-18,0.8946645343702069,364.4842722137451,364.3620059715271,-0.00033544998107988886
Bilancino,2019-07-24,0.891448963412083,367.2684920150757,357.7505623405456,-0.025915453902153378
Bilancino,2019-07-30,1.6230720506182525,363.9807216133117,364.9015682411194,0.002529932419843891
Bilancino,2019-08-05,2.1934438983105844,363.72181143722537,362.2757722198487,-0.003975673638220172
Bilancino,2019-08-11,1.5533434731794085,359.49881950149535,359.6713912307739,0.0004800342029435818
Bilancino,2019-08-17,1.6599476823008972,358.6931972305298,356.11772052764894,-0.007180166010301017
Bilancino,2019-08-29,1.3215782948998318,353.1894494659424,345.4913356132507,-0.021795990407788204
Bilancino,2019-09-04,2.7977143103469833,353.1894494659424,345.4913356132507,-0.021795990407788204
Bilancino,2019-09-10,2.1140013556153665,353.7938564544678,347.8946321304321,-0.0166741853099275
Bilancino,2019-09-16,1.9518022151819483,350.9953968574524,346.8443368179321,-0.011826536976512392
Bilancino,2019-09-22,1.5979429166222483,351.8659079978943,345.66454014282226,-0.017624236148246375
Bilancino,2019-09-28,2.420116834418617,343.20418070602415,344.6213993301392,0.0041293745932803
Bilancino,2019-10-04,1.7186279180640964,349.57102001800536,345.00996823349,-0.013047568371887476
Bilancino,2019-10-10,1.6301953871744779,347.901724646759,343.34782170791624,-0.013089624500903448
Bilancino,2019-10-16,2.1637949979780573,345.2828224723816,340.3620538391113,-0.01425141453037072
Bilancino,2019-10-28,1.2504639537919975,342.340384274292,337.1966133155823,-0.015025311634248714
Bilancino,2019-11-03,3.7002593213703134,342.340384274292,337.1966133155823,-0.015025311634248714
Bilancino,2019-11-09,1.3141219997160558,338.92371107177735,343.9739619361877,0.014900848478378751
Bilancino,2019-11-15,3.540245467235414,350.0095634689331,343.1244596717834,-0.019671187635308115
Bilancino,2019-11-21,1.4254157768513562,350.0673632446289,350.0961356338501,8.219100733795271e-05
Bilancino,2019-11-27,3.243373808593792,358.692645476532,355.0452478485108,-0.010168587714352242
Bilancino,2019-12-03,4.031822652613805,347.5423411216736,361.2830361564636,0.03953675109180274
Bilancino,2019-12-09,1.9714876181507557,361.6856953323364,361.4914400619507,-0.0005370830886945425
Bilancino,2019-12-15,2.7693504253700474,356.7361014465332,353.60665258255005,-0.008772447899984106
Bilancino,2019-12-27,1.5025965273733353,361.836709312439,355.16023160934446,-0.018451631720234087
Bilancino,2020-01-02,0.9851537189640978,361.836709312439,355.16023160934446,-0.018451631720234087
Bilancino,2020-01-08,2.052152826263597,359.7432738212585,349.30427570953367,-0.029017910469429822
Bilancino,2020-01-14,1.8342062325756834,356.2612149047852,350.63536217193604,-0.015791370201083364
Bilancino,2020-01-20,5.0749328452141445,355.2181778205872,346.07413551254274,-0.025742044971197673
Bilancino,2020-01-26,1.036142354877186,352.5634760017395,356.5562494285584,0.011324977482350361
Bilancino,2020-02-01,2.941975970103913,351.30242943696567,346.46973940582274,-0.013756494764036531
Bilancino,2020-02-07,1.7545609068776566,344.5634655723572,355.8513290473938,0.032759896515105684
Bilancino,2020-02-13,2.916538022430659,361.36922663345337,357.31890510940553,-0.011208263530851735
Bilancino,2020-02-25,3.819363783763672,357.0959649765015,364.0238493041993,0.019400623381879183
Bilancino,2020-03-02,6.4406166943692815,357.0959649765015,364.0238493041993,0.019400623381879183
Bilancino,2020-03-08,1.6237213443344107,349.9521175888062,366.196172795464,0.04641793659824228
Bilancino,2020-03-14,2.5051697317690835,364.5416905586243,362.6136594650269,-0.005288917957896297
Bilancino,2020-03-20,1.2850258728527155,362.7216072563172,359.3619148345947,-0.009262454605711942
Bilancino,2020-03-26,6.477288906026686,363.26832051773073,359.57050472793577,-0.010179296076588303
Bilancino,2020-04-01,3.0923022715919375,361.9085892242432,365.02344017944336,0.00860673398737755
Bilancino,2020-04-07,2.5615648156509847,362.58493475875855,368.3099897632944,0.015789555648099307
Bilancino,2020-04-13,3.200617822358287,364.7000492965698,364.3907367424012,-0.0008481286327357788
Bilancino,2020-04-25,2.922763118288519,363.1677600608826,364.3979826919556,0.0033874775416924464
Bilancino,2020-05-01,3.593093499935102,363.1677600608826,364.3979826919556,0.0033874775416924464
Bilancino,2020-05-07,1.60574300068926,364.3764594787598,356.0816649185181,-0.022764353581203926
Bilancino,2020-05-13,2.671456919099203,366.0364715414728,354.8796575881958,-0.030480060924783794
Bilancino,2020-05-19,2.2833515822926698,363.7936038230896,363.75040262527466,-0.00011875194440182088
Bilancino,2020-05-25,1.4066247090656723,364.2252816215515,362.9375664993286,-0.0035354907723316497
Bilancino,2020-05-31,1.1307364436505651,365.75052198028567,355.9517087989807,-0.02679097524796737
Bilancino,2020-06-06,3.0147997900385235,366.0309635749817,363.1317793319702,-0.007920598341450319
Bilancino,2020-06-12,1.8614441675514386,363.8585215881348,364.2973524627686,0.0012060480890165736
Bilancino,2020-06-24,1.0275003714009585,363.2901186271668,361.7721602149964,-0.004178364162247512
Bilancino,2020-06-30,2.5256288690512427,363.2901186271668,361.7721602149964,-0.004178364162247512
Bilancino,2020-07-06,2.2024810296099364,362.4556561965943,362.2325645317077,-0.0006155005752362166
Bilancino,2020-07-12,3.84818098463428,359.82980279769896,362.2542050041199,0.006737635925571126
Bilancino,2020-07-18,2.1902988500820255,360.9304979827881,362.17499220046994,0.003448016237578222
Bilancino,2020-07-24,0.987073888599012,359.6858130607605,415.1376456410218,0.15416741658057553
Bilancino,2020-07-30,1.4586699445619717,360.4269524635315,359.6571724967957,-0.0021357447368304475
Bilancino,2020-08-05,4.356550403851983,358.3477411422729,355.67870328063964,-0.0074481782782428955
Bilancino,2020-08-11,1.5420802478878657,358.2470856147766,357.4196748687744,-0.0023096091475031024
Bilancino,2020-08-17,2.4591262700828915,355.13189548187256,345.8943086578369,-0.026011707034935057
Bilancino,2020-08-23,0.7687325177751767,351.5636536140442,351.067248651886,-0.0014119917035085405
Bilancino,2020-08-29,3.326288348357951,351.405510055542,348.484696799469,-0.008311802668123522
Bilancino,2020-09-04,1.2491724387805654,346.3337566497803,347.4344560493469,0.0031781464510249042
Bilancino,2020-09-10,1.1258881950680255,347.1105006904602,342.1608854057312,-0.01425948012198813
Bilancino,2020-09-16,1.402319420169647,343.27570153503416,336.64273750076296,-0.01932255619786199
Bilancino,2020-09-22,1.7825577906808232,340.5634586669922,336.4700059165955,-0.012019647575870228
Bilancino,2020-09-28,1.832501664876073,335.8158148994446,336.873287197876,0.0031489651514715693
Bilancino,2020-10-04,5.1147888118777685,335.9017903160095,332.8371369010925,-0.009123659067234667
Bilancino,2020-10-10,1.7254257201340595,336.7007386505127,329.5566442451477,-0.021217935054132348
Bilancino,2020-10-22,1.810635727328217,342.75088916015625,334.70755346298216,-0.023467001695845927
Bilancino,2020-10-28,1.3525214349629466,342.75088916015625,334.70755346298216,-0.023467001695845927
Bilancino,2020-11-03,1.0841157344445613,340.2541815261841,335.0816090774536,-0.01520208341166977
Bilancino,2020-11-09,0.5829044425994896,339.3840620727539,341.384034539032,0.005892947518110963
Bilancino,2020-11-15,1.0040069936247076,344.5996200492859,337.9954113433838,-0.019164875181689144
Bilancino,2020-11-21,7.106682907459922,343.4126775985718,335.05282082977294,-0.024343471613389355
Bilancino,2020-11-27,1.5346376995730644,338.9019672424316,344.4485926704407,0.016366459814738454
Bilancino,2020-12-03,1.3679560824473271,344.12504134750367,339.1754310493469,-0.014383173856733518
Bilancino,2020-12-09,1.1909138781334738,342.3264949897766,336.7438217147827,-0.016308037375724106
Bilancino,2020-12-15,0.9572015952807271,357.13183515014646,359.0598828788757,0.005398700252859487
Bilancino,2020-12-21,1.2625673581462156,359.26851731262207,353.9303755142212,-0.014858362314435108
Bilancino,2020-12-27,2.605254160048123,356.0310175186157,352.2181284729004,-0.010709429398285428
Bilancino,2021-01-02,2.1898326624144007,361.563451008606,355.8512809837341,-0.015798527226514238
Bilancino,2021-01-08,2.220577365318398,356.3544974555969,356.0307861923218,-0.0009083967386028704
Bilancino,2021-01-14,2.1148030555866955,361.7289118148804,356.14620931396485,-0.015433387596545176
Bilancino,2021-01-20,2.92039037745323,357.70012492523193,351.3905751998901,-0.017639215884145024
Bilancino,2021-01-26,1.1424346200524778,358.7792101097107,350.6064021400452,-0.02277949150723179
Bilancino,2021-02-01,0.6454316548752155,363.5346100631714,359.78648116378787,-0.010310239508508432
Bilancino,2021-02-07,2.332149777999474,358.390782598114,356.86560521698,-0.00425562669351434
Bilancino,2021-02-19,1.8747413953062553,362.3474775093079,356.3328934867859,-0.01659893995637792
Bilancino,2021-02-25,1.104275413429295,362.3474775093079,356.3328934867859,-0.01659893995637792
Bilancino,2021-03-03,1.396526488918604,362.7503307777405,358.08130239105225,-0.012871189880593064
Bilancino,2021-03-09,3.1748523409148315,363.4625674980164,360.7647525604248,-0.0074225386018776885
Bilancino,2021-03-15,2.114629095344429,363.5129511260986,359.5058051681519,-0.011023392551856206
Bilancino,2021-03-21,4.965611270372843,362.4266840919495,363.6281241508484,0.003314987862742781
Bilancino,2021-03-27,2.6596553563217116,359.73610916671754,365.79396551807184,0.016839722777306255
Bilancino,2021-04-02,2.8119696882823093,357.62061291275023,361.82236152648926,0.011749179051835418
Bilancino,2021-04-08,3.7758777903814784,361.62828674697874,359.58514217300416,-0.00564984722946775
Bilancino,2021-04-14,1.9984298471457917,349.91595928878786,361.1861328287162,0.032208229549847436
Bilancino,2021-04-20,1.13752587118173,363.9734308013916,344.01622587661745,-0.05483148833372989
Bilancino,2021-04-26,2.0898650147647033,366.6496149803162,361.8655499603272,-0.013048056849168713
Bilancino,2021-05-02,5.671018497651226,364.1604267272949,359.9231537117004,-0.011635731684727016
Bilancino,2021-05-08,1.7934625369223658,328.36966140823364,356.94684176899625,0.08702746848843344
Bilancino,2021-05-14,2.478703132637846,365.03106644210817,360.3260567306518,-0.012889340508234603
Bilancino,2021-05-20,1.2408823022792559,359.9159196174622,361.9446963356018,0.005636807397394138
Bilancino,2021-05-26,2.014830709095583,365.5705772445679,361.0167237976074,-0.012456837968975674
Bilancino,2021-06-01,1.7280332897133233,363.1822310577393,365.2613767745972,0.005724800221647856
Bilancino,2021-06-07,1.453803069943777,363.93768826828006,362.93766801071166,-0.002747778781380894
Bilancino,2021-06-13,1.5479576059172302,363.6930031951904,359.0668059806824,-0.012720061078615738
Bilancino,2021-06-19,1.7960146734330622,365.0382183692932,360.4555031906128,-0.012554069541409727
Bilancino,2021-06-25,2.685216043938426,363.77933248291015,361.7936768180847,-0.00545840702733914
Bilancino,2021-07-01,2.93957036992972,360.930445917511,361.4131136476554,0.0013372873793381693
Bilancino,2021-07-07,2.7288733584011426,362.146248677063,361.27579430542,-0.0024035990289083945
Bilancino,2021-07-13,2.570632778018743,360.8585157737732,361.0887125160217,0.0006379141192078954
Bilancino,2021-07-19,2.6413389666567286,344.3115315597534,360.5272675361633,0.047096116423843225
Bilancino,2021-07-25,3.2759534730595323,363.822403629303,362.62825814590457,-0.003282220862393963
Bilancino,2021-07-31,2.348409192490718,361.77227980880735,362.0743436668396,0.0008349557854235389
Bilancino,2021-08-06,3.152966561497357,362.2182626037597,360.8226097969055,-0.00385307134107955
Bilancino,2021-08-12,1.5157511470485105,360.7579314041138,414.0442950723357,0.14770670033732836
Bilancino,2021-08-18,2.9701796668019536,361.5060965995789,355.21844608078004,-0.017392930791325874
Bilancino,2021-08-24,3.4168697395497225,359.77940546951294,359.5995536018372,-0.0004998948381745628
Bilancino,2021-08-30,2.100597971984294,359.0672417549133,356.7291177322388,-0.006511660632830475
Bilancino,2021-09-05,2.407978445766365,354.16078349990846,354.94493798828125,0.0022141200406876633
Bilancino,2021-09-11,1.2607657995570984,352.8082350479126,353.3909424194336,0.0016516263330470802
Bilancino,2021-09-17,2.3054128809986336,352.96658162155154,346.8299705505371,-0.017385813248445365
Bilancino,2021-09-23,1.3914400492978847,349.2903580490112,345.2976008728027,-0.011431054663261702
Bilancino,2021-09-29,0.7799217159596494,347.6644990028381,341.4268119277954,-0.017941685426419583
Bilancino,2021-10-05,4.392525383344982,348.29755580749514,337.8729502952576,-0.029930171310186347
Bilancino,2021-10-11,3.4659199195748656,342.44896226272584,343.7942190826416,0.003928342521545314
Bilancino,2021-10-17,1.8439054087470799,347.8227743217468,335.1895397979736,-0.03632089516969654
Bilancino,2021-10-23,2.2427311481099306,345.8874479034424,335.51325457839965,-0.029992974269302818
Bilancino,2021-10-29,1.7963874895892786,345.0674210975647,335.67902229919434,-0.027207433169171527
Bilancino,2021-11-04,3.565118493644819,343.5350898513794,335.2258340560913,-0.024187502356405155
Bilancino,2021-11-10,3.0183115515556396,339.7506772239685,332.47740831832886,-0.021407665659618463
Bilancino,2021-11-16,3.3483294267103925,341.72217968444824,336.0460129928589,-0.0166104719829155
Bilancino,2021-11-22,2.0618203053934363,329.71482011871336,339.4200523963928,0.029435232162706812
Bilancino,2021-11-28,2.880983428506424,340.7509169120789,338.03154020614625,-0.007980541125394213
Bilancino,2021-12-04,1.5677401282649468,338.9380820838928,337.5927830657959,-0.003969158643447819
Bilancino,2021-12-10,1.3608301425894238,336.8441638633728,338.5131430961609,0.004954751816525631
Bilancino,2021-12-16,2.6675556497863973,347.4341322341919,345.3406204093933,-0.006025636604372123
Bilancino,2021-12-22,1.8215385453265407,354.1319040657044,348.0599619750977,-0.017145990013597227
Bilancino,2021-12-28,1.8317937020940325,354.92319043502806,344.9949751716614,-0.02797285590495704
Cecita,2014-10-20,0.4437902764372661,383.6944922836304,493.349577721408,0.28578748885641975
Cecita,2014-11-01,1.1465071840628192,403.5866921150208,467.400625239563,0.15811703996016657
Cecita,2014-11-13,2.8997120849774807,426.0269734405518,483.8664116714477,0.1357647328379006
Cecita,2014-11-25,0.7779619448239002,446.56016496734617,500.00738508453367,0.11968649313154862
Cecita,2014-12-07,0.7688829875564618,449.02234951934815,496.2479373603821,0.10517424776647782
Cecita,2014-12-31,2.703375584238512,447.3787299041748,492.9791782589304,0.10192806520891791
Cecita,2015-01-12,2.4717487513445784,487.3640060333252,540.8602074056349,0.10976641834450886
Cecita,2015-02-05,2.719824782723539,583.6424307945251,639.4703361250336,0.09565429513839267
Cecita,2015-02-17,3.554319895345699,538.152401764679,638.8499723274291,0.18711719994661052
Cecita,2015-03-01,1.977151998707806,571.497974067688,616.4698788040162,0.07869127586968785
Cecita,2015-03-13,1.138338418157496,859.4176517222882,1054.5335638661284,0.22703270261301298
Cecita,2015-03-25,3.7894756141931145,366.9642186378479,781.0083787573482,1.1282957277317407
Cecita,2015-04-06,1.5811706552853602,668.6434295257568,858.6260844511116,0.28413149151873407
Cecita,2015-04-18,2.571354393783547,657.6612560684204,881.2895389671357,0.3400356655272544
Cecita,2015-04-30,3.237276638530876,558.7316926528931,900.149132598467,0.6110579450478322
Cecita,2015-05-12,2.5628187502522497,661.8400007453919,878.6614584115866,0.3276040393780995
Cecita,2015-06-05,1.4323838461293044,599.6725510063171,816.7933636086408,0.3620656177074819
Cecita,2015-06-17,2.5487061547695924,495.8320112617493,796.2581524679835,0.6059030768137305
Cecita,2015-06-29,2.37924589708602,547.9433956626892,763.3869825223766,0.3931858446785864
Cecita,2015-07-11,1.6086716199038873,657.5775521070324,729.5410026964435,0.10943720684932651
Cecita,2015-07-23,1.1655900957816194,678.2484577575683,695.2074644645691,0.025004121296597986
Cecita,2015-08-04,0.7924901233785324,639.3048913825988,680.7107222930908,0.06476695465436731
Cecita,2015-08-16,4.264208429651942,629.6785505332947,662.176314768219,0.0516100861422084
Cecita,2015-08-28,0.7085140212936029,601.3255001350403,614.6718726081848,0.02219492183542401
Cecita,2015-09-09,2.799374599792,444.8056109085083,603.8163647920614,0.35748369621232123
Cecita,2015-09-21,2.2264872216418,504.2540224693298,538.9828933738709,0.06887177763000069
Cecita,2015-10-03,1.6893117798380828,465.2782853034973,447.879187537384,-0.03739503500526359
Cecita,2015-10-27,0.9166479343371068,490.2888601829529,469.1535852279663,-0.04310780168878381
Cecita,2015-11-20,2.667657310051431,455.3894425415039,473.38227713241577,0.03951087335379322
Cecita,2015-12-02,0.5446185330784379,444.682928818512,412.1389647277832,-0.07318464906488664
Cecita,2015-12-14,0.5211303197307693,420.2356205726624,395.68907580719,-0.05841138533668894
Cecita,2015-12-26,1.5365388244631308,452.4395307220459,401.35501231689454,-0.11290905178781757
Cecita,2016-01-07,2.672380761056271,394.397641230011,479.3725237723796,0.21545484470281512
Cecita,2016-01-19,2.151105023699497,531.0550413414002,507.18724078445433,-0.044944118215426015
Cecita,2016-01-31,3.2124644431312355,566.3398041671753,591.0305104814865,0.04359698211680507
Cecita,2016-02-12,4.379502058509069,44.42451137847901,644.9085855324416,13.516953940991703
Cecita,2016-02-24,2.173213826053165,696.195763117981,688.4218382847625,-0.011166291501692184
Cecita,2016-03-07,3.726083839296664,703.3442372184753,746.2188693111375,0.060958247503696134
Cecita,2016-03-19,2.5091343659193543,766.5040794433594,786.3504196731567,0.025892021663093897
Cecita,2016-03-31,0.9645162496208388,812.5083068013,792.021433049469,-0.025214356062997278
Cecita,2016-04-12,2.234668659268812,824.5676278137207,820.3835958984375,-0.0050742131683932734
Cecita,2016-04-24,4.527218828118664,280.57551132736205,623.2896996938638,1.2214686404567905
Cecita,2016-05-06,0.7004919572489549,807.9710731552124,832.8646236879117,0.03080995268244865
Cecita,2016-05-18,1.6702908668735517,785.4431348318212,821.0154054584368,0.045289428411940114
Cecita,2016-05-30,2.808051259482988,729.3702117467454,800.9990304263276,0.09820639440160385
Cecita,2016-06-11,2.803224943117945,764.643464268006,785.1664852268952,0.026839987416273713
Cecita,2016-07-05,1.2562383152905967,721.5159559486389,757.4091695785522,0.049746943687089325
Cecita,2016-07-17,2.232787462661621,718.010737625885,718.5681015310131,0.0007762612394503275
Cecita,2016-07-29,1.4644334589889398,695.0528942214966,694.2497941888039,-0.0011554516776628803
Cecita,2016-08-10,2.5286700009794147,653.754868888855,683.0801897979736,0.044856753356133344
Cecita,2016-08-22,1.1361670488656057,650.2271625701904,669.2429145582311,0.02924478256625878
Cecita,2016-09-03,1.5659255449372746,661.1651297492981,659.2043695281982,-0.002965613479711797
Cecita,2016-09-15,1.614609093664343,659.5129595161438,657.2200495758057,-0.0034766715456514847
Cecita,2016-09-27,1.050332262502388,662.9866021591187,646.8918381370545,-0.024276152745242627
Cecita,2016-10-03,2.125818199263816,662.9866021591187,646.8918381370545,-0.024276152745242627
Cecita,2016-10-09,1.7405152433327071,662.9095728088379,646.0814385551453,-0.025385263607507612
Cecita,2016-10-15,1.19394079343121,665.9354994026185,651.6596876457903,-0.021437228935286302
Cecita,2016-10-21,2.0332122980950698,676.7888326911926,658.5865522918701,-0.026895066112339185
Cecita,2016-10-27,3.21464981802718,655.3209424674988,663.5106728340149,0.012497281615446562
Cecita,2016-11-02,2.067215850609281,645.0094517929077,682.4159297683716,0.057993689660649994
Cecita,2016-11-08,1.9041080177113037,692.8839335494995,668.8465214263916,-0.03469183070816669
Cecita,2016-11-14,1.5693581151944695,649.7490318519592,701.4296659311752,0.07953937835338105
Cecita,2016-11-20,1.2966785411704929,719.1060467796326,707.2799894187928,-0.016445498426553917
Cecita,2016-11-26,0.2364796286294238,745.5909315513611,722.4719407455444,-0.031007607291725883
Cecita,2016-12-02,2.9943158129413394,747.8768613464356,727.69866746521,-0.02698063668515957
Cecita,2016-12-08,1.4012367210231298,758.9212567657471,719.8998221839905,-0.05141697407192424
Cecita,2016-12-14,0.6865389621848454,761.4247365882874,722.8591131973267,-0.050649291437209566
Cecita,2016-12-20,3.1313474790504543,733.7120694747924,693.9113004341126,-0.0542457602873701
Cecita,2016-12-26,1.6681789364600788,668.6996248382568,651.7100108200074,-0.025406944145301154
Cecita,2017-01-01,1.5288677785435985,654.2873380081177,614.9733705299377,-0.06008670074200977
Cecita,2017-01-07,4.227642515790457,657.2203922950745,603.1395037590027,-0.08228729535797931
Cecita,2017-01-13,3.629716565672924,647.1207954940796,605.776753036499,-0.0638892193628459
Cecita,2017-01-19,0.8635537562763478,409.48073889007566,592.1787151024763,0.44616988996262796
Cecita,2017-01-25,2.257120549284838,518.5297217677606,369.4610196586609,-0.2874834283382982
Cecita,2017-01-31,1.9248907916701776,651.094636760167,524.1028172850216,-0.19504356556683364
Cecita,2017-02-06,3.317810552878217,486.492934690094,507.1414148048401,0.04244353543983044
Cecita,2017-02-12,1.3898426411675977,620.9365834095795,651.5278573811371,0.049266341827663124
Cecita,2017-02-18,1.3950244349424388,681.5598711402893,692.6213826637268,0.01622969894769619
Cecita,2017-02-24,1.6507261968372489,723.954061315918,692.9763545242309,-0.042789602886375774
Cecita,2017-03-02,2.293321726161874,728.7961443273388,714.4922883291088,-0.01962669000044192
Cecita,2017-03-08,5.455202889643403,748.6270614927136,723.03788361338,-0.034181475925156087
Cecita,2017-03-14,1.482920356333838,256.17220389938353,776.702237098885,2.031953604942828
Cecita,2017-03-20,1.4474617283834528,779.2487431068421,760.5062469947815,-0.024052006856417674
Cecita,2017-03-26,3.0539011604902906,784.1894863830566,776.0455019302368,-0.010385225247513338
Cecita,2017-04-01,2.3481898305716165,800.8396445377754,791.322148310496,-0.011884396947871665
Cecita,2017-04-07,0.7412562380488528,808.5517022039825,794.4102789138794,-0.017489819453172604
Cecita,2017-04-19,2.1819849737309456,775.6518287517023,758.3373336018101,-0.022322509285844568
Cecita,2017-04-25,2.4083732034836918,775.6518287517023,758.3373336018101,-0.022322509285844568
Cecita,2017-05-01,2.2350905590001404,799.6915126498234,830.7974319394789,0.0388973983062347
Cecita,2017-05-07,3.7514147139619545,804.9582378679822,789.4202401975175,-0.019302861862273472
Cecita,2017-05-13,2.406418608331172,766.8574171059853,810.8519622490408,0.05736991539976863
Cecita,2017-05-19,2.3853042057348675,793.391631503673,764.485192535577,-0.03643401041842501
Cecita,2017-05-25,1.411838107179823,755.1755031116411,805.0544532258184,0.06604948109234877
Cecita,2017-05-31,1.0143194564231444,738.8844867840396,760.0683530077526,0.028670064946030784
Cecita,2017-06-06,2.1950702110939275,735.5364987761315,763.383063309434,0.03785884803763887
Cecita,2017-06-12,0.787077551769528,753.2460539347719,763.1129930973187,0.013099224497764532
Cecita,2017-06-18,4.538002135757819,724.1447288527277,796.5871266277925,0.10003856258104135
Cecita,2017-06-24,1.546345812213871,701.3841693567942,756.6680329558964,0.07882108837700215
Cecita,2017-06-30,4.000986513310854,703.012224534607,711.426112991333,0.011968338761528622
Cecita,2017-07-06,0.92469467166154,687.1645977531433,699.7003597961426,0.018242735559992625
Cecita,2017-07-12,2.1918739723927327,672.5286274085998,687.6739918746948,0.022520029406708504
Cecita,2017-07-18,0.833785822192227,652.8978628494262,672.3656964149475,0.0298175789403847
Cecita,2017-07-24,5.41047820616643,637.8994471656799,670.5534422285012,0.05118987829180572
Cecita,2017-07-30,1.0854698363629265,120.64966789016724,744.652020007279,5.172018813057727
Cecita,2017-08-05,0.7893857862018402,613.830744102478,619.8902313812256,0.009871593003389856
Cecita,2017-08-11,3.727709520110946,608.1953369712829,597.5811727203369,-0.0174519000816463
Cecita,2017-08-17,1.7268787764861744,457.5849058450736,757.3554960881579,0.6551146823548828
Cecita,2017-08-23,0.310595310530359,561.959973740013,591.9631029838442,0.0533901534733006
Cecita,2017-08-29,1.2701355578667493,537.5784685546874,550.9142564382814,0.024807146609588104
Cecita,2017-09-04,1.2628652048080875,519.9238846343994,490.7450755615234,-0.05612130916700246
Cecita,2017-09-10,2.9270404265031185,493.3945288594474,649.2992265490002,0.31598383964643667
Cecita,2017-09-16,1.6903587599514571,478.4934245803833,563.2711933662297,0.17717645516276964
Cecita,2017-09-22,0.6657365293167264,435.5820131469727,430.8345039833069,-0.010899231419971272
Cecita,2017-09-28,1.5950137198010088,441.3402609710693,416.3841253036499,-0.05654624758799271
Cecita,2017-10-04,1.7163019002773603,393.1413107162476,402.0719801750183,0.022716181727380266
Cecita,2017-10-10,1.1795152350644071,424.9983194839477,388.3090273704529,-0.08632808750407436
Cecita,2017-10-16,0.309534154649313,411.98404777145385,384.3339706253052,-0.06711443633732002
Cecita,2017-10-28,2.7210105060024388,430.6638435569763,373.0556070724487,-0.1337661318598855
Cecita,2017-11-03,1.063580058192392,430.6638435569763,373.0556070724487,-0.1337661318598855
Cecita,2017-11-09,0.5932133326409533,407.5294749954224,392.30726692276,-0.037352410087229594
Cecita,2017-11-15,1.7645321922536388,413.48870038604736,391.9136617103576,-0.0521780611067402
Cecita,2017-11-21,1.372596832096766,391.4970207504272,418.4133366905213,0.0687522880467915
Cecita,2017-11-27,1.6675469138048988,416.3695791564642,387.6991813117981,-0.06885805130804791
Cecita,2017-12-03,1.5278297356061614,380.2502953338623,410.6167342430115,0.07985908040515059
Cecita,2017-12-09,6.904694322350903,408.4557004302978,407.9614439170837,-0.0012100614893937522
Cecita,2017-12-21,3.89805359761056,439.0164768821716,427.491449797821,-0.02625192376878333
Cecita,2017-12-27,2.466966452454886,410.6142388923645,445.2728508366425,0.08440674643375715
Cecita,2018-01-02,2.408166364104277,434.9267097450256,474.4122889306013,0.09078674245765213
Cecita,2018-01-08,3.356594259538477,459.5893869178772,472.6036816566468,0.028317222088279165
Cecita,2018-01-14,1.5134810319700824,502.9399938099701,496.818401232608,-0.012171616202140936
Cecita,2018-01-20,1.4792709324572637,504.9183324783325,532.5595676818848,0.05474397229325886
Cecita,2018-01-26,0.8197475748079556,549.4733988632203,527.1032408660889,-0.040711994508582164
Cecita,2018-02-01,2.196060756816884,564.4724593521119,563.1831558494567,-0.002284085753510363
Cecita,2018-02-07,3.034604159337893,605.2996444145202,568.1472902099609,-0.06137845040450194
Cecita,2018-02-13,2.6157192425315614,526.9029068069458,621.8810465053693,0.18025738418107265
Cecita,2018-02-19,0.7408416012094502,755.0429290637888,867.9756740362662,0.14957129008877376
Cecita,2018-02-25,2.390849844602205,786.3181792858582,790.3045192926437,0.005069627171033979
Cecita,2018-03-03,5.026885963014897,702.4031472541809,668.2066319007873,-0.04868502581042504
Cecita,2018-03-09,0.6427471620927115,44.98815765380859,495.2963716009253,10.00948332697493
Cecita,2018-03-15,1.749270466848999,767.2681159408569,753.1726360488892,-0.018370996525358275
Cecita,2018-03-21,1.547602988799756,801.6658160270691,778.3146691795349,-0.02912828061355897
Cecita,2018-03-27,1.70641803164201,812.0792141177787,803.7348173740044,-0.010275348264934366
Cecita,2018-04-02,1.8977851898623797,803.688599131012,793.0898540542603,-0.01318762651132738
Cecita,2018-04-08,2.747129296256106,788.1103647026061,777.6889347938537,-0.013223312844876696
Cecita,2018-04-14,3.5321835666233974,784.436430544281,741.7336768394471,-0.054437494285170675
Cecita,2018-04-20,1.8114519778734384,782.4296516792298,761.4039056892096,-0.02687237880734101
Cecita,2018-04-26,1.222680760153137,835.8714397381233,795.1169506520081,-0.04875688670363411
Cecita,2018-05-02,4.794740410410356,822.0613666837775,783.8956800582886,-0.04642680969116761
Cecita,2018-05-08,2.14239750160546,176.79188125534057,781.8937506428671,3.4226790568147054
Cecita,2018-05-14,2.791253163059368,804.8303677718338,816.6709605310808,0.014711911022974406
Cecita,2018-05-20,1.1293892588886625,750.0081912653725,857.0494008569816,0.14272005404502994
Cecita,2018-05-26,0.330376674646585,805.7401978286323,793.7513747565922,-0.014879266424026549
Cecita,2018-06-01,2.0579977363921254,800.5424465843051,792.1923433782989,-0.010430556482837134
Cecita,2018-06-07,2.741262714672392,779.984131848315,764.3990694658077,-0.019981255702697005
Cecita,2018-06-13,3.7850925926400167,780.173195121415,770.7219838274128,-0.012114247647961459
Cecita,2018-06-19,2.5566480610736853,714.0058330025527,769.2108244056521,0.07731728348905816
Cecita,2018-06-25,1.9789314420542936,757.8198056541443,763.6140096214982,0.007645886164656833
Cecita,2018-07-01,1.6706166983376989,754.276616027069,757.294828894806,0.0040014668406856595
Cecita,2018-07-13,1.746658039051051,700.3871604110718,734.6195641835022,0.048876401092702366
Cecita,2018-07-19,1.5926856439134276,700.3871604110718,734.6195641835022,0.048876401092702366
Cecita,2018-07-31,1.7971052304247517,684.0991477134704,674.1023554191589,-0.01461307520660524
Cecita,2018-08-06,0.6359679480296395,684.0991477134704,674.1023554191589,-0.01461307520660524
Cecita,2018-08-12,1.206358728754142,683.0266770019531,670.8609477279663,-0.017811499438625915
Cecita,2018-08-18,1.1323827658560344,669.903591621399,658.2318990829468,-0.01742294366597228
Cecita,2018-08-24,1.064093398655567,663.0638842674256,649.446954511261,-0.020536376779454718
Cecita,2018-08-30,1.5236344075757924,646.5605599815368,650.3043001678467,0.005790239024812749
Cecita,2018-09-05,1.8699594727300597,645.672170816803,637.5820993736268,-0.012529688917739762
Cecita,2018-09-11,1.5616370206105057,639.9291894761269,630.8820964654152,-0.01413764703891385
Cecita,2018-09-17,0.6767417866773483,639.1958353439331,612.5412644439697,-0.04170016359011693
Cecita,2018-09-23,1.3066572999299375,614.3782350967407,594.7865065032959,-0.03188870873715097
Cecita,2018-09-29,1.4855281654310504,615.0342654060364,574.9716086090087,-0.06513890209121748
Cecita,2018-10-05,2.7902288839331777,605.608764679718,560.3427815483093,-0.07474459712508956
Cecita,2018-10-11,0.8329945430140955,574.8403232269287,577.8661913658142,0.005263841134002971
Cecita,2018-10-17,1.7221202193690233,583.9324765098572,556.5134555725098,-0.046955807461215256
Cecita,2018-10-23,3.422927338748286,578.4983318458557,554.7847414710999,-0.04099163138308651
Cecita,2018-10-29,5.492999485488428,446.8234760597229,576.6442182995636,0.2905414536063649
Cecita,2018-11-04,2.702830904607841,395.18550864715576,609.0343804018687,0.5411354087521703
Cecita,2018-11-10,1.651084356141734,32.45728759536743,631.8050761466202,18.465738604626853
Cecita,2018-11-16,2.854035895197673,594.2840677749634,555.1246665634155,-0.06589340575486592
Cecita,2018-11-22,2.0393441402481165,568.5020536117554,560.7516404457092,-0.0136330433932595
Cecita,2018-11-28,3.1453197546173186,575.8272879592896,559.5009200805664,-0.028352890215715968
Cecita,2018-12-04,1.4635531417743557,575.5188779541015,570.0997803405762,-0.009416020605248487
Cecita,2018-12-10,2.531349448626338,588.5259329254151,568.8878810173035,-0.03336820148348564
Cecita,2018-12-16,1.774714808331623,582.8829681320191,572.1066884094238,-0.018487896047349486
Cecita,2018-12-22,2.742986519411422,592.7249130363464,569.0808763137817,-0.03989040481096637
Cecita,2018-12-28,1.2800633075692094,561.9711890190124,555.3093422714234,-0.011854427553871729
Cecita,2019-01-03,3.751756029238937,593.1535625065225,545.9161023475647,-0.07963782592714067
Cecita,2019-01-09,1.70190212657623,605.7621925938446,557.263327545929,-0.0800625487045433
Cecita,2019-01-15,3.483619907816125,859.836334818608,574.3213464760574,-0.3320573657808763
Cecita,2019-01-21,1.6041815702870503,729.2124375222749,662.5705297158094,-0.09138887980696273
Cecita,2019-01-27,2.249295566116473,724.3065198618782,715.4479897987186,-0.01223036079372706
Cecita,2019-02-08,0.9550029788940232,669.7256994964599,640.7326079528808,-0.0432909944554582
Cecita,2019-02-14,2.780686738179561,669.7256994964599,640.7326079528808,-0.0432909944554582
Cecita,2019-02-20,0.7063383785096131,711.1777068412781,670.8837758255005,-0.056658034452098605
Cecita,2019-02-26,2.5243666419923425,716.4664870025634,679.4137166648865,-0.05171598533895474
Cecita,2019-03-04,2.9754905826497096,771.6328679474984,688.9865255332946,-0.10710578287578466
Cecita,2019-03-10,3.6629822841047535,722.7731365982056,702.3326312988281,-0.02828066548735126
Cecita,2019-03-16,2.625544635650228,743.4458247161865,680.4733444648742,-0.08470352264787051
Cecita,2019-03-22,2.7626446131371147,770.5718263778687,743.9555163078309,-0.03454098522541342
Cecita,2019-03-28,3.6233301782881946,756.5385116607666,759.9162057887088,0.004464669115822524
Cecita,2019-04-03,1.6478783487308917,760.8150038742066,799.5885666601024,0.05096319419103708
Cecita,2019-04-09,3.5089839269028533,830.6901018307914,802.8755666641235,-0.03348364824062098
Cecita,2019-04-15,2.4263905526677445,775.8372278911605,821.8028146029094,0.059246430899803665
Cecita,2019-04-21,2.898091619047754,821.1060685342826,821.4377878244437,0.0004039907910475613
Cecita,2019-04-27,3.425518599461614,800.9031346664877,788.2198660751792,-0.015836207953649872
Cecita,2019-05-03,2.2607073902074624,796.9878676653843,795.2724068155268,-0.002152430318522473
Cecita,2019-05-09,3.696235604378221,825.1635290281498,788.3044524581909,-0.044668814451082575
Cecita,2019-05-15,0.9059911290285568,813.8531364295959,815.7997212821572,0.0023918134186973992
Cecita,2019-05-21,2.815508582476273,803.0317887486686,822.0442055750439,0.023675796017990122
Cecita,2019-05-27,3.0650842273634265,798.3545043252204,822.6338284601308,0.03041170808628621
Cecita,2019-06-02,1.647559614100799,781.1658510160918,799.912305679094,0.02399804681504952
Cecita,2019-06-08,2.2776416104665387,771.3445203277588,770.0398265762329,-0.0016914539704922925
Cecita,2019-06-14,1.7693399129776812,792.3807521521804,750.9953959080865,-0.05222912865019428
Cecita,2019-06-20,0.9924510721278058,768.7261760510883,750.6093848820855,-0.023567287980315613
Cecita,2019-06-26,3.035709337988647,743.7091000724793,741.532202758789,-0.0029270817225150003
Cecita,2019-07-02,0.7029004332924764,749.3376795163952,742.7220776754223,-0.008828598937187355
Cecita,2019-07-08,2.3401909130492826,706.2626055404663,743.1101593034153,0.0521725962466206
Cecita,2019-07-14,0.7791888432450519,713.9117416465759,721.0828200744629,0.01004476885524744
Cecita,2019-07-20,0.7272057835423195,692.8924476081849,696.4277581062316,0.005102250010445953
Cecita,2019-07-26,1.94818037778389,694.443611050415,680.1243204490662,-0.020619803211508383
Cecita,2019-08-01,1.150419860295298,667.9202183197021,686.3921335227966,0.027655870710972866
Cecita,2019-08-07,1.457726424001188,672.2349128105163,667.9738256858826,-0.006338687627541886
Cecita,2019-08-13,2.016448711295497,648.2238279467863,650.5433612083435,0.0035782906483154673
Cecita,2019-08-19,1.1579424275816013,641.6046177200317,642.206550983429,0.0009381685336622234
Cecita,2019-08-25,0.4939302692703779,611.3220103294373,623.1863006767273,0.019407595582721607
Cecita,2019-08-31,1.028394878740495,600.7769551734924,601.1704694839477,0.0006550089963781603
Cecita,2019-09-06,1.2685651758223635,586.2799265769959,588.2247969497681,0.0033173067754978377
Cecita,2019-09-12,1.51684507553744,581.3779211807251,571.6747225883483,-0.016690001871193336
Cecita,2019-09-18,1.353547672686107,568.2306677909851,574.3672870162964,0.010799521344329377
Cecita,2019-09-24,2.8807713980071665,559.7012688995361,513.8339770919799,-0.0819495941071185
Cecita,2019-09-30,2.375542323756454,514.6623773303312,531.4291326294633,0.032578163933616094
Cecita,2019-10-06,0.7217535233508655,515.0136660034179,467.7182942756653,-0.0918332363775348
Cecita,2019-10-12,0.8080682077483385,480.2386304267884,475.08187700042726,-0.010737897994125003
Cecita,2019-10-18,0.8021636909318997,521.8142172294616,466.714549331665,-0.10559250031619433
Cecita,2019-10-24,1.9907366724373905,516.2328730610687,462.4695140625,-0.10414555485351411
Cecita,2019-10-30,1.1820204119694415,512.798507850647,456.563962789917,-0.10966206843392046
Cecita,2019-11-05,2.296898501451216,510.9458202461242,447.764270224762,-0.12365606590328387
Cecita,2019-11-17,2.2293781817697598,491.02316146621706,519.4137285264198,0.05781920139047471
Cecita,2019-11-23,2.60483396917494,491.02316146621706,519.4137285264198,0.05781920139047471
Cecita,2019-11-29,3.462883839425834,471.578009690094,488.62100279312136,0.03614034741405238
Cecita,2019-12-05,1.5234790397185785,491.16897725753785,468.1657127319336,-0.04683370813450788
Cecita,2019-12-11,3.4269061699928067,491.0526672935486,437.62035992889406,-0.10881176485436542
Cecita,2019-12-17,1.7411429089997674,464.9615894882202,460.661805280304,-0.00924761164174649
Cecita,2019-12-23,4.3817776632681245,456.3858307952881,435.43610173339846,-0.04590354837568704
Cecita,2019-12-29,3.5282418452062907,478.3210402398293,505.9259535484195,0.057712103349560256
Cecita,2020-01-04,1.9716124077221104,442.3317548278808,542.7792282256393,0.22708628151023066
Cecita,2020-01-10,0.3523797379767159,827.1425222315318,479.5285178756714,-0.4202588973639504
Cecita,2020-01-16,1.202054133082565,658.117798295593,566.6648142578125,-0.13896142039408044
Cecita,2020-01-22,0.5233550313966528,625.6990717849732,590.8619686607361,-0.05567708934720797
Cecita,2020-01-28,3.5645968903414555,664.5685349359101,644.0510801162719,-0.030873346752140193
Cecita,2020-02-03,2.9596515926687563,133.33312583312988,491.4172825950922,2.685635355238837
Cecita,2020-02-09,1.3571878277444622,701.7148892700195,689.8659940322876,-0.01688562608391858
Cecita,2020-02-15,1.9875117237720308,724.4871760429382,704.1316707435608,-0.028096432859663265
Cecita,2020-02-21,1.9719428631490767,721.4070457954407,721.1908366668702,-0.000299704764225227
Cecita,2020-02-27,3.5650502963477426,745.2212096305847,727.5360811279297,-0.023731381063914814
Cecita,2020-03-04,0.9774483548481387,720.0873339828491,742.094759841919,0.03056216214406292
Cecita,2020-03-10,0.7372830952646594,775.5880305145264,762.1412215820312,-0.017337566341211502
Cecita,2020-03-16,2.4140950007514506,775.8752979492187,769.7769107528686,-0.007860009478932107
Cecita,2020-03-22,1.1298031239768955,783.810467111969,792.3833214039612,0.010937407258134373
Cecita,2020-03-28,1.1953838694875487,809.2365649833679,804.0074748062373,-0.006461757171387934
Cecita,2020-04-03,2.808178196669198,820.0971530693054,815.5736252113343,-0.005515843874157202
Cecita,2020-04-09,0.4694593573532201,302.2766798832703,825.8633861428324,1.7321438969812517
Cecita,2020-04-15,2.841193671435676,837.9064640695879,820.1905169351616,-0.021143108323072916
Cecita,2020-04-21,0.9096323984994682,845.8756526075028,848.6327795854456,0.003259494429758852
Cecita,2020-04-27,1.365668878762012,832.8094075452317,831.7518685254563,-0.001269845189300354
Cecita,2020-05-03,2.276412143706221,817.8229479335561,840.9551185027238,0.028285059287731253
Cecita,2020-05-09,1.5024385331851076,818.3630905348206,834.5480862907409,0.019777279722308888
Cecita,2020-05-15,1.464504349210449,814.6876850839952,810.7418633217577,-0.004843355109548158
Cecita,2020-05-21,3.4184689779458117,816.5662414201864,791.6644687016716,-0.030495716642908535
Cecita,2020-05-27,3.354346078177931,768.3647474136352,782.6318457015692,0.018568132304296842
Cecita,2020-06-02,1.985574410841779,751.3044273542457,787.0134226616983,0.047529329000766736
Cecita,2020-06-08,2.0121448222386547,720.5446893443836,772.8772663151192,0.07262918975692186
Cecita,2020-06-14,3.272971126758672,745.0139440086365,772.0657751136839,0.03631050307527376
Cecita,2020-06-20,2.8893629453182563,683.1064591896057,770.0059901978797,0.12721228124729786
Cecita,2020-06-26,0.9226258103246384,708.9490211639404,749.8791605700895,0.05773354385756922
Cecita,2020-07-02,1.3901029238220062,714.7690786697387,734.2445331649781,0.027247197838335718
Cecita,2020-07-08,1.1680601427306714,701.0438822631836,721.7378082713348,0.029518731325840607
Cecita,2020-07-14,0.8247141767706697,678.8348447547912,705.4969857429504,0.03927632942559113
Cecita,2020-07-20,0.9011001351614316,664.8553039352417,688.514680998993,0.035585753657544225
Cecita,2020-07-26,1.6067415367192863,655.113535369873,678.3242331523851,0.03543003850379529
Cecita,2020-08-01,2.385662385898056,647.4473687189139,655.7037798006784,0.012752250577681968
Cecita,2020-08-07,1.3205818195860182,629.1151645141601,634.9121100296021,0.009214442509772762
Cecita,2020-08-13,1.852586223095457,617.326665221405,619.5419138481141,0.003588454462621521
Cecita,2020-08-19,2.561788236810441,587.468629964447,606.6234619599585,0.032605710362220874
Cecita,2020-08-25,1.557895589591386,563.9007483558655,588.6766402272901,0.043936618179107455
Cecita,2020-08-31,2.545059347868312,539.5769198440552,544.5671144892973,0.009248347106255692
Cecita,2020-09-06,2.0802204238300703,512.8832122573853,535.7006655143738,0.04448859450197372
Cecita,2020-09-12,1.2351866010892671,487.0078862548828,489.87533156388224,0.005887882701551809
Cecita,2020-09-18,1.9813752670239044,455.7988565246582,498.0569328662199,0.09271211574282558
Cecita,2020-09-24,2.0541621080564534,436.5812180299049,427.3260678124671,-0.021199148830089717
Cecita,2020-09-30,1.227617086438062,431.4056500617981,419.3788709777832,-0.027878121397557208
Cecita,2020-10-06,2.044862417725388,409.9692366111755,415.34510446331547,0.013112856702559239
Cecita,2020-10-12,1.3696181292297844,435.5429066017151,421.0228238006592,-0.03333789296294042
Cecita,2020-10-18,0.5545698985843908,390.27801122817993,409.7995922576905,0.05001967947944955
Cecita,2020-10-24,2.32592747632352,427.329822693634,412.11532775115967,-0.035603634790970555
Cecita,2020-10-30,1.0658032207501005,415.59639844284055,455.40804512946335,0.09579401273877576
Cecita,2020-11-05,0.4717657866889496,435.55842934341433,419.872848740387,-0.0360125749986579
Cecita,2020-11-11,0.8514895129285255,435.2570744567871,432.0610230140686,-0.007342905216893395
Cecita,2020-11-17,1.4479948363680173,463.0076161712647,420.9228005538941,-0.09089443488075068
Cecita,2020-11-23,1.5163814999698892,422.4746114761352,424.88278894729615,0.005700170864106474
Cecita,2020-11-29,0.5801474907399408,448.843417350769,447.9940583869934,-0.001892327994445877
Cecita,2020-12-05,3.299257711918766,467.36951630020144,464.7757780860901,-0.005549652092511157
Cecita,2020-12-11,1.126022274014651,497.4747543457031,495.2282761924744,-0.004515763128891494
Cecita,2020-12-17,0.4317655361396184,526.8783598205566,529.3020302497864,0.00460005688989625
Cecita,2020-12-23,1.7849202687652723,551.0018592269897,534.1198208312989,-0.030638804775314155
Cecita,2020-12-29,2.027950847347172,566.949615184021,550.615966683197,-0.028809700303831044
Cecita,2021-01-04,1.984490166746885,569.8599779136657,568.3283197876665,-0.002687779779880026
Cecita,2021-01-10,2.937900286669924,572.4078253616333,588.209019103241,0.02760478288644092
Cecita,2021-01-16,2.252902298747667,611.6529895050049,612.6564498695374,0.0016405713398777047
Cecita,2021-01-22,2.2780658750109084,589.7238733558655,640.5821231796953,0.08624078508882006
Cecita,2021-01-28,2.1117128281223785,651.5234379348755,644.3136094741822,-0.011066107588617521
Cecita,2021-02-03,2.2913904863989245,685.0177981964111,681.1580330108643,-0.005634547300390231
Cecita,2021-02-09,5.6910810982900175,711.7576853164672,704.7021466209411,-0.009912838092347468
Cecita,2021-02-15,4.198359620531419,33.17924938430786,456.1864448240363,12.749149040116317
Cecita,2021-02-21,1.6804442529252075,641.290432346344,738.4625736959418,0.15152594900576613
Cecita,2021-02-27,0.5433923068957517,777.9828035980224,769.4682772865295,-0.010944363130026554
Cecita,2021-03-05,1.597062509262133,795.3728154716491,779.2397269798279,-0.020283681033597383
Cecita,2021-03-11,2.1696541119708117,763.8177818428039,780.931036472913,0.02240489163373656
Cecita,2021-03-17,1.7908276133704129,779.9024921040375,778.9236035733063,-0.001255142201290211
Cecita,2021-03-23,5.444796314115029,789.1143342666626,789.4384895195008,0.0004107836326904703
Cecita,2021-03-29,1.462606967251334,799.1556676383972,820.1363489779094,0.02625356008737659
Cecita,2021-04-04,2.678948438515822,794.9502917678833,797.3586055496215,0.0030295149353079683
Cecita,2021-04-10,1.3393477390260906,821.7960757461548,824.9840761940362,0.003879308434257106
Cecita,2021-04-16,4.182755242393742,827.6918923209396,818.6332899411669,-0.010944413572025368
Cecita,2021-04-22,2.9463558651312263,787.7014199508667,839.1899420276567,0.06536553162491647
Cecita,2021-04-28,2.3299916114605064,814.1351581280936,821.59968314793,0.009168655775779622
Cecita,2021-05-04,1.58954705990389,860.7387777178116,846.5489171674661,-0.016485675930587033
Cecita,2021-05-10,1.197513753642974,837.2164979066497,857.1717237476453,0.023835203786465045
Cecita,2021-05-16,2.7832674460615032,863.3191614023306,851.7428027721899,-0.013409129725948246
Cecita,2021-05-22,2.174992861349168,738.3391316018289,837.7033820804402,0.134578063420586
Cecita,2021-05-28,0.7424379750880205,847.0053648240661,832.9743921743833,-0.016565388169173162
Cecita,2021-06-03,0.6407437485511915,854.252797935438,856.5228740704885,0.002657382147927125
Cecita,2021-06-09,2.2248124548545603,860.7309346741858,820.1257874931993,-0.04717519208991476
Cecita,2021-06-15,1.831455670391004,831.4798654073737,828.9054315522587,-0.0030962070907798542
Cecita,2021-06-21,1.640663806203066,816.7634583723151,802.9634312874289,-0.01689598982842298
Cecita,2021-06-27,1.7463180082469592,797.7425622595275,804.0415576124094,0.007896025172632888
Cecita,2021-07-03,2.1421681955933747,780.4767856163024,780.1679443679809,-0.0003957084361934633
Cecita,2021-07-09,2.6315175074449564,742.6594956718445,779.625250832367,0.04977483675352661
Cecita,2021-07-15,3.478088810818015,737.7654098480225,768.8646555366516,0.04215329869563211
Cecita,2021-07-21,2.1584137284981284,653.4560095466613,749.9890222054216,0.1477268725797328
Cecita,2021-07-27,1.6394038431871132,728.4013184005737,738.6369184661866,0.014052143793600244
Cecita,2021-08-02,2.1737714398446304,717.9184044883729,725.2439476318359,0.010203865923570556
Cecita,2021-08-08,2.025870626564988,711.443217509254,717.3407473203503,0.008289529882290984
Cecita,2021-08-14,1.0282013948324862,682.7715601464455,696.0407194710915,0.019434258980851445
Cecita,2021-08-20,0.7584157772608661,678.4722584236144,681.8842128356933,0.0050288782919530855
Cecita,2021-08-26,3.1538336840277017,659.1272234375,678.8493559753418,0.029921586966149553
Cecita,2021-09-01,1.5340531616192663,626.8142857955933,655.9866654889904,0.04654070648113847
Cecita,2021-09-07,0.9113762149309976,636.6871751449585,636.6020158462525,-0.00013375375228284484
Cecita,2021-09-13,1.1972513346027942,627.9796462425232,621.2328513130188,-0.010743652234389167
Cecita,2021-09-19,2.2858643941675285,609.3681254760742,614.0998562225342,0.007764979080196081
Cecita,2021-09-25,0.8101361160472169,596.986233908844,590.9573499778747,-0.010098865917718752
Cecita,2021-10-01,0.4847561395477085,570.9954229927063,557.7568259811401,-0.023185119317033983
Cecita,2021-10-07,2.223128277743045,555.1854657348633,539.2918340103149,-0.028627607719361015
Cecita,2021-10-13,2.531442840424967,441.221652002716,563.5549417099837,0.2772603954316247
Cecita,2021-10-19,0.5320082526963805,526.2152706817627,534.79116383667,0.01629730954747161
Cecita,2021-10-25,3.522368710905728,550.9012486877441,536.7286163787842,-0.02572626644560956
Cecita,2021-10-31,1.4089753977386774,317.0093300254822,555.4225592507097,0.7520700706381831
Cecita,2021-11-06,2.0491219302003527,547.1266355621337,538.3960454025269,-0.015957165292522873
Cecita,2021-11-12,0.7255672674272587,467.77959999923706,523.6485484046937,0.11943434131276291
Cecita,2021-11-18,1.1370842312735,565.5297027359009,561.716180216217,-0.006743275377464519
Cecita,2021-11-24,1.5439594787652502,569.3740735305786,560.1184957710266,-0.016255706379744272
Cecita,2021-11-30,1.6516749925859522,556.8918987510681,555.0848580989494,-0.0032448679109379455
Cecita,2021-12-06,2.196670619835816,563.3225593994141,562.2956957824707,-0.001822869685954309
Cecita,2021-12-12,1.7558292033485243,577.9274718154908,589.5755029548645,0.020154832063585496
Cecita,2021-12-18,5.406574382144669,661.3210171763969,634.1721928138733,-0.04105241426990993
Cecita,2021-12-30,3.956176772497836,642.2066043937683,661.1261845207214,0.029460270258062533
Karapuzha,2015-03-03,1.1734956224013957,593.0639420471191,944.0293399916944,0.5917834032079647
Karapuzha,2016-02-26,0.8052895191894126,599.802589641571,951.4281787456468,0.5862355301170001
Karapuzha,2016-09-29,0.7595700356526458,775.4533727499899,1056.3673490903818,0.3622577271721534
Karapuzha,2016-10-11,0.3477453123005725,826.9571346765974,1061.7432176843024,0.28391566281065345
Karapuzha,2016-10-23,0.4249651705739831,829.1800829425827,1066.845995737203,0.28662761887766885
Karapuzha,2016-11-04,0.7046090012757554,862.317355305439,1053.006685765743,0.22113590696868257
Karapuzha,2016-11-16,0.8212956229135326,860.450420090341,1065.3399343541944,0.23811890781846728
Karapuzha,2016-11-28,1.050048451803515,774.143951525879,1035.8521563998024,0.33806142172664744
Karapuzha,2016-12-10,0.9171648412084272,805.0430287758801,1017.0268392232022,0.26331985107635447
Karapuzha,2016-12-22,0.9970585470563648,791.0031559991874,1010.903906101897,0.2780023675442017
Karapuzha,2017-01-03,1.122425013125625,774.5922080184937,1001.5621618728547,0.29301863807148193
Karapuzha,2017-01-15,1.266413956219941,763.9347326202393,1005.4375094851237,0.316130117603827
Karapuzha,2017-01-27,1.1479971805662437,653.4449666000367,1012.9909261278848,0.5502314317280839
Karapuzha,2017-02-08,0.8170968581888596,722.4969103088379,951.7957103300386,0.3173699385415847
Karapuzha,2017-02-20,0.6891223111283208,808.4055541595459,940.9102665519029,0.1639087110554488
Karapuzha,2017-03-04,0.9588922148093144,744.7459117881775,924.6536353602028,0.24156926640934023
Karapuzha,2017-03-28,0.8170868567303654,572.9661208686829,858.0694755058948,0.4975919941042279
Karapuzha,2017-04-09,0.5637865189531285,516.0152569633484,752.5981407861209,0.45848040465899736
Karapuzha,2017-04-21,0.5891818146908739,425.6852623321533,821.6297478260205,0.9301343516678293
Karapuzha,2017-05-03,0.5777091174267543,413.52421811676027,645.38610019995,0.5606972262449754
Karapuzha,2017-05-15,1.0349432924178912,203.7922701347351,586.4217355210458,1.877546509165138
Karapuzha,2017-05-27,0.8060313207631457,79.40458515930176,548.5951217930634,5.9088594908275125
Karapuzha,2017-06-08,0.6677418287511185,202.09686665649411,436.1867438591003,1.1583053269227124
Karapuzha,2017-07-02,0.8643782166521552,48.85094566192627,691.8059594356254,13.161567397758875
Karapuzha,2017-07-14,0.7671699574657782,88.24134908905029,769.6269678999358,7.721840450594804
Karapuzha,2017-07-26,0.9946188753002452,496.9697005752564,858.727034842604,0.7279263380616631
Karapuzha,2017-08-07,0.8206606010864216,710.170119707489,913.328053886644,0.28606939174353535
Karapuzha,2017-08-19,1.0686778206278225,486.0735138748169,989.6959524173392,1.0361034373747526
Karapuzha,2017-08-31,0.5538423575512631,757.6625534769096,1053.166608608228,0.39002066787549655
Karapuzha,2017-09-12,0.6507499751907483,819.8704977446641,1062.7221549217554,0.2962073374333365
Karapuzha,2017-10-06,0.7154754581904342,877.2835098113565,1078.669347754436,0.22955616478689306
Karapuzha,2017-12-17,2.17601657000518,449.3615406874174,1043.378830404549,1.3219139510880815
Karapuzha,2018-01-22,0.9119156035236368,681.7603886894226,973.6649296947674,0.4281629526269273
Karapuzha,2018-02-03,1.0530852375613489,706.4348968704223,957.1611743801792,0.3549177406446079
Karapuzha,2018-02-27,1.3534615964361614,642.5717999771118,902.7925427023076,0.40496757363840863
Karapuzha,2018-03-11,1.2347302398290785,163.72427227859498,964.2926951363986,4.889735722847177
Karapuzha,2018-03-23,0.6550907913396552,586.6335409431457,808.534001911651,0.3782607803361367
Karapuzha,2018-04-04,0.7948739067421591,552.3224997253418,696.1445111892401,0.2603949894045923
Karapuzha,2018-04-16,1.061071131112759,508.8012789398193,644.7469545250358,0.26718815618640773
Karapuzha,2018-04-28,0.5898989358496101,446.3196722984314,666.8930676330986,0.4942049589675736
Karapuzha,2018-05-10,0.9320446271038656,345.30963919296266,462.2826082191467,0.3387480560912414
Karapuzha,2018-05-22,0.6764829531377652,229.1574785003662,523.586243558188,1.2848315795085488
Karapuzha,2018-06-03,0.985569756985475,270.64237228088376,491.9136747824965,0.8175781960408192
Karapuzha,2018-06-15,1.0108298385183292,348.9127196220398,767.4228453117341,1.1994693863354884
Karapuzha,2018-06-27,0.54211510414924,572.987214591217,884.916960018846,0.5443921565512893
Karapuzha,2018-07-09,2.440386935415048,87.85204568405152,988.3285980979948,10.249921278468465
Karapuzha,2018-07-21,2.816079764178185,34.002127653503415,1143.1510766817223,32.61998661762972
Karapuzha,2018-08-02,0.8560496343031302,525.9289895911154,1098.2729929381758,1.088253385294525
Karapuzha,2018-08-14,0.808060777812745,122.82630650634766,1098.8775876146656,7.946597995746746
Karapuzha,2018-08-26,0.3404673619851702,974.1042891325468,1066.128025342006,0.0944701067802581
Karapuzha,2018-09-07,0.0538771077249369,905.3633003462307,1078.0587537982149,0.19074713254440687
Karapuzha,2018-09-19,0.4897184255018522,942.819769132852,1044.8566428114918,0.10822521654641068
Karapuzha,2018-10-01,1.0420122247845731,863.6154490522856,1019.2079823289102,0.18016413838748344
Karapuzha,2018-10-13,1.118336876582269,891.0086435585022,1013.3945077123068,0.13735653973571016
Karapuzha,2018-10-25,0.9054841742470368,849.4211786901526,1003.5822810682976,0.1814895910835054
Karapuzha,2018-11-30,0.9950612625912524,776.3535354530335,971.9897348604148,0.25199369935659505
Karapuzha,2018-12-24,1.2220906661277016,676.5433262321473,937.7499083632556,0.3860899546313441
Karapuzha,2019-01-05,1.5780723761474542,650.4944741027832,988.0416997175688,0.5189086749435637
Karapuzha,2019-01-17,1.3379510801826118,725.4469358795166,925.697350717178,0.27603730188050496
Karapuzha,2019-01-29,1.6101252603361609,705.3934952087402,875.7606800792051,0.24152077674043457
Karapuzha,2019-02-16,0.9446793483116056,715.9558828796387,800.5976207458496,0.11822200206774502
Karapuzha,2019-03-24,0.670615744700128,615.8459471160888,747.296381957215,0.2134469431140826
Karapuzha,2019-05-05,0.8188145174819007,417.9651497612,581.5033700462342,0.39127238330389513
Karapuzha,2019-05-11,0.0467687267804503,417.9651497612,581.5033700462342,0.39127238330389513
Karapuzha,2019-05-23,0.5371917080848096,290.6847454612732,533.9365840911985,0.8368235431271805
Karapuzha,2019-06-04,0.824472323915958,270.0308286392212,573.0661927596866,1.1222250646252705
Karapuzha,2019-06-10,2.7953773039123204,270.0308286392212,573.0661927596866,1.1222250646252705
Karapuzha,2019-06-28,0.4166893428782462,86.04298737640381,548.5252555063884,5.375014074148876
Karapuzha,2019-07-04,1.5691008104066957,86.04298737640381,548.5252555063884,5.375014074148876
Karapuzha,2019-07-16,0.6608989012303782,310.4736222251892,547.0432021903214,0.7619635390266623
Karapuzha,2019-07-22,0.736461662831404,451.8382653114319,605.7908102890015,0.34072489383221444
Karapuzha,2019-07-28,0.6212014121808297,410.4172310264588,686.2641327599589,0.6721133541191812
Karapuzha,2019-08-03,1.424786903519928,257.3375318107605,841.5307866557251,2.270144004002361
Karapuzha,2019-08-21,0.5766512475709376,855.1645630477875,1079.8129696783778,0.2626961129328704
Karapuzha,2019-08-27,2.2448183273911906,855.1645630477875,1079.8129696783778,0.2626961129328704
Karapuzha,2019-09-08,1.4269208428909674,358.0359965461312,1107.1727377674686,2.0923503459094643
Karapuzha,2019-09-20,1.136747321631408,833.2414274068555,1107.7355326353877,0.32942925807564555
Karapuzha,2019-10-02,1.3662530419252532,908.490226201456,1094.5623781734691,0.20481469872274877
Karapuzha,2019-10-14,1.3130545369889592,847.748707868069,1063.105742457096,0.25403404639873783
Karapuzha,2019-10-26,1.301437699619238,318.5025075820923,1120.1542891224017,2.5169402515102273
Karapuzha,2019-11-07,0.779880868851911,914.2244479970656,1042.9059790982683,0.1407548566253347
Karapuzha,2019-11-19,1.2001027816390624,967.1081054921826,1028.3928467207877,0.06336906999390303
Karapuzha,2019-12-01,1.154314136927345,845.725973785945,1042.3585742352743,0.23250155079084445
Karapuzha,2019-12-13,1.1702677022056924,924.7903419226164,1031.6516601886317,0.11555194017689803
Karapuzha,2019-12-19,2.141752131487029,924.7903419226164,1031.6516601886317,0.11555194017689803
Karapuzha,2019-12-25,1.1897483210311963,694.1581149305815,1059.292102598916,0.5260098237198442
Karapuzha,2020-01-06,1.1536603087245476,829.6719874161694,986.7230788991652,0.18929299032030342
Karapuzha,2020-01-12,1.7476407946719588,829.6719874161694,986.7230788991652,0.18929299032030342
Karapuzha,2020-01-18,0.7262115634250279,686.7030070648193,1034.9718849665771,0.5071608458369311
Karapuzha,2020-01-24,1.8110797405271837,872.9459573416647,971.7285932273148,0.11316008173801229
Karapuzha,2020-03-12,0.7899199241004908,676.2438331123352,884.7068798742736,0.30826609656832055
Karapuzha,2020-03-24,0.9491028767950735,537.904958026123,843.4270582130283,0.5679852836977713
Karapuzha,2020-04-05,0.7628048512395005,572.1199117729187,817.6485814963546,0.42915595956549957
Karapuzha,2020-04-17,0.5848346669719976,529.3885987678527,777.9205868291219,0.4694698537893056
Karapuzha,2020-04-29,0.6449154187141407,417.8218136642456,778.858446186326,0.8640923492142111
Karapuzha,2020-05-11,0.5157512320129449,401.94380436172486,641.367803489685,0.5956653555293844
Karapuzha,2020-05-23,1.1457007254612297,120.02777931823732,742.692290737529,5.187670012359234
Karapuzha,2020-06-04,1.9626982958979469,21.38376873779297,579.3915835784403,26.094923756561336
Karapuzha,2020-06-16,1.53430146531309,42.77775053100586,552.9880349369813,11.927001258193055
Karapuzha,2020-06-28,0.4535223694717893,308.2535124305725,494.0060565795898,0.6025966831143702
Karapuzha,2020-07-10,0.9014828222343908,131.6017348449707,674.0733782806396,4.122070610047129
Karapuzha,2020-07-22,0.6662405058237176,627.2828760124206,752.5116302627564,0.1996368130537907
Karapuzha,2020-08-03,2.315196298548554,105.85887855453493,878.4877142559454,7.298668248250695
Karapuzha,2020-08-15,1.1569302934903762,23.817004875946044,1110.9973604736929,45.647232356061004
Karapuzha,2020-08-27,0.492844034448796,885.7546366271554,1054.2171140337746,0.19019090664667992
Karapuzha,2020-09-08,0.5604610772565288,540.3358094794479,1066.108542063973,0.9730480996457503
Karapuzha,2020-09-20,2.1523350980254845,36.70848564987183,1113.467044696808,29.332688068833363
Karapuzha,2020-10-02,0.3081919928391839,23.76838620605469,1077.5332158140416,44.33472346303233
Karapuzha,2020-10-14,1.0177864849055869,36.62589290542603,1140.2401372260988,30.132077521505973
Karapuzha,2020-10-26,0.9962220994473282,860.1374120858167,1061.824277231254,0.2344821447265624
Karapuzha,2020-11-07,1.4608335987991976,754.7987876760955,1069.4532437331618,0.4168719679927375
Karapuzha,2020-11-19,1.0940733695866012,595.1837203709501,1079.020075663219,0.8129193368909959
Karapuzha,2020-12-01,1.832759069525137,698.6009275453994,1061.242903165307,0.5190974722780354
Karapuzha,2020-12-13,1.0361208919451268,731.1519109077453,1030.5214113746554,0.40944911173826315
Karapuzha,2020-12-25,0.5752132640666722,815.3668209663391,1017.9697029884396,0.24848065534722635
Karapuzha,2021-01-06,1.089401633756209,657.9899807977714,1012.3139525822596,0.5384944788291346
Karapuzha,2021-01-18,0.741480196125822,697.7033140472412,966.63363776401,0.38545083318689766
Karapuzha,2021-01-30,0.9575122487469552,706.0373102798462,940.5274598222082,0.3321214702512238
Karapuzha,2021-02-11,0.9509708596030788,686.5987156768799,900.3522797623608,0.3113224059482153
Karapuzha,2021-02-23,1.0470459640905485,662.449387323761,859.2454526540481,0.29707336001219115
Karapuzha,2021-03-07,0.782429412233131,602.0915488922119,831.6333727359367,0.3812407336825418
Karapuzha,2021-03-19,0.4096692421346976,539.9298394958496,777.1492391692367,0.4393522682407898
Karapuzha,2021-03-31,1.0764033518451426,132.66591665420532,822.1143665574915,5.196876992154199
Karapuzha,2021-04-12,1.0103606457288157,433.5889543869018,630.0004038049706,0.45298997456195844
Karapuzha,2021-04-24,0.8937208524188548,233.3832264442444,707.6556069001559,2.0321613840110992
Karapuzha,2021-05-06,1.4696722574760224,313.2675980621338,506.5513669768509,0.6169925332538893
Karapuzha,2021-05-18,1.601632728695428,27.73006791992188,626.9113152482665,21.607637206610658
Karapuzha,2021-05-30,0.3957711357945424,48.27028210525513,578.8116657846549,10.991056205607723
Karapuzha,2021-06-11,0.8079931305681641,22.055642431640624,698.7027488950123,30.67909305115801
Karapuzha,2021-06-23,0.4498018147909536,517.3291223358154,660.6314712760925,0.2770042179207819
Karapuzha,2021-07-05,0.9500797713890043,410.0030015327454,667.1048197731018,0.6270730147808995
Karapuzha,2021-07-17,0.2596907613160422,470.5622279594421,748.9976022064209,0.591707871357191
Karapuzha,2021-07-29,0.7600591473477601,277.2609923522949,955.5576147636114,2.44641922636364
Karapuzha,2021-08-10,0.4250132196375865,665.4046060958863,970.6038740841736,0.4586672006660373
Karapuzha,2021-08-22,0.3319116166136514,856.9702922485352,1015.049371770618,0.18446272986582984
Karapuzha,2021-09-03,0.5970281973307283,824.1474140449524,1023.3063539713272,0.24165451050667483
Karapuzha,2021-09-15,0.7844656692653961,842.3715803498242,1061.8831502903809,0.26058757804886634
Karapuzha,2021-09-27,0.1879684212463927,918.523770206308,1035.2510519011853,0.12708139460414772
Karapuzha,2021-10-09,1.1334867640581137,121.27717961120604,1089.492656793488,7.983492692411019
Karapuzha,2021-10-21,0.5684437382971478,858.8766139547819,1065.905731228111,0.2410464016711822
Karapuzha,2021-11-02,1.3106085357349302,498.9535056349272,1077.7819785058623,1.160084990553109
Karapuzha,2021-11-14,1.165396687078589,709.3761002729888,1085.3049090911177,0.5299428732846517
Karapuzha,2021-11-26,0.9607055534231,536.1760182554716,1081.1496257692436,1.0164080245269542
Karapuzha,2021-12-08,1.4069814944531858,681.2874925184722,1054.044987568994,0.5471368535954959
Karapuzha,2021-12-20,1.7711519904150297,553.5206100882048,1044.7146514228582,0.8873997325165193
Saguaro,2017-02-17,1.179222560535089,416.6425870094299,429.864766192627,0.03173506404638803
Saguaro,2017-03-01,1.6805598054106976,408.7723019393921,450.3189925165034,0.10163773421045377
Saguaro,2017-03-13,2.1771267233358707,413.2186989906311,427.1721690879822,0.03376776058642852
Saguaro,2017-03-25,1.0156182655802175,415.6785487174988,448.9637075968095,0.08007427610110278
Saguaro,2017-04-06,2.482796012083224,414.5650757202149,431.76922587887935,0.04149927518321714
Saguaro,2017-04-18,2.2466357363787526,428.0124274909973,451.6415286554613,0.05520657730191954
Saguaro,2017-04-30,1.661685794983941,411.5479678466797,454.66147471618353,0.10475937251029166
Saguaro,2017-05-12,1.3560851569080783,415.4625190452576,432.8497061317175,0.04185019415569919
Saguaro,2017-05-24,2.035628592491934,403.86077379684446,448.62258680496217,0.11083476265173109
Saguaro,2017-06-05,1.3806926892782156,407.4758533920288,435.5487319539328,0.06889458191991406
Saguaro,2017-06-29,1.5614028259591437,405.9799555648804,444.7831500976562,0.09557908956067795
Saguaro,2017-07-11,1.148941590209396,393.63853821868895,436.3968656811105,0.10862332650637688
Saguaro,2017-07-23,1.214077414082881,404.0852959266663,443.88732297589473,0.09849907296911828
Saguaro,2017-08-04,0.9828941584331812,406.3207764282226,442.7486662498205,0.08965303261580312
Saguaro,2017-08-16,2.164536588709008,402.2237995765686,439.714122618866,0.09320761994134717
Saguaro,2017-08-28,1.65409114662346,402.43990320892334,447.4155332038639,0.11175738199994506
Saguaro,2017-09-09,0.9009178296550348,395.5084139945984,431.3624484607352,0.09065302582065034
Saguaro,2017-09-21,2.892362575214158,423.49140041503904,443.4204410133362,0.047058902680823904
Saguaro,2017-10-03,1.8897428951224744,404.8496445297241,447.4677462819926,0.10526896176918707
Saguaro,2017-10-15,2.6684623228695816,401.0932905624389,441.9327006223372,0.101820227415499
Saguaro,2017-10-27,2.331638156380968,409.3791183128357,451.1898679154519,0.10213210135126043
Saguaro,2017-11-08,1.9432423066689104,414.0081383560181,454.0568213516265,0.09673404767992594
Saguaro,2017-11-20,2.045177385324486,401.1597403762817,460.4252331503715,0.14773539517823917
Saguaro,2017-12-02,1.4192934463711184,424.7713489746094,448.2573074155501,0.05529082528196731
Saguaro,2017-12-14,1.3369383766826004,411.4648684341431,447.3760477584839,0.08727641672301974
Saguaro,2017-12-26,1.056680502213805,413.5177848121643,451.0146500826338,0.09067775715499649
Saguaro,2018-01-07,1.8032983460785568,411.9885410041809,453.84200865097046,0.10158891202356242
Saguaro,2018-01-19,1.7006420270903413,398.6748572135925,437.0227128310798,0.09618829711386143
Saguaro,2018-01-31,1.782144233332848,410.0613794502258,448.5350940125619,0.09382428214507371
Saguaro,2018-02-12,2.197199416664379,404.60023991699217,450.357868313464,0.11309342872821694
Saguaro,2018-02-24,1.7665803113931895,413.7918422042847,452.695165171814,0.0940166504015396
Saguaro,2018-03-08,1.386537495125301,425.5110421607971,444.7254621955872,0.045156102030201026
Saguaro,2018-03-20,2.166368004077352,418.0303060211182,430.57104732415,0.02999959840805968
Saguaro,2018-04-01,1.9859968005993545,428.727075428009,442.7305583593062,0.0326629311137328
Saguaro,2018-04-13,2.106679972772154,193.03372783584595,454.525468515918,1.3546427539463062
Saguaro,2018-04-25,2.3053720634951738,411.72251927337646,453.2107266105652,0.10076739890353506
Saguaro,2018-05-07,1.4234514380375771,416.3846440063476,443.83565929260254,0.06592705970644881
Saguaro,2018-05-19,1.00741086526021,413.00228869781495,450.7749875656128,0.0914588124605656
Saguaro,2018-05-31,0.7312458776230709,413.2599316482544,442.0654024719239,0.06970303341236393
Saguaro,2018-06-12,1.194343297466387,412.5535482261658,443.0794255836487,0.07399252167078277
Saguaro,2018-06-24,1.4757029677153592,411.207287752533,423.9556786941528,0.03100234680006913
Saguaro,2018-07-06,1.9458081024663572,397.4040608520508,455.32793953077135,0.14575562855228338
Saguaro,2018-07-18,0.9827701671920496,419.9752438064575,443.3970134269445,0.055769405377810194
Saguaro,2018-07-30,1.2395346978944577,417.6312574859619,423.1743918289184,0.013272795662673316
Saguaro,2018-11-15,2.600506505341083,400.1203847038269,439.7487884180255,0.09904120167117192
Saguaro,2019-05-26,0.7155949028874702,428.2617834068298,437.6777937080384,0.02198657612244563
Saguaro,2019-06-07,1.191524468158678,433.01537809066775,447.2682486053467,0.03291539108270323
Saguaro,2019-06-19,1.2365201326664346,415.6616432113647,446.0306092117699,0.07306174744866344
Saguaro,2019-07-01,0.9618503629316376,413.7005979019165,439.7804673492432,0.06304044417530652
Saguaro,2019-07-13,3.4725733326668653,426.7160577041626,440.5200501579285,0.03234936254340828
Saguaro,2019-07-25,1.7846561798198763,417.1575733665466,429.1049218765678,0.028639893586501736
Saguaro,2019-08-06,1.225880357187098,417.0164074569702,436.5681770984695,0.04688489299672633
Saguaro,2019-08-18,1.829574030715972,415.213225743103,442.02440523529054,0.06457207485191213
Saguaro,2019-08-30,1.3604036491665257,430.2230857574463,441.44066234462366,0.026073860186809357
Saguaro,2019-09-11,1.3179599316050072,427.5803931297302,442.9970346004831,0.036055538837758166
Saguaro,2019-09-23,2.3303907108706463,237.156468434906,432.9288784668388,0.8254989261896005
Saguaro,2019-10-05,1.6094457952139816,415.8947280197144,421.19690215606687,0.012748837095384177
Saguaro,2019-10-17,2.0980612032961505,412.2046765136719,451.4459711969652,0.09519856740876093
Saguaro,2019-10-29,1.6392580634857663,434.3950498146057,451.7547338849984,0.039962895704731397
Saguaro,2019-11-10,1.826728814955791,420.8643791015625,441.9330444221496,0.05006046215068915
Saguaro,2019-11-22,1.4869640962581308,414.2322543151856,451.5314691940308,0.09004420706086434
Saguaro,2019-12-04,2.27395322714147,418.9694876968384,441.50915113983154,0.05379786381795555
Saguaro,2019-12-16,1.993638139724564,424.5045122497559,427.4371975010531,0.006908490173060282
Saguaro,2019-12-28,1.6658931806135473,407.575753780365,441.3252824105834,0.08280553570025505
Saguaro,2020-01-09,2.1976958882627677,425.8756205245972,448.7479081704831,0.05370649678822093
Saguaro,2020-01-21,1.8916948613525693,412.9192627563477,434.7013858406067,0.052751530502252314
Saguaro,2020-02-02,2.48254277826236,420.1829026748657,443.6774800199861,0.055915119809861226
Saguaro,2020-02-14,1.90982904997212,422.4185670257568,431.18626283798216,0.020755943267263575
Saguaro,2020-02-26,1.863380927463568,421.5874626296997,447.6900997453816,0.06191511709779916
Saguaro,2020-03-09,1.5904060025105573,432.9907076210022,442.2903671028137,0.02147773455210397
Saguaro,2020-03-21,1.32370839749502,417.93079275741576,431.4678125212517,0.032390577575109124
Saguaro,2020-04-02,2.536208342720335,419.8089771263122,447.2333355576638,0.06532580274742472
Saguaro,2020-04-14,2.7096785243773263,413.13565344543457,447.541238043892,0.0832791464777358
Saguaro,2020-04-26,1.696260424245794,418.512335661316,445.4987658121835,0.06448180340544712
Saguaro,2020-05-08,1.5313118456193275,418.64536897506713,434.05314135513305,0.03680387631609881
Saguaro,2020-05-20,1.4564727582379973,412.27932274093627,448.7473949180603,0.08845476880740746
Saguaro,2020-06-01,0.9768549225757664,416.55124167861936,447.6340359481812,0.07461937730470874
Saguaro,2020-06-13,1.44146452607551,413.7171749298096,447.0783652488439,0.08063767312704465
Saguaro,2020-06-25,1.4456676028656097,412.8364109367371,432.9882003066178,0.04881301366843042
Saguaro,2020-07-07,1.623063456024755,412.1381722892761,442.79703322296143,0.07438976293650895
Saguaro,2020-07-19,1.530818235873606,410.2017428215027,447.177020841217,0.09013925139709579
Saguaro,2020-07-31,1.9544800365442403,409.6199440307617,443.8947422747384,0.08367463240853021
Saguaro,2020-08-12,2.022684208747028,414.9229273910522,443.1710784965515,0.06808047770008203
Saguaro,2020-08-24,1.8388070118651627,413.8917056373596,443.9355921348572,0.0725887619594416
Saguaro,2020-09-05,1.9203116530310091,409.2211256225586,446.71449064976105,0.09162128414109326
Saguaro,2020-09-17,2.182366871121089,425.3445244506836,443.66966976394656,0.04308306386905814
Saguaro,2020-09-29,2.3802745430404797,341.56635093841555,463.9627593522196,0.35833860120452016
Saguaro,2020-10-11,1.309549187507955,421.4470298057556,444.844494002156,0.055516974949815764
Saguaro,2020-10-23,1.4395213472709183,404.8582435302735,423.4075118423462,0.045816699075526296
Saguaro,2020-11-04,1.7986532205904708,410.14387098083495,444.6360549213065,0.08409776759063961
Saguaro,2020-11-16,3.0252926680259598,405.8220870346069,459.5688483359572,0.1324392215664866
Saguaro,2020-11-28,2.151827165351305,428.4697986793518,448.4903112386397,0.04672560964855866
Saguaro,2020-12-10,0.1985498432252986,402.3315245605469,457.7221045682302,0.1376739743876261
Saguaro,2020-12-22,1.5066827286765705,429.6996284034729,447.4562064582286,0.04132323344269434
Saguaro,2021-01-03,1.109613682516871,421.0140389572144,461.6710619094849,0.09656928080823991
Saguaro,2021-01-15,2.2865906771282614,415.969467816925,426.9794655425187,0.026468283317465542
Saguaro,2021-01-27,2.2179248298697765,410.2597323387146,433.45458073654174,0.05653698515719113
Saguaro,2021-02-08,1.2147779002617944,418.75419921934537,448.8128079137765,0.07178103228688175
Saguaro,2021-02-20,0.997436581383442,418.113518611145,424.6456578659058,0.015622884609085761
Saguaro,2021-03-04,1.677911377086485,429.9155154953002,424.937720603916,-0.011578542090181092
Saguaro,2021-03-16,1.3027560971262806,406.5036575126648,458.33555192322376,0.1275065880777324
Saguaro,2021-03-28,2.477455089015268,417.6979454627991,445.6380365542034,0.06689065961396418
Saguaro,2021-04-09,1.5253126883136854,415.7032561279297,448.9697970300502,0.08002473016926032
Saguaro,2021-04-21,3.289560939986152,416.8170015632629,429.9975694702149,0.03162195365716502
Saguaro,2021-05-03,1.6250565991420398,427.8626552825928,440.70236096725466,0.030008942183050634
Saguaro,2021-05-15,2.365454575367923,411.1074990081787,447.7322560124266,0.08908802951200671
Saguaro,2021-05-27,0.8315508180469308,409.1048869430542,442.38300034939937,0.08134372007875164
Saguaro,2021-06-08,1.7437973831733278,409.0963992424011,440.94380340805054,0.07784816543149028
Saguaro,2021-06-20,1.9050098661068895,421.7710729095459,444.4757996284485,0.053831872731992435
Saguaro,2021-07-02,1.5270138067339976,411.1905458503723,437.7854888710022,0.0646779049008279
Saguaro,2021-07-14,1.2145983314055582,380.4173090812683,480.782995654991,0.26383049398070807
Saguaro,2021-07-26,1.2504630271374668,404.3511835601807,433.6139303153723,0.07236963299462268
Saguaro,2021-08-07,1.2856906715477878,410.55083356781006,442.1655290855408,0.07700555676136266
Saguaro,2021-08-19,1.7033804322238055,405.5897487159729,457.170800498729,0.12717543267810097
Saguaro,2021-08-31,1.0979501003607184,413.1522099647522,441.4578263320085,0.06851135171144589
Saguaro,2021-09-12,1.9296061231680135,412.96925437316895,429.31753110196286,0.03958715220484964
Saguaro,2021-09-24,1.7586181672429375,399.3568062385559,465.5491036464138,0.16574726253273847
Saguaro,2021-10-06,1.5638832666847726,420.9400265548706,443.4533736569663,0.05348350283139683
Saguaro,2021-10-18,1.57416294651088,418.9446897926331,436.8372649246216,0.04270868104533053
Saguaro,2021-10-30,1.4031237099686615,411.9305320243835,427.34775745080987,0.037426760649812055
Saguaro,2021-11-11,2.310243023253727,414.32387491226194,446.49541157226565,0.0776482809898812
Saguaro,2021-11-23,1.9822443312837648,409.6117190811157,452.26296389195466,0.1041260364974877
Saguaro,2021-12-05,1.9308612573101984,426.2340272644043,443.67128660046745,0.04091005931172728
Saguaro,2021-12-17,1.3971378746234977,419.4514703933716,451.88063815383913,0.07731327709986252
Saguaro,2021-12-29,1.574412514128298,409.1961925201416,452.2059545478552,0.10510792332359381
Boegoeberg,2015-04-26,3.3004813018849317,278.2636666214438,283.3954750787862,0.01844225126352493
Boegoeberg,2015-05-20,2.7194450733152413,285.04635642873126,295.59034403185973,0.03699043108367089
Boegoeberg,2015-06-01,2.281891669237289,284.99235279252895,288.3824605856802,0.011895434245631106
Boegoeberg,2015-06-13,2.708625695261483,294.05214669380337,296.4113936784692,0.008023226530369559
Boegoeberg,2015-09-17,2.408293686655714,292.97768156334973,293.56305714088586,0.001998021058848308
Boegoeberg,2015-10-11,2.667481215098614,294.8380664612295,288.5919310058684,-0.021184969533716836
Boegoeberg,2015-10-23,2.4792952290188977,288.97152142391417,287.95222141810393,-0.003527337229591385
Boegoeberg,2016-05-26,2.0178311856839533,304.3774723397468,279.2336711713364,-0.0826072999921125
Boegoeberg,2016-08-06,2.653809393462716,312.0392047449927,288.7492826667487,-0.07463780744242435
Boegoeberg,2016-11-22,1.4133730323789375,322.52354739422964,291.330034048803,-0.09671701057937931
Boegoeberg,2016-12-04,7.533475782670267,283.8320596475908,305.53418125782383,0.07646113563484905
Boegoeberg,2016-12-16,4.031868347284749,292.0778150025012,298.49746187251964,0.021979234780167917
Boegoeberg,2016-12-28,5.085877072545111,292.0011031624528,297.4317608105289,0.01859807236774297
Boegoeberg,2017-01-09,2.1159488477942525,292.20936053324976,286.1103351935712,-0.02087210802743803
Boegoeberg,2017-02-02,2.368949209899378,291.23695478364533,280.97460055964746,-0.0352371292702933
Boegoeberg,2017-02-14,1.66224553136242,292.74848019907034,281.89426674608416,-0.037076925029995954
Boegoeberg,2017-02-26,2.0166505268451598,319.66828924786137,276.3848001400308,-0.13540125987995585
Boegoeberg,2017-03-10,0.5021016580124993,296.7554342758149,276.7683154004624,-0.06735215792805238
Boegoeberg,2017-03-22,1.842126678948236,294.6178092582193,283.5868268231859,-0.0374416687939094
Boegoeberg,2017-04-03,2.812085471425703,298.9265152600636,278.2404457024249,-0.06920118658474302
Boegoeberg,2017-04-15,3.0428342082584,300.3046828957472,281.58949254982446,-0.06232067434133167
Boegoeberg,2017-04-27,2.2918385660629674,300.8828053325997,298.1353830684318,-0.009131203962057072
Boegoeberg,2017-05-09,2.48802023456871,300.92534179893045,284.5083818460741,-0.05455492666292523
Boegoeberg,2017-05-21,1.3092966406773032,307.7719208708939,282.2765568664162,-0.08283849914681683
Boegoeberg,2017-06-02,3.181989470020786,306.7082898908098,284.6845379421518,-0.07180683624984055
Boegoeberg,2017-06-14,2.8468264015078586,301.7791020439148,295.1406434659592,-0.021997741172248442
Boegoeberg,2017-06-26,2.380301129893036,308.05462884470626,290.0838231446539,-0.05833642483298526
Boegoeberg,2017-07-08,2.83458126240668,304.9115620453,289.88134184594844,-0.049293703717009446
Boegoeberg,2017-07-20,2.8306854051921806,316.16606761725626,289.89726668622785,-0.08308545293617292
Boegoeberg,2017-08-01,2.4653531777072515,304.9959841261381,289.6324986972225,-0.05037274662135125
Boegoeberg,2017-08-13,3.1161028486959177,303.46888771303657,288.1829184766343,-0.05037079534445333
Boegoeberg,2017-08-25,2.93984196226772,308.35307453359565,291.627755092199,-0.054240806473860564
Boegoeberg,2017-09-06,2.4767566825422342,302.2380806700522,286.3061941353383,-0.05271303503315488
Boegoeberg,2017-09-18,2.89714585387782,301.22937892028204,285.682033418214,-0.05161297864702137
Boegoeberg,2017-09-30,3.052095535258148,300.47716275767004,286.2360430996943,-0.047395015072945704
Boegoeberg,2017-10-12,2.0409508174399025,300.192735301382,282.8000677076751,-0.05793833610345477
Boegoeberg,2017-10-24,2.682683028099344,295.02292235427853,290.6860287649895,-0.014700191953495347
Boegoeberg,2017-11-05,2.844476971950456,294.41564615073406,291.1820461356338,-0.010983111996176732
Boegoeberg,2017-11-17,1.6503925433268347,298.7703488970558,281.9448683668668,-0.05631576423933012
Boegoeberg,2017-11-29,3.344592595811231,289.74094056428794,290.2795183617087,0.001858825322965607
Boegoeberg,2017-12-11,4.599486763289336,291.8534347370551,307.0070464590813,0.05192199206316972
Boegoeberg,2017-12-23,2.8987416731100604,287.6246410309287,282.52457493210136,-0.017731673060233027
Boegoeberg,2018-01-04,2.4443684195028816,288.91142425476073,282.4578940888977,-0.022337400407442254
Boegoeberg,2018-01-16,6.222176278414016,285.8550810157866,286.3890793360153,0.0018680735648676956
Boegoeberg,2018-01-28,1.5415496631736405,289.72528810922955,276.14122430537503,-0.046886013618297556
Boegoeberg,2018-02-09,1.8120948180079264,295.2728869337314,285.2117368270635,-0.03407407368535657
Boegoeberg,2018-02-21,2.4339757207386925,291.81640319396377,288.3276913444908,-0.011955160201032619
Boegoeberg,2018-03-05,2.5758747289093105,292.4864307470284,285.9136063622568,-0.022472236978598268
Boegoeberg,2018-03-17,2.412477007920946,298.4519408420338,280.7002424628553,-0.05947925260293167
Boegoeberg,2018-03-29,0.2895537471674544,297.01188537053724,285.43758935337735,-0.03896913419043948
Boegoeberg,2018-04-10,2.698146214063631,296.34977515112774,276.22779328666235,-0.06789943354674019
Boegoeberg,2018-04-22,2.3558845661016035,324.6902762423795,277.917882013469,-0.14405234049570112
Boegoeberg,2018-05-04,0.3411195267630381,302.6966209406265,276.6073152714179,-0.08618961648179725
Boegoeberg,2018-05-16,2.0846994420115665,304.5893095340773,278.3456552987641,-0.0861607857329513
Boegoeberg,2018-05-28,3.688296329436672,299.64960503516403,283.4730586465903,-0.053984874722846424
Boegoeberg,2018-06-09,3.038176425526129,213.89105642611327,156.62277582353474,-0.26774509210188197
Boegoeberg,2018-06-21,3.472460173496325,302.46713642508706,278.14615043654794,-0.08040868927445535
Boegoeberg,2018-07-03,2.567807176758183,313.3586408549139,281.86035032142485,-0.10051834041516947
Boegoeberg,2018-07-15,3.5391092977174234,312.9065868151645,294.7379730527272,-0.0580640182342008
Boegoeberg,2018-07-27,2.5740343737799622,309.3529972209915,279.7629326140639,-0.09565145601543797
Boegoeberg,2018-08-08,3.875999344776816,307.33754723931105,289.1674880493852,-0.059120857028827536
Boegoeberg,2018-08-20,2.666143041001679,307.315689446809,285.3320288606262,-0.07153445574404291
Boegoeberg,2018-09-01,2.900455214925196,304.56990346347874,286.02591793303543,-0.06088581084199915
Boegoeberg,2018-09-13,3.0528462066954822,304.94266318093986,284.7594152798372,-0.06618702575286031
Boegoeberg,2018-09-25,3.953601814873864,301.91493553567926,283.665748806628,-0.06044479613660789
Boegoeberg,2018-10-07,1.9195618147107325,303.72196980612665,282.8034867996754,-0.0688737894720097
Boegoeberg,2018-10-19,3.3677532624778275,301.5910181903794,295.95166774263566,-0.018698668420502725
Boegoeberg,2018-10-31,3.037051783334013,300.4342828357083,296.24275379915724,-0.013951567034855296
Boegoeberg,2018-11-12,2.671418543162436,295.3604495864837,287.06206641567445,-0.02809578324527644
Boegoeberg,2018-11-24,3.5105932068213384,289.98430370782586,289.35891060861024,-0.002156644657035403
Boegoeberg,2018-12-06,6.86203918057512,283.8615263735901,289.49783848799154,0.019855850796009246
Boegoeberg,2018-12-18,4.869637123645028,288.8380971891874,295.90124970329737,0.02445367346913254
Boegoeberg,2018-12-30,0.4605284657085816,292.6837881204702,281.1846034325274,-0.03928876540032224
Boegoeberg,2019-01-11,6.785551509337616,283.7297182507563,296.3783129087021,0.04457973149914158
Boegoeberg,2019-02-04,5.120094006923078,292.43943748128254,282.4983269035968,-0.03399374127958373
Boegoeberg,2019-02-16,2.498374501258857,311.62355237445,277.4912414974527,-0.10953058784203708
Boegoeberg,2019-02-28,2.256275021911959,295.3265944813717,286.7959854755836,-0.028885339705924086
Boegoeberg,2019-03-12,3.515879851836985,289.205268891416,277.0142421490029,-0.0421535430151181
Boegoeberg,2019-03-24,3.698736610286781,297.2571402023644,287.3845550230168,-0.033212272622372044
Boegoeberg,2019-04-05,2.712873234727504,301.47100872165754,278.9985464641885,-0.07454269766356682
Boegoeberg,2019-04-17,2.6975884994668218,302.896665491351,283.4149380102688,-0.06431806520378626
Boegoeberg,2019-04-29,2.329098820262324,301.7805649554832,288.104022895062,-0.04531949253404943
Boegoeberg,2019-05-11,0.5229390488330857,306.2830603352356,276.8345049856597,-0.0961481686820799
Boegoeberg,2019-05-23,2.785535621578316,303.6014982100662,279.2812847342547,-0.08010570968587248
Boegoeberg,2019-06-04,3.923011638460126,305.7582767975361,283.6978167367972,-0.07215000127485231
Boegoeberg,2019-06-16,3.057256611607036,227.0637173704858,177.32578314963249,-0.2190483569847445
Boegoeberg,2019-06-28,3.380593040506003,314.5183675165871,290.27895522891174,-0.07706835209360868
Boegoeberg,2019-07-10,2.649146806223913,313.14831240754665,286.6031671938728,-0.08476860376346743
Boegoeberg,2019-07-22,5.0611707276812,306.1191479909112,286.7421888870897,-0.06329874897076612
Boegoeberg,2019-08-03,1.482549339240005,310.23644743580536,284.8064127407597,-0.08196984882089874
Boegoeberg,2019-08-15,1.2510380208892522,310.68987111932483,283.9937192445553,-0.08592540136114228
Boegoeberg,2019-08-27,2.335234762112544,309.67009327702834,289.8007332198857,-0.06416299309655228
Boegoeberg,2019-09-08,2.69287021375442,303.298741788731,288.5489464546772,-0.04863124471623442
Boegoeberg,2019-09-20,4.029219730021646,298.5879270326831,292.7473007443895,-0.019560825336565925
Boegoeberg,2019-10-02,2.81164415905428,302.1972832287597,287.4601123344212,-0.04876672198003405
Boegoeberg,2019-10-14,7.535242093677614,294.3214589164614,304.5627874710352,0.03479640455805393
Boegoeberg,2019-10-26,2.991863978039315,298.3426674029929,295.704754623781,-0.00884188910079251
Boegoeberg,2019-11-07,3.840986815271065,295.2671690081577,293.29809879000794,-0.006668774671983044
Boegoeberg,2019-11-19,3.0640362691086445,299.6230694945271,281.2857717341105,-0.06120122122556243
Boegoeberg,2019-12-01,3.003104542371088,294.7235179361081,283.6051116329447,-0.03772486967115298
Boegoeberg,2019-12-13,4.939608679591521,293.4742831029585,294.7151482426124,0.0042281903767988245
Boegoeberg,2019-12-25,5.03442505034963,289.20893017524867,300.4585983729313,0.038898066497690106
Boegoeberg,2020-01-18,6.1892367003469575,285.5213801026019,290.3914472860598,0.017056751342781683
Boegoeberg,2020-01-30,2.02986923852435,291.83210767433616,278.97871533043354,-0.04404379095341381
Boegoeberg,2020-02-11,3.193103136846853,290.7561943541074,283.3929278209282,-0.025324538827233258
Boegoeberg,2020-02-23,4.28651885192225,292.4122759944452,284.3246116241904,-0.027658429670060897
Boegoeberg,2020-03-06,0.8963993008134196,292.44755233214136,274.1646076840928,-0.06251700348404378
Boegoeberg,2020-03-18,2.200695913642269,293.5303539225949,274.0745673453567,-0.0662820260911373
Boegoeberg,2020-03-30,5.555914606413109,290.9205415464693,285.6951660982199,-0.017961521109758884
Boegoeberg,2020-04-11,3.972931536178224,311.93047268474504,279.24482661914,-0.10478503682017325
Boegoeberg,2020-04-23,4.2552943226478,289.8247848442168,287.0812501424124,-0.009466183864430737
Boegoeberg,2020-05-05,2.6046303017944945,301.3072459276955,274.3564209560708,-0.08944632210435476
Boegoeberg,2020-05-17,2.1903873957962205,301.8377559135736,276.1678358936624,-0.08504542429496903
Boegoeberg,2020-07-28,2.6885483720529018,305.7052507275629,278.4772786835345,-0.08906609218921557
Boegoeberg,2020-08-09,2.3818650560601013,304.60587288691795,299.76520810278487,-0.015891567481136955
Boegoeberg,2020-08-21,3.1609649923665124,307.9022398088732,279.2079685528116,-0.09319279805782912
Boegoeberg,2020-09-02,0.8841287453028581,306.6189994394039,278.78191964381494,-0.09078719794430197
Boegoeberg,2020-09-14,2.128204806864762,298.5461498105037,280.19498627566463,-0.06146843141834898
Boegoeberg,2020-09-26,2.005824423452309,294.4773673997976,282.1703794976807,-0.04179264440858803
Boegoeberg,2020-10-08,2.49001128689558,296.8561756580009,284.29296507879815,-0.04232086649824811
Boegoeberg,2020-10-20,3.75374276150985,296.40509609826773,290.24587520509306,-0.020779740207748313
Boegoeberg,2020-11-01,3.069747747873364,292.78164329728367,285.3547446279099,-0.02536668141394599
Boegoeberg,2020-11-13,2.2697422962525367,294.47710680828914,273.538407798417,-0.07110467511997016
Boegoeberg,2020-11-25,2.265621867151381,293.6192685117744,274.8094321953448,-0.06406199569860759
Boegoeberg,2020-12-07,3.691662196829815,292.8559238388062,276.6122983658465,-0.055466269078785886
Boegoeberg,2020-12-19,1.6487725816947978,287.0270410816506,273.72834799083034,-0.04633254428121007
Boegoeberg,2020-12-31,3.6885143324647074,288.4138559457488,279.7957798553916,-0.029880936413742638
Boegoeberg,2021-01-12,1.2694026693006937,313.1792343400932,281.2719221591066,-0.10188195347057152
Boegoeberg,2021-01-24,4.51418266688125,311.24197885315243,282.71793361072315,-0.09164588063452474
Boegoeberg,2021-02-05,2.4271892607532606,289.72054883097024,271.2420061837769,-0.0637805731134873
Boegoeberg,2021-02-17,2.299103656521313,289.23726148863847,275.33172845465265,-0.048076561651901974
Boegoeberg,2021-03-01,4.138307424351652,308.97749529448566,281.9381165604087,-0.08751245364425596
Boegoeberg,2021-03-13,3.872833138651944,287.7243706214815,284.1684536090925,-0.012358761980113977
Boegoeberg,2021-03-25,2.4532996361129187,290.6934505947607,274.45120080114924,-0.05587415113887052
Boegoeberg,2021-04-06,1.9282370574435048,288.8303703901343,272.71598761372286,-0.05579185718816594
Boegoeberg,2021-04-18,2.334934201662451,293.8621911471497,274.4876799480752,-0.06593060210788682
Boegoeberg,2021-04-30,2.527358292852316,299.9346473151353,274.46065289881983,-0.08493181646183894
Boegoeberg,2021-06-05,0.5844807295475991,302.9612737812655,275.58111995014866,-0.09037509477493481
Boegoeberg,2021-06-29,4.69290130893519,270.8264829809001,240.5911549925829,-0.11164095791344579
Boegoeberg,2021-07-11,3.5592056226435087,303.0833864687422,282.1142694872658,-0.0691859663632174
Boegoeberg,2021-07-23,3.610256190663748,311.40145546047125,293.81941319366155,-0.05646101506112434
Boegoeberg,2021-08-04,3.6781412355058567,305.9197343219772,278.4825972155612,-0.08968737230118902
Boegoeberg,2021-08-16,5.934524265736112,302.39747542371265,302.0883413801634,-0.0010222771969775806
Boegoeberg,2021-08-28,2.033417079280015,309.6768806795995,278.9087175750164,-0.09935569951835285
Boegoeberg,2021-09-09,3.445503523702631,299.356855638335,281.0436971027389,-0.061175009660446644
Boegoeberg,2021-09-21,3.1391761179367217,298.8186905327711,279.35348046427407,-0.06514053733985656
Boegoeberg,2021-10-03,2.266396544560368,295.5467344735718,277.88204563683007,-0.05976952805181927
Boegoeberg,2021-10-15,3.5594512459434133,293.7656137529859,288.73135790129714,-0.017136981375641396
Boegoeberg,2021-10-27,2.768086404687584,296.67668874857884,267.37524137614525,-0.098765587198748
Boegoeberg,2021-11-08,5.054198030397213,291.53644997155874,288.80369480869064,-0.009373631198207635
Boegoeberg,2021-11-20,2.3458424590026232,296.2429816734224,274.3999081833514,-0.07373364042814945
Boegoeberg,2021-12-02,4.510477864623376,285.8017355973816,283.8129642754229,-0.006958569785455446
Boegoeberg,2021-12-14,3.260825786078655,288.3239942318187,285.2263423756438,-0.010743649221522295
Boegoeberg,2021-12-26,4.670930337048783,281.1308404830843,305.5989112249397,0.0870344594702254
Googong,2015-02-24,3.5875176216004454,429.1645150054932,615.467419399067,0.43410603132271836
Googong,2015-06-12,0.767926247763259,242.92405536422729,621.8741943860971,1.5599531238423148
Googong,2015-06-24,1.28825694994614,241.84922407226563,614.346803256794,1.5402058063796988
Googong,2015-07-06,1.4216062161924794,574.5804723073923,586.3766919292943,0.020530143627281637
Googong,2015-07-30,1.5667600219104765,558.5463167236328,600.4886090208016,0.07509187875984465
Googong,2015-08-11,2.0146748053322456,583.0566164138794,602.2521145917855,0.032922185663493544
Googong,2015-08-23,3.548653582659333,549.5980951766968,607.8280379056894,0.10595004465994654
Googong,2015-10-10,2.201378186784813,550.2322850120545,592.588406143757,0.0769786184588833
Googong,2015-11-03,2.50905906490996,519.0183716583252,594.1234878919564,0.1447060842830311
Googong,2015-11-15,1.0528755781391423,555.424665643879,611.4119590444527,0.1008008769932284
Googong,2015-11-27,1.6903927819072826,591.8173584989511,605.5759004140816,0.023247952628538727
Googong,2015-12-09,1.3056574111665304,591.6906508489571,597.7744874151192,0.01028212387238666
Googong,2015-12-21,3.210042415667617,573.0396640546761,608.4580603626745,0.06180793150929068
Googong,2016-01-14,4.699112504883331,478.4063360204659,608.9354247306345,0.27284147153223454
Googong,2016-01-26,2.274508701646377,592.4199165937387,595.2501218464391,0.004777363443439603
Googong,2016-02-07,1.626992989382674,578.2004556150399,601.6628708326302,0.04057834093650622
Googong,2016-02-19,1.3454432885812244,592.8764272537231,590.1107036575318,-0.0046649242052050404
Googong,2016-03-02,0.6321128070418552,576.372143971821,607.170478658905,0.053434807717893176
Googong,2016-03-14,3.8419186830052414,563.1859781476937,613.2804598035775,0.08894838223892475
Googong,2016-03-26,0.9382286915500636,589.4148705581665,600.2046451742135,0.018305908376266878
Googong,2016-04-07,0.6447570330889124,592.151733474537,581.6341719482422,-0.01776159881282702
Googong,2016-04-19,1.5644276666394803,573.071733133503,589.6962905321726,0.029009557508216394
Googong,2016-05-01,1.7014054582497071,591.3719161123239,583.0864026098214,-0.01401066448500189
Googong,2016-05-13,1.2788889404976749,562.3996493591309,582.7587346136056,0.036200387531667995
Googong,2016-05-25,4.095995890915193,559.8876817370964,589.4712463741108,0.05283839170247335
Googong,2016-06-06,5.441142818667665,551.9198206701242,619.5879053457223,0.12260491857936472
Googong,2016-06-30,2.4940028412311563,561.0115909185372,609.9537987562143,0.0872392097238929
Googong,2016-07-12,6.482946274334493,387.11976450709926,610.070228233433,0.5759211597222521
Googong,2016-07-24,4.485937097651929,524.4466759391785,614.2235977590524,0.17118408017192882
Googong,2016-08-05,0.5454826581680413,593.1842506437264,596.2470979070627,0.005163399500260585
Googong,2016-08-17,0.7664795604211818,590.9634918065988,602.0402939611398,0.018743631896242556
Googong,2016-08-29,0.5709196137294923,587.016306123352,585.5997915245056,-0.0024130753849089664
Googong,2016-09-10,0.8872652377479552,555.5297527433358,609.0140475339853,0.09627620217734777
Googong,2016-09-22,3.576494207891921,535.4421900260925,615.4905428594552,0.1494995245508426
Googong,2016-10-04,3.718413419265837,560.2685950445137,615.4681757635079,0.09852342467028433
Googong,2016-10-16,3.8202573618501,526.386176273346,602.2037619056701,0.14403415030594002
Googong,2016-10-28,1.0011984423504254,587.8778429496765,591.1361330627442,0.005542461162882445
Googong,2016-11-09,1.2881413402254478,571.2345426252327,591.7432593679391,0.0359024449895031
Googong,2016-11-21,2.2351481731970826,570.4159100105286,595.4101154264413,0.04381751100780368
Googong,2016-12-03,0.1123759449376468,573.476790473175,600.5479503255807,0.04720532775192053
Googong,2016-12-15,2.2469506271856234,504.3182071975708,595.009923191639,0.17983034262837744
Googong,2016-12-27,0.679666864996521,567.7404091611825,591.5249878354989,0.041893404609788756
Googong,2017-01-08,0.3574182629910771,564.9529421844483,582.0255734146118,0.0302195633571718
Googong,2017-02-01,0.2088677699174622,547.9610287406921,584.7843350912057,0.06720059350778981
Googong,2017-02-13,2.042014783217048,556.1355687286377,581.3945693054858,0.04541878275218357
Googong,2017-02-25,3.5992810058981006,564.5084228925667,562.1819643041573,-0.004121211471900709
Googong,2017-03-09,2.011383813054189,556.5685065040589,559.6208169446968,0.005484159460998319
Googong,2017-03-21,2.761961694563177,533.8767844985962,561.963821402546,0.05260958655531072
Googong,2017-04-02,3.478458429214216,533.8852872779846,576.6230416320801,0.0800504441169264
Googong,2017-04-14,1.171763204073318,558.5508513763427,564.171447384449,0.010062818800215622
Googong,2017-04-26,3.647289739179849,528.0137709617615,573.7463109029733,0.08661240000977884
Googong,2017-05-08,2.3030633213667424,538.4548494857788,559.2784816312752,0.03867294010887419
Googong,2017-05-20,1.3653948312357285,531.796731406971,556.6182662189977,0.04667485402995338
Googong,2017-06-13,0.94747414288524,539.1116090034485,549.0951406148873,0.018518487535249793
Googong,2017-06-25,2.1163974664886225,558.035997038278,532.1553152105295,-0.046378158335855964
Googong,2017-07-07,2.43038998017605,557.7949624710083,539.3758390357971,-0.03302131549129674
Googong,2017-07-19,3.484882849842491,547.3088236036264,525.0782760055542,-0.040617922897168555
Googong,2017-07-31,1.7585819263490936,516.6921025016785,519.0557171508789,0.004574512824477888
Googong,2017-08-12,1.360398039794244,531.6332880750618,523.0703760885201,-0.01610680177222599
Googong,2017-08-24,2.8486333222601896,538.9785370986939,515.5446841178895,-0.04347826744075598
Googong,2017-09-05,6.794815457398517,473.51411720332726,522.0954786130868,0.10259749317864304
Googong,2017-09-17,2.2870634824669573,521.0937264888748,505.8891074645996,-0.02917828070340405
Googong,2017-09-29,5.6564945675917455,452.6750776725769,520.9327618705241,0.1507873694944578
Googong,2017-10-11,5.128524343664892,433.2531532615662,505.3074502342404,0.1663099193398672
Googong,2017-10-23,2.381282242082128,490.83734558639526,485.80533520736697,-0.010251889804791917
Googong,2017-11-04,1.4355868520604398,484.5459531425476,478.53001466903686,-0.012415620096492533
Googong,2017-11-16,1.4492177944570066,479.5490822631836,485.2450300514221,0.011877715960495677
Googong,2017-11-28,1.6798775450183625,477.671611428833,494.7216354034424,0.03569402821241273
Googong,2017-12-10,1.264441387760559,494.63360646743774,504.9788302482605,0.020914922976435112
Googong,2017-12-22,0.9771869494962891,493.082252885437,506.59692210998537,0.02740854927441155
Googong,2018-01-03,1.160381625481154,499.0631467796326,498.67889676208495,-0.000769942681656875
Googong,2018-01-15,3.700062709548504,490.0827247619629,507.1148768737793,0.034753626788393846
Googong,2018-01-27,1.652765351926983,488.026521748352,483.31935112457273,-0.009645317239964502
Googong,2018-02-08,1.0731635583938943,484.79156831359865,489.6026937324524,0.00992411117130148
Googong,2018-02-20,0.7174713639164548,485.04201713027953,489.5757681816101,0.009347130539647308
Googong,2018-03-04,1.617374102694546,484.58791099243166,495.60771074600217,0.022740558531478963
Googong,2018-03-16,1.6770521856449188,485.0298849693298,484.0746587867737,-0.001969417168215415
Googong,2018-03-28,1.8370471904000167,480.5600420555115,493.8507767634224,0.0276567619959873
Googong,2018-04-09,1.3114858800276004,490.6027202682495,472.8409529449463,-0.036203972357901966
Googong,2018-04-21,0.4629542579982653,492.0977062965393,466.500960382843,-0.052015576553554634
Googong,2018-05-03,5.336707046945016,456.0104743385315,495.83478463974,0.08733200779867151
Googong,2018-05-15,3.2557122914185976,484.07721810302735,489.8108735527039,0.011844505866533607
Googong,2018-05-27,0.5906334099006607,489.603019543457,472.728212638092,-0.034466304805677785
Googong,2018-06-08,1.5868600667517034,460.8152559562683,486.9590314216614,0.05673374552485339
Googong,2018-06-20,1.0144851929066525,484.9143090072632,478.8803593437195,-0.01244333184536605
Googong,2018-07-02,1.0517970065066824,498.1705727165222,463.90431314697264,-0.0687841904886027
Googong,2018-07-14,1.4151666759505932,514.3934472083207,475.0414064788818,-0.07650183131804551
Googong,2018-07-26,0.8348691670394207,515.2540540391391,468.32217765350345,-0.0910849240636361
Googong,2018-08-07,3.673418135324062,490.9530459701538,486.9990570533752,-0.008053700754550305
Googong,2018-08-19,2.7481242756871174,510.29926866877537,493.1151449528024,-0.033674599928001946
Googong,2018-08-31,4.55312271322325,482.319506816864,492.493548500061,0.02109398757338685
Googong,2018-09-12,0.3685792933768505,501.884155884552,467.49137119369504,-0.06852733701114944
Googong,2018-09-24,0.8163910804040492,500.8192797438737,462.4600643875122,-0.07659292864280101
Googong,2018-10-06,3.089287367561413,486.5228453765869,465.8989750770569,-0.04239034301373112
Googong,2018-10-18,1.74681003511073,480.101899987793,448.36063110961913,-0.06611360812981766
Googong,2018-10-30,1.5175858250453194,474.753306816864,467.582607611084,-0.015104053205775998
Googong,2018-11-11,0.967865824222986,476.91524009246825,463.3462165946961,-0.028451645821050458
Googong,2018-11-23,3.803411635351481,466.1616400863648,461.4440903663635,-0.01011998696230617
Googong,2018-12-05,1.1031598673348408,477.85715574111936,444.48843990478514,-0.06982989672841025
Googong,2018-12-17,2.009532036961536,477.44202026519775,478.5782985267639,0.002379929317773457
Googong,2018-12-29,1.6941484374149236,479.6540511619568,469.744916116333,-0.020658920781798876
Googong,2019-01-10,1.917728104941248,480.7106045684815,460.3810510696411,-0.04229062830242648
Googong,2019-01-22,1.1840381945252074,464.44874013443,469.1101203651429,0.010036371784244057
Googong,2019-02-15,0.3671400115820681,469.6144127006531,455.67268106307984,-0.02968761447800823
Googong,2019-02-27,0.3179154498302814,468.5676947662354,450.36746982650754,-0.03884225298290736
Googong,2019-03-11,1.7096151905952988,469.9393009803772,429.85092790222166,-0.08530542773188803
Googong,2019-03-23,1.0883733610257695,461.5361820220948,443.3112314033508,-0.03948758803458562
Googong,2019-04-04,1.564847394552484,467.58323185806273,434.4453479293823,-0.0708705566643151
Googong,2019-04-16,0.5010481163368465,468.51046686172486,451.82134645080566,-0.03562165968822377
Googong,2019-04-28,0.2165836035072634,469.35529194488527,447.87083698883055,-0.04577439591024695
Googong,2019-05-10,1.7687863381176705,434.7891510574341,456.99009514541626,0.05106140305936363
Googong,2019-06-03,7.214863337726676,349.465680884552,476.03514464926616,0.36217995267617453
Googong,2019-06-15,0.7217618980337083,466.65542028274535,454.1684767227173,-0.026758381060831265
Googong,2019-06-27,0.8518201230326341,465.6077895149231,444.3110969619751,-0.045739553831638434
Googong,2019-07-09,2.2981039114056823,470.5159150009155,434.4753021774292,-0.07659807388962851
Googong,2019-07-21,0.5229603256227703,467.68960736083983,439.14233530426026,-0.061038927543571216
Googong,2019-08-02,0.7639127137513354,477.367595929718,446.5849586502075,-0.06448413663176786
Googong,2019-08-14,1.968695889647258,482.1955911262512,429.8741424057007,-0.10850669247793145
Googong,2019-08-26,1.9786691051776015,472.6962399348539,441.9170101081848,-0.06511418375342068
Googong,2019-09-07,3.74960113398754,474.5486310962004,444.3990659843445,-0.0635331410443875
Googong,2019-09-19,1.4144936599748206,456.9025529312134,428.26614870224,-0.06267508037602187
Googong,2019-10-01,1.0944529431819552,460.7719502761751,440.0592640899658,-0.04495214210369072
Googong,2019-10-13,0.9386080211393594,449.4760059555053,419.9770654464722,-0.06562962231170416
Googong,2019-10-25,4.8620208125507824,422.6106011955261,432.2733834281921,0.02286450506762231
Googong,2019-11-06,6.581029434141509,383.6648063087464,431.9463674709693,0.12584308064829197
Googong,2019-11-18,2.504588043563706,442.060201688385,403.3063715507507,-0.08766640830732926
Googong,2019-11-30,2.420870697332461,437.7929973892212,402.4585257087708,-0.08071045423560347
Googong,2019-12-12,2.506216415137896,431.16754178848265,378.42410870056153,-0.12232700279140075
Googong,2019-12-24,1.6414569029602954,417.8792218757629,390.8181714759826,-0.06475806640566985
Googong,2020-01-05,3.0967007914298974,375.1325116104126,356.2390386642456,-0.05036479740201384
Googong,2020-01-17,3.822721821833045,377.38318879470825,404.9542887379485,0.07305863313969344
Googong,2020-01-29,0.541923892902925,381.22865445861817,380.9278927139282,-0.0007889274354706506
Googong,2020-02-10,0.2731156640815891,347.3990830955505,354.68186943206786,0.02096374656957356
Googong,2020-02-22,2.2518608641807734,376.9385353691101,368.28934469833376,-0.02294589133028493
Googong,2020-03-05,1.0881393374888062,338.8009777267456,379.55594232025146,0.12029175614238077
Googong,2020-03-17,0.8945082257260873,376.8816795799256,383.2773258674621,0.016969904970347956
Googong,2020-03-29,1.6545074694555355,360.7379357574463,381.4411462966919,0.057391276289738724
Googong,2020-04-10,4.73458319499775,355.6484721481323,396.2742906730652,0.114230263044717
Googong,2020-04-22,0.4930147168235517,383.0575959121704,387.8687833610535,0.012559958346280115
Googong,2020-05-04,1.3361298209163892,367.5667795944214,385.8467486221314,0.04973237529213155
Googong,2020-07-15,2.897944040209414,372.8732899436951,397.2826984901428,0.06546301171138752
Googong,2020-07-27,7.03542170271177,360.3796716262817,416.5210616477966,0.15578400903737497
Googong,2020-08-08,5.702862644193846,360.4985308143616,452.9658629890442,0.2564984993580975
Googong,2020-08-20,5.836221095935241,480.90531266555786,534.5941749532662,0.11164123346885528
Googong,2020-09-01,2.0814350846617566,535.9794672231637,527.3713960380554,-0.016060449534952437
Googong,2020-09-13,1.2319013182133778,526.6557999654733,528.6468352928161,0.003780524827550312
Googong,2020-09-25,5.570343844447425,371.5052283905029,535.7079378499948,0.4419929974360746
Googong,2020-10-07,4.590645960302379,501.10348864364624,533.3697313095092,0.06439037723165553
Googong,2020-10-19,1.2857907379983764,537.6580262367248,541.510179409027,0.007164690164238641
Googong,2020-10-31,4.128172965317637,508.9277553413391,591.7732024976693,0.16278429754880552
Googong,2020-11-12,1.6372256197259776,556.7087811155282,590.8646773954355,0.06135325584673919
Googong,2020-11-24,1.32870209704434,577.9762276380502,591.2308424558603,0.022932802741690964
Googong,2020-12-06,6.654845672617317,533.5516958518982,583.5779272269873,0.09376079537187944
Googong,2020-12-18,1.714137668772303,574.0771920370065,577.5704637138367,0.006085020839157496
Googong,2020-12-30,0.9441404079941978,577.756858260151,576.0493991249084,-0.0029553247370952
Googong,2021-01-11,2.524834816930684,571.0650083244324,582.1784655326843,0.019460931848827575
Googong,2021-01-23,0.8089904755407654,572.369383002472,580.6161932264291,0.014408195946290727
Googong,2021-02-04,1.3965276425265525,553.5061433568917,585.418583259388,0.05765507806102108
Googong,2021-02-16,1.8942224990590968,569.7706997695923,585.5744787832223,0.02773708619980078
Googong,2021-02-28,0.6327085982178622,567.9836342382393,578.0844036825143,0.017783557193195895
Googong,2021-03-12,1.544005221162943,567.2662316198312,580.7311119626962,0.023736439069211003
Googong,2021-03-24,3.4511277092825403,570.6471579671822,607.137992661091,0.06394640573327325
Googong,2021-04-05,1.3959053153976448,589.6516329748116,597.5896930417978,0.013462287939301376
Googong,2021-04-17,0.8321676768711055,600.5816447698556,594.2420555107117,-0.010555749271313994
Googong,2021-04-29,0.9891767804768252,592.255823236084,588.6546404167175,-0.006080451517875582
Googong,2021-06-04,0.932153972653984,594.0579824897766,592.0087020774841,-0.003449630293163681
Googong,2021-06-16,3.858034301385655,567.4937032461129,612.7442474004708,0.07973752641751079
Googong,2021-07-10,2.64155410775823,597.7434818954467,607.6640995489083,0.016596780983714414
Googong,2021-08-03,5.406825172779486,563.2506932256662,611.8690119329415,0.08631737038590097
Googong,2021-08-15,4.282054656793778,572.5601468811035,610.7188602218628,0.06664577258585067
Googong,2021-08-27,1.5338089833869435,576.532814617157,600.9754639875375,0.042395937838527936
Googong,2021-09-08,2.09878056494124,599.409816766163,598.960163792225,-0.000750159509171672
Googong,2021-09-20,2.073391027267576,609.6424163518868,601.9275024267159,-0.012654818165929298
Googong,2021-10-02,1.0780868801651278,575.2406238327027,599.9774398452759,0.043002554040354746
Googong,2021-10-14,1.454660364639336,591.8604142408334,606.2029977918587,0.02423305091188137
Googong,2021-10-26,0.5012108852349507,599.9061747838937,601.9106408002816,0.0033412991908443232
Googong,2021-11-07,1.4701765724305482,583.2967692464791,599.4830315771065,0.027749617662956253
Googong,2021-11-19,1.50763869027195,560.2218776153564,596.9258530393233,0.06551685482223799
Googong,2021-12-01,0.9217090619623736,588.3908994840584,602.6128237913094,0.02417087742132276
Googong,2021-12-13,1.418100581799161,572.044081205555,597.8843644994698,0.045171839274095224
Googong,2021-12-25,1.3690235678715066,577.533628975483,608.4943165525399,0.053608458492676286
Cardinia,2015-03-01,1.8599778613875069,874.1594058563232,873.4518367294312,-0.0008094280312626981
Cardinia,2015-05-24,1.6370107325341574,806.3149772628784,872.3340888160706,0.08187757069489272
Cardinia,2015-06-05,2.7071542323565945,787.1960768447876,863.2903239738464,0.09666492169785339
Cardinia,2015-06-17,4.4694226778141255,672.6883003448486,862.8015512680054,0.28261715095341583
Cardinia,2015-06-29,1.4034586772862578,786.8957542190552,847.9795895858765,0.0776263374650473
Cardinia,2015-09-09,1.338670326201564,871.1763422935486,846.358095854187,-0.02848820064835842
Cardinia,2015-09-21,3.504984134336339,853.6855747039795,856.9840579986572,0.0038638151942787164
Cardinia,2015-10-03,1.5410013038126018,908.9115321014403,891.2485192749024,-0.019433148554843797
Cardinia,2015-10-27,1.958193191072371,906.2197677688598,883.3856336784363,-0.02519712646154456
Cardinia,2015-12-02,1.0734443123491528,936.9505493347168,895.4688344024659,-0.04427311021025081
Cardinia,2015-12-14,1.0781127626779798,925.6624312179564,877.5214174453736,-0.05200709475617418
Cardinia,2015-12-26,1.2646918609603612,885.904968825531,851.6011728744506,-0.03872175589731466
Cardinia,2016-01-07,2.026591605959646,916.303693108368,879.1350702392579,-0.04056365062005081
Cardinia,2016-01-19,1.4542867651001767,912.8324320655822,876.3492028007507,-0.03996706074769522
Cardinia,2016-01-31,1.1138467157989067,876.9545487358093,841.3756199699402,-0.040571006578571975
Cardinia,2016-02-12,2.788434550495525,899.4177726951599,889.163811341095,-0.011400665703256352
Cardinia,2016-02-24,2.1154894017847146,884.7789308227539,869.5169148124695,-0.01724952468758749
Cardinia,2016-03-07,1.4748784875337395,888.414616646576,868.3037492630004,-0.022636803815189704
Cardinia,2016-03-19,1.548187352356092,859.660763961792,842.2571284255981,-0.02024477126999293
Cardinia,2016-03-31,2.242251326481887,907.5819129180908,876.7896954460144,-0.03392775575823462
Cardinia,2016-04-12,1.485736130166963,884.2113123779297,853.3402867843628,-0.034913628859310576
Cardinia,2016-04-24,1.8047768150541323,890.0050279838562,860.448523790741,-0.03320936765949519
Cardinia,2016-05-06,2.9006364155486195,898.0805858306885,863.0690760139465,-0.03898481981364482
Cardinia,2016-05-30,1.348690645592645,896.7504192131042,857.4569162025451,-0.04381765781056343
Cardinia,2016-06-11,2.3477111031056737,880.0868627540589,860.0308804237366,-0.02278863959809723
Cardinia,2016-07-05,5.247315599230157,873.5611779136658,884.1094883972168,0.012075067837542388
Cardinia,2016-07-17,6.502396010135794,836.2165775550842,889.6999137702942,0.06395871315010719
Cardinia,2016-07-29,2.07914421172232,890.9488896179199,873.506500263977,-0.01957731757365226
Cardinia,2016-08-10,4.3988354198306645,872.5548247589111,882.6256043952942,0.011541715604134906
Cardinia,2016-08-22,0.8840564087437641,882.4714889503479,871.3261702415466,-0.01262966435556803
Cardinia,2016-09-03,4.103617831355932,829.7490953826905,892.7690745323181,0.0759506452014413
Cardinia,2016-09-15,2.652599286498437,887.2733162704468,876.5769476028443,-0.012055325536626662
Cardinia,2016-09-27,2.39335397271391,896.6243806892395,887.01444140625,-0.010717909851617408
Cardinia,2016-10-09,4.96967782607327,856.8908066513062,893.2275009559631,0.04240527967228313
Cardinia,2016-10-21,3.2744163535585065,878.7092437004089,868.3587749320984,-0.011779173648751846
Cardinia,2016-11-02,2.23049745232545,900.394935597229,876.8286020439148,-0.026173329748553957
Cardinia,2016-11-14,2.135850213204972,892.925484954834,891.5883342269898,-0.0014974941922638349
Cardinia,2016-11-26,0.6907388317409708,922.8048590980528,893.7522272422791,-0.03148296367248183
Cardinia,2016-12-08,4.689508208451644,876.5281553138733,895.1921742973327,0.02129311975925756
Cardinia,2016-12-20,3.341633905877545,918.0350888008118,929.7968046264648,0.012811836899411799
Cardinia,2017-01-01,3.158943202855131,875.6077243484497,896.2079248092651,0.02352674592511656
Cardinia,2017-01-13,5.472704476782679,854.3874737983704,893.4248370498657,0.045690467672642725
Cardinia,2017-01-25,0.9424830594471292,906.6759329223632,879.7410733482361,-0.029707262094529983
Cardinia,2017-02-06,2.697088915006909,865.4533318992615,862.1955917655945,-0.0037642008108256624
Cardinia,2017-02-18,3.838694904939436,852.3563556404114,866.1294171085134,0.016158806556623526
Cardinia,2017-03-02,2.3840349580435944,878.7787784790039,860.4704163253784,-0.0208338692307906
Cardinia,2017-03-14,2.892862153358976,888.5877447341919,869.8859654525756,-0.021046632020803566
Cardinia,2017-03-26,5.125597294280096,840.1463072647094,898.3880784324646,0.06932336744700418
Cardinia,2017-04-07,3.393678157415483,884.0151886535645,910.1734830596924,0.029590322363091358
Cardinia,2017-04-19,3.354226855120697,883.3995638435364,898.3799906524658,0.01695770229243934
Cardinia,2017-05-01,3.247855126941206,858.236106956482,877.9634010528564,0.022985858945427363
Cardinia,2017-05-13,1.7480780237508111,900.8512205955506,863.9740793830872,-0.04093588416085396
Cardinia,2017-05-25,1.9204242878902256,878.1583197372437,882.9682382751465,0.005477279472045566
Cardinia,2017-06-06,1.5172562826103229,902.591529853058,876.3406675125123,-0.029083878445900515
Cardinia,2017-06-18,1.7355313122842864,913.626894958496,899.2545078552246,-0.015731133991982938
Cardinia,2017-06-30,1.048457969404023,922.6718216018676,904.379220374298,-0.019825685362116537
Cardinia,2017-07-12,2.859774283290735,922.3333628967284,919.7050773872376,-0.002849604725601961
Cardinia,2017-07-24,5.182486910292685,910.5410416862488,929.7093496818544,0.021051558488903926
Cardinia,2017-08-05,6.339080254518651,904.826864466095,932.5599312797548,0.030650136399325453
Cardinia,2017-08-17,6.070327087701822,805.7850285194397,838.065280843811,0.04006062557861552
Cardinia,2017-08-29,3.2133018249773464,920.6324871162416,922.5622078727722,0.002096081534744902
Cardinia,2017-09-10,4.766623558773653,903.449086151886,916.6906025016784,0.014656627089184143
Cardinia,2017-09-22,4.493097011627189,902.3066571548462,934.9509866020204,0.03617875274256349
Cardinia,2017-10-04,3.3689150684426528,924.001517993164,906.008265876007,-0.019473184585493415
Cardinia,2017-10-16,2.1020493488662284,923.9226654678343,912.769864794922,-0.012071140897128067
Cardinia,2017-10-28,1.995582010173656,917.790694919586,912.6833236381532,-0.005564854067168701
Cardinia,2017-11-09,1.1180816594072585,925.8822954734802,912.5808542030336,-0.01436623352177232
Cardinia,2017-11-21,2.2552679010283416,924.8200048248292,920.5707618888856,-0.004594670220989042
Cardinia,2017-12-03,0.7484450976695466,882.7711839958191,880.6469292793274,-0.0024063480491924986
Cardinia,2017-12-15,0.7927650939647886,907.817246470642,891.1863951705933,-0.018319602722580028
Cardinia,2017-12-27,1.6822014714959386,911.4541365959168,887.5418108169556,-0.026235358224680982
Cardinia,2018-01-08,1.6718414405360107,913.996777406311,878.4345427268981,-0.03890849022501962
Cardinia,2018-01-20,2.7057584337213667,895.3337185935974,914.0769077209472,0.02093430498383544
Cardinia,2018-02-01,1.8481346763456392,904.172644381714,876.7655819793702,-0.0303117580172813
Cardinia,2018-02-13,5.550442260451294,858.7397239250183,886.3244663902283,0.03212235523370122
Cardinia,2018-02-25,4.345321859705069,889.729509464264,902.7271641952516,0.014608546297193114
Cardinia,2018-03-09,1.503897673568777,913.20175965271,871.445017350769,-0.04572564809535745
Cardinia,2018-03-21,3.21814926792716,920.813600680542,876.0498675971985,-0.04861324056275899
Cardinia,2018-04-02,1.5771604556735757,915.3191544876098,850.1288702865601,-0.07122137003408703
Cardinia,2018-04-14,6.969036519454425,820.5664763900756,766.996976739499,-0.06528355860483764
Cardinia,2018-04-26,0.8980567256991819,915.8781342964172,847.8852980682373,-0.0742378638402722
Cardinia,2018-05-08,2.7715433839689347,889.32795759964,846.5635822784424,-0.048086169962115774
Cardinia,2018-05-20,5.539233807087157,839.2896334358215,850.4521283981323,0.013299931891943678
Cardinia,2018-06-01,1.3895490496283105,880.3621341110229,834.0708511306763,-0.052582092285342226
Cardinia,2018-06-13,5.265152961773635,848.4834115516662,831.9859289291381,-0.019443494590375397
Cardinia,2018-06-25,1.3037518492168152,881.9838268676758,836.2908077766418,-0.05180709407485464
Cardinia,2018-07-19,4.161972534025856,875.5218865669251,849.531034198761,-0.029686125232207327
Cardinia,2018-07-31,3.729355832348394,880.4181263023377,857.6793072311401,-0.025827295454147647
Cardinia,2018-08-12,4.639407161091024,847.6649869071961,835.6942846321106,-0.014121973255922715
Cardinia,2018-08-24,1.025905934292145,890.1306713172912,832.1818785194397,-0.06510144483853586
Cardinia,2018-09-05,3.5708914245306027,893.278709954071,859.5037657577515,-0.03781008527344856
Cardinia,2018-09-17,5.964419061618272,883.5337057365417,866.9102487411499,-0.01881474004609027
Cardinia,2018-09-29,1.8831629527033091,920.1453136146546,893.3359607704162,-0.029135998898828015
Cardinia,2018-10-11,2.9137134811541867,954.6527356063842,917.2016071884156,-0.03923010642627044
Cardinia,2018-10-23,1.3660061839162017,947.159529927826,898.7666499603272,-0.05109263903113176
Cardinia,2018-11-04,1.2687043994379517,904.4730016944884,887.5576276527405,-0.018701911510965747
Cardinia,2018-11-16,1.046190919254075,943.6171973625184,897.8612662528992,-0.048489929218660334
Cardinia,2018-11-28,1.7703526836517318,931.2274285720824,901.0885280677796,-0.032364704453043146
Cardinia,2018-12-10,1.9356392494486707,934.9583041007996,902.0881054824828,-0.03515686044409213
Cardinia,2018-12-22,1.2786376159544923,932.88813848114,896.0032867126465,-0.03953834360949931
Cardinia,2019-01-03,2.824045608096666,929.6769120109558,922.2623449684144,-0.007975423447381518
Cardinia,2019-01-15,0.54137427380861,943.295103198242,897.743448235321,-0.048289930487795535
Cardinia,2019-01-27,1.0094331269659385,942.633650414276,887.4318255645752,-0.05856127120588177
Cardinia,2019-02-08,3.9617103584329216,924.6632508277892,899.9407378768921,-0.026736774635268246
Cardinia,2019-02-20,1.168850310866048,919.9241598121644,849.1763901123047,-0.07690608942622547
Cardinia,2019-03-04,0.7935274098413005,917.3744707427978,850.6569092285156,-0.0727266385124725
Cardinia,2019-03-16,1.5490369251322924,918.8617593292236,835.4567418937684,-0.09076992984923164
Cardinia,2019-03-28,3.420768421479643,913.7372779647828,863.3294408523559,-0.05516666368773207
Cardinia,2019-04-09,0.9742265290140716,879.488948625946,824.5235310943604,-0.062496996258406566
Cardinia,2019-04-21,1.51506938318922,880.7482482330322,822.8468409095764,-0.06574115525022994
Cardinia,2019-05-03,3.756785997220452,876.2147386306763,856.2700513664246,-0.02276232798300184
Cardinia,2019-05-15,0.974173141032504,882.0939901489257,824.3975911621094,-0.06540844811455448
Cardinia,2019-05-27,5.862453843978808,846.8078855796814,814.1931312026977,-0.03851493937690163
Cardinia,2019-06-08,3.683797631493968,868.5237813598633,826.7665051986694,-0.04807844880863685
Cardinia,2019-06-20,1.97457556621496,847.1684090660095,824.1292420539856,-0.027195498280470843
Cardinia,2019-07-02,1.5305044623004485,881.6610806900024,841.0060378952027,-0.04611187188049911
Cardinia,2019-07-14,4.384265008508031,862.7220517044068,843.8152157714844,-0.021915327069210466
Cardinia,2019-07-26,0.4064239693716248,879.1188013122559,843.2488949577331,-0.04080211491436645
Cardinia,2019-08-07,1.3629535149891159,870.4921573516846,875.2720955184936,0.0054910755099174865
Cardinia,2019-08-19,4.97899472037401,898.5620406219482,860.059464315033,-0.04284910174957457
Cardinia,2019-09-12,1.9288435323715225,962.9809357192992,927.8982024780272,-0.036431389179129386
Cardinia,2019-09-24,1.8561529817048763,980.6766457817076,961.864465410614,-0.019182857521908504
Cardinia,2019-10-06,2.590055693209341,985.8558094207764,984.3443746643068,-0.0015331194907271793
Cardinia,2019-10-18,4.417942174460978,1015.3266287078858,1007.2999831245422,-0.0079054812081097
Cardinia,2019-10-30,3.532404171553711,1007.517653275299,1013.1626030822754,0.0056028296761107856
Cardinia,2019-11-11,3.9644855659813785,995.7652360046388,1022.7650013458252,0.027114589227395573
Cardinia,2019-11-23,1.7092289118672548,1047.449930509949,1007.9587511604308,-0.03770221200959164
Cardinia,2019-12-05,4.097668049558605,1016.0433909294128,977.9286227149964,-0.037512933556460966
Cardinia,2019-12-17,2.2329828136830394,1039.633433743286,1017.9320293022156,-0.020874092479820323
Cardinia,2019-12-29,3.2325472864156435,1008.1477555999757,1021.0808269935608,0.012828547523659672
Cardinia,2020-01-10,3.5935996181005527,1015.0745055656432,1010.1313715286254,-0.004869725335346944
Cardinia,2020-01-22,4.4925394874414115,992.4673021347046,1015.0194923301696,0.0227233583886918
Cardinia,2020-02-03,2.959934656250252,1022.993203275299,1002.913400354004,-0.019628481261660273
Cardinia,2020-02-15,4.190668289200444,955.7944693923952,967.3353834129332,0.01207468173348467
Cardinia,2020-02-27,3.7330218457884348,983.2188824531556,999.8050633422852,0.016869266025227873
Cardinia,2020-03-10,2.077177504826528,1002.5351405509948,973.0566300193786,-0.029403967341648227
Cardinia,2020-03-22,2.466518946297224,998.64630830307,972.4661668533324,-0.02621562932949069
Cardinia,2020-04-03,3.730911603442218,969.530241846466,969.6409266571044,0.00011416333999816139
Cardinia,2020-04-15,3.0639643087707493,978.661039502716,948.0097962654114,-0.031319570310962115
Cardinia,2020-04-27,1.1726370463306792,958.8719368751526,937.2808410980224,-0.02251718393959157
Cardinia,2020-08-01,4.491662926435231,998.3157297706604,989.563428488922,-0.008767067392345911
Cardinia,2020-08-13,2.443491590373708,1008.6199615737916,998.403326635742,-0.010129320583848151
Cardinia,2020-08-25,1.8228503563119494,1029.691865563965,1009.478277583313,-0.0196307154175496
Cardinia,2020-09-06,3.621493651811318,1026.4094981132507,1032.9118448287963,0.006335041450316138
Cardinia,2020-09-18,2.157819228871899,1038.995795124054,1022.544684576416,-0.015833664221589817
Cardinia,2020-09-30,3.9852363494298073,1035.9892577331543,1037.0608663139344,0.0010343819424584362
Cardinia,2020-10-12,2.9661529469529966,1040.2871132911682,1040.72097971344,0.0004170641130978236
Cardinia,2020-10-24,3.3097703751886574,1039.255259563446,1039.7507677185058,0.00047679157791115676
Cardinia,2020-11-05,2.055764749296281,1046.7494506256105,1027.3465472045898,-0.018536339722389328
Cardinia,2020-11-17,1.9024959414709435,1049.3623607040406,1031.6044960487366,-0.01692252869007985
Cardinia,2020-11-29,2.708398864246005,1047.7254199607848,1040.7201991897582,-0.006686122754651538
Cardinia,2020-12-11,3.736600872753888,1052.117697605896,1036.8941596115112,-0.014469424883761628
Cardinia,2020-12-23,1.6109183769182795,1036.0362900268556,1029.4872227279664,-0.006321272104010422
Cardinia,2021-01-04,3.462589956550488,1003.2352482528688,1031.596645716095,0.02826993719829674
Cardinia,2021-01-16,4.255025672438395,1038.9012937957764,1037.6504734954833,-0.0012039837737837617
Cardinia,2021-01-28,3.9966137327717663,1036.1145064979553,1042.3261071632385,0.005995090915460939
Cardinia,2021-02-09,4.0270447245813195,1041.6720719444274,1029.21961588974,-0.011954295780862384
Cardinia,2021-02-21,1.9733765990190726,1033.304925164032,1019.9789302604676,-0.012896478647335449
Cardinia,2021-03-05,2.6107521772177043,1029.715205573273,1001.5279102203368,-0.02737387502910902
Cardinia,2021-03-17,2.6803302139659824,1034.2100496818543,1011.146973801422,-0.022300185428992012
Cardinia,2021-03-29,1.4717024013565934,1037.2802493347167,1009.863723687744,-0.02643116521745872
Cardinia,2021-04-10,5.085124654386173,1008.7459486656188,1021.8366060836792,0.012977159844237118
Cardinia,2021-04-22,4.2097311573679725,1028.2681978591918,1031.0086085922242,0.0026650738968080397
Cardinia,2021-08-08,1.5424520508580524,975.024192791748,946.4589242958068,-0.02929698432830816
Cardinia,2021-08-20,4.582418661754097,971.057187387848,940.8702480445862,-0.03108667515706762
Cardinia,2021-09-01,4.3115555811663,957.337585472107,958.8886049156188,0.0016201384621778035
Cardinia,2021-09-13,1.704904713758777,987.0912807121276,943.845818712616,-0.04381100597739304
Cardinia,2021-09-25,1.5688764282715881,986.753478263092,942.964377230835,-0.04437694114778868
Cardinia,2021-10-07,1.6874742858375682,998.6784820968628,968.940332598114,-0.029777500999430273
Cardinia,2021-10-19,3.7228053634453095,1013.9251196029664,1011.4303915504456,-0.0024604657723616852
Cardinia,2021-10-31,1.679238917530115,1035.902005982971,1015.0588233932496,-0.020120805316853674
Cardinia,2021-11-12,2.976310473888019,1023.6151631111144,1030.471525112915,0.006698183310377957
Cardinia,2021-11-24,1.8341071980487567,1043.7500354888916,1034.5167012161255,-0.008846307984498635
Cardinia,2021-12-06,2.156335585591261,1047.5132744743348,1045.5690880447387,-0.0018560017108821508
Cardinia,2021-12-18,1.385200082114942,1038.3196222076415,894.6696562545776,-0.13834850356351736
Cardinia,2021-12-30,2.2679984198309406,1038.1690070755003,1033.1159354751587,-0.004867291901321516
Grandval,2015-02-05,7.983176293208229,98.51186002731323,964.3193752074176,8.788865776567938
Grandval,2015-02-17,2.2451632602415965,444.8339956977844,601.0594184551106,0.35119937834846626
Grandval,2015-03-01,3.228374538133508,373.9854091407776,626.5016732414035,0.6752035184494921
Grandval,2015-03-13,2.904529594704073,483.40556323165896,642.3797871481352,0.3288630417360177
Grandval,2015-03-25,2.7183880106645137,175.6273113975525,674.527200564276,2.840673726635868
Grandval,2015-04-06,4.639592368249905,214.90600075149536,699.2761585517165,2.253869859875706
Grandval,2015-04-18,1.4326131112228218,280.0515310836792,692.3369118148893,1.472176849509955
Grandval,2015-04-30,1.6192368920138422,398.50727074508666,731.6563904175224,0.8359925756173754
Grandval,2015-05-12,1.2825664041124905,359.21010858078,736.9899263702575,1.0516959538863353
Grandval,2015-05-24,3.355808323240711,220.66810369644165,924.4099313018138,3.189141592359278
Grandval,2015-06-05,1.3178921717366174,386.6182291931152,740.4160006893471,0.9151088717017285
Grandval,2015-06-17,4.817311559592528,131.80403374710082,756.9212311286267,4.742777437153179
Grandval,2015-06-29,1.4179485928877285,316.0574894592285,726.7198380311883,1.2993280092004758
Grandval,2015-07-11,2.507031599915683,319.8686620048523,737.4399993823722,1.3054462252109758
Grandval,2015-11-20,6.372563618970478,61.547412890625,701.013232993125,10.389808280632126
Grandval,2015-12-14,2.3838514967408018,314.76732548065183,681.6503074657963,1.1655688258776915
Grandval,2015-12-26,1.7040329374306316,386.29619109039305,691.2242147783707,0.7893632676710101
Grandval,2016-01-07,5.72015311097661,248.67775952682496,664.9860172099483,1.6740872142135252
Grandval,2016-01-19,1.9843140274951443,513.7993971054077,641.4831344025346,0.24850892783537484
Grandval,2016-01-31,5.760520202227487,129.89154994277953,861.3792307942409,5.631526309245674
Grandval,2016-02-12,3.3599113822501554,380.5732388038636,713.755978962549,0.8754760087857835
Grandval,2016-02-24,1.8191735135803413,536.9288138420105,690.8123692204824,0.2865995480431631
Grandval,2016-03-07,0.8075851097602074,574.4736513916016,680.305231820278,0.18422355868247495
Grandval,2016-03-19,2.407726180064823,515.4842626144409,641.2582602213392,0.24399192512492204
Grandval,2016-03-31,4.147849643776311,328.037527306366,675.5714925064655,1.0594335594888358
Grandval,2016-04-12,2.5330781582405586,302.06155058288573,680.521395896283,1.2529229376697775
Grandval,2016-04-24,4.704813563641303,375.3789140213013,790.5311791878944,1.1059552086163125
Grandval,2016-05-06,5.2168816991536175,391.5746014518738,694.2619311278249,0.7730004156389412
Grandval,2016-05-18,1.5306309190171927,499.2610314529419,630.0832821761128,0.26203176791598165
Grandval,2016-05-30,5.1414866877820256,305.9242615844727,748.1619045934099,1.4455788524860924
Grandval,2016-06-11,2.912025405903519,464.7287841804504,690.3520835537809,0.48549456597834223
Grandval,2016-07-05,2.211653929836716,527.1547934700012,669.436312933969,0.2699046299615307
Grandval,2016-07-17,2.4895382238701664,521.3155252799987,700.5343930385035,0.34378194983210264
Grandval,2016-07-29,1.0973874801251056,507.0277998008728,669.6915078864212,0.32081812506026686
Grandval,2016-08-10,3.1581120692884648,510.2432455909729,704.3690632944925,0.38045739827222924
Grandval,2016-08-22,2.442426689088967,503.239529864502,684.4606820518435,0.3601091357750365
Grandval,2016-09-03,0.7268086124687325,480.48911980743407,701.1824519319841,0.4593097388198873
Grandval,2016-09-15,1.560806208769814,412.94759478302,630.7797929307463,0.5275056711788926
Grandval,2016-09-27,1.062355409721948,466.7715307159424,716.655619581173,0.5353456079079074
Grandval,2016-10-03,1.6567789717265955,466.7715307159424,716.655619581173,0.5353456079079074
Grandval,2016-10-09,2.3505314653660414,462.9006945465088,712.4413677016615,0.5390803602047323
Grandval,2016-10-15,1.8157394675089435,454.472129335022,676.6528185512791,0.4888763795952662
Grandval,2016-10-21,1.400255913336868,397.8884702354431,661.331778874631,0.6621033991844505
Grandval,2016-10-27,2.7895538600735885,429.8234457557678,657.0410995845779,0.5286301993817214
Grandval,2016-11-02,1.044876215784011,383.2804038230896,707.9586238890164,0.8471036265547983
Grandval,2016-11-08,3.042648513018761,443.4016324737549,633.0686889802581,0.4277545291124513
Grandval,2016-11-14,5.386537439911442,360.0682201568604,630.4733550092777,0.7509830629723941
Grandval,2016-11-20,4.552313620708849,295.26318134613035,812.5802103666268,1.7520539698244915
Grandval,2016-11-26,2.184376810144204,191.2499769714356,741.3630904253735,2.8764087827111258
Grandval,2016-12-02,1.9614515435670496,507.944301007843,653.8966159357169,0.2873392114810247
Grandval,2016-12-08,2.1096565064511124,561.0736012939453,654.9392165799009,0.1672964385946569
Grandval,2016-12-14,3.285085392317184,570.0271995986939,666.5060019316969,0.16925298021028698
Grandval,2016-12-20,1.5754589345356411,552.3647516348746,652.9788463114419,0.18215154819124935
Grandval,2016-12-26,1.2619960416715192,446.2391110191345,659.1890907594329,0.47721047860183474
Grandval,2017-01-01,0.6596325247148213,528.4835482421875,646.9717209188573,0.2242040893624382
Grandval,2017-01-07,2.249699759737981,527.4107935997009,624.6980572679107,0.18446202627785008
Grandval,2017-01-13,5.840641142395065,470.2020390647888,660.123002561152,0.40391352592623314
Grandval,2017-01-19,1.5791257086851296,425.8054340507507,649.8067112770048,0.5260648627597267
Grandval,2017-01-25,3.781688812828147,392.23587948913575,629.633824801097,0.6052428085394895
Grandval,2017-01-31,1.157707246564384,176.57921806793212,584.9414628806827,2.3126291376805668
Grandval,2017-02-06,6.797635959390876,185.01688873672487,727.2789372634501,2.9308786469669412
Grandval,2017-02-12,7.11944155877578,93.20490546951294,858.365931435822,8.209450158356644
Grandval,2017-02-18,2.010532733151313,391.1569423942566,673.2562722895572,0.7211921848263294
Grandval,2017-02-24,2.9080573947881825,483.6723248382568,617.7312203185257,0.27716883641233575
Grandval,2017-03-02,3.931080199415286,466.0790286895752,662.5991108209917,0.42164540782697535
Grandval,2017-03-08,2.1549777441118843,425.3137363853455,637.730210087699,0.49943478315005213
Grandval,2017-03-14,2.206705155332465,475.3527060478211,628.0981086129402,0.32133066798982896
Grandval,2017-03-20,0.4683192919080253,528.115424230957,645.013139362775,0.22134879946376237
Grandval,2017-03-26,2.146472255313204,526.639052671051,648.4240174067208,0.23124939959919594
Grandval,2017-04-01,2.230419968535216,528.3107493652344,672.6496194438471,0.2732082779917613
Grandval,2017-04-07,2.3533565377087813,505.5324875106812,647.8080693444494,0.28143706952317704
Grandval,2017-04-13,0.3625384579406121,533.4770092536926,667.7089063763756,0.2516170234036264
Grandval,2017-04-19,5.17917313521437,525.4760152427673,689.7670029052764,0.3126517346117263
Grandval,2017-04-25,2.173997015096991,518.3447385604859,691.0329170040267,0.3331531422950668
Grandval,2017-05-01,4.242943571180333,485.74935620040895,676.4726829535122,0.39263732276449004
Grandval,2017-05-07,3.74003915256964,376.9316873710632,658.7008545541352,0.7475337750144886
Grandval,2017-05-13,1.4819870723897857,448.81313138504026,718.5937148841798,0.6010977946803715
Grandval,2017-05-19,2.903429331521042,281.12502935791014,769.6716512416942,1.7378268416712133
Grandval,2017-05-25,3.1646096862265187,470.982912387085,695.7890526580509,0.4773127312232621
Grandval,2017-05-31,2.355060200418309,478.721303250885,701.8743968599146,0.46614406355775023
Grandval,2017-06-06,4.87502457647998,524.6011895324707,686.7546965307138,0.3090986262207216
Grandval,2017-06-12,0.9303705927590108,503.8075717689514,656.8919859407102,0.30385492944112424
Grandval,2017-06-18,3.182817204309985,509.96406780319217,679.5548151783123,0.33255430741557546
Grandval,2017-06-24,0.788101649333764,505.804602885437,698.0965161925762,0.38017035078404116
Grandval,2017-06-30,6.659060704450495,477.779843699646,698.3493831086284,0.46165517929978317
Grandval,2017-07-06,1.2979740450042838,222.9722813682556,699.983948878096,2.1393316899423005
Grandval,2017-07-12,2.348908671293126,500.5366565490723,678.2126613821348,0.3549710146266645
Grandval,2017-07-18,2.368591818851743,490.8303966445922,651.4216670887607,0.32718281414924644
Grandval,2017-07-24,3.805489669140941,492.276172580719,682.371507301136,0.38615587206639973
Grandval,2017-07-30,1.5188066087430685,451.593055796814,667.7928345189324,0.47874912146433346
Grandval,2017-08-05,0.5919524325322166,492.6080321746826,643.6064586291354,0.3065285512862032
Grandval,2017-08-11,2.522393175720349,497.9669215080261,659.098826276197,0.32357953472131146
Grandval,2017-08-17,0.7801029843542546,496.73152205352784,650.6899538416963,0.30994294694987734
Grandval,2017-08-23,1.8003184250734146,515.7730210456848,648.0171165923593,0.2563997924485487
Grandval,2017-08-29,0.5731640473505739,494.3332430259704,677.1185672317444,0.3697613437584879
Grandval,2017-09-04,1.267971165956965,509.8276236236573,679.5587902008651,0.3329187331412614
Grandval,2017-09-10,2.279870941138192,497.5782651145935,638.7685690486893,0.2837549664706101
Grandval,2017-09-16,1.6674992330982326,498.4888999343872,640.9669151051211,0.28581983508456726
Grandval,2017-09-22,1.1322659946334093,483.9562318672181,664.2735992708391,0.37259023756738036
Grandval,2017-09-28,1.286695419912661,513.8829278213501,638.9618355430633,0.2433996168193323
Grandval,2017-10-04,0.2588887946820137,479.1519271575928,653.9535166487808,0.36481453915491785
Grandval,2017-10-10,1.2636517358908677,483.5133949249268,636.3378532208551,0.3160707850082556
Grandval,2017-10-16,2.4033240889202427,468.9734870628357,659.7977726034964,0.406897811506971
Grandval,2017-10-22,4.151872654672284,452.9384146133423,675.8715063708347,0.49219294404031205
Grandval,2017-10-28,2.8213061154639334,436.219658971405,639.4056810089199,0.4657883198492761
Grandval,2017-11-03,0.8918107533489121,444.3476097732544,687.7953245492432,0.5478767285374111
Grandval,2017-11-09,2.263142778547191,389.5885369781494,679.9706941360408,0.7453560092148652
Grandval,2017-11-15,3.2108504751699742,426.36133371429446,595.7983218433723,0.3974023316162573
Grandval,2017-11-21,0.8168510525473894,353.6154573776245,808.1527490588198,1.2853999512690895
Grandval,2017-11-27,1.6798290791437502,443.7349998588562,671.8246528695108,0.5140222274177283
Grandval,2017-12-03,3.4998138479399263,443.88381267776487,627.6028117873843,0.41388983752599534
Grandval,2017-12-09,4.055428147510773,419.3149760070801,700.306225305852,0.6701197557370987
Grandval,2017-12-15,3.406148070384285,356.9638802505493,849.8499290250562,1.38077289060326
Grandval,2017-12-21,3.4697979051931944,197.23849261550905,661.471765959242,2.3536646786725135
Grandval,2017-12-27,6.517916054340204,341.8471195854187,651.3366962169334,0.9053449887389833
Grandval,2018-01-02,4.542064783164355,178.44857436828613,716.8572155323404,3.0171641497839854
Grandval,2018-01-08,3.854479801585173,460.7258391609192,646.9448537622309,0.40418617488538644
Grandval,2018-01-20,3.657066316933456,571.2588667510986,680.995664673797,0.19209644577912785
Grandval,2018-01-26,3.011990024956946,564.7310093536377,809.7252207346806,0.43382461264425853
Grandval,2018-02-01,4.311031169501578,588.6095182136536,826.1798889042723,0.403612859356422
Grandval,2018-02-07,2.998060500989032,561.5687000595093,803.2551012780791,0.43037726495967166
Grandval,2018-02-13,0.4124123785768708,602.4873299781799,689.0325919270593,0.1436466090531959
Grandval,2018-02-19,1.2551138066352865,591.9691488708496,669.7836020905288,0.13145018345653017
Grandval,2018-02-25,0.981261530947859,573.4882590690613,647.3087333260601,0.12872185801472363
Grandval,2018-03-03,1.7776571170924762,533.5447662437439,637.0952843902857,0.19408028097727772
Grandval,2018-03-09,1.9405402547975368,310.89698491821287,717.9339774157861,1.309234287378669
Grandval,2018-03-15,5.20398751606514,427.37537977981566,624.3481797663878,0.4608894412402811
Grandval,2018-03-21,6.71245332226186,179.78564033660888,772.6964034482113,3.2978760817688664
Grandval,2018-03-27,1.6777563046121222,209.19250928878785,887.2571814595838,3.241342983437019
Grandval,2018-04-02,1.9908047478256647,448.1134393730164,603.7643335560638,0.34734707890222694
Grandval,2018-04-08,7.4590236252572355,411.05374487304687,612.9753776063897,0.4912292741566091
Grandval,2018-04-14,3.80315223270962,237.9796395248413,727.0796754458353,2.0552179879654773
Grandval,2018-04-20,0.3906634026171409,431.71681211776735,601.3435915062339,0.3929121466369819
Grandval,2018-04-26,2.462146256228422,447.6402320823669,641.3481047154834,0.4327311504866564
Grandval,2018-05-02,1.5327627588281882,452.25683691711424,650.2934579605788,0.4378853007362254
Grandval,2018-05-08,0.9834273932744412,496.9910468559265,664.3001126183066,0.33664402371192315
Grandval,2018-05-14,5.175080479807777,459.5036025032043,632.9000340374845,0.3773559784725975
Grandval,2018-05-20,1.945196630071546,480.2235580978394,630.3027307596512,0.31251938837876664
Grandval,2018-05-26,6.330627776762112,559.752730078125,644.7783492279322,0.15189853408654233
Grandval,2018-06-01,0.6603096692934329,551.7233258537292,811.5748360499003,0.47098155546365644
Grandval,2018-06-07,0.4026701447090534,569.8152150566101,684.5163534832915,0.20129532416098442
Grandval,2018-06-13,5.069008903485475,537.4161238342285,803.1041913058261,0.49438052877168936
Grandval,2018-06-19,3.9573242543713154,470.3138136657715,854.8030418333555,0.8175163412079179
Grandval,2018-06-25,3.308953639709177,648.3785741249085,833.05798115182,0.284832680160917
Grandval,2018-07-01,0.906171966250746,588.9425483169556,813.0355872915497,0.3805006780627307
Grandval,2018-07-07,2.7451319380988406,599.3801625030518,789.295330733095,0.3168526089301067
Grandval,2018-07-13,0.7957275377785493,669.5261921852111,817.7381460953986,0.2213684179052813
Grandval,2018-07-19,1.9317737449402896,705.1679599817135,799.9438854956803,0.13440191683754973
Grandval,2018-07-25,1.7543169297421293,597.7167871368408,689.2932547187984,0.15321046614839698
Grandval,2018-07-31,0.96200910135742,600.1161791069031,682.259662601429,0.13687930163251447
Grandval,2018-08-06,0.4417147216533066,583.6548128982544,682.4187322782269,0.16921631964198258
Grandval,2018-08-12,1.3291471655012443,581.9205457740784,674.6107360263301,0.15928324051345183
Grandval,2018-08-18,2.0973538066108,561.5667093887329,697.7641206537583,0.24253113474849086
Grandval,2018-08-24,1.7123803673614677,541.6029897171021,675.1633364715098,0.24660193774811107
Grandval,2018-08-30,1.1738223281860427,536.9869963798523,651.7713935881161,0.2137563814060555
Grandval,2018-09-05,1.0021363209425398,539.2135319328308,660.8840932919941,0.22564448804359677
Grandval,2018-09-11,1.1164368660162047,536.3463740997314,638.1761112751589,0.1898581627336454
Grandval,2018-09-17,1.1100818287665362,526.2211851791382,628.6163163565901,0.19458572566323842
Grandval,2018-09-23,2.748200367628105,522.3530984642028,647.636840863058,0.2398449301195078
Grandval,2018-09-29,2.53141090615372,528.8790313201904,651.0502953084278,0.23100039281813264
Grandval,2018-10-05,2.9312291945236857,494.6908328964233,701.3956097780509,0.4178463863406719
Grandval,2018-10-11,4.023700188127515,517.6114630516053,690.360954863326,0.333743558910514
Grandval,2018-10-17,0.9395468268205088,494.3150074043274,649.5650444544716,0.31407105737163404
Grandval,2018-10-23,3.08883208819787,519.0133144706726,641.576988523054,0.23614745640462156
Grandval,2018-10-29,1.0952229328603118,504.5109759277344,704.5193421018173,0.39644006913088814
Grandval,2018-11-04,0.6853602522106846,525.2570744041443,629.517219213215,0.19849355656436263
Grandval,2018-11-10,4.764124099272187,522.1902359466553,644.8764042689904,0.23494535109397985
Grandval,2018-11-16,0.2062974528193552,380.5092988990784,658.5706755669568,0.7307610549134779
Grandval,2018-11-22,0.3487778272231592,512.4260688201904,641.5531691542412,0.25199166902525677
Grandval,2018-11-28,1.0681212666901718,512.1266019119263,633.2939489362948,0.2365964715990411
Grandval,2018-12-04,4.639126608124144,512.2839723731995,619.1659639597395,0.20863817208920285
Grandval,2018-12-16,2.522552490197501,477.9558209159851,665.8514508428714,0.3931234262756568
Grandval,2018-12-22,4.800878200117912,477.9558209159851,665.8514508428714,0.3931234262756568
Grandval,2018-12-28,1.0730785808531569,382.1740985015869,669.1083337119519,0.7507945628323986
Grandval,2019-01-03,5.753919644699606,571.4391432540893,623.4734048737829,0.09105827319315543
Grandval,2019-01-09,4.727231069041563,560.6215455589295,723.7352191579095,0.29095148927313985
Grandval,2019-01-15,2.3604898633033757,581.8748488311768,703.7569442642871,0.2094644504362703
Grandval,2019-01-21,2.443485117400116,583.2293812034607,673.2214235291455,0.1542995693049471
Grandval,2019-01-27,7.389716576826265,580.9086887702941,660.1448382108291,0.13640035167707215
Grandval,2019-02-02,2.037323366410812,346.4321479316711,741.7144821244423,1.1410093911686714
Grandval,2019-02-08,0.6247968586397564,581.5153722480774,694.0988982522434,0.1936036971282977
Grandval,2019-02-14,1.8686568102267087,575.6632759269714,659.809247425591,0.14617220694358543
Grandval,2019-02-20,0.118852270177395,612.2811267578124,666.7561151838714,0.0889705497122183
Grandval,2019-02-26,0.5089161979436174,614.8991727851868,669.5749547033122,0.08891828829508965
Grandval,2019-03-04,6.37486952242444,613.562035761261,668.3086084015102,0.08922744473967315
Grandval,2019-03-10,6.927110024852273,558.9321699554444,709.8532127162858,0.27001674062323566
Grandval,2019-03-16,1.8666321823657133,570.895593434143,696.2161781503477,0.21951576813258633
Grandval,2019-03-22,0.519772900354462,576.4603476341248,647.1468867389933,0.12262168489988276
Grandval,2019-03-28,3.0130528169075923,628.1494898775676,679.8941638669301,0.08237636871988546
Grandval,2019-04-03,3.8464105735087326,609.1891605941772,692.7585499075647,0.13718134648337701
Grandval,2019-04-09,0.5101650539392589,544.8504392967224,685.5181720594459,0.25817678140132083
Grandval,2019-04-15,1.7849037430918735,596.5045801010132,674.6460678711028,0.13099897364888127
Grandval,2019-04-21,0.665656225714642,632.5716658470154,708.3046757089861,0.11972241874059274
Grandval,2019-04-27,4.027719314674691,557.693482032013,682.0668341713761,0.22301381699172115
Grandval,2019-05-03,0.8171048887048826,528.3608010398865,799.9095853619235,0.5139457427341161
Grandval,2019-05-09,7.199782553225179,567.4771892845154,689.0304761834508,0.2141994236846627
Grandval,2019-05-15,5.46901302546449,334.2881006011963,947.3505271928076,1.8339343383418576
Grandval,2019-05-21,2.361149315205532,537.8102181350708,853.040309521882,0.5861363000500694
Grandval,2019-05-27,2.064766266577893,675.5904241394043,787.2014015984211,0.1652050909412927
Grandval,2019-06-02,0.6048463500663197,694.1609317840577,818.9287023150903,0.17973896947840026
Grandval,2019-06-08,1.263676836768272,710.2834845457608,817.6727169902189,0.15119207299763626
Grandval,2019-06-14,2.2583988346016066,707.4806823081971,811.7806269369536,0.14742444173665895
Grandval,2019-06-20,1.0446309982951911,684.1688411019239,808.0619947208928,0.18108564169544214
Grandval,2019-06-26,3.684956319821193,601.6818752372742,815.2625517335989,0.35497276099948805
Grandval,2019-07-02,2.2434488079084693,690.6319089111328,823.2155029997252,0.19197432435119746
Grandval,2019-07-08,1.3043241424762728,572.5194386314392,825.7378508639256,0.44228788604590297
Grandval,2019-07-14,3.100740062966345,605.2904784988403,827.6546383101846,0.36736768165067096
Grandval,2019-07-20,1.604862138890106,600.826296034489,848.5843983969565,0.4123622817404875
Grandval,2019-07-26,0.9878486684807912,608.4178206436158,711.7019148881323,0.16975849611909338
Grandval,2019-08-01,2.083544425956083,602.2326901451111,711.2088771816955,0.18095362277714622
Grandval,2019-08-07,0.8357214709539267,614.1887023989299,724.9196757473815,0.1802881963083216
Grandval,2019-08-13,0.9847282385706644,493.23973996505737,699.4727045256429,0.4181191170346407
Grandval,2019-08-19,0.92524985499141,604.6353799494365,685.9202843247447,0.13443623557408396
Grandval,2019-08-25,0.8210772150845183,163.512158959198,777.9005374119448,3.7574476562691475
Grandval,2019-08-31,1.5980932647014403,604.9916726379395,676.3313665715415,0.1179184725345726
Grandval,2019-09-06,4.170664414661688,592.9169780731202,688.6190533921246,0.1614088967902723
Grandval,2019-09-12,2.488427252399933,589.9548484489441,852.0644085680973,0.44428749218396624
Grandval,2019-09-18,1.950138623085292,601.9837427650451,678.9262456106267,0.12781491821052762
Grandval,2019-09-24,1.4002601787239717,605.8542903107887,694.7786386576425,0.14677514011040152
Grandval,2019-09-30,3.796020331241186,599.8196503852844,676.2211011976743,0.12737403778504877
Grandval,2019-10-06,2.5478248302995743,591.2972128540039,693.7452759506793,0.17325984440581277
Grandval,2019-10-12,3.055285077014811,603.6619333930969,678.811307123012,0.12448917112846813
Grandval,2019-10-18,2.630184514446747,603.9777981307983,693.9866696505887,0.14902678839909606
Grandval,2019-10-24,3.923142830771852,589.8517624687195,669.8550504495987,0.13563287095394905
Grandval,2019-10-30,1.479462788515286,574.4820723892212,681.9756943899447,0.18711397129185736
Grandval,2019-11-05,5.89169877429304,593.1948696746826,679.3757450805664,0.1452825703855913
Grandval,2019-11-11,0.886258845452032,566.0382886253357,815.8693847623937,0.4413678388149159
Grandval,2019-11-17,1.412390076012345,613.0055491531372,803.9716828697025,0.3115243148783623
Grandval,2019-11-23,6.622377541210649,590.6969459228516,681.3539308419022,0.15347461256535927
Grandval,2019-11-29,4.823754000321775,493.21464117736815,683.8919367670724,0.38660104479974977
Grandval,2019-12-05,1.909019405754428,559.936566973114,693.6676219732096,0.2388325086947158
Grandval,2019-12-11,2.015671623751055,607.6661204032898,686.6541951818101,0.1299859777044971
Grandval,2019-12-17,7.825546582487177,595.45989376297,667.2543893339688,0.12056982564736342
Grandval,2019-12-23,6.213653854131493,191.3302903831482,876.4258422059991,3.5806957196945333
Grandval,2019-12-29,0.8496938430481505,571.439885597992,823.5006541810907,0.44109761137748704
Grandval,2020-01-04,2.609155659444018,712.792532371521,802.9656119318734,0.12650676804979827
Grandval,2020-01-10,5.102047193900408,598.3033118141175,791.2997815017341,0.3225729590271385
Grandval,2020-01-16,1.2398784745291225,559.8592197853088,686.759550062926,0.22666471461572088
Grandval,2020-01-22,2.831784118657944,587.6379763961792,660.8644630878493,0.12461156295709123
Grandval,2020-01-28,8.42900609255149,551.7113179191589,636.719728771063,0.15408132494457955
Grandval,2020-02-03,6.165455541243565,197.3254604171753,699.3518635378458,2.5441542214537964
Grandval,2020-02-09,2.9361889852111576,472.3532201721192,641.1932026421971,0.3574443345777442
Grandval,2020-02-15,1.36321381325572,536.6489637153626,628.6200362837399,0.17138032268177178
Grandval,2020-02-21,2.46246529147279,546.0587913391113,639.9944807803585,0.17202486422915514
Grandval,2020-02-27,4.012856563102939,550.5297622291565,635.815269461975,0.154915343518374
Grandval,2020-03-04,0.857690153225069,541.949879914093,636.4139940352704,0.17430415177165715
Grandval,2020-03-10,3.887899772254071,560.6855691101074,644.3818448360728,0.14927488834571578
Grandval,2020-03-16,6.220740547248604,530.1245708702087,693.6551499005097,0.3084757583710236
Grandval,2020-03-22,1.7970298965199163,244.4515060058594,878.932643044697,2.595529671327242
Grandval,2020-03-28,0.9599072690227004,589.1962375831604,678.388088030946,0.15137885267842863
Grandval,2020-04-03,1.9975797832638105,598.7345619857788,678.636588307175,0.13345150154083477
Grandval,2020-04-09,0.5560395027369559,589.7111592880249,688.7893288187634,0.16801135262618802
Grandval,2020-04-15,1.6740785733894143,585.5841054985046,693.046390020719,0.18351298048080084
Grandval,2020-04-21,0.5977259436218747,580.6028346488953,708.4829905908084,0.22025410196153344
Grandval,2020-04-27,1.5421297575040167,534.6826239639282,653.1333173866451,0.22153458540427157
Grandval,2020-05-03,3.767593962807312,576.0697363899232,680.0803431850927,0.18055211066454654
Grandval,2020-05-09,1.4809978794981908,555.8493604827881,836.0903806304569,0.5041672080080525
Grandval,2020-05-15,2.9515481435116384,601.8695876327515,710.8883968549691,0.18113360678516058
Grandval,2020-05-21,2.1234144508162345,591.4335603157043,854.3077706706927,0.44446955329127313
Grandval,2020-05-27,2.4916504136804805,598.6371046264649,829.9323389194863,0.386369692933324
Grandval,2020-06-02,1.481651855883943,594.630742010498,730.2842252054043,0.22813062563205205
Grandval,2020-06-08,2.013415735577428,592.6105150741577,688.6784554225158,0.16210974646026388
Grandval,2020-06-14,1.354970354902577,607.56160884552,801.4485854202899,0.31912315352379017
Grandval,2020-06-20,1.253887664291687,596.0053767448426,817.2287903689514,0.37117687567241087
Grandval,2020-06-26,1.0404598775557166,705.0177672836304,820.420688880702,0.1636879621370516
Grandval,2020-07-02,1.4405524041624789,676.3690150108338,805.966812830278,0.19160812358822843
Grandval,2020-07-08,1.9583185466979152,631.7935994224548,821.2400804427411,0.29985501783092794
Grandval,2020-07-14,1.2890668144979365,693.0329767967224,822.8802379548493,0.18736086954807804
Grandval,2020-07-20,1.540931476088692,700.1482760009766,816.192188118295,0.16574190938542932
Grandval,2020-07-26,1.5335979452190551,692.8396922553686,832.3256489730862,0.20132500819006993
Grandval,2020-08-01,1.7873188017517367,595.1712598983764,856.0446794622594,0.43831656052818524
Grandval,2020-08-07,0.7929514246831241,592.0200784545898,722.3532894718993,0.22014998436798214
Grandval,2020-08-13,1.6364338518197226,600.9943309722901,724.10889889629,0.20485146294945067
Grandval,2020-08-19,0.4953725904456457,545.8445502113342,685.1330506120719,0.2551797949559256
Grandval,2020-08-25,1.0307691105157497,593.8553928558349,701.3566413656017,0.18102260214022162
Grandval,2020-08-31,3.1274699006687063,591.2227982460022,709.6448412041159,0.20030019699754445
Grandval,2020-09-06,1.0414960493855865,591.4838350120544,685.608662125621,0.15913338884679457
Grandval,2020-09-12,1.228336834504343,592.9564731956482,687.3584013032232,0.159205493784072
Grandval,2020-09-18,2.859449371694962,575.9939549354553,689.2818807684235,0.19668249095715423
Grandval,2020-09-24,2.753826199664245,572.5887125541688,707.8758800008405,0.23627285079230964
Grandval,2020-09-30,0.6479651741210075,534.940901461792,675.591549471995,0.262927451660282
Grandval,2020-10-06,5.56293217579972,571.6257724273681,691.6373005453072,0.20994772088095093
Grandval,2020-10-12,4.85633415536787,548.4983078475952,690.5888672284385,0.25905377892309617
Grandval,2020-10-18,1.4120425681375903,540.539094758606,828.1228547653584,0.5320313790350013
Grandval,2020-10-24,2.060006204997469,597.419076210022,677.7384767326953,0.13444398366421945
Grandval,2020-10-30,1.1383515885182005,548.979144078064,665.0349896257228,0.21140301375666803
Grandval,2020-11-05,2.1307478627337915,568.9485848274231,679.2323148000769,0.19383777886732187
Grandval,2020-11-11,0.3488944837244273,583.9921171287536,695.9627681082303,0.19173315477268732
Grandval,2020-11-17,1.436627807187555,567.5097686378479,662.1998265581617,0.16685185551535345
Grandval,2020-11-23,0.9660660086401606,559.5048923164368,673.8177219735506,0.2043106883012963
Grandval,2020-11-29,1.6930357048728757,584.5419154418945,656.3300728431253,0.12281096616820254
Grandval,2020-12-05,2.2877063040994754,545.7570802238464,648.7603236072374,0.18873459844285198
Grandval,2020-12-11,3.244796197222019,513.7406653076172,621.8741747280912,0.21048267486422548
Grandval,2020-12-17,1.7690401769925186,14.626271865081788,828.1565318183773,55.62116357863463
Grandval,2020-12-23,2.156963777668888,507.3220375656128,610.8923065179592,0.20415093625604927
Grandval,2020-12-29,4.850209814801027,515.4970528785706,643.0905650724673,0.247515502719959
Grandval,2021-01-04,1.1424082045387565,513.1535509727478,735.9684419803333,0.43420705281140815
Grandval,2021-01-10,3.325253275043054,571.6955800369262,663.9352770124548,0.1613440792555554
Grandval,2021-01-16,2.181566366518826,519.8199855445862,692.2883112152758,0.33178471483739563
Grandval,2021-01-22,3.908207904265281,525.1436754226685,656.1653360521083,0.24949678871022365
Grandval,2021-01-28,6.242800031553583,432.0503648513794,663.0349964022647,0.5346243177698542
Grandval,2021-02-03,3.38840472421432,397.4623739189148,647.7470629358987,0.6297066224136321
Grandval,2021-02-09,3.4417534243694026,564.6256066986084,690.9853173085052,0.22379380090238507
Grandval,2021-02-15,2.623028996215409,550.2032413330078,690.8748490816841,0.25567208111654066
Grandval,2021-02-21,7.086661080226658,609.1689003944397,785.6198825999691,0.28965855297484255
Grandval,2021-02-27,5.155042511011997,75.07913769989014,938.8071885671966,11.504235095504704
Grandval,2021-03-05,1.4901328176326811,518.0887511062622,866.2771964662348,0.6720633185269791
Grandval,2021-03-11,3.381745020096583,575.4644797363281,656.390388337935,0.1406271133166833
Grandval,2021-03-17,5.759411347830992,542.0537377754212,637.6828924299053,0.1764200631600559
Grandval,2021-03-23,2.4702570383750966,203.20458984451292,898.2231402313864,3.420289624947371
Grandval,2021-03-29,1.2118031902016526,481.67375099258425,630.4660481628362,0.30890680022242417
Grandval,2021-04-04,3.658946621709197,513.0026146484375,635.0185155727492,0.23784654783471137
Grandval,2021-04-10,4.519013194855318,357.730940070343,682.8768222844678,0.9089118267214717
Grandval,2021-04-16,3.07725716371126,434.79864479904177,652.7158746472944,0.5011911431991034
Grandval,2021-04-22,1.454996484702248,472.680258013916,658.0272976791412,0.3921192741241341
Grandval,2021-04-28,1.1432198864474936,408.2922425384522,652.8854691948592,0.5990641045142358
Grandval,2021-05-04,2.8317405876158697,434.2898013084412,614.3074125777719,0.41451033555696737
Grandval,2021-05-10,2.1802250069488034,452.9069456489563,640.7000483055114,0.414639484911127
Grandval,2021-05-16,1.7045287187533549,388.3351172836304,639.9090094015082,0.6478267890826224
Grandval,2021-05-22,2.4625204669002505,284.1539308036804,694.1713474681837,1.4429412097338925
Grandval,2021-05-28,1.71953924646258,469.86053045883176,691.7836246724056,0.4723169532815617
Grandval,2021-06-09,1.5722245532466184,524.4064325378419,665.3005020395975,0.26867341962207636
Grandval,2021-06-15,0.9410825751446816,524.4064325378419,665.3005020395974,0.26867341962207614
Grandval,2021-06-21,2.302669766053412,514.2161571006775,676.5811245826931,0.31575236452600697
Grandval,2021-06-27,1.7158461557161877,368.4394297676087,643.872324634486,0.7475662825789442
Grandval,2021-07-03,0.6160085544973101,482.2126299621582,641.3065023876984,0.3299247314157349
Grandval,2021-07-09,0.8471196117525971,499.3192442268372,606.2529098283236,0.21415891103309284
Grandval,2021-07-15,2.9307155373288363,521.0360959701538,666.3320184392531,0.27885960990584074
Grandval,2021-07-21,1.4555697802111975,480.6109058959961,642.1049401751229,0.3360182473971451
Grandval,2021-07-27,0.3463078419859166,518.2342633354187,638.3899373033499,0.2318559046918177
Grandval,2021-08-02,1.0359766998956903,525.226675339508,633.4022654887659,0.20595981740518587
Grandval,2021-08-08,2.285600430499344,502.56593787078856,652.0075281174304,0.2973571803926429
Grandval,2021-08-14,0.7404925551645604,499.0408925949097,654.0790669028547,0.310672284793694
Grandval,2021-08-20,0.4576799490439498,497.6289470489502,634.2936076121309,0.2746316535113812
Grandval,2021-08-26,0.1777187628393182,518.0870576271058,652.7641612022667,0.25995071985005086
Grandval,2021-09-01,2.1825257938695377,514.5052785011292,662.0716081595655,0.28681208108948963
Grandval,2021-09-07,1.5803793014473484,500.3363700164795,681.3389779889152,0.36176184426983393
Grandval,2021-09-13,0.5632416034007017,515.1546292022705,648.9398470317703,0.25969914710204495
Grandval,2021-09-19,3.391215484325819,503.61658676376345,650.3988935220967,0.29145645837750367
Grandval,2021-09-25,2.062770355817702,484.7992867111206,651.5895684725112,0.3440398662566034
Grandval,2021-10-01,0.7626259896309309,518.5252251808166,627.9017383595157,0.21093768994663278
Grandval,2021-10-07,2.88986546331998,531.3630942855835,669.0884116388025,0.25919247842831533
Grandval,2021-10-13,3.867433470104975,503.7137923538208,646.289114596082,0.28304827941283134
Grandval,2021-10-19,1.4081716897148282,487.881355191803,714.5227879071343,0.46454210701745463
Grandval,2021-10-25,0.3597106646817625,524.6026082801819,678.7684926377658,0.29387174582106984
Grandval,2021-10-31,3.307435399819005,511.6361397300721,655.4837088616314,0.281152088293548
Grandval,2021-11-06,3.500572308739557,448.0733091331482,644.6369210568116,0.4386862772610567
Grandval,2021-11-12,2.553014343989858,359.14951313934324,693.4393350737957,0.9307817766823878
Grandval,2021-11-18,3.5098953923195566,509.6127424209595,632.7695789746333,0.24166749828233614
Grandval,2021-11-24,1.9001496757127585,442.19327993545534,690.8965792283094,0.5624312050358522
Grandval,2021-11-30,1.7963558715077106,499.17327048950193,644.3021498074638,0.29073848280306525
Grandval,2021-12-06,3.783951190138007,508.4744883453369,644.9717347659155,0.2684446310468082
Grandval,2021-12-12,1.5570044871996729,468.717550643158,629.6036811895362,0.343247506575369
Grandval,2021-12-18,2.8440636385370706,522.3829205352783,613.9911561238038,0.17536606191997198
Grandval,2021-12-30,2.2992976290459475,500.14423462524417,633.0020646352011,0.2656390313276464
Deer_Creek,2017-02-17,1.4545442203569032,828.286362071228,872.9157455696106,0.05388158678211427
Deer_Creek,2017-03-01,0.4717190586344545,881.7855543548584,950.022352349396,0.07738479912438773
Deer_Creek,2017-03-13,0.2168191958723538,917.7983176956176,948.8033715041606,0.033781990237669715
Deer_Creek,2017-03-25,1.5221739085100447,902.9066250167848,945.6793628349304,0.047372271542863574
Deer_Creek,2017-04-06,2.159011090221967,926.1525281112672,948.415150037384,0.024037748913256985
Deer_Creek,2017-04-18,1.4401526864259495,923.541329624176,940.891177392578,0.01878621693678
Deer_Creek,2017-04-30,1.072232113617333,917.5032583244324,937.2649780136107,0.021538582571649593
Deer_Creek,2017-05-12,2.500431485785522,922.0864911254882,942.1975906517029,0.0218104263751519
Deer_Creek,2017-05-24,1.500388244462217,885.5663134880066,909.5684861712168,0.027103755323158302
Deer_Creek,2017-06-05,0.4675375783506387,871.1747376113891,917.8016789245604,0.05352191621283043
Deer_Creek,2017-06-29,0.7855235567536382,890.2185690101624,932.2314785095216,0.047193926257990286
Deer_Creek,2017-07-11,1.6509028424261505,865.0400990348816,910.0920412132264,0.05208075582693669
Deer_Creek,2017-07-23,1.8721851277539296,860.7029807807922,906.0881482666016,0.052730347749740454
Deer_Creek,2017-08-04,1.932690756115525,842.1536253952027,893.7290028839111,0.061242243616187436
Deer_Creek,2017-08-16,1.439859240529462,846.6749875816345,886.4513984653788,0.04697955114672523
Deer_Creek,2017-08-28,1.424729273945018,825.5759859016418,871.2875877464295,0.05536934531212694
Deer_Creek,2017-09-09,1.782996887101186,797.4029430343628,846.492249754896,0.06156148174439047
Deer_Creek,2017-09-21,0.441589979853681,581.8935767860413,854.7577935329871,0.4689246068912637
Deer_Creek,2017-10-03,1.4022873897942232,780.3122517997741,855.8008102232661,0.09674147528682166
Deer_Creek,2017-10-15,1.7429614249078118,795.3668194740295,861.3542068745991,0.0829647224210416
Deer_Creek,2017-10-27,0.401562554697801,835.0061406898499,867.5516958111003,0.03897642608276219
Deer_Creek,2017-11-08,2.591546956991715,834.8429385421753,892.2569801403988,0.06877226715061094
Deer_Creek,2017-11-20,1.3496403595848585,856.1662809204101,896.5218930986111,0.047135250567001116
Deer_Creek,2017-12-02,1.5385685765969983,882.1959303504943,899.4565860336304,0.01956555804590761
Deer_Creek,2017-12-14,1.8878952274951009,776.7753254989624,916.5301927880978,0.17991671813128685
Deer_Creek,2017-12-26,0.5663709361975213,892.9307924873352,909.1496118637084,0.018163579431720867
Deer_Creek,2018-01-07,0.3081889587354042,747.9246081733704,911.0887783685424,0.21815590557136774
Deer_Creek,2018-01-19,2.3771953773258514,158.68329442214966,915.0505843201312,4.766521218583956
Deer_Creek,2018-01-31,0.970618874759882,846.2023766967774,931.0310573242188,0.10024632754941827
Deer_Creek,2018-02-12,2.2195023113103094,891.615834085083,940.4859443940106,0.05481072502382704
Deer_Creek,2018-02-24,0.4870032236952939,901.6150033233642,943.0932225784302,0.046004357849166996
Deer_Creek,2018-03-08,1.4765699061704478,933.0833168823242,961.6451609791984,0.03061017551177189
Deer_Creek,2018-03-20,1.4127045489460794,941.8519001480104,959.218291967268,0.018438558988444487
Deer_Creek,2018-04-01,0.3258402729685283,936.6432063919068,953.4853058450468,0.0179813394665172
Deer_Creek,2018-04-13,2.722288415658828,906.8656820632934,963.394336097804,0.06233409770882164
Deer_Creek,2018-04-25,2.191217743808607,924.1457738967896,946.6251753310112,0.02432451899815984
Deer_Creek,2018-05-07,1.7158217280252177,932.722611857605,944.9404970733642,0.013099162666836344
Deer_Creek,2018-05-19,1.5019173349432038,914.2807352027892,929.175251726532,0.016290966166359385
Deer_Creek,2018-05-31,2.286086577832932,895.8042225227356,912.1518013809203,0.01824905313813684
Deer_Creek,2018-06-12,0.7691155026932346,885.9393169044495,909.4567512496948,0.026545197731394635
Deer_Creek,2018-06-24,0.7373648660244813,876.8591809265137,894.468536314392,0.02008230713770011
Deer_Creek,2018-07-06,2.079857592298177,844.9808946998596,879.1662750900268,0.040456986192936334
Deer_Creek,2018-07-18,1.2608072650493465,834.2908677299499,857.2068399024963,0.027467605194935466
Deer_Creek,2018-07-30,1.679491111588251,792.1546440956116,817.474502596283,0.03196327723304399
Deer_Creek,2018-11-15,0.9304836441704248,705.0153091125488,720.1356762354324,0.021446863532533167
Deer_Creek,2019-05-26,2.281721334411302,924.038290033722,946.03493175354,0.02380490284554692
Deer_Creek,2019-06-07,2.0411296308739897,909.9191960861206,947.0801437820436,0.04083983265301491
Deer_Creek,2019-06-19,0.4315430177028172,925.4331488426208,932.6405336891174,0.007788120466087124
Deer_Creek,2019-07-01,1.693310804107332,904.7488425430298,916.3658546340074,0.012840040843075289
Deer_Creek,2019-07-13,1.4596991936618924,859.1293330078125,919.6381589324952,0.0704304038983761
Deer_Creek,2019-07-25,1.537734608301348,889.3754664421082,913.5378949028016,0.027167860338394183
Deer_Creek,2019-08-06,1.824879792972254,885.5437511070252,903.7307957649232,0.02053771441011497
Deer_Creek,2019-08-18,1.2865950015429084,870.6376199005127,896.5650839897156,0.029779857309824957
Deer_Creek,2019-08-30,1.78028007949105,842.2141765014649,875.2337787284852,0.03920570699033213
Deer_Creek,2019-09-11,1.1809542420632728,790.452088343811,877.755866533999,0.11044790630272168
Deer_Creek,2019-09-23,1.9095116326302863,830.8036645530701,849.2440547451423,0.02219584599689046
Deer_Creek,2019-10-05,0.7758025573161992,821.1219932373047,842.0747905493644,0.0255172769510807
Deer_Creek,2019-10-17,2.3954622665599663,822.7757613647461,845.1595440917969,0.027205204355950575
Deer_Creek,2019-10-29,1.4341354478932726,813.4474073997497,859.3943848592153,0.05648426320066438
Deer_Creek,2019-11-10,0.503254290611043,853.30520651474,866.5055333862305,0.01546964294921648
Deer_Creek,2019-11-22,0.9665878811582302,859.648808493805,886.5472207603455,0.03129000121999744
Deer_Creek,2019-12-04,1.93933185119722,878.3840325439453,902.3529991544358,0.027287570951252848
Deer_Creek,2019-12-16,1.36697942397119,865.0411305473327,924.8082295124908,0.06909162680778193
Deer_Creek,2019-12-28,1.5824247307325177,886.7326421081543,922.0784014022828,0.03986067233309019
Deer_Creek,2020-01-09,1.8919058439184564,903.0800821853636,920.0137313665144,0.018750993976274048
Deer_Creek,2020-01-21,2.4844029301618726,872.4282587471008,905.0847953235552,0.037431773041548023
Deer_Creek,2020-02-02,2.1089168699293537,864.1585336730957,921.347596553273,0.0661789019626941
Deer_Creek,2020-02-14,2.0915132721637906,838.664396736145,894.5985938538764,0.06669437421620873
Deer_Creek,2020-02-26,0.441193660834124,821.2001445594788,879.9292959200959,0.07151624576505838
Deer_Creek,2020-03-09,1.954463476005636,912.222657093048,938.4782328994752,0.028781981682076373
Deer_Creek,2020-03-21,1.018806397577916,924.5348554206848,942.005651513672,0.01889684957852403
Deer_Creek,2020-04-02,2.082018111831766,893.2426820915222,955.051993266024,0.06919654917270161
Deer_Creek,2020-04-14,0.5877239316891825,915.5301532470704,938.08628098196,0.02463723084913239
Deer_Creek,2020-04-26,1.7977026728380017,872.8747402320862,912.7083033241272,0.045634913299759106
Deer_Creek,2020-05-08,2.137477923829779,874.8115520103455,886.7417399368286,0.013637437570488324
Deer_Creek,2020-05-20,1.7295118592622256,872.3202919914246,899.3041299667358,0.030933406253464128
Deer_Creek,2020-06-01,1.7317584172780036,935.3125633209228,952.5866913627624,0.01846882926548753
Deer_Creek,2020-06-13,2.336095716744649,858.738672718811,932.3229104057312,0.08568874329829439
Deer_Creek,2020-06-25,0.6561908868889865,917.6448735145568,948.9006905395509,0.03406090735873131
Deer_Creek,2020-07-07,2.3252729977975166,887.1812388893128,942.4660371559144,0.06231511200103168
Deer_Creek,2020-07-19,1.3800345369036404,877.9547751487731,903.5973981796354,0.02920722542515592
Deer_Creek,2020-07-31,2.2767068702271054,846.1533481605529,879.1600146430969,0.039007901527893234
Deer_Creek,2020-08-12,1.4568661953105644,818.65306332016,847.2029847427368,0.03487426200640932
Deer_Creek,2020-08-24,1.4559410987341146,764.6696413635254,796.7231805839539,0.041918153260631565
Deer_Creek,2020-09-17,1.7775255054075498,657.3414061103821,705.6651881782532,0.07351397860939932
Deer_Creek,2020-09-29,1.0036252634001062,643.7391186393738,687.7043587669373,0.06829667306919252
Deer_Creek,2020-10-11,2.5865002831447046,162.68098785934447,658.4535056608344,3.047513568273507
Deer_Creek,2020-10-23,0.8602284209390305,625.7404141036988,715.8308840527344,0.1439741910838217
Deer_Creek,2020-11-04,1.1253621213071583,670.4870265403747,690.4476168746949,0.029770285694138175
Deer_Creek,2020-11-16,1.2169542478301,685.0273404403687,718.9359886619568,0.04949970055179112
Deer_Creek,2020-11-28,1.4061728892702825,704.7811318756103,750.8912205632319,0.06542469229406062
Deer_Creek,2020-12-10,0.6067680722623023,744.2631186393738,797.7067728278156,0.07180747352649275
Deer_Creek,2020-12-22,2.248234310512413,740.3265031105042,826.069882818038,0.11581833062477216
Deer_Creek,2021-01-03,1.842678541309721,765.1245498313904,788.817078799226,0.030965584587576936
Deer_Creek,2021-01-15,0.4949432894789417,702.5224811836242,761.5191334599664,0.08397831223414146
Deer_Creek,2021-01-27,2.268033320784971,113.92823743133545,919.5407980162136,7.071228158606604
Deer_Creek,2021-02-08,2.293534750309445,463.5849980690002,833.3414937116916,0.7976023753634421
Deer_Creek,2021-02-20,0.4001555303889922,411.8674096328736,850.9562425955709,1.0660926858818183
Deer_Creek,2021-03-04,0.8032042633291784,216.94493701324464,754.5449482098838,2.4780482024515664
Deer_Creek,2021-03-16,1.624838464071887,833.9472056442261,861.0389181732178,0.032486124236201855
Deer_Creek,2021-03-28,1.3787043593726709,859.2128821174622,875.4064290772471,0.018846955506390033
Deer_Creek,2021-04-09,0.8458901189197805,839.1561477653504,879.9510360946655,0.04861418037388005
Deer_Creek,2021-04-21,2.1995868349218632,809.9991958747863,896.7784106712342,0.1071349394399431
Deer_Creek,2021-05-03,1.496954745497605,875.9337889167786,892.9885884544373,0.019470420885064253
Deer_Creek,2021-05-15,2.142155277792399,843.4405898780823,865.0642062423706,0.02563739120904052
Deer_Creek,2021-05-27,1.5142495183633238,824.4849599815369,841.4030597167969,0.02051959775668776
Deer_Creek,2021-06-08,2.0206273910996724,781.5927164718628,808.9028647445679,0.034941661682805915
Deer_Creek,2021-06-20,0.1676937983946438,744.602009148407,781.6404305679322,0.049742575180378085
Deer_Creek,2021-07-02,1.0803663383767623,711.853121244812,762.0636892173767,0.07053501133037374
Deer_Creek,2021-07-14,2.70970052905794,672.2743614593505,725.3196459656659,0.07890422057917913
Deer_Creek,2021-07-26,1.825402300049212,659.3356109367371,699.0053509658813,0.06016623305509662
Deer_Creek,2021-08-07,0.2502163932554225,663.1977664672852,699.2695023194257,0.05439061721255036
Deer_Creek,2021-08-19,2.622593821540263,551.9751201965332,718.027576967555,0.30083322725107253
Deer_Creek,2021-08-31,1.7523356685119753,686.3740027748108,706.9804110473633,0.0300221281535238
Deer_Creek,2021-09-12,1.4813585543204,674.7077219856262,694.0515695655823,0.028669966193699797
Deer_Creek,2021-09-24,1.267396028661068,648.5050611579895,683.4535051712036,0.05389078066840232
Deer_Creek,2021-10-06,1.2144903674781815,640.5798447486877,670.6758882614135,0.04698250149367891
Deer_Creek,2021-10-18,2.309236041989938,657.4352575080871,683.9487642021179,0.04032869608260188
Deer_Creek,2021-10-30,1.2987401784997676,655.6032420646668,698.1341999954224,0.06487301343540401
Deer_Creek,2021-11-11,0.2711231764521556,669.3919437423706,709.317286920929,0.05964419433455934
Deer_Creek,2021-11-23,1.7356191127486942,691.449125478363,715.0185578194562,0.034087008678747234
Deer_Creek,2021-12-05,0.9002269891323561,717.4258640151977,728.4732432098389,0.015398635244083064
Deer_Creek,2021-12-17,1.5494556333718523,700.1179827438355,757.2335752697934,0.08157995357027678
Deer_Creek,2021-12-29,0.8755968119804272,728.1272447265625,772.3643403404236,0.06075462212717191
East_Canyon,2015-03-24,2.823613642624046,98.97104733428957,179.45878882446289,0.8132453243453501
East_Canyon,2016-05-05,0.4341152202069194,167.100576486969,189.4939292655945,0.13401122395512371
East_Canyon,2016-07-28,2.702237722253544,158.27279542388916,173.5244831893921,0.09636329303880417
East_Canyon,2016-10-26,1.2925968447722755,132.17788926239012,143.14030143585205,0.08293680762067647
East_Canyon,2016-11-19,1.2774569139144498,138.23281142730713,146.8398219520569,0.06226459865699802
East_Canyon,2016-12-13,2.1303605094764517,136.6099395904541,159.87161941833497,0.1702780917524564
East_Canyon,2017-01-06,2.1122566958361557,107.8577635154724,217.06356580210067,1.0124983007918804
East_Canyon,2017-01-30,0.1392536762880066,15.2366188911438,235.4655731559874,14.453925496085649
East_Canyon,2017-02-23,2.0788688557253137,8.118884188079834,246.53921931663683,29.36614559407145
East_Canyon,2017-03-07,3.0436896913470988,12.887086347198489,243.5027497002337,17.89509724230012
East_Canyon,2017-03-19,1.885015887749237,176.9456023338318,191.17050417251588,0.08039138385506114
East_Canyon,2017-03-31,1.21350307142447,20.77617456817627,215.2471567811913,9.360288227020115
East_Canyon,2017-04-12,0.4232915500001178,179.75676515274048,215.13662203445435,0.19682072522639896
East_Canyon,2017-04-24,2.175864421984004,190.68198723831176,220.71607307206696,0.15750877295095003
East_Canyon,2017-05-06,0.5112236767867491,215.52278650741576,229.70224533615112,0.06579099620284222
East_Canyon,2017-05-18,2.287336042189432,223.76711416397092,244.0395164983981,0.09059598596589159
East_Canyon,2017-05-30,0.7383758958950019,230.00480471343997,249.22530151600557,0.08356563171152957
East_Canyon,2017-06-11,3.1262956223830702,178.3377710861206,254.4042485382109,0.4265303810226341
East_Canyon,2017-06-23,2.9728057214299866,221.170828037262,247.21071864264988,0.11773655158989042
East_Canyon,2017-07-05,1.287198164423836,218.36897077789305,243.9050776496887,0.11694018056149964
East_Canyon,2017-07-17,0.6659618713750238,158.1118940727234,244.8202325664685,0.548398581917333
East_Canyon,2017-08-10,0.9702469572509954,198.58746400375367,226.17620748138427,0.1389248994947089
East_Canyon,2017-08-22,1.928649828426835,190.8176076141357,216.23202797546384,0.13318697723493225
East_Canyon,2017-09-15,1.3211142630095285,179.40031922912598,201.65084504165648,0.12402723645163995
East_Canyon,2017-10-09,2.1279180263223143,178.85570185775757,199.24608191649796,0.11400464087500374
East_Canyon,2017-10-21,1.3842522067670624,180.5028092376709,199.2649276939392,0.10394363686364526
East_Canyon,2017-11-02,2.4481701814196715,186.83750513763428,196.6527529220581,0.05253360548351043
East_Canyon,2017-11-14,1.513241235756062,190.77137989501952,199.34078310165404,0.04491975269744453
East_Canyon,2017-11-26,1.2619354988314948,192.2590757263184,204.9134151184082,0.06581920434332741
East_Canyon,2017-12-20,2.306681168626004,199.18992909851076,209.0959383605957,0.04973147642010488
East_Canyon,2018-01-13,1.366049866647958,147.71277463531493,202.57460983581544,0.37140887330799777
East_Canyon,2018-01-25,2.082673463638496,135.58906946105958,179.12500827407837,0.3210873781055195
East_Canyon,2018-02-06,1.417235595907296,42.593000595092775,231.16577816526237,4.427318454570102
East_Canyon,2018-03-26,1.9613979990909625,189.5136167236328,229.7752287565673,0.21244706701813357
East_Canyon,2018-05-25,1.632738164454408,232.59448756866456,245.68406746830652,0.05627639776191071
East_Canyon,2018-07-12,1.71686161827355,159.25190657043456,227.58153942798097,0.42906634105083896
East_Canyon,2018-07-24,2.276934983844028,173.22481525192262,214.02288766711067,0.23552094632547302
East_Canyon,2018-08-17,0.5358412637967647,110.87685603408814,187.8938019104004,0.6946169708548922
East_Canyon,2018-08-29,1.7464154877557987,149.68952426834107,181.56167764241837,0.21292173603906744
East_Canyon,2018-09-10,1.35059453373079,157.41174458084106,165.97360447769165,0.05439149359311958
East_Canyon,2018-09-22,1.857501749165792,149.94412491989135,158.02266707000732,0.05387701688500286
East_Canyon,2018-10-04,0.5478927100908472,146.11597238922118,155.5687198020935,0.0646934572470439
East_Canyon,2018-10-16,1.2481114095828074,139.38939701309204,164.5156682609558,0.18025955909332045
East_Canyon,2018-10-28,1.0295726439223312,149.71006567382813,158.0906778793335,0.055978949496716744
East_Canyon,2018-11-09,1.836583225755948,152.752458682251,158.88322769470216,0.04013532132536162
East_Canyon,2018-11-21,0.9073102611011076,156.13534853897096,161.96401491546632,0.03733085704830347
East_Canyon,2018-12-15,1.4142759874099045,156.30914871063231,168.63839792480468,0.0788773358173482
East_Canyon,2018-12-27,1.5412131060833845,154.33101614761352,170.7227786178589,0.10621171867725591
East_Canyon,2019-01-08,1.0490495219212526,29.06458973770141,246.0492015127563,7.465600365712068
East_Canyon,2019-02-25,2.5766637443308498,20.518570819854737,245.5716898758655,10.968264848068207
East_Canyon,2019-03-09,2.683256008913089,84.85082662778667,294.12203018470035,2.4663425434252897
East_Canyon,2019-03-21,2.4866331547469698,5.9644274269104,282.7755067044636,46.41033572286126
East_Canyon,2019-04-02,0.4288242324197427,195.9947172247075,235.5469385445149,0.20180248671937853
East_Canyon,2019-04-14,1.244119790946051,50.34823492889405,209.0201042907146,3.151488221700525
East_Canyon,2019-04-26,1.0433924576478977,207.04375775527956,218.75396356887816,0.05655908654555898
East_Canyon,2019-05-08,0.943588129918804,209.6865653503418,225.4438733543396,0.07514696031035976
East_Canyon,2019-05-20,2.2344198809342912,220.76313165283204,239.72938219833372,0.08591221914412615
East_Canyon,2019-06-01,1.2295598708659918,234.7089433494568,244.24971232075407,0.04064936271768763
East_Canyon,2019-06-13,1.2244403907170294,238.89162087249755,243.4822471611023,0.01921635539931671
East_Canyon,2019-06-25,1.891771343452372,235.16215199890135,244.61312822951075,0.040189189247824
East_Canyon,2019-07-07,1.374572118604291,225.61830688934327,243.51979243625416,0.07934411792076275
East_Canyon,2019-07-19,2.2824770512244235,225.0290381126404,236.68666702880856,0.05180499820797718
East_Canyon,2019-07-31,2.438233792231867,214.85806146011356,233.3262842645084,0.0859554567275256
East_Canyon,2019-08-12,3.311824297771885,213.67376004562377,226.56188923034668,0.06031685491925182
East_Canyon,2019-08-24,2.7932840588398262,202.0378097366333,217.1987297050476,0.07504001349142195
East_Canyon,2019-09-05,0.3496340526775769,202.1050399673462,207.51866925354005,0.02678621615308821
East_Canyon,2019-09-17,3.0068731871281447,195.36979380493165,204.573303553772,0.047108151007364374
East_Canyon,2019-09-29,1.0328445629954532,161.07752283325195,217.246119810058,0.3487053686252177
East_Canyon,2019-10-11,1.98695875171366,194.74302329788208,203.6411405716212,0.04569158434049998
East_Canyon,2019-10-23,2.5005211696105,191.91114905929567,201.62093983688357,0.05059524068915777
East_Canyon,2019-11-04,1.0939172513980793,194.8036385482788,206.4534560722351,0.059802874375311475
East_Canyon,2019-11-16,1.0733942040863322,197.2725143600464,205.60798254776,0.04225357097897769
East_Canyon,2019-11-28,1.6044051062575386,205.17802085876465,207.1335559753418,0.00953091909353807
East_Canyon,2019-12-10,1.974417603589159,203.0789228942871,218.881924243927,0.07781704336626874
East_Canyon,2019-12-22,2.25997853601989,200.30079463119503,216.48075187911988,0.08077829784807536
East_Canyon,2020-01-03,1.7008942858075278,83.82753195648193,256.9904512658663,2.0657046112162742
East_Canyon,2020-01-15,1.5139584118479803,55.326972172546384,270.78954555436985,3.894349625890741
East_Canyon,2020-01-27,0.9254592849653176,78.69912973301906,281.59952306611905,2.578178361329083
East_Canyon,2020-03-15,2.896782268730846,17.15207026901245,275.55513700474177,15.065415584413133
East_Canyon,2020-03-27,1.5032498734312802,213.74868307800293,232.81889239133648,0.0892179031876154
East_Canyon,2020-04-08,1.7495782161313382,219.57734167938236,230.3366277229309,0.048999983155178194
East_Canyon,2020-04-20,1.1451907017644165,223.2700306373596,231.5601742591858,0.03713057053900456
East_Canyon,2020-05-02,0.5261886108849674,220.02410858078,230.827043994736,0.04909887140840199
East_Canyon,2020-05-14,2.3643001612939853,229.74833694610595,238.88905211152024,0.03978577293274819
East_Canyon,2020-05-26,2.4473483900966597,233.4481451904297,243.7908478071056,0.044304068504117194
East_Canyon,2020-06-07,4.881636362934655,201.2390656738281,247.58615396720435,0.23030860403862366
East_Canyon,2020-06-19,1.7282705431248355,203.6998225982666,251.9029041900245,0.23663781822148766
East_Canyon,2020-07-01,1.817494611662928,222.26622099761963,237.1024064842224,0.06674961863306103
East_Canyon,2020-07-13,2.087672880135003,215.2511331672669,224.7873299255371,0.04430265531220156
East_Canyon,2020-07-25,1.8118851627623864,205.8882854675293,219.82657369384765,0.06769830636389733
East_Canyon,2020-08-06,1.2562540043232715,185.77467535171508,206.5376843902588,0.1117644748899949
East_Canyon,2020-08-18,1.5492283649977443,181.4844774002075,197.8988029182434,0.09044479039295031
East_Canyon,2020-08-30,2.9275045375427333,168.26302053298951,190.0739594252074,0.12962407796513817
East_Canyon,2020-09-11,1.74121332271141,157.73895501098633,190.55833600713396,0.20806135677684562
East_Canyon,2020-09-23,1.6853630316341246,164.58488141403197,171.39519568786622,0.041378735490911416
East_Canyon,2020-10-05,1.873669188459075,158.60511583251954,170.23993448104858,0.07335714606340266
East_Canyon,2020-10-17,1.6890917598634574,159.69951167678832,166.32105974502562,0.04146254424145317
East_Canyon,2020-10-29,0.4581352555331628,152.4516530357361,174.7169083152771,0.14604797544780854
East_Canyon,2020-11-10,1.834902280863432,163.46738514556884,173.96964516525267,0.06424682214333761
East_Canyon,2020-11-22,0.6228788537645975,163.73912053909302,174.286910256958,0.06441826292420254
East_Canyon,2020-12-04,0.330075462002996,168.88129615554809,174.7252749900818,0.03460406195101155
East_Canyon,2020-12-16,1.70724592230848,178.39455533218384,175.84250601501464,-0.014305645777232956
East_Canyon,2020-12-28,1.0035517409915995,138.0156759124756,189.6095012918569,0.3738258356398602
East_Canyon,2021-01-09,1.1967622491340104,140.5230729156494,202.1156257776268,0.4383091800088163
East_Canyon,2021-01-21,1.503425193146177,92.15166151046752,243.7275931590272,1.6448529431164096
East_Canyon,2021-02-02,1.575602968511446,78.94834029006958,241.57968675529935,2.0599716962724566
East_Canyon,2021-02-14,1.3331828104911123,154.05498235092162,223.1852748513973,0.44873779118031965
East_Canyon,2021-02-26,1.6704211171827312,108.74943185272215,245.19060664479585,1.254638047000136
East_Canyon,2021-03-10,1.0083484965582743,169.05011040420533,206.5505630597283,0.2218303943479122
East_Canyon,2021-03-22,1.439569247964688,30.14093728179932,253.8456961076116,7.421957609821806
East_Canyon,2021-04-03,0.2817578390124853,147.28952895584106,202.94740321945187,0.3778807268797609
East_Canyon,2021-04-15,1.051866421774943,206.27935348510744,213.2708593551636,0.033893386574730164
East_Canyon,2021-04-27,1.5571651872182506,185.2073233016968,203.08608690490723,0.09653378324617602
East_Canyon,2021-05-09,3.687189041375963,184.8753326148987,204.6673392257212,0.10705596214963897
East_Canyon,2021-05-21,2.454320510640496,97.09876929626463,213.2570606649033,1.1962900478606502
East_Canyon,2021-06-02,2.2394915658102343,192.2437923286438,199.3695271208251,0.03706613725139041
East_Canyon,2021-06-14,1.2469856702395503,179.4152013694763,193.94964695892332,0.081010112178375
East_Canyon,2021-06-26,0.7742382156944793,179.64150684738158,188.65653236846924,0.050183421856656876
East_Canyon,2021-07-08,1.287612483871602,164.2234522415161,178.38554044294168,0.08623669767091502
East_Canyon,2021-07-20,1.0650054407925684,156.7321461479187,165.36233406677246,0.05506329193443736
East_Canyon,2021-08-01,1.352869826125228,143.4962290161133,166.02606906051636,0.15700649556353974
East_Canyon,2021-08-13,2.141649413472945,140.42317221221924,156.1424191116333,0.11194197262299287
East_Canyon,2021-08-25,1.8377360441060857,132.68371887130738,155.9910375366211,0.17566072811028122
East_Canyon,2021-09-06,1.580822394980523,133.63478992614745,143.15566811065673,0.07124550567835627
East_Canyon,2021-09-18,1.7287434165580364,132.6380341972351,140.86011905212402,0.06198889258764597
East_Canyon,2021-09-30,0.9834273411964514,135.36386164550782,143.44242287521362,0.059680339578830954
East_Canyon,2021-10-24,1.0375134959036658,137.2442122932434,148.54677071228028,0.08235362519249419
East_Canyon,2021-11-17,2.2616349766627377,142.98257335586547,153.15994818344117,0.07117912755875158
East_Canyon,2021-11-29,1.2060507642149842,148.848871408844,153.19772172164917,0.029216548782961028
East_Canyon,2021-12-11,2.1322443731883656,148.04900118408204,161.68999154599956,0.09213834779578486
East_Canyon,2021-12-23,2.230922026340852,144.95353030319214,163.66763720667225,0.12910418162521978
Pineview,2015-03-24,3.2516749500090865,738.6001983543396,873.3982480110168,0.18250475691316909
Pineview,2016-05-05,0.5369889190191729,1008.2692473609924,1018.083763001766,0.009734022600076088
Pineview,2016-07-28,2.2372728380136784,935.6902495040894,952.4297053405762,0.01788995433623325
Pineview,2016-10-26,0.5680610535763082,789.7702745613099,785.6482468612671,-0.005219274303951716
Pineview,2016-11-19,1.2312771835311382,819.0579817817688,791.1072173942566,-0.0341255015019919
Pineview,2016-12-13,1.4493180528736118,809.3712988540649,833.927906326294,0.030340348745992285
Pineview,2017-01-06,2.2890124380227,62.68002496795654,939.665150666076,13.991461014038432
Pineview,2017-02-23,1.7076198922459005,721.7894357471781,1051.3453390278817,0.456581777121129
Pineview,2017-03-07,2.781576822807279,631.4684608428955,808.000047337057,0.27955725018874883
Pineview,2017-03-19,1.090585847820116,204.79022459259036,488.2122415641784,1.3839626258305433
Pineview,2017-03-31,1.3409306993805643,763.1650772583008,776.2472300354004,0.017141969892146725
Pineview,2017-04-12,0.788863502861121,853.4877157630921,860.1945397712708,0.007858137714591762
Pineview,2017-04-24,1.5519272964411654,905.5046163360596,920.1337195716858,0.016155746720342392
Pineview,2017-05-06,0.3845935140073453,929.3157157432556,939.814596420288,0.011297431539329461
Pineview,2017-05-18,2.065405729446451,968.7173158439635,1022.8987204453113,0.0559310788763427
Pineview,2017-05-30,1.2059548461327043,1002.6633021100243,1028.707898602331,0.025975416111767364
Pineview,2017-06-11,2.984751666168053,910.1631956321716,1036.8055383762496,0.13914245637686565
Pineview,2017-06-23,2.5976116172963977,993.8432439620972,1036.1940266509805,0.04261314140451961
Pineview,2017-07-05,1.304996524172658,988.054136782074,1013.542096295166,0.025796116391053156
Pineview,2017-07-17,0.6456387321227667,960.5469158348084,1008.6536478584288,0.05008264690726849
Pineview,2017-08-10,1.0588557375532877,947.0064976593018,978.2694810035706,0.03301242749816497
Pineview,2017-08-22,1.6183327066394986,928.2864758720398,966.2702388954162,0.04091814758767676
Pineview,2017-09-15,1.3464204044121264,923.4595734863282,933.7855391716004,0.011181827533920812
Pineview,2017-10-09,1.9761831026821703,894.4732413108826,908.6967630264282,0.015901562012856373
Pineview,2017-10-21,1.4052478727803082,874.4527213729858,899.3624629493713,0.028486093035738395
Pineview,2017-11-02,1.8517516555281397,878.4340306434632,890.0367140731812,0.013208371972131944
Pineview,2017-11-14,0.7017915575119503,862.694173324585,855.3723027687073,-0.00848721456835767
Pineview,2017-11-26,1.1785217394719787,845.8807415107727,850.6873511795044,0.00568237274222236
Pineview,2017-12-20,2.133678421084141,853.3525582328797,836.5690827476501,-0.019667692237291427
Pineview,2018-01-13,0.7658055043035126,894.0197223518371,931.5986221464448,0.0420336362331598
Pineview,2018-01-25,1.9397079336876768,851.4299789268493,907.022281047058,0.06529286435307069
Pineview,2018-02-06,0.6808144170251025,876.9067088653564,906.9313967323304,0.034239318234688156
Pineview,2018-03-26,1.7997659380174058,942.9063548286438,981.39396693573,0.04081806417995838
Pineview,2018-05-25,1.4888204173788928,1020.1295378859847,1017.4937593573898,-0.002583768463421919
Pineview,2018-07-12,0.6999391921542987,919.505822303772,953.036186971283,0.03646563605600938
Pineview,2018-07-24,2.0577870138596954,915.101362525177,937.9234384475708,0.0249393967236781
Pineview,2018-08-17,1.0769184586646907,825.867392502594,811.2013099380493,-0.01775839886365126
Pineview,2018-08-29,1.8042491043202116,778.942180380249,783.4256981101989,0.00575590569220581
Pineview,2018-09-10,1.111211818456638,743.4609014282227,727.8561786804199,-0.020989298452447645
Pineview,2018-09-22,1.4187550561470208,700.9512571304322,682.3123482933045,-0.02659087725076923
Pineview,2018-10-04,1.1011918145561954,698.0446730804443,692.6157612449646,-0.007777312892486074
Pineview,2018-10-16,1.0357890419862672,696.0755404037476,704.900383731079,0.012677996589583854
Pineview,2018-10-28,0.4905499955444648,716.1935179702759,695.941075453186,-0.028277891392379823
Pineview,2018-11-09,1.7350520835946317,728.7953063095093,694.6639864189148,-0.04683251880892255
Pineview,2018-11-21,0.9587085219630432,763.5685329010009,687.0419669891357,-0.10022226246165529
Pineview,2018-12-15,1.1529614001226285,743.0730060539246,705.5180484695435,-0.05054006440607499
Pineview,2018-12-27,1.4755628301984955,637.1008189300537,709.8017712768554,0.11411216276396507
Pineview,2019-01-08,0.2370102688456883,584.769623261261,1052.257792164551,0.7994398995900431
Pineview,2019-01-20,1.236891996677544,49.85857742538453,1005.8099437172236,19.17325795591462
Pineview,2019-02-25,2.870562700690233,699.3732840545654,827.886126613617,0.18375429186257702
Pineview,2019-03-09,2.0269483516517472,1050.2589240470743,1076.8772641210082,0.025344550248011865
Pineview,2019-03-21,2.7999681685423896,668.0809019503605,1048.9847773501633,0.5701463315113663
Pineview,2019-04-02,0.4021773358961343,411.4267174736023,425.4692040359497,0.034131197527900885
Pineview,2019-04-14,1.29756081171146,918.083566319275,914.5543731575012,-0.00384408706488751
Pineview,2019-04-26,0.8041735404000404,954.2847890777588,956.687974106598,0.0025183101065266527
Pineview,2019-05-08,1.0300233540235877,914.6176215576172,974.1174898719788,0.06505436470055301
Pineview,2019-05-20,2.2726136181472483,1015.6887359138487,1028.7471854352348,0.012856743468398223
Pineview,2019-06-01,1.000612146969602,1020.1710745651546,1033.0240389837857,0.012598832430246626
Pineview,2019-06-13,1.2946635249274367,1016.0484479911804,1030.3694722610471,0.014094824216483644
Pineview,2019-06-25,1.6838452021184818,1020.605993763691,1017.9477700194892,-0.002604554314245259
Pineview,2019-07-07,1.7005242485818524,1006.6025671096802,1012.2268045860292,0.00558734664515927
Pineview,2019-07-19,2.099825661648326,998.4473736579896,999.919168901062,0.0014740839446351678
Pineview,2019-07-31,2.1150799320175704,983.0537496139526,977.594255356598,-0.005553607073365641
Pineview,2019-08-12,3.0461167029451413,967.6816783531189,980.4180537330628,0.01316174075096658
Pineview,2019-08-24,2.4319343689078106,953.6919394187928,949.261472039032,-0.004645595916917195
Pineview,2019-09-05,0.8115283191490515,942.5252886734008,941.4741614646912,-0.0011152244097228567
Pineview,2019-09-17,2.959448905761417,932.1028217636108,942.6165843254088,0.011279616707848964
Pineview,2019-09-29,1.5538364408025902,902.1410340995787,934.2591954856872,0.035602151074045074
Pineview,2019-10-11,1.79121179677917,913.8178091285704,914.9440068077088,0.0012324094232879352
Pineview,2019-10-23,1.5919841849977554,894.159297379303,886.8455814216613,-0.0081794328807825
Pineview,2019-11-04,0.7683362590634225,888.3615532188416,863.4443805984497,-0.02804845901998832
Pineview,2019-11-16,0.6914340129557411,858.770755473564,835.3370324058533,-0.027287518721790128
Pineview,2019-11-28,1.5557166463657568,864.4762367927551,829.4742869506836,-0.0404891983751113
Pineview,2019-12-10,1.6106378296809312,876.393564868164,859.8809991218567,-0.018841495885232047
Pineview,2019-12-22,2.013255328344599,861.0052972625732,855.5606887664795,-0.006323548198139929
Pineview,2020-01-03,0.968021250456251,305.2736591056824,878.2448912348816,1.8769101592576087
Pineview,2020-01-15,1.537876179900557,438.6773762794495,990.9038690170232,1.258844250007072
Pineview,2020-01-27,0.8668120963274348,958.1832971222618,1107.8110384253005,0.156157743254782
Pineview,2020-02-08,0.5980260293354225,964.8080213652844,1031.6390112541649,0.06926869222574354
Pineview,2020-02-20,1.6018789670694913,137.21971030044557,914.6156810909316,5.665337502085965
Pineview,2020-03-03,1.4645963106368411,63.32502310333252,977.2834726883654,14.432816678071376
Pineview,2020-03-15,2.9550714178591018,723.2881527104665,931.6607422419588,0.2880906990535267
Pineview,2020-03-27,1.5091055561707307,847.7988798461914,865.9142830825806,0.021367571563288317
Pineview,2020-04-08,1.208093218326992,934.2358514419556,938.8018776855469,0.004887444895787094
Pineview,2020-04-20,1.4616794915444535,949.7884730415344,995.1592272848512,0.04776932499299003
Pineview,2020-05-02,1.263536037973635,1007.4813841239928,1003.4261718345642,-0.004025098977838297
Pineview,2020-05-14,2.4175122079703733,1013.6914240036012,1013.7364500335692,4.441788585932761e-05
Pineview,2020-05-26,2.251313975840691,1002.1785919494628,1023.9486155471592,0.021722698701185414
Pineview,2020-06-07,5.540227997033885,980.173039780426,1001.9585163581849,0.022226153641849898
Pineview,2020-06-19,1.4218018458226127,974.7633513671876,1008.764328653403,0.03488126347643884
Pineview,2020-07-01,1.5762662770031326,989.6703478134156,996.9620998962404,0.0073678595089114885
Pineview,2020-07-13,1.6034651345982074,962.605440258789,965.2266899230956,0.0027230779659855836
Pineview,2020-07-25,2.0465613685583497,935.4439468544008,945.7321273002624,0.01099817950659413
Pineview,2020-08-06,1.4853330362844657,901.3300254951477,903.8991740783692,0.002850397202523263
Pineview,2020-08-18,0.9481309002132748,848.9516122192383,852.6918397705078,0.004405701688335599
Pineview,2020-08-30,2.36775427541116,789.7329572402954,795.9666481872558,0.007893416236222365
Pineview,2020-09-11,1.1695417775595018,762.7377701705933,777.9528315879821,0.01994795854148646
Pineview,2020-09-23,2.068632007199624,748.5526032798767,729.5830632423401,-0.02534162589832591
Pineview,2020-10-05,1.281587867317177,720.2950505729675,696.954737576294,-0.03240382254203638
Pineview,2020-10-17,1.492905944385743,711.4342894927978,690.3406010360718,-0.02964952458471506
Pineview,2020-10-29,0.7600701475824886,684.2238759628295,721.4374143064161,0.05438795641444151
Pineview,2020-11-10,1.9076780112743377,724.1860309020996,712.4563145736695,-0.01619710382126354
Pineview,2020-11-22,0.7773936492363084,737.6879320045471,706.6957283882141,-0.04201262115284535
Pineview,2020-12-04,0.6489846167076484,772.7891315846553,702.3844315505982,-0.09110467158057413
Pineview,2020-12-16,0.9827208485683008,839.7559003444508,701.0187131217956,-0.16521132767956498
Pineview,2020-12-28,1.1756313956566322,858.8881684623718,824.165808986607,-0.040427101863478566
Pineview,2021-01-09,1.474060272923703,837.2133619651794,903.645940480278,0.07934963956996856
Pineview,2021-01-21,0.7760950651905529,692.5277233352662,933.7608982801518,0.34833720992870626
Pineview,2021-02-02,1.328270939007065,628.125524949646,871.9740688542804,0.3882162628627179
Pineview,2021-02-14,1.0460287563982853,908.477735285501,1015.3461244074412,0.11763457151578442
Pineview,2021-02-26,1.5749016051613574,686.816276197052,861.7108390904714,0.25464533814169676
Pineview,2021-03-10,1.257800473885648,971.9270814170148,1020.213362943068,0.04968097139103734
Pineview,2021-03-22,1.3824958685306197,450.7680744255066,774.4284065490723,0.7180196435518714
Pineview,2021-04-03,0.3113448572063889,687.7941146308899,702.4249646156311,0.02127213605570462
Pineview,2021-04-15,1.1737999814484907,913.2551143104552,839.3419845870972,-0.08093371563450309
Pineview,2021-04-27,1.5383827951291644,793.0635967849731,856.469764352417,0.07995092426948887
Pineview,2021-05-09,3.42975915347558,840.4656826171876,854.209106060028,0.016352153011225667
Pineview,2021-05-21,2.377297450614272,767.1118271400452,862.5927500354003,0.12446806256569935
Pineview,2021-06-02,2.119455295590667,810.8721990478516,796.3489065185547,-0.017910704728008365
Pineview,2021-06-14,1.7393232604250628,762.0303788848877,755.707413053894,-0.008297524621323285
Pineview,2021-06-26,0.9984777327256424,727.2260538970947,718.4102556716919,-0.012122500532207769
Pineview,2021-07-08,1.952220922281956,669.5768005279541,663.607062374115,-0.008915688460430572
Pineview,2021-07-20,1.3348379278450695,617.102190676117,607.9031173225403,-0.014906888182486984
Pineview,2021-08-01,1.4927023669293664,554.263186542511,612.3222345159971,0.10474996244231552
Pineview,2021-08-13,1.862876218818019,512.2629939369201,541.6423982009887,0.057352189425743286
Pineview,2021-08-25,1.4761973495695673,515.6424511497497,498.8211629272461,-0.03262200035120549
Pineview,2021-09-06,1.1790487280404456,453.780535597229,432.50672766799926,-0.04688127026257504
Pineview,2021-09-18,1.477108592781626,420.83085190734863,418.6379286933899,-0.005210937373102935
Pineview,2021-09-30,1.384053572922109,425.8551885421753,466.2083248272825,0.0947578833622941
Pineview,2021-10-12,1.348651490025254,155.27203446426392,491.7946233604431,2.167309715862777
Pineview,2021-10-24,0.7173874538255165,459.3378539970398,460.11931104660033,0.001701268560299303
Pineview,2021-11-17,2.26316671020313,460.2156696800232,498.56259798126223,0.08332382147678871
Pineview,2021-11-29,1.0202785561174366,473.9901191619873,455.2454072067261,-0.039546630187991656
Pineview,2021-12-11,1.6766878723089391,506.23006357116697,465.4598244857788,-0.08053697719526405
Pineview,2021-12-23,1.533559192619914,477.8736194038391,488.1775853302002,0.021562114977628617
Rockport,2016-05-05,1.807553621945006,264.2408925636292,348.88175017318724,0.32031702886099106
Rockport,2016-07-28,2.6460534391192114,219.70016634674076,337.66060264663696,0.5369155529619659
Rockport,2016-10-26,1.0911595679402852,200.03538885726928,236.49236455078125,0.18225262990602634
Rockport,2016-11-19,2.332861774408636,90.87184621505736,313.3770552567605,2.4485604541930646
Rockport,2016-12-13,1.8975133034036384,194.74227003860477,260.2643207061768,0.336455206435579
Rockport,2017-01-06,1.7394765250382376,87.45839228057861,237.59560372772216,1.716670150595527
Rockport,2017-02-23,1.9392194590704896,21.26238543395996,291.58125210188024,12.713477869523102
Rockport,2017-03-07,2.4787812142237766,34.61374991455078,252.46004520468628,6.293634634442141
Rockport,2017-03-19,2.6223859512575447,191.41341963882445,249.8083382881165,0.30507222931117717
Rockport,2017-04-12,1.4868034878211458,64.60412290725708,268.23931587905884,3.1520463990221144
Rockport,2017-04-24,1.6359034268274235,145.17933874511718,262.9429331153869,0.8111594624151053
Rockport,2017-05-06,1.5399543992097822,209.24496777496336,256.08082998886107,0.223832681435227
Rockport,2017-05-18,1.6989010726835212,51.099852243042,329.51074638137817,5.4483698468276085
Rockport,2017-05-30,0.4299253828065807,268.9460792137146,369.7125020606995,0.37467146998976
Rockport,2017-06-11,2.659404547198132,213.93884075012207,408.2992987991961,0.9084860765235455
Rockport,2017-06-23,2.8332030365153957,14.846446574401856,421.9779586245338,27.422825388541483
Rockport,2017-07-05,1.5280938212951454,262.73218635787964,398.9639361122132,0.5185194537557192
Rockport,2017-07-17,0.8588220794238972,15.6694471244812,400.9781966097364,24.589811396936085
Rockport,2017-08-10,1.179647191838791,79.01386763000488,398.8484385270063,4.047828317867923
Rockport,2017-08-22,1.2969771455973498,74.18595492630004,400.2383598876205,4.395069191806412
Rockport,2017-09-15,1.352341371803884,179.5675639930725,391.6316075202942,1.1809707656077737
Rockport,2017-10-09,2.9730297614471595,264.72403492736817,398.7488514491512,0.5062812545848175
Rockport,2017-10-21,1.6391373585086433,288.1742402305603,393.410392137146,0.36518236960524
Rockport,2017-11-02,2.308188953073396,246.6842937324524,393.59713518705183,0.5955500418439181
Rockport,2017-11-14,2.5418411200789817,144.2645880012512,387.1373812049866,1.683523285711868
Rockport,2017-11-26,1.8069175459104692,309.26558807373044,377.1197138916016,0.2194040605697598
Rockport,2017-12-20,2.639635620384064,204.93977176589965,371.9438544998169,0.8148934747750383
Rockport,2018-01-13,1.0137708061605428,33.35772304534912,141.57209664573222,3.244057559122604
Rockport,2018-01-25,2.902070611544444,10.359284776306152,401.599250830126,37.767082815279615
Rockport,2018-02-06,1.645744577193171,268.555407182312,390.94453488845824,0.4557313851553207
Rockport,2018-03-26,2.4394005535226437,23.032991835784912,406.5605225282347,16.6512250526042
Rockport,2018-05-25,1.061186537701521,340.9287793800354,392.3812742744446,0.1509186023778145
Rockport,2018-07-12,2.483411882108224,327.8655322631836,341.65667203674315,0.042063402268492096
Rockport,2018-07-24,2.844156835270156,189.1404198020935,338.91502404842004,0.7918698943517347
Rockport,2018-08-17,0.2185276246454276,210.88131401290892,283.97139602712895,0.3465934492884746
Rockport,2018-08-29,1.416831223458882,225.4115608856201,256.95082319259643,0.13991856576948242
Rockport,2018-09-10,1.723089581086422,194.59698948669435,238.1263133644104,0.22368960584918188
Rockport,2018-09-22,1.705173195515608,201.66854401931764,216.7758977348328,0.07491180039494925
Rockport,2018-10-04,1.1900774420197804,185.25342123641968,215.83780030975345,0.16509481373789098
Rockport,2018-10-16,1.4009207409825075,201.0862214904785,221.55733334198,0.10180265808252224
Rockport,2018-10-28,1.0127283255913728,213.14537466659547,223.06320804595947,0.046530840253407285
Rockport,2018-11-09,1.657237021330301,209.31800661010743,234.0105058670044,0.1179664361264973
Rockport,2018-11-21,1.3314235836070905,228.1483472251892,238.1873663230896,0.04400215570262967
Rockport,2018-12-15,2.377925729431724,231.9917790351868,236.40211083831787,0.0190107245242606
Rockport,2018-12-27,1.463731442168497,222.0360578300476,239.08019329299927,0.07676291693125672
Rockport,2019-01-08,1.3586636330059263,39.09297855911255,311.94583231302903,6.979587225397401
Rockport,2019-03-09,2.7430818918960047,166.17793770828246,385.9455997642966,1.3224839896726
Rockport,2019-04-02,0.1539794849534735,47.10203210906983,311.73233585315484,5.618235390169685
Rockport,2019-04-14,1.3379743662179178,306.95954139556886,331.0851412185669,0.07859537355741662
Rockport,2019-04-26,0.783974700549768,302.7840604141236,336.6992923904419,0.1120112859637716
Rockport,2019-05-08,0.4870443682363641,321.75000598526003,328.19546011352537,0.020032491090491596
Rockport,2019-05-20,3.006054030429459,228.91147809829712,342.98015199661256,0.4983091055370019
Rockport,2019-06-01,0.7061087145129998,323.6154238265991,349.6319737716675,0.08039341770993177
Rockport,2019-06-13,1.0833491858022388,341.2619948486328,397.2684096978132,0.16411559357502464
Rockport,2019-06-25,1.2058392817872177,367.1681538421631,406.8637361939374,0.1081128140782016
Rockport,2019-07-07,1.8152833472735856,360.2286867698669,400.81120659179686,0.11265765696182942
Rockport,2019-07-19,2.3790332521479924,312.8015597770691,406.1495922976026,0.2984257258405676
Rockport,2019-07-31,1.662101479578672,334.20417170791626,392.7145653511048,0.1750737979845588
Rockport,2019-08-12,2.4977268569754645,257.9849733169556,390.9979076849934,0.5155840383176914
Rockport,2019-08-24,2.6102543423482367,317.83438006210326,366.7841640701294,0.15401034966217814
Rockport,2019-09-05,0.7300575407383029,335.5300004119873,353.4727095148573,0.053475722233000476
Rockport,2019-09-17,3.803809754070557,251.18314590835573,351.5304733207703,0.3994986488823829
Rockport,2019-09-29,1.2607872749334372,266.8954928276062,343.29768521118166,0.28626258006134775
Rockport,2019-10-11,2.428726811876653,92.90059324264526,355.0849275074588,2.82220301414028
Rockport,2019-10-23,1.9940975203667797,311.76310570144653,329.8370406967163,0.057973296598404785
Rockport,2019-11-04,1.641942782296634,284.1684035186768,335.3459968200684,0.18009600176406654
Rockport,2019-11-16,1.6398192468285788,313.9505530853272,333.5147238586426,0.062316089527633706
Rockport,2019-11-28,3.629195211163169,167.45496962738036,376.6866519869546,1.249480280132355
Rockport,2019-12-10,1.942742033593432,331.8830554450989,352.81633226242064,0.06307425604855749
Rockport,2019-12-22,3.077524639718704,315.1597389213562,351.36310439071656,0.11487306593560286
Rockport,2020-01-03,1.8807225581083595,189.1357486869812,291.3452439964294,0.5404028377448858
Rockport,2020-01-15,1.2164091168191542,12.175147761535644,372.7026470192494,29.611755546549578
Rockport,2020-02-08,1.632688112911749,46.08187590789795,391.7516925704328,7.501209745744979
Rockport,2020-03-03,2.074587403331792,8.692510663604736,415.919769337266,46.848059718662036
Rockport,2020-03-27,1.6231448109076063,262.0906593238831,366.533976171875,0.398500721534392
Rockport,2020-04-08,1.7489351672332665,300.0098933731079,365.4061125946045,0.2179802088732003
Rockport,2020-04-20,1.2335422361291457,277.56440639419554,370.0140024154664,0.3330743924347937
Rockport,2020-05-02,0.9709903474313144,323.0922266555786,371.98211080551147,0.15131866419692683
Rockport,2020-05-14,1.5706663104951974,307.21963766708376,377.1420313430786,0.22759740948515053
Rockport,2020-05-26,2.284123518417441,301.5583673080444,388.7043088546753,0.28898532090011797
Rockport,2020-06-07,3.948117429431863,170.87934910888671,403.8718267550181,1.3634911348922878
Rockport,2020-06-19,2.3422022195266767,302.8012369300842,410.97965883483886,0.35725885072831687
Rockport,2020-07-01,1.1602298751100233,201.63296234054565,402.1697013097158,0.9945632729953942
Rockport,2020-07-13,1.5494564490216884,311.42674869308473,389.7102213310242,0.2513704200633352
Rockport,2020-07-25,1.3771882497157306,224.69934276657105,377.7050615894781,0.6809353197879935
Rockport,2020-08-06,0.6984153217608436,253.1305196899414,363.8557220603943,0.43742335972003615
Rockport,2020-08-18,2.363250756388013,217.19106976013185,343.66861962661744,0.5823331042393628
Rockport,2020-08-30,2.8588003488994658,167.904475214386,326.31916704711915,0.9434810574909575
Rockport,2020-09-11,2.180211322735169,215.17988904800416,299.35954333343506,0.39120595636449734
Rockport,2020-09-23,1.2696079290827609,258.7990325515747,280.2923630088806,0.0830502735864076
Rockport,2020-10-05,1.8072251078493384,225.2372415969849,259.5308091712952,0.15225531679912632
Rockport,2020-10-17,1.3246395842493446,91.0783925857544,258.54866677790926,1.8387486805333557
Rockport,2020-10-29,0.7585431658712808,213.45911801452635,248.64351774215697,0.1648296875527999
Rockport,2020-11-10,1.7047119596433036,12.745600803375243,309.50099566016706,23.28296636892991
Rockport,2020-11-22,1.0692988805687773,239.80062753753663,258.04823563232424,0.07609491385476572
Rockport,2020-12-04,0.4489624386942242,242.59239341201783,275.33075603790286,0.13495213994728328
Rockport,2020-12-16,1.6638044029738115,252.4766199256897,298.0255515182496,0.18040851309703881
Rockport,2020-12-28,0.5927131426898204,174.8418080970764,263.407126159668,0.506545425413457
Rockport,2021-01-09,1.1567570400203426,9.05552431564331,379.7918357777076,40.94034740999168
Rockport,2021-02-02,2.0736084526658973,48.59062092132568,358.99158801058906,6.388083980071824
Rockport,2021-03-22,1.9676720786136568,16.139825672912597,359.7390373439475,21.288904764795323
Rockport,2021-04-03,0.5046486420999681,222.59139880905155,307.97812655334474,0.3836029972458261
Rockport,2021-04-15,0.8361777909516295,200.22121357498168,321.80791545715334,0.6072618366017353
Rockport,2021-04-27,1.376798983477444,255.37371716690063,316.75469099807736,0.24035744364037637
Rockport,2021-05-09,3.2019120907397705,232.10485440979005,320.12631852450806,0.3792314656173142
Rockport,2021-05-21,2.094339331498826,133.90134883270264,307.14442808160226,1.2938113077960913
Rockport,2021-06-02,2.025209096260454,259.8603368988037,286.10370870666503,0.10099029394424726
Rockport,2021-06-14,1.6698091670040018,212.8254435081482,276.9256645439148,0.3011868317018801
Rockport,2021-06-26,0.4752677275747188,193.50207700653075,261.51338499450685,0.351475855143822
Rockport,2021-07-08,1.2309670422297931,203.4780234741211,237.3546745552063,0.16648800938148345
Rockport,2021-07-20,0.7928493283752703,146.16392779312133,221.1410743850708,0.5129661450947817
Rockport,2021-08-01,1.141493428661537,148.3119129257202,212.25905329666136,0.4311665806843724
Rockport,2021-08-13,1.8343152865756096,42.99671291122437,217.0793161465005,4.048742135118696
Rockport,2021-08-25,1.968946174359083,170.0686433708191,203.86862644119265,0.19874318040319622
Rockport,2021-09-06,1.7317894429181515,182.77739724884037,199.798322505188,0.09312379710262897
Rockport,2021-09-18,2.1224441973950827,146.8962395172119,199.54106330337524,0.35838101750722423
Rockport,2021-09-30,1.7948356057736528,132.76524625473022,201.99972985076903,0.5214804743645184
Rockport,2021-10-24,0.8495334834995097,200.09447975845336,213.4466024520874,0.06672909072630205
Rockport,2021-11-17,1.7804788850410738,204.9898090248108,226.7697854736328,0.1062490694168405
Rockport,2021-11-29,1.4431057500846955,207.62347878112797,226.07428032608036,0.08886664289255458
Rockport,2021-12-11,1.646536691167366,221.43703298492431,234.2448311820984,0.057839459030532
Rockport,2021-12-23,2.35819549313784,218.55505819625856,233.5566837585449,0.06864002913542794
Shaharchay,2015-04-09,1.4062569367826108,519.2954480529785,580.6955020786031,0.1182372274893513
Shaharchay,2017-02-21,1.283288636223708,573.3861055168214,652.0667950237348,0.1372211303167079
Shaharchay,2017-03-05,2.20938473224457,751.2811947803364,740.2985953255477,-0.014618493755856382
Shaharchay,2017-03-17,2.1482247674971404,352.2776086860746,719.6275462375506,1.0427853729381729
Shaharchay,2017-03-29,1.7424879715324446,658.0951065028739,577.4881702501963,-0.12248523876894325
Shaharchay,2017-04-10,1.9794650643258775,487.0557398093938,691.5576803014599,0.41987379221133214
Shaharchay,2017-04-22,2.3245163389906445,733.9851242010947,673.559308494155,-0.08232566807496287
Shaharchay,2017-05-04,2.624349510156917,732.0117072509048,748.5399516096977,0.022579207675332537
Shaharchay,2017-05-16,2.064453814182913,780.9375373664856,782.4356169281006,0.0019183090707444808
Shaharchay,2017-05-28,2.512543712072325,806.3006866423483,784.593398325348,-0.02692207594091889
Shaharchay,2017-06-09,1.5663554945814513,796.8610424964904,777.5392646981901,-0.024247361544701727
Shaharchay,2017-06-21,2.4036258228063665,686.2886258250995,734.5713385869615,0.07035336292192432
Shaharchay,2017-07-03,1.8276097318003628,798.928375429131,790.8354182503795,-0.010129765605589603
Shaharchay,2017-07-15,1.5166937115149088,785.5062916571493,773.0976972915649,-0.015796938226180803
Shaharchay,2017-07-27,1.2677043273137858,765.8363342574625,758.870293030961,-0.009095992074149373
Shaharchay,2017-08-08,1.7129565069787211,753.3056230636597,743.0412852508545,-0.01362572838771687
Shaharchay,2017-08-20,1.5654612501770475,733.7270935058593,718.8019697398915,-0.020341519207984098
Shaharchay,2017-09-01,1.017683144279202,724.3817396945848,710.578315525381,-0.01905545572562838
Shaharchay,2017-09-13,1.4816223038033145,708.3139687545537,698.438979624939,-0.013941542261235049
Shaharchay,2017-09-25,1.6834136981959569,693.061771776554,686.2168055312214,-0.009876415817577951
Shaharchay,2017-10-07,0.9674318353683488,704.1163699475966,682.5567975974889,-0.030619331221786922
Shaharchay,2017-10-19,1.7448683276580927,692.2713057215553,678.4814186027112,-0.019919772789760412
Shaharchay,2017-10-31,2.243294082919458,604.0415362032245,812.4767919284346,0.3450677531802779
Shaharchay,2017-11-12,2.190805826122248,691.6119220581475,673.5628316070797,-0.026097136089493638
Shaharchay,2017-11-18,1.3175124578016324,691.6119220581475,673.5628316070797,-0.026097136089493638
Shaharchay,2017-11-24,1.692954896325711,715.0453635485778,657.5356072125064,-0.08042812284057889
Shaharchay,2017-12-06,2.068756376077045,173.91784203222835,575.180078940256,2.307194202844758
Shaharchay,2017-12-12,0.7117798091409684,173.91784203222835,575.180078940256,2.307194202844758
Shaharchay,2017-12-18,1.6654660092918376,668.8264119334203,695.4449853683712,0.039798926836640415
Shaharchay,2017-12-24,2.1355500660126108,668.1767980427342,666.3734645594128,-0.002698886714719505
Shaharchay,2017-12-30,1.59921528615636,25.50172436904907,699.1814932102534,26.417028083749344
Shaharchay,2018-01-05,1.6959279048968545,687.6778594328847,646.4365181077786,-0.059971890558054394
Shaharchay,2018-01-11,1.7387792473543664,688.8442351298614,676.1237974400032,-0.01846634847348357
Shaharchay,2018-01-17,2.0535886112363464,722.7458357018381,660.6235700520326,-0.08595312844588074
Shaharchay,2018-01-23,2.010319376812878,715.6959640415686,683.3382433848752,-0.045211545519926906
Shaharchay,2018-01-29,0.9167844936308093,212.2124831086522,246.55822596100745,0.16184600617848818
Shaharchay,2018-02-04,1.247913328081334,716.3596001046631,735.2276910080044,0.026338853978622796
Shaharchay,2018-02-10,1.6676515856821283,684.1611737712216,666.7118099446616,-0.02550475603632387
Shaharchay,2018-02-16,1.2940935558792042,676.3379676128252,650.220176938734,-0.03861647863164552
Shaharchay,2018-02-22,1.124330056329266,682.3728559047835,641.8745708503365,-0.05934920286468436
Shaharchay,2018-02-28,1.9543523242824408,649.7546006454468,647.9428536704299,-0.002788355747257651
Shaharchay,2018-03-06,1.4980920572024732,646.5551445998427,633.670792263438,-0.01992769285654504
Shaharchay,2018-03-12,1.7330766889708873,656.224803946725,644.6620346026253,-0.017620134555350362
Shaharchay,2018-03-18,1.8973313517800117,670.6126622882499,607.7849378370431,-0.09368705362172465
Shaharchay,2018-03-24,1.7381086476074477,668.5817565073559,586.3783332018922,-0.1229519389444471
Shaharchay,2018-03-30,2.8542984949451418,355.3944812821362,731.450318719656,1.058136401220539
Shaharchay,2018-04-05,1.978967238411259,577.9822624320984,591.6635164953404,0.02367071613179358
Shaharchay,2018-04-11,1.0950258760045302,691.500016195963,593.082060030365,-0.14232531288575917
Shaharchay,2018-04-17,0.3895389573041947,616.8616730560303,621.7342468790002,0.007898973199016257
Shaharchay,2018-04-23,2.2641698480120045,628.4879566536309,616.1155145004004,-0.019686044930928
Shaharchay,2018-04-29,1.656936622982215,617.3218252273559,612.6033042087091,-0.007643535066833265
Shaharchay,2018-05-05,0.806982920725842,616.5990528312683,630.4932053337097,0.022533528779590202
Shaharchay,2018-05-11,2.105396280570622,654.4723075157166,640.1488843208313,-0.021885453410939556
Shaharchay,2018-05-23,1.822389491138908,673.8678016021729,697.5672977622986,0.035169355330197286
Shaharchay,2018-05-29,1.4912905641277772,673.8678016021729,697.5672977622986,0.035169355330197286
Shaharchay,2018-06-04,0.6931416075268314,722.5192541618347,714.3714521789551,-0.011276934055316715
Shaharchay,2018-06-10,1.86434479494672,725.5632143867492,729.9968723544939,0.006110643262823144
Shaharchay,2018-06-16,1.186682543831486,734.4091617782593,723.9466174476623,-0.014246206168321124
Shaharchay,2018-06-22,1.9669428158539468,713.7372785896301,720.7282521781922,0.009794883633339779
Shaharchay,2018-06-28,2.229750604709724,718.3100955116272,727.2963274765104,0.01251024038369204
Shaharchay,2018-07-04,1.2723492124996456,696.4727296394348,718.2064401649475,0.031205400585841033
Shaharchay,2018-07-10,1.4131800750917016,709.2342877296447,698.3915115486145,-0.015288003370140798
Shaharchay,2018-07-16,2.04490862282317,691.9866874687195,687.0085442138671,-0.007193987030389843
Shaharchay,2018-07-22,2.1719046303856446,705.4532557815552,693.5558924743652,-0.016864849952402783
Shaharchay,2018-07-28,2.5387735834456615,669.2612748847962,686.5193874261685,0.025786808812960242
Shaharchay,2018-08-03,1.6287974226645516,693.9209385864258,676.031467251587,-0.025780273140743055
Shaharchay,2018-08-09,2.147180502001002,672.2893926361083,665.9876154808045,-0.00937360789018849
Shaharchay,2018-08-15,3.1307379192945146,662.85668356781,635.5188977035492,-0.04124237794075763
Shaharchay,2018-08-21,2.1143077333837157,634.7464612789289,664.6561366495472,0.047120665013798274
Shaharchay,2018-08-27,1.9374942017962544,663.5811869252523,634.8113136405227,-0.04335546855696239
Shaharchay,2018-09-02,1.2817114458669563,635.4949751701355,618.9686765151978,-0.026005396266922904
Shaharchay,2018-09-08,1.6226304222919332,650.5371424418761,628.074687322295,-0.03452908935416874
Shaharchay,2018-09-14,1.7915655245726145,636.6218322235108,637.8414777453434,0.0019158085068694281
Shaharchay,2018-09-20,1.7629046111590347,634.9002849914432,593.19322786026,-0.06569072044399116
Shaharchay,2018-09-26,1.3112328220846037,632.738041066742,600.9066670990829,-0.05030734980623904
Shaharchay,2018-10-02,1.671532574630846,637.4623642561012,594.2212800052778,-0.06783315639549076
Shaharchay,2018-10-08,0.8517555788626965,625.8911144187032,590.9841983126832,-0.05577154764122152
Shaharchay,2018-10-14,1.3521642093612285,636.1406673227649,607.0381303466261,-0.045748587491849166
Shaharchay,2018-10-20,1.4051160385607204,613.2147172533522,586.6694483632376,-0.04328870156445919
Shaharchay,2018-10-26,2.116014314076472,638.9871191783802,586.1424131423232,-0.08270073754226152
Shaharchay,2018-11-01,2.0275461926611964,361.1197370506287,570.8788585098717,0.5808575382016158
Shaharchay,2018-11-07,1.732513533093112,655.4750855274125,606.7738081435558,-0.07429920443836603
Shaharchay,2018-11-13,1.281039404433221,588.7864086166381,604.0536605511146,0.025930034577984033
Shaharchay,2018-11-19,1.45420807792932,595.7687102737427,675.043893150126,0.1330636898335229
Shaharchay,2018-11-25,1.2774638062868469,609.8578410048721,593.1357540367305,-0.02741964740600578
Shaharchay,2018-12-01,1.6027241765313087,571.6721312118531,569.4797371733902,-0.003835054953291819
Shaharchay,2018-12-07,1.2174250729484135,536.5511121376038,549.0819842895507,0.02335447987802003
Shaharchay,2018-12-13,2.87669052095657,547.8220304992676,548.3992944873316,0.0010537436538248244
Shaharchay,2018-12-19,1.6736781446041609,519.8517161964417,624.7913268381698,0.20186450745903378
Shaharchay,2018-12-25,2.885479455503618,593.1077580258299,585.8816545868609,-0.01218345796558313
Shaharchay,2018-12-31,1.7633092549868907,578.5763720129695,561.449794793444,-0.02960123857104489
Shaharchay,2019-01-06,1.6739258000407968,592.9478031070963,572.5983838621371,-0.034319073514273185
Shaharchay,2019-01-18,1.8679553818956007,600.7782123045798,602.3785115846943,0.0026637105796092266
Shaharchay,2019-01-30,1.7714700423912104,601.6287308649132,583.3092691632289,-0.030449778678867095
Shaharchay,2019-02-05,1.494994459877062,601.6287308649132,583.3092691632289,-0.030449778678867095
Shaharchay,2019-02-11,1.939280745334783,606.580559992607,576.8467344016193,-0.0490187578569121
Shaharchay,2019-02-17,1.7376697007095498,592.2821719677436,580.1208237221841,-0.020533031080702147
Shaharchay,2019-02-23,1.7777561659982677,606.4386560572638,602.90374453137,-0.005828968009519501
Shaharchay,2019-03-07,2.018134798676676,652.3961997582019,587.6134958361039,-0.09929963409674744
Shaharchay,2019-03-19,1.8321360065244727,589.2617957515643,599.8465193243558,0.01796268424171536
Shaharchay,2019-03-25,2.604959482702222,589.2617957515643,599.8465193243558,0.01796268424171536
Shaharchay,2019-03-31,1.6193924225923693,574.588787197876,609.2238881157969,0.06027806613983459
Shaharchay,2019-04-06,1.8113660665048539,587.9060333328247,600.6902702438355,0.02174537457718757
Shaharchay,2019-04-12,1.5220172380075474,600.9683377861023,606.4210101325989,0.009073144130327369
Shaharchay,2019-04-24,2.292525261255617,675.0728217345924,670.7448623732444,-0.006411099991001507
Shaharchay,2019-04-30,2.9066618293376347,675.0728217345924,670.7448623732444,-0.006411099991001507
Shaharchay,2019-05-06,1.8074264820084167,725.5893557046628,656.7944556678772,-0.09481244383743037
Shaharchay,2019-05-12,2.1323233803657815,707.4350199920415,675.9586862845656,-0.04449360410208414
Shaharchay,2019-05-18,1.341211516054215,735.3475217657859,686.4001470878601,-0.06656359507459654
Shaharchay,2019-05-24,3.384037321956222,742.9932616729736,719.8407923988342,-0.031161075703442825
Shaharchay,2019-05-30,1.024331949707833,786.8702577543162,753.6709885757447,-0.04219154155517375
Shaharchay,2019-06-05,1.6761613072114423,794.8695610251812,782.5223186249318,-0.015533671190433454
Shaharchay,2019-06-11,1.2453403453769705,823.9590679150571,809.0540145832316,-0.018089555552245024
Shaharchay,2019-06-17,2.6168095731050234,832.2674317536627,833.4589820932486,0.001431691658383392
Shaharchay,2019-06-23,1.8107947791309755,846.3759520509519,815.9860822030819,-0.035905875839488136
Shaharchay,2019-07-05,1.712895901292606,826.1076760573263,792.6351850918668,-0.04051831490685335
Shaharchay,2019-07-17,1.4939479868742056,827.870505070337,816.4541989722188,-0.013789965976802421
Shaharchay,2019-07-23,2.271083583923598,827.870505070337,816.4541989722188,-0.013789965976802421
Shaharchay,2019-07-29,1.560291157215902,843.3077688115377,825.6206260882717,-0.020973532294374857
Shaharchay,2019-08-04,2.6605943267999645,819.5631729258429,808.0531491815543,-0.014044095836075384
Shaharchay,2019-08-10,1.2968066479276248,828.1200707280476,806.9283913154602,-0.025590104818926308
Shaharchay,2019-08-16,2.5579122770606446,821.7363622147353,801.1530300593148,-0.025048583830396088
Shaharchay,2019-08-22,1.2064230553200466,807.8038463661343,778.2350457923889,-0.036603936347616085
Shaharchay,2019-09-03,1.2867531938713517,781.7825647556468,779.6936262406772,-0.002672019828969398
Shaharchay,2019-09-09,2.490238378960313,781.7825647556468,779.6936262406772,-0.002672019828969398
Shaharchay,2019-09-15,1.2110389826562316,784.5764074649406,776.7908498134923,-0.009923262511301375
Shaharchay,2019-09-21,2.7777501037982755,781.6459470496771,759.9875873984842,-0.027708657267324778
Shaharchay,2019-09-27,1.806953461082776,771.6605095117875,777.2495004996506,0.007242810690674231
Shaharchay,2019-10-09,1.6213420212087089,770.971728836981,740.690860003701,-0.039276237637090816
Shaharchay,2019-10-21,0.652109056629383,745.2325750159499,743.0050673720596,-0.002989010033334477
Shaharchay,2019-11-02,2.2356948046006235,753.2203768142341,741.0816008402056,-0.016115835879759063
Shaharchay,2019-11-08,1.0360222990895942,753.2203768142341,741.0816008402056,-0.016115835879759063
Shaharchay,2019-11-14,1.2574118121071027,813.0376263451695,736.5775234776277,-0.09404251462660015
Shaharchay,2019-11-20,1.8616551640173316,790.1565411807039,731.4581947229872,-0.07428698415886784
Shaharchay,2019-11-26,1.4097714858042378,810.8156986858139,740.107707233031,-0.0872059970809493
Shaharchay,2019-12-02,1.4310134395047196,782.5476346314641,741.4444193561241,-0.052524873191518065
Shaharchay,2019-12-08,1.5505158176308578,804.0859690457777,735.0154283965556,-0.08589944770605712
Shaharchay,2019-12-20,0.9159715669013392,764.9936278215981,727.9496415667305,-0.0484239147982897
Shaharchay,2020-01-01,1.6312599937045855,728.8445439280761,698.1790046554207,-0.04207418375856221
Shaharchay,2020-01-07,1.69203306092696,728.8445439280761,698.1790046554207,-0.04207418375856221
Shaharchay,2020-01-13,1.0136146264625647,771.4971388566289,738.5871601433846,-0.04265729197909588
Shaharchay,2020-01-19,1.663776913522284,725.6189177262066,760.4987532659762,0.04806908238978769
Shaharchay,2020-01-25,2.3131657384185504,758.219875580474,712.4179176590594,-0.06040722407382124
Shaharchay,2020-01-31,2.6564189961142715,667.3866266106728,717.7762350749655,0.07550287412889381
Shaharchay,2020-02-06,2.808963827260517,709.115938755978,708.505735863788,-0.0008605121656982377
Shaharchay,2020-02-18,1.5426335279008303,651.2964099375198,659.339952554055,0.012350049061850102
Shaharchay,2020-03-07,1.8300903451970223,587.656564176244,534.5501714769432,-0.09036977707165321
Shaharchay,2020-03-13,0.7398112450009379,587.656564176244,534.5501714769432,-0.09036977707165321
Shaharchay,2020-03-25,1.5209947181493335,544.29669599198,497.93342437973024,-0.08518014522897796
Shaharchay,2020-03-31,3.0329522721728495,544.29669599198,497.93342437973024,-0.08518014522897796
Shaharchay,2020-04-06,0.982919881972445,174.75046663392308,573.8878808741762,2.2840420510944224
Shaharchay,2020-04-18,1.1808465218975344,612.9261313976333,538.8808414466857,-0.1208062214317813
Shaharchay,2020-04-30,0.4915746513561254,664.8775288479226,623.931291138171,-0.06158463165494832
Shaharchay,2020-05-06,2.30444971602098,664.8775288479226,623.931291138171,-0.06158463165494832
Shaharchay,2020-05-12,1.3945079660892212,630.5900378984609,622.6985025969741,-0.01251452580473131
Shaharchay,2020-05-18,1.9426641188982716,638.6830066230774,642.1573357054946,0.005439833291928443
Shaharchay,2020-05-24,2.0305875014489576,688.2935907463792,648.0833347923278,-0.05842020976898499
Shaharchay,2020-05-30,2.993233265464447,637.7963899559021,704.5292998956626,0.10463042906902383
Shaharchay,2020-06-05,2.5304953606606766,694.492330909729,668.3119139022828,-0.037697201023302956
Shaharchay,2020-06-11,2.4628828949053636,689.4508874206543,684.0213130569458,-0.0078752155704976
Shaharchay,2020-06-17,1.8780443933282691,691.5586987991333,672.8688915969849,-0.027025626652665256
Shaharchay,2020-06-23,1.9276890098622133,684.9720984588623,670.2531945755005,-0.02148832619091825
Shaharchay,2020-06-29,2.055594572106956,690.8214438919067,664.2918358169555,-0.03840298865867614
Shaharchay,2020-07-05,3.5938934207107702,665.0450448356628,664.7592890014648,-0.00042967891636360264
Shaharchay,2020-07-11,1.8486241822537768,657.4826210693359,646.6969361054514,-0.016404517196732193
Shaharchay,2020-07-17,2.3271320328145197,656.476317149353,652.5845655014039,-0.005928243786232045
Shaharchay,2020-07-23,2.327793699997096,654.3521310554504,638.6028846603393,-0.024068457406424288
Shaharchay,2020-07-29,1.226199866703083,640.4176964942932,644.7293504615784,0.006732565309933851
Shaharchay,2020-08-04,2.771717230266953,637.8615230267214,618.5017918266296,-0.030350993908878212
Shaharchay,2020-08-10,2.8106702671638377,587.4839382232666,657.2656924882,0.11878070143666401
Shaharchay,2020-08-16,2.573753521008748,635.9946893443417,613.6742825881958,-0.035095272224924534
Shaharchay,2020-08-22,2.1957841072396023,595.9266289329529,620.9705700465366,0.04202520897316943
Shaharchay,2020-08-28,1.8890774978053069,624.7316379906598,607.2616275588989,-0.02796402386142974
Shaharchay,2020-09-03,2.6113580234867872,607.2379525303919,587.7173480273287,-0.03214654884748195
Shaharchay,2020-09-09,2.37160732569886,608.9184153426705,583.2209537391662,-0.04220181383255253
Shaharchay,2020-09-15,2.7254059188183097,593.6556368422744,578.5742501334695,-0.025404267681217646
Shaharchay,2020-09-21,2.0432297371749586,586.0906330848694,553.2125187934876,-0.056097320850068765
Shaharchay,2020-09-27,2.4710034869494817,565.7111992134094,550.6433349998474,-0.0266352588290863
Shaharchay,2020-10-03,1.1482326168388342,583.911755546142,569.3890944523502,-0.024871328511289453
Shaharchay,2020-10-15,1.7829933056309044,588.7239207902347,547.3708715592867,-0.07024183623359571
Shaharchay,2020-10-21,1.8233874796934852,588.7239207902347,547.3708715592867,-0.07024183623359571
Shaharchay,2020-10-27,1.146067182264937,491.791742766571,544.1285603553772,0.10642069200752698
Shaharchay,2020-11-02,2.1023320385318165,578.2158427993176,546.0594086845489,-0.05561320139394601
Shaharchay,2020-11-08,1.8375786665837224,588.2401494146937,538.9239484830969,-0.0838368495939407
Shaharchay,2020-11-14,1.571288790175955,517.6935949386597,542.9850923271719,0.04885418254307151
Shaharchay,2020-11-20,1.2538343745249303,530.9695954795837,530.8240442739868,-0.0002741234278498592
Shaharchay,2020-11-26,1.6801977601501976,523.3601512176514,527.6777847528883,0.008249832405450684
Shaharchay,2020-12-02,0.9935925909212154,532.3568812782288,578.4433019481677,0.08657053621488264
Shaharchay,2020-12-14,0.7570805513437594,530.0254042365518,551.500318547187,0.04051676417579955
Shaharchay,2020-12-20,1.6785425845268283,530.0254042365518,551.500318547187,0.04051676417579955
Shaharchay,2020-12-26,0.1770125816540355,552.0131104746353,528.1579340782977,-0.04321487287833849
Shaharchay,2021-01-01,0.6160706542037537,561.9143461781763,555.5261356400138,-0.011368655350431115
Shaharchay,2021-01-07,1.401483886499688,632.7673730417413,539.8985125602004,-0.14676619629598803
Shaharchay,2021-01-13,0.4847989734293327,647.3008950430628,529.2188383269429,-0.1824222052222936
Shaharchay,2021-01-19,2.318165789214844,691.9943493274493,503.686496005249,-0.27212339740233005
Shaharchay,2021-01-25,0.6324204343652253,419.7222089229241,608.8572252903687,0.45061951058724287
Shaharchay,2021-01-31,1.940223690651916,602.1015041929361,555.6397908578406,-0.07716591473620936
Shaharchay,2021-02-12,1.1987554901734507,554.0978874197599,509.0900180427462,-0.08122728925497195
Shaharchay,2021-02-24,1.6843714547264224,544.331137512183,526.1265860753199,-0.03344389137844542
Shaharchay,2021-03-02,1.6382523026373401,544.331137512183,526.1265860753199,-0.03344389137844542
Shaharchay,2021-03-08,2.610144494532435,628.8247811363485,514.2282127213333,-0.18223926895490328
Shaharchay,2021-03-14,1.4019146176631647,551.2897548378528,511.168586894989,-0.07277691557076799
Shaharchay,2021-03-20,2.353852625510303,577.7489538912544,517.2760048011331,-0.10466994130032407
Shaharchay,2021-03-26,3.3022771680266776,657.1037674538227,575.0027693813579,-0.1249437336063278
Shaharchay,2021-04-01,1.654114022039105,613.8822778562089,560.8751359159014,-0.08634740544297567
Shaharchay,2021-04-07,1.9525122934154036,638.7961670015281,547.7106876091003,-0.14258927040839606
Shaharchay,2021-04-13,1.574407741161543,665.5706979755985,555.8119406539917,-0.1649092390266719
Shaharchay,2021-04-19,1.9183007132110121,643.9428893753351,582.9195167488098,-0.09476519367380826
Shaharchay,2021-04-25,1.96059501851528,671.7549338188351,589.8084961959839,-0.12198859062634171
Shaharchay,2021-05-01,2.221204469585701,663.5323461744539,620.9043492050171,-0.0642440375592921
Shaharchay,2021-05-07,0.6490631957984928,666.2747616172791,627.8547122406006,-0.05766397226786694
Shaharchay,2021-05-13,1.1753467716338823,651.912120249939,641.9177442950499,-0.015330863845662618
Shaharchay,2021-05-19,2.474576589305331,659.1588570075988,643.0823468490601,-0.02438943205818662
Shaharchay,2021-05-25,3.1861097787331696,681.4373061775208,666.9715547744751,-0.021228293889852357
Shaharchay,2021-05-31,2.5397057649627643,678.4565195716858,684.6469451316833,0.009124277505514356
Shaharchay,2021-06-06,3.653732114748405,672.0603240058899,666.0045760780334,-0.009010720781373511
Shaharchay,2021-06-12,1.984644320746017,677.8067246086121,658.9428820983886,-0.027830710179389324
Shaharchay,2021-06-18,2.0464170682322167,675.9441589538574,669.5001985939026,-0.009533273236546524
Shaharchay,2021-06-24,1.498318950391492,557.3344199005127,489.1895981391218,-0.12226917866216677
Shaharchay,2021-06-30,2.146655129259229,652.8521194820539,646.5426444767133,-0.009664478090913226
Shaharchay,2021-07-06,2.3790080369585263,645.3161017219544,630.1292597229004,-0.02353395794484217
Shaharchay,2021-07-12,2.7550852946580378,633.6885896286011,623.7881167556762,-0.015623561848774078
Shaharchay,2021-07-18,1.701329415554685,633.8628458473205,628.4838424297109,-0.00848606832353331
Shaharchay,2021-07-24,2.9982658717256423,615.1814046340943,608.8559266342163,-0.010282297143946248
Shaharchay,2021-07-30,2.0803076090738326,622.092822315216,603.7056091895997,-0.02955702503878025
Shaharchay,2021-08-05,2.795062658346766,596.7790232199904,595.2764167407676,-0.0025178607503920014
Shaharchay,2021-08-17,1.8371085218791614,561.8560768354828,548.9600320727749,-0.022952576815297124
Shaharchay,2021-08-23,1.876668726260161,561.8560768354828,548.9600320727749,-0.022952576815297124
Shaharchay,2021-08-29,2.150601974761284,542.8673667945861,580.2051289267779,0.06877879278811001
Shaharchay,2021-09-04,2.1149452358683507,552.1770859761078,528.7001781001194,-0.04251699042253316
Shaharchay,2021-09-10,1.9286108625380503,513.6354262031555,576.8283238944141,0.12303064482601377
Shaharchay,2021-09-16,1.499238359709442,525.4384017433166,542.2904801252868,0.03207241481790784
Shaharchay,2021-09-22,2.2812349596348227,505.4223598140074,495.16527537257167,-0.020294085218569024
Shaharchay,2021-09-28,1.391981746357052,512.3196364075486,475.122404213604,-0.07260551724071403
Shaharchay,2021-10-04,2.5899792589326953,499.1909463754543,502.5666528732719,0.006762355211624038
Shaharchay,2021-10-10,1.3379916734976192,494.34421465648273,621.0173330668398,0.25624476762286286
Shaharchay,2021-10-16,1.7148837043028489,503.56079286167824,501.5499258586752,-0.003993295410422106
Shaharchay,2021-10-22,1.8076441160985304,520.2714438717264,473.1490654985197,-0.09057267879731032
Shaharchay,2021-10-28,1.5841064573713628,511.0473753065551,509.3296925546118,-0.0033611027762601013
Shaharchay,2021-11-03,1.9620506541861784,534.9247635241699,510.725133246176,-0.045239315747064794
Shaharchay,2021-11-09,1.2496843105947961,443.3043838928223,457.677263780739,0.032422146972026465
Shaharchay,2021-11-15,0.9033219983475912,515.7655417395739,462.40177178394384,-0.10346517096827514
Shaharchay,2021-11-21,2.2689834327340304,454.3086146729682,453.4544927338784,-0.001880047860647831
Shaharchay,2021-11-27,2.3955002417137927,501.2465530747268,448.6824615041785,-0.10486673922865256
Shaharchay,2021-12-09,1.9920138807726315,329.5582127456665,597.5750996720526,0.8132611373676362
Shaharchay,2021-12-15,0.9180548609434431,329.5582127456665,597.5750996720526,0.8132611373676362
Shaharchay,2021-12-21,2.1423550189239413,505.219812900349,430.7412896316528,-0.14741805718412418
